-- phpMyAdmin SQL Dump
-- version 4.4.12
-- http://www.phpmyadmin.net
--
-- 主機: localhost
-- 產生時間： 2022 年 11 月 08 日 03:41
-- 伺服器版本: 10.0.38-MariaDB
-- PHP 版本： 7.3.25

SET SQL_MODE = "NO_AUTO_VALUE_ON_ZERO";
SET time_zone = "+00:00";


/*!40101 SET @OLD_CHARACTER_SET_CLIENT=@@CHARACTER_SET_CLIENT */;
/*!40101 SET @OLD_CHARACTER_SET_RESULTS=@@CHARACTER_SET_RESULTS */;
/*!40101 SET @OLD_COLLATION_CONNECTION=@@COLLATION_CONNECTION */;
/*!40101 SET NAMES utf8mb4 */;

--
-- 資料庫： `db_huatai`
--

-- --------------------------------------------------------

--
-- 資料表結構 `tb_huatai_access_right`
--

CREATE TABLE IF NOT EXISTS `tb_huatai_access_right` (
  `section_id` int(11) NOT NULL DEFAULT '0',
  `role_id` int(11) NOT NULL DEFAULT '2',
  `allow_create` tinyint(1) NOT NULL DEFAULT '0',
  `allow_edit` tinyint(1) NOT NULL DEFAULT '0',
  `allow_delete` tinyint(1) NOT NULL DEFAULT '0',
  `allow_view` tinyint(1) NOT NULL DEFAULT '0',
  `disabled` tinyint(1) NOT NULL DEFAULT '0',
  `create_date` timestamp NOT NULL DEFAULT '0000-00-00 00:00:00',
  `last_update_date` text NOT NULL,
  `create_by` bigint(20) NOT NULL DEFAULT '0',
  `last_update_by` bigint(20) NOT NULL DEFAULT '0'
) ENGINE=MyISAM DEFAULT CHARSET=utf8;

--
-- 資料表的匯出資料 `tb_huatai_access_right`
--

INSERT INTO `tb_huatai_access_right` (`section_id`, `role_id`, `allow_create`, `allow_edit`, `allow_delete`, `allow_view`, `disabled`, `create_date`, `last_update_date`, `create_by`, `last_update_by`) VALUES
(17, 2, 0, 0, 0, 0, 0, '0000-00-00 00:00:00', '', 0, 0),
(16, 2, 0, 0, 0, 0, 0, '0000-00-00 00:00:00', '', 0, 0),
(15, 2, 0, 0, 0, 0, 0, '0000-00-00 00:00:00', '', 0, 0),
(14, 2, 0, 0, 0, 0, 0, '0000-00-00 00:00:00', '', 0, 0),
(13, 2, 0, 0, 0, 0, 0, '0000-00-00 00:00:00', '', 0, 0),
(12, 2, 0, 0, 0, 0, 0, '0000-00-00 00:00:00', '', 0, 0),
(11, 2, 0, 0, 0, 0, 0, '0000-00-00 00:00:00', '', 0, 0),
(10, 2, 0, 0, 0, 0, 0, '0000-00-00 00:00:00', '', 0, 0),
(9, 2, 0, 0, 0, 0, 0, '0000-00-00 00:00:00', '', 0, 0),
(8, 2, 0, 0, 0, 0, 0, '0000-00-00 00:00:00', '', 0, 0),
(7, 2, 0, 0, 0, 0, 0, '0000-00-00 00:00:00', '', 0, 0),
(6, 2, 0, 0, 0, 0, 0, '0000-00-00 00:00:00', '', 0, 0),
(5, 2, 0, 0, 0, 0, 0, '0000-00-00 00:00:00', '', 0, 0),
(4, 2, 0, 0, 0, 0, 0, '0000-00-00 00:00:00', '', 0, 0),
(3, 2, 0, 0, 0, 0, 0, '0000-00-00 00:00:00', '', 0, 0),
(2, 2, 0, 0, 0, 0, 0, '0000-00-00 00:00:00', '', 0, 0),
(1, 2, 0, 0, 0, 0, 0, '0000-00-00 00:00:00', '', 0, 0),
(18, 2, 0, 0, 0, 0, 0, '0000-00-00 00:00:00', '', 0, 0),
(19, 2, 0, 0, 0, 0, 0, '0000-00-00 00:00:00', '', 0, 0),
(20, 2, 0, 0, 0, 0, 0, '0000-00-00 00:00:00', '', 0, 0),
(21, 2, 0, 0, 0, 0, 0, '0000-00-00 00:00:00', '', 0, 0),
(22, 2, 0, 0, 0, 0, 0, '0000-00-00 00:00:00', '', 0, 0),
(23, 2, 0, 0, 0, 0, 0, '0000-00-00 00:00:00', '', 0, 0),
(24, 2, 0, 0, 0, 0, 0, '0000-00-00 00:00:00', '', 0, 0),
(25, 2, 0, 0, 0, 0, 0, '0000-00-00 00:00:00', '', 0, 0),
(26, 2, 0, 0, 0, 0, 0, '0000-00-00 00:00:00', '', 0, 0),
(27, 2, 0, 0, 0, 0, 0, '0000-00-00 00:00:00', '', 0, 0),
(28, 2, 0, 0, 0, 0, 0, '0000-00-00 00:00:00', '', 0, 0),
(29, 2, 0, 0, 0, 0, 0, '0000-00-00 00:00:00', '', 0, 0),
(30, 2, 0, 0, 0, 0, 0, '0000-00-00 00:00:00', '', 0, 0),
(31, 2, 0, 0, 0, 0, 0, '0000-00-00 00:00:00', '', 0, 0),
(32, 2, 0, 0, 0, 0, 0, '0000-00-00 00:00:00', '', 0, 0),
(33, 2, 0, 0, 0, 0, 0, '0000-00-00 00:00:00', '', 0, 0),
(34, 2, 0, 0, 0, 0, 0, '0000-00-00 00:00:00', '', 0, 0),
(35, 2, 0, 0, 0, 0, 0, '0000-00-00 00:00:00', '', 0, 0),
(36, 2, 0, 0, 0, 0, 0, '0000-00-00 00:00:00', '', 0, 0),
(37, 2, 0, 0, 0, 0, 0, '0000-00-00 00:00:00', '', 0, 0),
(38, 2, 0, 0, 0, 0, 0, '0000-00-00 00:00:00', '', 0, 0),
(39, 2, 0, 0, 0, 0, 0, '0000-00-00 00:00:00', '', 0, 0),
(40, 2, 0, 0, 0, 0, 0, '0000-00-00 00:00:00', '', 0, 0),
(41, 2, 0, 0, 0, 0, 0, '0000-00-00 00:00:00', '', 0, 0),
(42, 2, 0, 0, 0, 0, 0, '0000-00-00 00:00:00', '', 0, 0),
(43, 2, 0, 0, 0, 0, 0, '0000-00-00 00:00:00', '', 0, 0),
(44, 2, 0, 0, 0, 0, 0, '0000-00-00 00:00:00', '', 0, 0),
(45, 2, 0, 0, 0, 0, 0, '0000-00-00 00:00:00', '', 0, 0),
(46, 2, 0, 0, 0, 0, 0, '0000-00-00 00:00:00', '', 0, 0),
(47, 2, 0, 0, 0, 0, 0, '0000-00-00 00:00:00', '', 0, 0),
(48, 2, 0, 0, 0, 0, 0, '0000-00-00 00:00:00', '', 0, 0),
(49, 2, 0, 0, 0, 0, 0, '0000-00-00 00:00:00', '', 0, 0),
(51, 2, 0, 0, 0, 0, 0, '0000-00-00 00:00:00', '', 0, 0),
(52, 2, 0, 0, 0, 0, 0, '0000-00-00 00:00:00', '', 0, 0),
(53, 2, 0, 0, 0, 0, 0, '0000-00-00 00:00:00', '', 0, 0),
(54, 2, 0, 0, 0, 0, 0, '0000-00-00 00:00:00', '', 0, 0);

-- --------------------------------------------------------

--
-- 資料表結構 `tb_huatai_banner`
--

CREATE TABLE IF NOT EXISTS `tb_huatai_banner` (
  `id` bigint(20) unsigned NOT NULL,
  `sort_order` int(11) NOT NULL DEFAULT '0',
  `code` text CHARACTER SET utf8 COLLATE utf8_unicode_ci NOT NULL,
  `code2` text NOT NULL,
  `remark` text CHARACTER SET utf8 COLLATE utf8_unicode_ci NOT NULL,
  `disabled` tinyint(1) NOT NULL DEFAULT '0',
  `create_date` timestamp NOT NULL DEFAULT '0000-00-00 00:00:00',
  `last_update_date` timestamp NOT NULL DEFAULT CURRENT_TIMESTAMP ON UPDATE CURRENT_TIMESTAMP,
  `create_by` bigint(20) NOT NULL DEFAULT '0',
  `last_update_by` bigint(20) NOT NULL DEFAULT '0',
  `url_target` text NOT NULL,
  `seo_url` text NOT NULL,
  `original_url` text NOT NULL,
  `seo_keyword` text NOT NULL,
  `show_button` int(11) NOT NULL DEFAULT '1',
  `color1` text NOT NULL,
  `color2` text NOT NULL,
  `youtube_id` text NOT NULL,
  `youtube_id2` text NOT NULL
) ENGINE=MyISAM AUTO_INCREMENT=16 DEFAULT CHARSET=utf8;

--
-- 資料表的匯出資料 `tb_huatai_banner`
--

INSERT INTO `tb_huatai_banner` (`id`, `sort_order`, `code`, `code2`, `remark`, `disabled`, `create_date`, `last_update_date`, `create_by`, `last_update_by`, `url_target`, `seo_url`, `original_url`, `seo_keyword`, `show_button`, `color1`, `color2`, `youtube_id`, `youtube_id2`) VALUES
(1, 2, '', '', '', 0, '2020-12-20 04:29:54', '2021-03-05 03:40:39', 2, 2, '', 'aaa', '', '', 1, '', '', '', ''),
(2, 3, '', '', '', 0, '2020-12-20 04:29:54', '2021-03-05 03:40:39', 2, 2, '', '新闻中心-重要通告', '', '', 1, '', '', '', ''),
(3, 4, '', '', '', 0, '2020-12-20 04:29:54', '2021-03-05 03:40:39', 2, 2, '', '业务覆盖', '', '', 1, '', '', '', ''),
(4, 7, '', '', '', 0, '2020-12-20 04:29:54', '2021-03-05 03:40:39', 2, 1, '', '市场资讯-产品及保证金', '', '', 1, '', '', '', ''),
(5, 8, '', '', '', 0, '2020-12-20 04:29:54', '2021-03-05 03:40:39', 2, 2, '', '市场资讯-交易所假期通知', '', '', 1, '', '', '', ''),
(6, 9, '', '', '', 0, '2020-12-20 04:29:54', '2021-03-05 03:40:39', 2, 2, '', '市场资讯-期货和期权产品最后交易日', '', '', 1, '', '', '', ''),
(7, 10, '', '', '', 0, '2020-12-20 04:29:54', '2021-03-05 03:40:39', 2, 2, '', '产品及服务-账户开立', '', '', 1, '', '', '', ''),
(8, 11, '', '', '', 0, '2020-12-20 04:29:54', '2021-03-05 03:40:39', 2, 2, '', '产品及服务-资金存取', '', '', 1, '', '', '', ''),
(9, 12, '', '', '', 0, '2020-12-20 04:29:54', '2021-03-05 03:40:39', 2, 2, '', '产品及服务-软件下载', '', '', 1, '', '', '', ''),
(10, 13, '', '', '', 0, '2020-12-20 04:29:54', '2021-03-05 03:40:39', 2, 2, '', '产品及服务-表单下载', '', '', 1, '', '', '', ''),
(11, 14, '', '', '', 0, '2020-12-20 04:29:54', '2021-03-05 03:40:39', 2, 1, '', '产品及服务-常见问题', '', '', 1, '', '', '', ''),
(12, 15, '', '', '', 0, '2020-12-20 04:29:54', '2021-03-05 03:40:39', 2, 2, '', '联系我们', '', '', 1, '', '', '', ''),
(13, 6, '', '', '', 0, '0000-00-00 00:00:00', '2021-03-05 03:40:39', 0, 1, '', '市场资讯-保证金資料', '', '', 1, '', '', '', ''),
(14, 5, '', '', '', 0, '0000-00-00 00:00:00', '2021-03-05 03:40:39', 0, 1, '', '市场资讯-合约细则', '', '', 1, '', '', '', ''),
(15, 1, '', '', '', 0, '0000-00-00 00:00:00', '2021-03-05 03:40:39', 0, 2, '', '', '', '', 1, '', '', '', '');

-- --------------------------------------------------------

--
-- 資料表結構 `tb_huatai_banner_desc`
--

CREATE TABLE IF NOT EXISTS `tb_huatai_banner_desc` (
  `language_id` int(11) NOT NULL DEFAULT '0',
  `banner_id` int(11) NOT NULL DEFAULT '0',
  `name` text CHARACTER SET utf8 COLLATE utf8_unicode_ci NOT NULL,
  `detail` text CHARACTER SET utf8 COLLATE utf8_unicode_ci NOT NULL,
  `url` text NOT NULL,
  `seo_desc` text NOT NULL,
  `seo_title` text NOT NULL,
  `brief` text,
  `detail2` text NOT NULL,
  `detail3` text NOT NULL,
  `name2` text NOT NULL
) ENGINE=MyISAM DEFAULT CHARSET=utf8;

--
-- 資料表的匯出資料 `tb_huatai_banner_desc`
--

INSERT INTO `tb_huatai_banner_desc` (`language_id`, `banner_id`, `name`, `detail`, `url`, `seo_desc`, `seo_title`, `brief`, `detail2`, `detail3`, `name2`) VALUES
(1, 2, '新闻中心 - 重要通告', '', '', '', '新闻中心 - 重要通告', NULL, '', '', ''),
(1, 1, '新闻中心 - 华泰新闻 ', '', '', '', 'aaa', NULL, '', '', ''),
(2, 1, '新闻中心 - 华泰新闻 ', '', '', '', 'aaa', NULL, '', '', ''),
(3, 1, '新闻中心 - 华泰新闻 ', '', '', '', 'aaa', NULL, '', '', ''),
(2, 2, '新闻中心 - 重要通告', '', '', '', '新闻中心 - 重要通告', NULL, '', '', ''),
(3, 2, '新闻中心 - 重要通告', '', '', '', '新闻中心 - 重要通告', NULL, '', '', ''),
(1, 3, '业务覆盖', '', '', '', '业务覆盖', NULL, '', '', ''),
(2, 3, '业务覆盖', '', '', '', '业务覆盖', NULL, '', '', ''),
(3, 3, '业务覆盖', '', '', '', '业务覆盖', NULL, '', '', ''),
(1, 4, '市场资讯  - 产品及保证金', '', '', '', '市场资讯  - 产品及保证金', NULL, '', '', ''),
(2, 4, '市场资讯  - 产品及保证金', '', '', '', '市场资讯  - 产品及保证金', NULL, '', '', ''),
(3, 4, '市场资讯  - 产品及保证金', '', '', '', '市场资讯  - 产品及保证金', NULL, '', '', ''),
(1, 5, '市场资讯  - 交易所假期通知', '', '', '', '市场资讯  - 交易所假期通知', NULL, '', '', ''),
(2, 5, '市场资讯  - 交易所假期通知', '', '', '', '市场资讯  - 交易所假期通知', NULL, '', '', ''),
(3, 5, '市场资讯  - 交易所假期通知', '', '', '', '市场资讯  - 交易所假期通知', NULL, '', '', ''),
(1, 6, '市场资讯  - 期货和期权产品最后交易日', '', '', '', '市场资讯  - 期货和期权产品最后交易日', NULL, '', '', ''),
(2, 6, '市场资讯  - 期货和期权产品最后交易日', '', '', '', '市场资讯  - 期货和期权产品最后交易日', NULL, '', '', ''),
(3, 6, '市场资讯  - 期货和期权产品最后交易日', '', '', '', '市场资讯  - 期货和期权产品最后交易日', NULL, '', '', ''),
(1, 7, '产品及服务 - 账户开立', '', '', '', '产品及服务 - 账户开立', NULL, '', '', ''),
(2, 7, '产品及服务 - 账户开立', '', '', '', '产品及服务 - 账户开立', NULL, '', '', ''),
(3, 7, '产品及服务 - 账户开立', '', '', '', '产品及服务 - 账户开立', NULL, '', '', ''),
(1, 8, '产品及服务 - 资金存取', '', '', '', '产品及服务 - 资金存取', NULL, '', '', ''),
(2, 8, '产品及服务 - 资金存取', '', '', '', '产品及服务 - 资金存取', NULL, '', '', ''),
(3, 8, '产品及服务 - 资金存取', '', '', '', '产品及服务 - 资金存取', NULL, '', '', ''),
(1, 9, '产品及服务 - 软件下载', '', '', '', '产品及服务 - 软件下载', NULL, '', '', ''),
(2, 9, '产品及服务 - 软件下载', '', '', '', '产品及服务 - 软件下载', NULL, '', '', ''),
(3, 9, '产品及服务 - 软件下载', '', '', '', '产品及服务 - 软件下载', NULL, '', '', ''),
(1, 10, '产品及服务 - 表单下载', '', '', '', '产品及服务 - 表单下载', NULL, '', '', ''),
(2, 10, '产品及服务 - 表单下载', '', '', '', '产品及服务 - 表单下载', NULL, '', '', ''),
(3, 10, '产品及服务 - 表单下载', '', '', '', '产品及服务 - 表单下载', NULL, '', '', ''),
(1, 11, '产品及服务 - 常见问题', '', '', '', '产品及服务 - 常见问题', NULL, '', '', ''),
(2, 11, '产品及服务 - 常见问题', '', '', '', '产品及服务 - 常见问题', NULL, '', '', ''),
(3, 11, '产品及服务 - 常见问题', '', '', '', '产品及服务 - 常见问题', NULL, '', '', ''),
(1, 12, '联系我们', '', '', '', '联系我们', NULL, '', '', ''),
(2, 12, '联系我们', '', '', '', '联系我们', NULL, '', '', ''),
(3, 12, '联系我们', '', '', '', '联系我们', NULL, '', '', ''),
(1, 13, '市场资讯  - 保证金資料', '', '', '', '市场资讯  - 保证金資料', NULL, '', '', ''),
(2, 13, '市场资讯  - 保证金資料', '', '', '', '市场资讯  - 保证金資料', NULL, '', '', ''),
(3, 13, '市场资讯  - 保证金資料', '', '', '', '市场资讯  - 保证金資料', NULL, '', '', ''),
(1, 14, '市场资讯 - 合约细则', '', '', '', '市场资讯 - 合约细则', NULL, '', '', ''),
(2, 14, '市场资讯 - 合约细则', '', '', '', '市场资讯 - 合约细则', NULL, '', '', ''),
(3, 14, '市场资讯 - 合约细则', '', '', '', '市场资讯 - 合约细则', NULL, '', '', ''),
(3, 15, '新闻中心 - 投资研究', '', '', '', '新闻中心 - 投资研究', NULL, '', '', ''),
(2, 15, '新闻中心 - 投资研究', '', '', '', '新闻中心 - 投资研究', NULL, '', '', ''),
(1, 15, '新闻中心 - 投资研究', '', '', '', '新闻中心 - 投资研究', NULL, '', '', '');

-- --------------------------------------------------------

--
-- 資料表結構 `tb_huatai_banner_photo`
--

CREATE TABLE IF NOT EXISTS `tb_huatai_banner_photo` (
  `id` bigint(20) unsigned NOT NULL,
  `banner_id` bigint(20) NOT NULL DEFAULT '0',
  `sort_order` bigint(11) NOT NULL DEFAULT '0',
  `img` text CHARACTER SET utf8 COLLATE utf8_unicode_ci NOT NULL,
  `caption` text CHARACTER SET utf8 COLLATE utf8_unicode_ci NOT NULL,
  `language_id` int(11) NOT NULL DEFAULT '0',
  `disabled` tinyint(1) NOT NULL DEFAULT '0',
  `create_date` timestamp NOT NULL DEFAULT '0000-00-00 00:00:00',
  `last_update_date` timestamp NOT NULL DEFAULT CURRENT_TIMESTAMP ON UPDATE CURRENT_TIMESTAMP,
  `create_by` bigint(20) NOT NULL DEFAULT '0',
  `last_update_by` bigint(20) NOT NULL DEFAULT '0',
  `seo_title` text NOT NULL,
  `website` text NOT NULL,
  `title_en` text NOT NULL,
  `title_tc` text NOT NULL,
  `title_sc` text NOT NULL,
  `detail_en` text NOT NULL,
  `detail_tc` text NOT NULL,
  `detail_sc` text NOT NULL
) ENGINE=MyISAM AUTO_INCREMENT=34 DEFAULT CHARSET=utf8;

--
-- 資料表的匯出資料 `tb_huatai_banner_photo`
--

INSERT INTO `tb_huatai_banner_photo` (`id`, `banner_id`, `sort_order`, `img`, `caption`, `language_id`, `disabled`, `create_date`, `last_update_date`, `create_by`, `last_update_by`, `seo_title`, `website`, `title_en`, `title_tc`, `title_sc`, `detail_en`, `detail_tc`, `detail_sc`) VALUES
(23, 1, 1, 'upload/images/banner/20210119145038_23.jpg', '', 3, 0, '2021-01-19 06:50:38', '2021-01-19 06:50:38', 2, 2, '', '', '', '', '', '', '', ''),
(24, 2, 1, 'upload/images/banner/20210119145046_24.jpg', '', 3, 0, '2021-01-19 06:50:46', '2021-01-19 06:50:46', 2, 2, '', '', '', '', '', '', '', ''),
(22, 3, 1, 'upload/images/banner/20210119144807_22.jpg', '', 3, 0, '2021-01-19 06:48:07', '2021-01-19 06:48:07', 2, 2, '', '', '', '', '', '', '', ''),
(30, 4, 1, 'upload/images/banner/20210204170337_30.jpg', '', 3, 0, '2021-02-04 09:03:37', '2021-02-04 09:03:37', 1, 1, '', '', '', '', '', '', '', ''),
(14, 5, 1, 'upload/images/banner/20210119141716_14.jpg', '', 3, 0, '2021-01-19 06:17:16', '2021-01-19 06:17:16', 2, 2, '', '', '', '', '', '', '', ''),
(13, 6, 1, 'upload/images/banner/20210119141706_13.jpg', '', 3, 0, '2021-01-19 06:17:06', '2021-01-19 06:17:06', 2, 2, '', '', '', '', '', '', '', ''),
(16, 7, 1, 'upload/images/banner/20210119142258_16.jpg', '', 3, 0, '2021-01-19 06:22:58', '2021-01-19 06:22:58', 2, 2, '', '', '', '', '', '', '', ''),
(17, 8, 1, 'upload/images/banner/20210119142414_17.jpg', '', 3, 0, '2021-01-19 06:24:14', '2021-01-19 06:24:14', 2, 2, '', '', '', '', '', '', '', ''),
(18, 9, 1, 'upload/images/banner/20210119142425_18.jpg', '', 3, 0, '2021-01-19 06:24:25', '2021-01-19 06:24:25', 2, 2, '', '', '', '', '', '', '', ''),
(19, 10, 1, 'upload/images/banner/20210119142447_19.jpg', '', 3, 0, '2021-01-19 06:24:47', '2021-01-19 06:24:47', 2, 2, '', '', '', '', '', '', '', ''),
(26, 11, 1, 'upload/images/banner/20210202174808_26.jpg', '', 3, 0, '2021-02-02 09:48:08', '2021-02-02 09:48:08', 1, 1, '', '', '', '', '', '', '', ''),
(20, 12, 1, 'upload/images/banner/20210119142629_20.jpg', '', 3, 0, '2021-01-19 06:26:29', '2021-01-19 06:26:29', 2, 2, '', '', '', '', '', '', '', ''),
(28, 13, 1, 'upload/images/banner/20210204170056_28.jpg', '', 3, 0, '2021-02-04 09:00:56', '2021-02-04 09:00:56', 1, 1, '', '', '', '', '', '', '', ''),
(32, 14, 1, 'upload/images/banner/20210204175555_32.jpg', '', 3, 0, '2021-02-04 09:55:55', '2021-02-04 09:55:55', 1, 1, '', '', '', '', '', '', '', ''),
(33, 15, 1, 'upload/images/banner/20210305114039_33.jpg', '', 3, 0, '2021-03-05 03:40:39', '2021-03-05 03:40:39', 2, 2, '', '', '', '', '', '', '', '');

-- --------------------------------------------------------

--
-- 資料表結構 `tb_huatai_banner_photo02`
--

CREATE TABLE IF NOT EXISTS `tb_huatai_banner_photo02` (
  `id` bigint(20) unsigned NOT NULL,
  `banner_id` bigint(20) NOT NULL DEFAULT '0',
  `sort_order` bigint(11) NOT NULL DEFAULT '0',
  `img` text CHARACTER SET utf8 COLLATE utf8_unicode_ci NOT NULL,
  `caption` text CHARACTER SET utf8 COLLATE utf8_unicode_ci NOT NULL,
  `language_id` int(11) NOT NULL DEFAULT '0',
  `disabled` tinyint(1) NOT NULL DEFAULT '0',
  `create_date` timestamp NOT NULL DEFAULT '0000-00-00 00:00:00',
  `last_update_date` timestamp NOT NULL DEFAULT CURRENT_TIMESTAMP ON UPDATE CURRENT_TIMESTAMP,
  `create_by` bigint(20) NOT NULL DEFAULT '0',
  `last_update_by` bigint(20) NOT NULL DEFAULT '0',
  `seo_title` text NOT NULL
) ENGINE=MyISAM DEFAULT CHARSET=utf8;

-- --------------------------------------------------------

--
-- 資料表結構 `tb_huatai_config`
--

CREATE TABLE IF NOT EXISTS `tb_huatai_config` (
  `id` bigint(20) unsigned NOT NULL,
  `sort_order` int(11) NOT NULL DEFAULT '0',
  `constant_name` text CHARACTER SET utf8 COLLATE utf8_unicode_ci NOT NULL,
  `constant_value` text CHARACTER SET utf8 COLLATE utf8_unicode_ci NOT NULL,
  `disabled` tinyint(1) NOT NULL DEFAULT '0',
  `create_date` timestamp NOT NULL DEFAULT '0000-00-00 00:00:00',
  `last_update_date` timestamp NOT NULL DEFAULT CURRENT_TIMESTAMP ON UPDATE CURRENT_TIMESTAMP,
  `create_by` bigint(20) NOT NULL DEFAULT '0',
  `last_update_by` bigint(20) NOT NULL DEFAULT '0'
) ENGINE=MyISAM AUTO_INCREMENT=1034 DEFAULT CHARSET=utf8;

--
-- 資料表的匯出資料 `tb_huatai_config`
--

INSERT INTO `tb_huatai_config` (`id`, `sort_order`, `constant_name`, `constant_value`, `disabled`, `create_date`, `last_update_date`, `create_by`, `last_update_by`) VALUES
(1, 0, 'PAYPAL_ACCOUNT_TEST', 'demop2_1244970058_biz@gmail.com', 0, '0000-00-00 00:00:00', '2020-12-30 01:08:47', 0, 0),
(2, 0, 'PAYPAL_ACCOUNT_REAL', 'fa_paypal@toppik.com.hk', 0, '0000-00-00 00:00:00', '2020-12-30 01:08:47', 0, 0),
(3, 0, 'PAYPAL_LIVE_MODE', '0', 0, '0000-00-00 00:00:00', '2020-12-30 01:08:47', 0, 0),
(4, 0, 'PAYDOLLAR_ACCOUNT_TEST', '88100704', 0, '0000-00-00 00:00:00', '2020-12-30 01:08:47', 0, 0),
(5, 0, 'PAYDOLLAR_ACCOUNT_REAL', '88059682', 0, '0000-00-00 00:00:00', '2020-12-30 01:08:47', 0, 0),
(6, 0, 'PAYDOLLAR_LIVE_MODE', '0', 0, '0000-00-00 00:00:00', '2020-12-30 01:08:47', 0, 0),
(7, 0, 'URL_FACEBOOK', 'https://www.facebook.com/armandhammerhk/', 0, '0000-00-00 00:00:00', '2020-12-30 01:08:47', 0, 0),
(8, 0, 'URL_TWITTER', 'https://www.facebook.com/btmli', 0, '0000-00-00 00:00:00', '2020-12-30 01:08:47', 0, 0),
(9, 0, 'URL_YOUTUBE', 'https://www.youtube.com/channel/UCnFsXcSzizS4glMKcoAY6tQ', 0, '0000-00-00 00:00:00', '2020-12-30 01:08:47', 0, 0),
(1028, 0, 'OTHER_FORM2_EMAIL_TO', 'info@toppik.com', 0, '0000-00-00 00:00:00', '2020-12-30 01:08:47', 0, 0),
(10, 0, 'BLOG_PER_PAGE', '5', 0, '0000-00-00 00:00:00', '2020-12-30 01:08:47', 0, 0),
(11, 0, 'MAGAZINE_VIDEO', '', 0, '0000-00-00 00:00:00', '2020-12-30 01:08:47', 0, 0),
(12, 0, 'SEO_HOME_URL', 'home', 0, '0000-00-00 00:00:00', '2020-12-30 01:08:47', 0, 0),
(13, 0, 'SEO_HOME_TITLE1', '华泰（香港）期货有限公司', 0, '0000-00-00 00:00:00', '2020-12-30 01:08:47', 0, 0),
(14, 0, 'SEO_HOME_DESC1', '华泰（香港）期货有限公司是华泰期货根据中国证监会批复，于2015年在香港特别行政区注册成立。于2016年9月14日，华泰（香港）期货获得香港证监会正式批核（中央编号为 BHE003），获准展开规管第2类（期货合约交易）及第5类（就期货合约提供意见）业务。', 0, '0000-00-00 00:00:00', '2020-12-30 01:08:47', 0, 0),
(908, 0, 'M1_ORDER_DISCOUNT', '10', 0, '0000-00-00 00:00:00', '2020-12-30 01:08:47', 0, 0),
(909, 0, 'M2_ORDER_DISCOUNT', '15', 0, '0000-00-00 00:00:00', '2020-12-30 01:08:47', 0, 0),
(889, 0, 'EMAIL_IF_QTY_LESS_THAN', '9999', 0, '0000-00-00 00:00:00', '2020-12-30 01:08:47', 0, 0),
(890, 0, 'QTY_NOTICE_EMAIL_TO', 'info@chineseessencehc.com', 0, '0000-00-00 00:00:00', '2020-12-30 01:08:47', 0, 0),
(50, 0, 'EARN_COIN_FROM_MONEY', '1', 0, '0000-00-00 00:00:00', '2020-12-30 01:08:47', 0, 0),
(47, 0, 'URL_PINTEREST', 'https://www.facebook.com/btmli', 0, '0000-00-00 00:00:00', '2020-12-30 01:08:47', 0, 0),
(15, 0, 'SEO_HOME_KEYWORD', '华泰,期货,huatai', 0, '0000-00-00 00:00:00', '2020-12-30 01:08:47', 0, 0),
(1027, 0, 'HOME_VIDEO', 'https://www.youtube.com/embed/56uZ5UDjXSM', 0, '0000-00-00 00:00:00', '2020-12-30 01:08:47', 0, 0),
(51, 0, 'EARN_COIN_TO_COIN', '1', 0, '0000-00-00 00:00:00', '2020-12-30 01:08:47', 0, 0),
(27, 0, 'CONTACT_FORM_EMAIL_TO', 'info@huatai.com.hk', 0, '0000-00-00 00:00:00', '2020-12-30 01:08:47', 0, 0),
(28, 0, 'EMAIL_COMPANY_EMAIL_TO_NAME', '德善健髮 - Order', 0, '0000-00-00 00:00:00', '2020-12-30 01:08:47', 0, 0),
(29, 0, 'EMAIL_COMPANY_EMAIL_TO', 'info@chineseessencehc.com', 0, '0000-00-00 00:00:00', '2020-12-30 01:08:47', 0, 0),
(30, 0, 'OTHER_FORM_EMAIL_TO_NAME', 'Arm & Hammer - Trial ', 0, '0000-00-00 00:00:00', '2020-12-30 01:08:47', 0, 0),
(31, 0, 'OTHER_FORM_EMAIL_TO', 'info@toppik.com', 0, '0000-00-00 00:00:00', '2020-12-30 01:08:47', 0, 0),
(16, 0, 'SEO_HOME_TITLE2', '华泰（香港）期货有限公司', 0, '0000-00-00 00:00:00', '2020-12-30 01:08:47', 0, 0),
(17, 0, 'SEO_HOME_DESC2', '华泰（香港）期货有限公司是华泰期货根据中国证监会批复，于2015年在香港特别行政区注册成立。于2016年9月14日，华泰（香港）期货获得香港证监会正式批核（中央编号为 BHE003），获准展开规管第2类（期货合约交易）及第5类（就期货合约提供意见）业务。', 0, '0000-00-00 00:00:00', '2020-12-30 01:08:47', 0, 0),
(906, 0, 'M1_ORDER_PRICE_OVER', '500', 0, '0000-00-00 00:00:00', '2020-12-30 01:08:47', 0, 0),
(907, 0, 'M2_ORDER_PRICE_OVER', '5000', 0, '0000-00-00 00:00:00', '2020-12-30 01:08:47', 0, 0),
(26, 0, 'CONTACT_FORM_EMAIL_TO_NAME', '华泰（香港）期货有限公司 Website Enquiry', 0, '0000-00-00 00:00:00', '2020-12-30 01:08:47', 0, 0),
(18, 0, 'RETURN_QTY_AFTER_MINUTE', '60', 0, '0000-00-00 00:00:00', '2020-12-30 01:08:47', 0, 0),
(19, 0, 'WORLDPAY_ACCOUNT', '273471', 0, '0000-00-00 00:00:00', '2020-12-30 01:08:47', 0, 0),
(20, 0, 'WORLDPAY_LIVE_MODE', '0', 0, '0000-00-00 00:00:00', '2020-12-30 01:08:47', 0, 0),
(21, 0, 'ALIPAY_PID', '2088602236696796', 0, '0000-00-00 00:00:00', '2020-12-30 01:08:47', 0, 0),
(22, 0, 'ALIPAY_KEY', 'v47hyujrhvnnarv69jz94zyc1isgyogl', 0, '0000-00-00 00:00:00', '2020-12-30 01:08:47', 0, 0),
(23, 0, 'SCORE_TO_MONEY_RATIO_SCORE', '100', 0, '0000-00-00 00:00:00', '2020-12-30 01:08:47', 0, 0),
(24, 0, 'SCORE_TO_MONEY_RATIO_MONEY', '1', 0, '0000-00-00 00:00:00', '2020-12-30 01:08:47', 0, 0),
(25, 0, 'ALIPAY_SELLER_EMAIL', '', 0, '0000-00-00 00:00:00', '2020-12-30 01:08:47', 0, 0),
(32, 0, 'RANK_MAX', '5', 0, '0000-00-00 00:00:00', '2020-12-30 01:08:47', 0, 0),
(33, 0, 'ENQUIRY_FORM_EMAIL_TO_NAME', 'Essential Element Ltd.', 0, '0000-00-00 00:00:00', '2020-12-30 01:08:47', 0, 0),
(34, 0, 'ENQUIRY_FORM_EMAIL_TO', 'enquiry@chineseessencehc.com', 0, '0000-00-00 00:00:00', '2020-12-30 01:08:47', 0, 0),
(35, 0, 'OUR_COMPANY_ADDRESS', '', 0, '0000-00-00 00:00:00', '2020-12-30 01:08:47', 0, 0),
(36, 0, 'OUR_COMPANY_TEL', '', 0, '0000-00-00 00:00:00', '2020-12-30 01:08:47', 0, 0),
(37, 0, 'OUR_COMPANY_FAX', '', 0, '0000-00-00 00:00:00', '2020-12-30 01:08:47', 0, 0),
(38, 0, 'OUR_COMPANY_EMAIL', '', 0, '0000-00-00 00:00:00', '2020-12-30 01:08:47', 0, 0),
(39, 0, 'OUR_COMPANY_WEBSITE', '', 0, '0000-00-00 00:00:00', '2020-12-30 01:08:47', 0, 0),
(40, 0, 'MAX_SMALL_ORDER_ZONE_QTY', '100', 0, '0000-00-00 00:00:00', '2020-12-30 01:08:47', 0, 0),
(41, 0, 'DEFAULT_SHIPPING_PRICE', '0', 0, '0000-00-00 00:00:00', '2020-12-30 01:08:47', 0, 0),
(44, 0, 'PICK_UP_ADDRESS', '', 0, '0000-00-00 00:00:00', '2020-12-30 01:08:47', 0, 0),
(45, 0, 'SOZ_HOME_POPUP', '', 0, '0000-00-00 00:00:00', '2020-12-30 01:08:47', 0, 0),
(46, 0, 'SOZ_HOME_POPUP2', '', 0, '0000-00-00 00:00:00', '2020-12-30 01:08:47', 0, 0),
(52, 0, 'COIN_FROM_COIN', '10', 0, '0000-00-00 00:00:00', '2020-12-30 01:08:47', 0, 0),
(53, 0, 'COIN_TO_MONEY', '1', 0, '0000-00-00 00:00:00', '2020-12-30 01:08:47', 0, 0),
(99, 0, 'URL_WEIBO', 'https://www.weibo.com/toppik', 0, '0000-00-00 00:00:00', '2020-12-30 01:08:47', 0, 0),
(888, 0, 'FREE_SHIPPING_IF_AMOUNT_OVER', '500', 0, '0000-00-00 00:00:00', '2020-12-30 01:08:47', 0, 0),
(891, 0, 'EARN_COIN_FROM_MONEY', '1', 0, '0000-00-00 00:00:00', '2020-12-30 01:08:47', 0, 0),
(892, 0, 'EARN_COIN_TO_COIN', '1', 0, '0000-00-00 00:00:00', '2020-12-30 01:08:47', 0, 0),
(893, 0, 'COIN_FROM_COIN', '100', 0, '0000-00-00 00:00:00', '2020-12-30 01:08:47', 0, 0),
(894, 0, 'COIN_TO_MONEY', '1', 0, '0000-00-00 00:00:00', '2020-12-30 01:08:47', 0, 0),
(895, 0, 'DEFAULT_MEMBER_COIN', '0', 0, '0000-00-00 00:00:00', '2020-12-30 01:08:47', 0, 0),
(896, 0, 'ALLOW_PICK_UP', '1', 0, '0000-00-00 00:00:00', '2020-12-30 01:08:47', 0, 0),
(897, 0, 'ALOW_COD', '1', 0, '0000-00-00 00:00:00', '2020-12-30 01:08:47', 0, 0),
(898, 0, 'MAX_ALLOW_FREEGIFT_QTY', '999', 0, '0000-00-00 00:00:00', '2020-12-30 01:08:47', 0, 0),
(899, 0, 'FaceBOOK_FROM_STATUS', '0', 0, '0000-00-00 00:00:00', '2020-12-30 01:08:47', 0, 0),
(900, 0, 'MIN_BUY_AMOUNT', '100', 0, '0000-00-00 00:00:00', '2020-12-30 01:08:47', 0, 0),
(901, 0, 'MIN_BUY_AMOUNT_FOR_FIRST_BONUS', '0', 0, '0000-00-00 00:00:00', '2020-12-30 01:08:47', 0, 0),
(902, 0, 'UPDATE_COIN_EXPIRY_DATE', '2016-06-30', 0, '0000-00-00 00:00:00', '2020-12-30 01:08:47', 0, 0),
(903, 0, 'UPDATE_COIN_EXPIRY_DATE_NOW', '1', 0, '0000-00-00 00:00:00', '2020-12-30 01:08:47', 0, 0),
(904, 0, 'SEO_HOME_TITLE3', '华泰（香港）期货有限公司', 0, '0000-00-00 00:00:00', '2020-12-30 01:08:47', 0, 0),
(905, 0, 'SEO_HOME_DESC3', '华泰（香港）期货有限公司是华泰期货根据中国证监会批复，于2015年在香港特别行政区注册成立。于2016年9月14日，华泰（香港）期货获得香港证监会正式批核（中央编号为 BHE003），获准展开规管第2类（期货合约交易）及第5类（就期货合约提供意见）业务。', 0, '0000-00-00 00:00:00', '2020-12-30 01:08:47', 0, 0),
(1000, 0, 'DEFAULT_DELIVERY_PRICE', '33', 0, '0000-00-00 00:00:00', '2020-12-30 01:08:47', 0, 0),
(1001, 0, 'BUY_QTY', '5', 0, '0000-00-00 00:00:00', '2020-12-30 01:08:47', 0, 0),
(1002, 0, 'BUY_QTY_DISCOUNT', '10', 0, '0000-00-00 00:00:00', '2020-12-30 01:08:47', 0, 0),
(1003, 0, 'BUY_MORE_THAN_PRICE', '2000', 0, '0000-00-00 00:00:00', '2020-12-30 01:08:47', 0, 0),
(1004, 0, 'BUY_MORE_THAN_PRICE_DISCOUNT', '10', 0, '0000-00-00 00:00:00', '2020-12-30 01:08:47', 0, 0),
(1005, 0, 'TOP_MSG', '', 0, '0000-00-00 00:00:00', '2020-12-30 01:08:47', 0, 0),
(1008, 0, 'GOOGLE_MAP_X', '22.370912', 0, '0000-00-00 00:00:00', '2020-12-30 01:08:47', 0, 0),
(1006, 0, 'URL_INSTAGRAM', 'https://www.instagram.com/armandhammer/?hl=zh-hk', 0, '0000-00-00 00:00:00', '2020-12-30 01:08:47', 0, 0),
(1007, 0, 'URL_WHATAPP1', 'whatsapp://send?abid=36898634', 0, '0000-00-00 00:00:00', '2020-12-30 01:08:47', 0, 0),
(1009, 0, 'GOOGLE_MAP_Y', '114.136794', 0, '0000-00-00 00:00:00', '2020-12-30 01:08:47', 0, 0),
(1010, 0, 'CONTACT_INFO_ADDRESS', '新界葵涌和宜合道159號華寶工業大廈', 0, '0000-00-00 00:00:00', '2020-12-30 01:08:47', 0, 0),
(1011, 0, 'CONTACT_INFO_CONTACT', '(852) 3689 8634', 0, '0000-00-00 00:00:00', '2020-12-30 01:08:47', 0, 0),
(1012, 0, 'CONTACT_INFO_EMAIL', 'info@chineseessencehc-lifehk.com', 0, '0000-00-00 00:00:00', '2020-12-30 01:08:47', 0, 0),
(1013, 0, 'CONTACT_INFO_WEBSITE', 'www.chineseessencehc-lifehk.com', 0, '0000-00-00 00:00:00', '2020-12-30 01:08:47', 0, 0),
(1014, 0, 'CONTACT_INFO_FAX', '', 0, '0000-00-00 00:00:00', '2020-12-30 01:08:47', 0, 0),
(1015, 0, 'BUY_MORE_THAN_PRICE2_DISCOUNT_PRICE', '0', 0, '0000-00-00 00:00:00', '2020-12-30 01:08:47', 0, 0),
(1016, 0, 'BUY_MORE_THAN_PRICE2', '2000', 0, '0000-00-00 00:00:00', '2020-12-30 01:08:47', 0, 0),
(1029, 0, 'OTHER_FORM2_EMAIL_TO_NAME', 'Arm & Hammer - Enquiry', 0, '0000-00-00 00:00:00', '2020-12-30 01:08:47', 0, 0),
(1030, 0, 'URL_WAHTAPP', '3980-9854 / 6217-7600 ', 0, '0000-00-00 00:00:00', '2020-12-30 01:08:47', 0, 0),
(1031, 0, 'CAREER_FORM_EMAIL_TO_NAME', 'Arm & Hammer - Career', 0, '0000-00-00 00:00:00', '2020-12-30 01:08:47', 0, 0),
(1032, 0, 'CAREER_FORM_EMAIL_TO', 'info@toppik.com', 0, '0000-00-00 00:00:00', '2020-12-30 01:08:47', 0, 0),
(1033, 0, 'URL_WECHAT', 'toppik', 0, '0000-00-00 00:00:00', '2020-12-30 01:08:47', 0, 0);

-- --------------------------------------------------------

--
-- 資料表結構 `tb_huatai_deposit`
--

CREATE TABLE IF NOT EXISTS `tb_huatai_deposit` (
  `id` bigint(20) unsigned NOT NULL,
  `sort_order` int(11) NOT NULL DEFAULT '0',
  `code` text CHARACTER SET utf8 COLLATE utf8_unicode_ci NOT NULL,
  `remark` text CHARACTER SET utf8 COLLATE utf8_unicode_ci NOT NULL,
  `disabled` tinyint(1) NOT NULL DEFAULT '0',
  `create_date` timestamp NOT NULL DEFAULT '0000-00-00 00:00:00',
  `last_update_date` timestamp NOT NULL DEFAULT CURRENT_TIMESTAMP ON UPDATE CURRENT_TIMESTAMP,
  `create_by` bigint(20) NOT NULL DEFAULT '0',
  `last_update_by` bigint(20) NOT NULL DEFAULT '0',
  `url_target` text NOT NULL,
  `seo_url` text NOT NULL,
  `seo_keyword` text NOT NULL,
  `start_date` date DEFAULT '0000-00-00',
  `end_date` date DEFAULT '0000-00-00',
  `display_date` date DEFAULT '0000-00-00',
  `youtube_id` text NOT NULL,
  `other_link` text NOT NULL,
  `deposit_category_id` text NOT NULL
) ENGINE=MyISAM AUTO_INCREMENT=3 DEFAULT CHARSET=utf8;

--
-- 資料表的匯出資料 `tb_huatai_deposit`
--

INSERT INTO `tb_huatai_deposit` (`id`, `sort_order`, `code`, `remark`, `disabled`, `create_date`, `last_update_date`, `create_by`, `last_update_by`, `url_target`, `seo_url`, `seo_keyword`, `start_date`, `end_date`, `display_date`, `youtube_id`, `other_link`, `deposit_category_id`) VALUES
(1, 1, '', '', 0, '2020-12-20 08:32:50', '2021-02-25 06:43:53', 2, 2, '', '客户存款资料（外盘）', '', '0000-00-00', '0000-00-00', '2020-12-29', '', '', '1'),
(2, 2, '', '', 0, '2020-12-20 08:32:50', '2021-02-25 06:51:34', 2, 2, '', '客户存款资料（内盘）', '', '0000-00-00', '0000-00-00', '2020-12-29', '', '', '1');

-- --------------------------------------------------------

--
-- 資料表結構 `tb_huatai_deposit_desc`
--

CREATE TABLE IF NOT EXISTS `tb_huatai_deposit_desc` (
  `language_id` int(11) NOT NULL DEFAULT '0',
  `deposit_id` int(11) NOT NULL DEFAULT '0',
  `name` text CHARACTER SET utf8 COLLATE utf8_unicode_ci NOT NULL,
  `detail` text CHARACTER SET utf8 COLLATE utf8_unicode_ci NOT NULL,
  `url` text NOT NULL,
  `seo_desc` text NOT NULL,
  `seo_title` text NOT NULL,
  `detail2` text NOT NULL,
  `seo_h1` text NOT NULL,
  `detail3` text NOT NULL,
  `detail4` text NOT NULL
) ENGINE=MyISAM DEFAULT CHARSET=utf8;

--
-- 資料表的匯出資料 `tb_huatai_deposit_desc`
--

INSERT INTO `tb_huatai_deposit_desc` (`language_id`, `deposit_id`, `name`, `detail`, `url`, `seo_desc`, `seo_title`, `detail2`, `seo_h1`, `detail3`, `detail4`) VALUES
(1, 2, 'Bank Information -Client Fund Deposit for Futures Trading of China Market ', '<p>After the client has made a wire transfer/ fund deposit to the receiving bank account of Huatai (Hong Kong) Futures Ltd., the client is required to email<span class=&#34;Apple-converted-space&#34;>&nbsp; </span>the copy of the receipt to cs@htfc.com.hk through his registered email address for verification. The receipt provided by the client must clearly show the client&rsquo;s registered bank account number, transfer amount and currency.</p>\r\n<p>The deposit cut-off time is 12:00 noon, and deposits before the cut-off time will be processed within the next working time (T + 1). If the client deposit time exceeds the cut-off time, the deposit will be postponed and processed within the next working day (T+2). (The actual arrival time is based on the bank&#39;s processing time)</p>', '', '', '', '<table class=&#34;client-deposit&#34; style=&#34;width: 1000px;&#34;>\r\n    <thead>\r\n        <tr>\r\n            <td class=&#34;cd-tb-title&#34;>银行名称<br />\r\n            Bank Name</td>\r\n            <td class=&#34;cd-tb-title&#34;>账户名称<br />\r\n            Account Name</td>\r\n            <td class=&#34;cd-tb-title&#34;>币种<br />\r\n            Currency</td>\r\n            <td class=&#34;cd-tb-title&#34;>账户号码<br />\r\n            A/C Number</td>\r\n            <td class=&#34;cd-tb-title&#34;>国际银行代码<br />\r\n            Swift Code</td>\r\n            <td class=&#34;cd-tb-title&#34;>银行地址<br />\r\n            Bank Address</td>\r\n        </tr>\r\n    </thead>\r\n    <tbody>\r\n        <tr>\r\n            <td class=&#34;cd-tb-content&#34;>中国银行（香港）<br />\r\n            Bank of China (Hong Kong) Limited</td>\r\n            <td class=&#34;cd-tb-content&#34;>HUATAI (HONG KONG)<br />\r\n            FUTURES LIMITED<br />\r\n            -NON-HKFE CLIENTS ACCOUNT</td>\r\n            <td class=&#34;cd-tb-content&#34;>人民币CNY</td>\r\n            <td class=&#34;cd-tb-content&#34;>012-875-9-279045-8</td>\r\n            <td class=&#34;cd-tb-content&#34;>BKCHHKHH</td>\r\n            <td class=&#34;cd-tb-content&#34;>香港花园道1号中银大厦<br />\r\n            Bank of China Tower, 1 Garden Road,<br />\r\n            Hong Kong</td>\r\n        </tr>\r\n    </tbody>\r\n</table>', '', '<table class=&#34;client-deposit&#34; style=&#34;width: 1000px;&#34;>\r\n    <thead>\r\n        <tr>\r\n            <td class=&#34;cd-tb-title&#34;>银行名称<br />\r\n            Bank Name</td>\r\n            <td class=&#34;cd-tb-title&#34;>账户名称<br />\r\n            Account Name</td>\r\n            <td class=&#34;cd-tb-title&#34;>币种<br />\r\n            Currency</td>\r\n            <td class=&#34;cd-tb-title&#34;>账户号码<br />\r\n            A/C Number</td>\r\n            <td class=&#34;cd-tb-title&#34;>国际银行代码<br />\r\n            Swift Code</td>\r\n            <td class=&#34;cd-tb-title&#34;>银行地址<br />\r\n            Bank Address</td>\r\n        </tr>\r\n    </thead>\r\n    <tbody>\r\n        <tr>\r\n            <td class=&#34;cd-tb-content&#34;>中国工商银行（亚洲）<br />\r\n            Industrial and Commercial<br />\r\n            Bank of China (Asia) Limited</td>\r\n            <td class=&#34;cd-tb-content&#34; style=&#34;width: 165px;&#34;>HUATAI (HONG KONG)<br />\r\n            FUTURES LIMITED-<br />\r\n            CLIENT ACCOUNT</td>\r\n            <td class=&#34;cd-tb-content&#34;>人民币CNY</td>\r\n            <td class=&#34;cd-tb-content&#34; style=&#34;width: 155px;&#34;>861-530-14974-8</td>\r\n            <td class=&#34;cd-tb-content&#34;>UBHKHKHH</td>\r\n            <td class=&#34;cd-tb-content&#34;>香港中环花园道3号中国工商银行大厦33楼<br />\r\n            33/F, ICBC Tower, 3 Garden Road<br />\r\n            Central, Hong Kong</td>\r\n        </tr>\r\n    </tbody>\r\n</table>', ''),
(1, 1, 'Bank Information -Client Fund Deposit for Global Futures Trading', '<p class=&#34;p1&#34; style=&#34;margin: 0px; text-align: justify; font-variant-numeric: normal; font-variant-east-asian: normal; font-stretch: normal; font-size: 14px; line-height: normal; font-family: &#34; times=&#34;&#34; new=&#34;&#34;>After the client has made a wire transfer/ fund deposit to the receiving bank account of Huatai (Hong Kong) Futures Ltd., the client is required to email<span class=&#34;Apple-converted-space&#34;>&nbsp; </span>the copy of the receipt to cs@htfc.com.hk through his registered email address for verification. The receipt provided by the client must clearly show the client&rsquo;s registered bank account number, transfer amount and currency.</p>', '', '', '', '<table class=&#34;client-deposit&#34; style=&#34;width: 1000px;&#34;>\r\n    <thead>\r\n        <tr>\r\n            <td class=&#34;cd-tb-title&#34;>银行名称<br />\r\n            Bank Name</td>\r\n            <td class=&#34;cd-tb-title&#34;>账户名称<br />\r\n            Account Name</td>\r\n            <td class=&#34;cd-tb-title&#34;>币种<br />\r\n            Currency</td>\r\n            <td class=&#34;cd-tb-title&#34;>账户号码<br />\r\n            A/C Number</td>\r\n            <td class=&#34;cd-tb-title&#34;>国际银行代码<br />\r\n            Swift Code</td>\r\n            <td class=&#34;cd-tb-title&#34;>银行地址<br />\r\n            Bank Address</td>\r\n        </tr>\r\n    </thead>\r\n    <tbody>\r\n        <tr>\r\n            <td class=&#34;cd-tb-content&#34; rowspan=&#34;3&#34;>中国银行（香港）<br />\r\n            Bank of China (Hong Kong) Limited</td>\r\n            <td class=&#34;cd-tb-content&#34; rowspan=&#34;3&#34;>HUATAI (HONG KONG)<br />\r\n            FUTURES LIMITED-HKFE<br />\r\n            CLIENTS ACCOUNT</td>\r\n            <td class=&#34;cd-tb-content&#34;>港币HKD</td>\r\n            <td class=&#34;cd-tb-content&#34;>012-875-0-057070-5</td>\r\n            <td class=&#34;cd-tb-content&#34; rowspan=&#34;3&#34;>BKCHHKHHXXX</td>\r\n            <td class=&#34;cd-tb-content&#34; rowspan=&#34;3&#34;>香港花园道1号中银大厦<br />\r\n            Bank of China Tower, 1 Garden Road,<br />\r\n            Hong Kong</td>\r\n        </tr>\r\n        <tr>\r\n            <td class=&#34;cd-tb-content&#34;>人民币CNH</td>\r\n            <td class=&#34;cd-tb-content&#34;>012-875-0-606124-7</td>\r\n        </tr>\r\n        <tr>\r\n            <td class=&#34;cd-tb-content&#34;>美元USD</td>\r\n            <td class=&#34;cd-tb-content&#34;>012-875-9-279041-6</td>\r\n        </tr>\r\n    </tbody>\r\n</table>\r\n<p>&nbsp;</p>', '', '<table class=&#34;client-deposit&#34; style=&#34;width: 1000px;&#34;>\r\n    <thead>\r\n        <tr>\r\n            <td class=&#34;cd-tb-title&#34;>银行名称<br />\r\n            Bank Name</td>\r\n            <td class=&#34;cd-tb-title&#34;>账户名称<br />\r\n            Account Name</td>\r\n            <td class=&#34;cd-tb-title&#34;>币种<br />\r\n            Currency</td>\r\n            <td class=&#34;cd-tb-title&#34;>账户号码<br />\r\n            A/C Number</td>\r\n            <td class=&#34;cd-tb-title&#34;>国际银行代码<br />\r\n            Swift Code</td>\r\n            <td class=&#34;cd-tb-title&#34;>银行地址<br />\r\n            Bank Address</td>\r\n        </tr>\r\n    </thead>\r\n    <tbody>\r\n        <tr>\r\n            <td class=&#34;cd-tb-content&#34; rowspan=&#34;3&#34;>中国银行（香港）<br />\r\n            Bank of China (Hong Kong) Limited</td>\r\n            <td class=&#34;cd-tb-content&#34; rowspan=&#34;3&#34;>HUATAI (HONG KONG)<br />\r\n            FUTURES LIMITED-NON-HKFE<br />\r\n            CLIENTS ACCOUNT</td>\r\n            <td class=&#34;cd-tb-content&#34;>港币HKD</td>\r\n            <td class=&#34;cd-tb-content&#34;>012-875-1-249889-9</td>\r\n            <td class=&#34;cd-tb-content&#34; rowspan=&#34;3&#34;>BKCHHKHHXXX</td>\r\n            <td class=&#34;cd-tb-content&#34; rowspan=&#34;3&#34;>香港花园道1号中银大厦<br />\r\n            Bank of China Tower, 1 Garden Road,<br />\r\n            Hong Kong</td>\r\n        </tr>\r\n        <tr>\r\n            <td class=&#34;cd-tb-content&#34;>人民币CNH</td>\r\n            <td class=&#34;cd-tb-content&#34;>012-875-9-279045-8</td>\r\n        </tr>\r\n        <tr>\r\n            <td class=&#34;cd-tb-content&#34;>美元USD</td>\r\n            <td class=&#34;cd-tb-content&#34;>012-875-0-806420-0</td>\r\n        </tr>\r\n    </tbody>\r\n</table>\r\n<p>&nbsp;</p>', '<table class=&#34;client-deposit&#34; style=&#34;width: 1006px;&#34;>\r\n    <thead>\r\n        <tr>\r\n            <td class=&#34;cd-tb-title&#34;>银行名称<br />\r\n            Bank Name</td>\r\n            <td class=&#34;cd-tb-title&#34;>账户名称<br />\r\n            Account Name</td>\r\n            <td class=&#34;cd-tb-title&#34;>币种<br />\r\n            Currency</td>\r\n            <td class=&#34;cd-tb-title&#34;>账户号码<br />\r\n            A/C Number</td>\r\n            <td class=&#34;cd-tb-title&#34;>国际银行代码<br />\r\n            Swift Code</td>\r\n            <td class=&#34;cd-tb-title&#34;>银行地址<br />\r\n            Bank Address</td>\r\n        </tr>\r\n    </thead>\r\n    <tbody>\r\n        <tr>\r\n            <td class=&#34;cd-tb-content&#34; rowspan=&#34;3&#34;>中国工商银行（亚洲）<br />\r\n            Industrial and Commercial<br />\r\n            Bank of China (Asia) Limited</td>\r\n            <td class=&#34;cd-tb-content&#34; rowspan=&#34;3&#34;>HUATAI (HONG KONG)<br />\r\n            FUTURES LIMITED-<br />\r\n            CLIENT ACCOUNT</td>\r\n            <td class=&#34;cd-tb-content&#34;>港币HKD</td>\r\n            <td class=&#34;cd-tb-content&#34;>861-520-12070-6</td>\r\n            <td class=&#34;cd-tb-content&#34; rowspan=&#34;3&#34;>UBHKHKHHXXX</td>\r\n            <td class=&#34;cd-tb-content&#34; rowspan=&#34;3&#34;>香港中环花园道3号中国工商银行大厦33楼<br />\r\n            33/F, ICBC Tower, 3 Garden Road,<br />\r\n            Central, Hong Kong</td>\r\n        </tr>\r\n        <tr>\r\n            <td class=&#34;cd-tb-content&#34;>人民币及美元<br />\r\n            CNH &amp; USD</td>\r\n            <td class=&#34;cd-tb-content&#34;>861-530-14974-8</td>\r\n        </tr>\r\n    </tbody>\r\n</table>\r\n<p>&nbsp;</p>'),
(3, 2, '客户存款资料（内盘）', '<p>客户电汇/转账存款至华泰香港的收款银行账户后，需要通过其登记电邮将银行转账收据发送至指定邮箱 cs@htfc.com.hk以便确认。 客户所提供的银行转账收据必须清楚显示客户于本司登记的银行帐户号码、转账金额及币种。<br />\r\n入金截数时间为中午12时正，在截数时间前之入金将在下一个工作时间（T + 1）內处理。如客户入金时间超过截数时间，入金將延期在下个工作天內(T+2) 內处理。 ( 实际到账时间基于银行的处理时间 )</p>', '', '', '', '<table class=&#34;client-deposit&#34; style=&#34;width: 1000px;&#34;>\r\n    <thead>\r\n        <tr>\r\n            <td class=&#34;cd-tb-title&#34;>银行名称<br />\r\n            Bank Name</td>\r\n            <td class=&#34;cd-tb-title&#34;>账户名称<br />\r\n            Account Name</td>\r\n            <td class=&#34;cd-tb-title&#34;>币种<br />\r\n            Currency</td>\r\n            <td class=&#34;cd-tb-title&#34;>账户号码<br />\r\n            A/C Number</td>\r\n            <td class=&#34;cd-tb-title&#34;>国际银行代码<br />\r\n            Swift Code</td>\r\n            <td class=&#34;cd-tb-title&#34;>银行地址<br />\r\n            Bank Address</td>\r\n        </tr>\r\n    </thead>\r\n    <tbody>\r\n        <tr>\r\n            <td class=&#34;cd-tb-content&#34;>中国银行（香港）<br />\r\n            Bank of China (Hong Kong) Limited</td>\r\n            <td class=&#34;cd-tb-content&#34;>HUATAI (HONG KONG)<br />\r\n            FUTURES LIMITED<br />\r\n            -NON-HKFE CLIENTS ACCOUNT</td>\r\n            <td class=&#34;cd-tb-content&#34;>人民币CNY</td>\r\n            <td class=&#34;cd-tb-content&#34;>012-875-9-279045-8</td>\r\n            <td class=&#34;cd-tb-content&#34;>BKCHHKHH</td>\r\n            <td class=&#34;cd-tb-content&#34;>香港花园道1号中银大厦<br />\r\n            Bank of China Tower, 1 Garden Road,<br />\r\n            Hong Kong</td>\r\n        </tr>\r\n    </tbody>\r\n</table>', '', '<table class=&#34;client-deposit&#34; style=&#34;width: 1000px;&#34;>\r\n    <thead>\r\n        <tr>\r\n            <td class=&#34;cd-tb-title&#34;>银行名称<br />\r\n            Bank Name</td>\r\n            <td class=&#34;cd-tb-title&#34;>账户名称<br />\r\n            Account Name</td>\r\n            <td class=&#34;cd-tb-title&#34;>币种<br />\r\n            Currency</td>\r\n            <td class=&#34;cd-tb-title&#34;>账户号码<br />\r\n            A/C Number</td>\r\n            <td class=&#34;cd-tb-title&#34;>国际银行代码<br />\r\n            Swift Code</td>\r\n            <td class=&#34;cd-tb-title&#34;>银行地址<br />\r\n            Bank Address</td>\r\n        </tr>\r\n    </thead>\r\n    <tbody>\r\n        <tr>\r\n            <td class=&#34;cd-tb-content&#34;>中国工商银行（亚洲）<br />\r\n            Industrial and Commercial<br />\r\n            Bank of China (Asia) Limited</td>\r\n            <td class=&#34;cd-tb-content&#34; style=&#34;width: 165px;&#34;>HUATAI (HONG KONG)<br />\r\n            FUTURES LIMITED-<br />\r\n            CLIENT ACCOUNT</td>\r\n            <td class=&#34;cd-tb-content&#34;>人民币CNY</td>\r\n            <td class=&#34;cd-tb-content&#34; style=&#34;width: 155px;&#34;>861-530-14974-8</td>\r\n            <td class=&#34;cd-tb-content&#34;>UBHKHKHH</td>\r\n            <td class=&#34;cd-tb-content&#34;>香港中环花园道3号中国工商银行大厦33楼<br />\r\n            33/F, ICBC Tower, 3 Garden Road<br />\r\n            Central, Hong Kong</td>\r\n        </tr>\r\n    </tbody>\r\n</table>', ''),
(3, 1, '客户存款资料（外盘）', '<p>客户电汇/转账存款至华泰香港的收款银行账户后，需要通过其登记电邮将银行转账收据发送至指定邮箱 cs@htfc.com.hk 以便确认。客户所提供的银行转账收据必须清楚显示客户于本司登记的银行帐户号码、转账金额及币种。</p>', '', '', '', '<table class=&#34;client-deposit&#34; style=&#34;width: 1000px;&#34;>\r\n    <thead>\r\n        <tr>\r\n            <td class=&#34;cd-tb-title&#34;>银行名称<br />\r\n            Bank Name</td>\r\n            <td class=&#34;cd-tb-title&#34;>账户名称<br />\r\n            Account Name</td>\r\n            <td class=&#34;cd-tb-title&#34;>币种<br />\r\n            Currency</td>\r\n            <td class=&#34;cd-tb-title&#34;>账户号码<br />\r\n            A/C Number</td>\r\n            <td class=&#34;cd-tb-title&#34;>国际银行代码<br />\r\n            Swift Code</td>\r\n            <td class=&#34;cd-tb-title&#34;>银行地址<br />\r\n            Bank Address</td>\r\n        </tr>\r\n    </thead>\r\n    <tbody>\r\n        <tr>\r\n            <td class=&#34;cd-tb-content&#34; rowspan=&#34;3&#34;>中国银行（香港）<br />\r\n            Bank of China (Hong Kong) Limited</td>\r\n            <td class=&#34;cd-tb-content&#34; rowspan=&#34;3&#34;>HUATAI (HONG KONG)<br />\r\n            FUTURES LIMITED-HKFE<br />\r\n            CLIENTS ACCOUNT</td>\r\n            <td class=&#34;cd-tb-content&#34;>港币HKD</td>\r\n            <td class=&#34;cd-tb-content&#34;>012-875-0-057070-5</td>\r\n            <td class=&#34;cd-tb-content&#34; rowspan=&#34;3&#34;>BKCHHKHHXXX</td>\r\n            <td class=&#34;cd-tb-content&#34; rowspan=&#34;3&#34;>香港花园道1号中银大厦<br />\r\n            Bank of China Tower, 1 Garden Road,<br />\r\n            Hong Kong</td>\r\n        </tr>\r\n        <tr>\r\n            <td class=&#34;cd-tb-content&#34;>人民币CNH</td>\r\n            <td class=&#34;cd-tb-content&#34;>012-875-0-606124-7</td>\r\n        </tr>\r\n        <tr>\r\n            <td class=&#34;cd-tb-content&#34;>美元USD</td>\r\n            <td class=&#34;cd-tb-content&#34;>012-875-9-279041-6</td>\r\n        </tr>\r\n    </tbody>\r\n</table>\r\n<p>&nbsp;</p>', '', '<table class=&#34;client-deposit&#34; style=&#34;width: 1000px;&#34;>\r\n    <thead>\r\n        <tr>\r\n            <td class=&#34;cd-tb-title&#34;>银行名称<br />\r\n            Bank Name</td>\r\n            <td class=&#34;cd-tb-title&#34;>账户名称<br />\r\n            Account Name</td>\r\n            <td class=&#34;cd-tb-title&#34;>币种<br />\r\n            Currency</td>\r\n            <td class=&#34;cd-tb-title&#34;>账户号码<br />\r\n            A/C Number</td>\r\n            <td class=&#34;cd-tb-title&#34;>国际银行代码<br />\r\n            Swift Code</td>\r\n            <td class=&#34;cd-tb-title&#34;>银行地址<br />\r\n            Bank Address</td>\r\n        </tr>\r\n    </thead>\r\n    <tbody>\r\n        <tr>\r\n            <td class=&#34;cd-tb-content&#34; rowspan=&#34;3&#34;>中国银行（香港）<br />\r\n            Bank of China (Hong Kong) Limited</td>\r\n            <td class=&#34;cd-tb-content&#34; rowspan=&#34;3&#34;>HUATAI (HONG KONG)<br />\r\n            FUTURES LIMITED-NON-HKFE<br />\r\n            CLIENTS ACCOUNT</td>\r\n            <td class=&#34;cd-tb-content&#34;>港币HKD</td>\r\n            <td class=&#34;cd-tb-content&#34;>012-875-1-249889-9</td>\r\n            <td class=&#34;cd-tb-content&#34; rowspan=&#34;3&#34;>BKCHHKHHXXX</td>\r\n            <td class=&#34;cd-tb-content&#34; rowspan=&#34;3&#34;>香港花园道1号中银大厦<br />\r\n            Bank of China Tower, 1 Garden Road,<br />\r\n            Hong Kong</td>\r\n        </tr>\r\n        <tr>\r\n            <td class=&#34;cd-tb-content&#34;>人民币CNH</td>\r\n            <td class=&#34;cd-tb-content&#34;>012-875-9-279045-8</td>\r\n        </tr>\r\n        <tr>\r\n            <td class=&#34;cd-tb-content&#34;>美元USD</td>\r\n            <td class=&#34;cd-tb-content&#34;>012-875-0-806420-0</td>\r\n        </tr>\r\n    </tbody>\r\n</table>\r\n<p>&nbsp;</p>', '<table class=&#34;client-deposit&#34; style=&#34;width: 1006px;&#34;>\r\n    <thead>\r\n        <tr>\r\n            <td class=&#34;cd-tb-title&#34;>银行名称<br />\r\n            Bank Name</td>\r\n            <td class=&#34;cd-tb-title&#34;>账户名称<br />\r\n            Account Name</td>\r\n            <td class=&#34;cd-tb-title&#34;>币种<br />\r\n            Currency</td>\r\n            <td class=&#34;cd-tb-title&#34;>账户号码<br />\r\n            A/C Number</td>\r\n            <td class=&#34;cd-tb-title&#34;>国际银行代码<br />\r\n            Swift Code</td>\r\n            <td class=&#34;cd-tb-title&#34;>银行地址<br />\r\n            Bank Address</td>\r\n        </tr>\r\n    </thead>\r\n    <tbody>\r\n        <tr>\r\n            <td class=&#34;cd-tb-content&#34; rowspan=&#34;3&#34;>中国工商银行（亚洲）<br />\r\n            Industrial and Commercial<br />\r\n            Bank of China (Asia) Limited</td>\r\n            <td class=&#34;cd-tb-content&#34; rowspan=&#34;3&#34;>HUATAI (HONG KONG)<br />\r\n            FUTURES LIMITED-<br />\r\n            CLIENT ACCOUNT</td>\r\n            <td class=&#34;cd-tb-content&#34;>港币HKD</td>\r\n            <td class=&#34;cd-tb-content&#34;>861-520-12070-6</td>\r\n            <td class=&#34;cd-tb-content&#34; rowspan=&#34;3&#34;>UBHKHKHHXXX</td>\r\n            <td class=&#34;cd-tb-content&#34; rowspan=&#34;3&#34;>香港中环花园道3号中国工商银行大厦33楼<br />\r\n            33/F, ICBC Tower, 3 Garden Road,<br />\r\n            Central, Hong Kong</td>\r\n        </tr>\r\n        <tr>\r\n            <td class=&#34;cd-tb-content&#34;>人民币及美元<br />\r\n            CNH &amp; USD</td>\r\n            <td class=&#34;cd-tb-content&#34;>861-530-14974-8</td>\r\n        </tr>\r\n    </tbody>\r\n</table>\r\n<p>&nbsp;</p>'),
(2, 2, '客户存款资料（内盘）', '<p>客户电汇/转账存款至华泰香港的收款银行账户后，需要通过其登记电邮将银行转账收据发送至指定邮箱 cs@htfc.com.hk以便确认。 客户所提供的银行转账收据必须清楚显示客户于本司登记的银行帐户号码、转账金额及币种。<br />\r\n入金截数时间为中午12时正，在截数时间前之入金将在下一个工作时间（T + 1）內处理。如客户入金时间超过截数时间，入金將延期在下个工作天內(T+2) 內处理。 ( 实际到账时间基于银行的处理时间 )</p>', '', '', '', '<table class=&#34;client-deposit&#34; style=&#34;width: 1000px;&#34;>\r\n    <thead>\r\n        <tr>\r\n            <td class=&#34;cd-tb-title&#34;>银行名称<br />\r\n            Bank Name</td>\r\n            <td class=&#34;cd-tb-title&#34;>账户名称<br />\r\n            Account Name</td>\r\n            <td class=&#34;cd-tb-title&#34;>币种<br />\r\n            Currency</td>\r\n            <td class=&#34;cd-tb-title&#34;>账户号码<br />\r\n            A/C Number</td>\r\n            <td class=&#34;cd-tb-title&#34;>国际银行代码<br />\r\n            Swift Code</td>\r\n            <td class=&#34;cd-tb-title&#34;>银行地址<br />\r\n            Bank Address</td>\r\n        </tr>\r\n    </thead>\r\n    <tbody>\r\n        <tr>\r\n            <td class=&#34;cd-tb-content&#34;>中国银行（香港）<br />\r\n            Bank of China (Hong Kong) Limited</td>\r\n            <td class=&#34;cd-tb-content&#34;>HUATAI (HONG KONG)<br />\r\n            FUTURES LIMITED<br />\r\n            -NON-HKFE CLIENTS ACCOUNT</td>\r\n            <td class=&#34;cd-tb-content&#34;>人民币CNY</td>\r\n            <td class=&#34;cd-tb-content&#34;>012-875-9-279045-8</td>\r\n            <td class=&#34;cd-tb-content&#34;>BKCHHKHH</td>\r\n            <td class=&#34;cd-tb-content&#34;>香港花园道1号中银大厦<br />\r\n            Bank of China Tower, 1 Garden Road,<br />\r\n            Hong Kong</td>\r\n        </tr>\r\n    </tbody>\r\n</table>', '', '<table class=&#34;client-deposit&#34; style=&#34;width: 1000px;&#34;>\r\n    <thead>\r\n        <tr>\r\n            <td class=&#34;cd-tb-title&#34;>银行名称<br />\r\n            Bank Name</td>\r\n            <td class=&#34;cd-tb-title&#34;>账户名称<br />\r\n            Account Name</td>\r\n            <td class=&#34;cd-tb-title&#34;>币种<br />\r\n            Currency</td>\r\n            <td class=&#34;cd-tb-title&#34;>账户号码<br />\r\n            A/C Number</td>\r\n            <td class=&#34;cd-tb-title&#34;>国际银行代码<br />\r\n            Swift Code</td>\r\n            <td class=&#34;cd-tb-title&#34;>银行地址<br />\r\n            Bank Address</td>\r\n        </tr>\r\n    </thead>\r\n    <tbody>\r\n        <tr>\r\n            <td class=&#34;cd-tb-content&#34;>中国工商银行（亚洲）<br />\r\n            Industrial and Commercial<br />\r\n            Bank of China (Asia) Limited</td>\r\n            <td class=&#34;cd-tb-content&#34; style=&#34;width: 165px;&#34;>HUATAI (HONG KONG)<br />\r\n            FUTURES LIMITED-<br />\r\n            CLIENT ACCOUNT</td>\r\n            <td class=&#34;cd-tb-content&#34;>人民币CNY</td>\r\n            <td class=&#34;cd-tb-content&#34; style=&#34;width: 155px;&#34;>861-530-14974-8</td>\r\n            <td class=&#34;cd-tb-content&#34;>UBHKHKHH</td>\r\n            <td class=&#34;cd-tb-content&#34;>香港中环花园道3号中国工商银行大厦33楼<br />\r\n            33/F, ICBC Tower, 3 Garden Road<br />\r\n            Central, Hong Kong</td>\r\n        </tr>\r\n    </tbody>\r\n</table>', '');

-- --------------------------------------------------------

--
-- 資料表結構 `tb_huatai_deposit_photo`
--

CREATE TABLE IF NOT EXISTS `tb_huatai_deposit_photo` (
  `id` bigint(20) unsigned NOT NULL,
  `deposit_id` bigint(20) NOT NULL DEFAULT '0',
  `sort_order` bigint(11) NOT NULL DEFAULT '0',
  `img` text CHARACTER SET utf8 COLLATE utf8_unicode_ci NOT NULL,
  `caption` text CHARACTER SET utf8 COLLATE utf8_unicode_ci NOT NULL,
  `language_id` int(11) NOT NULL DEFAULT '0',
  `disabled` tinyint(1) NOT NULL DEFAULT '0',
  `create_date` timestamp NOT NULL DEFAULT '0000-00-00 00:00:00',
  `last_update_date` timestamp NOT NULL DEFAULT CURRENT_TIMESTAMP ON UPDATE CURRENT_TIMESTAMP,
  `create_by` bigint(20) NOT NULL DEFAULT '0',
  `last_update_by` bigint(20) NOT NULL DEFAULT '0',
  `img2` text,
  `thumb` text NOT NULL,
  `title_sc` text NOT NULL,
  `title_tc` text NOT NULL,
  `title_en` text NOT NULL,
  `detail_tc` text NOT NULL,
  `detail_sc` text NOT NULL,
  `detail_en` text NOT NULL
) ENGINE=MyISAM DEFAULT CHARSET=utf8;

-- --------------------------------------------------------

--
-- 資料表結構 `tb_huatai_deposit_photo02`
--

CREATE TABLE IF NOT EXISTS `tb_huatai_deposit_photo02` (
  `id` bigint(20) unsigned NOT NULL,
  `deposit_id` bigint(20) NOT NULL DEFAULT '0',
  `sort_order` bigint(11) NOT NULL DEFAULT '0',
  `img` text CHARACTER SET utf8 COLLATE utf8_unicode_ci NOT NULL,
  `caption` text CHARACTER SET utf8 COLLATE utf8_unicode_ci NOT NULL,
  `language_id` int(11) NOT NULL DEFAULT '0',
  `disabled` tinyint(1) NOT NULL DEFAULT '0',
  `create_date` timestamp NOT NULL DEFAULT '0000-00-00 00:00:00',
  `last_update_date` timestamp NOT NULL DEFAULT CURRENT_TIMESTAMP ON UPDATE CURRENT_TIMESTAMP,
  `create_by` bigint(20) NOT NULL DEFAULT '0',
  `last_update_by` bigint(20) NOT NULL DEFAULT '0',
  `img2` text,
  `thumb` text NOT NULL,
  `title_sc` text NOT NULL,
  `title_tc` text NOT NULL,
  `title_en` text NOT NULL,
  `detail_tc` text NOT NULL,
  `detail_sc` text NOT NULL,
  `detail_en` text NOT NULL
) ENGINE=MyISAM DEFAULT CHARSET=utf8;

-- --------------------------------------------------------

--
-- 資料表結構 `tb_huatai_download`
--

CREATE TABLE IF NOT EXISTS `tb_huatai_download` (
  `id` bigint(20) unsigned NOT NULL,
  `sort_order` int(11) NOT NULL DEFAULT '0',
  `code` text CHARACTER SET utf8 COLLATE utf8_unicode_ci NOT NULL,
  `remark` text CHARACTER SET utf8 COLLATE utf8_unicode_ci NOT NULL,
  `disabled` tinyint(1) NOT NULL DEFAULT '0',
  `create_date` timestamp NOT NULL DEFAULT '0000-00-00 00:00:00',
  `last_update_date` timestamp NOT NULL DEFAULT CURRENT_TIMESTAMP ON UPDATE CURRENT_TIMESTAMP,
  `create_by` bigint(20) NOT NULL DEFAULT '0',
  `last_update_by` bigint(20) NOT NULL DEFAULT '0',
  `url_target` text NOT NULL,
  `seo_url` text NOT NULL,
  `seo_keyword` text NOT NULL,
  `start_date` date DEFAULT '0000-00-00',
  `end_date` date DEFAULT '0000-00-00',
  `display_date` date DEFAULT '0000-00-00',
  `youtube_id` text NOT NULL,
  `other_link` text NOT NULL,
  `download_category_id` text NOT NULL
) ENGINE=MyISAM AUTO_INCREMENT=2 DEFAULT CHARSET=utf8;

--
-- 資料表的匯出資料 `tb_huatai_download`
--

INSERT INTO `tb_huatai_download` (`id`, `sort_order`, `code`, `remark`, `disabled`, `create_date`, `last_update_date`, `create_by`, `last_update_by`, `url_target`, `seo_url`, `seo_keyword`, `start_date`, `end_date`, `display_date`, `youtube_id`, `other_link`, `download_category_id`) VALUES
(1, 1, '', '', 0, '2020-12-20 06:54:46', '2020-12-30 01:08:47', 2, 2, '', '常用表单下载', '', '0000-00-00', '0000-00-00', '2020-12-29', '', '', '');

-- --------------------------------------------------------

--
-- 資料表結構 `tb_huatai_download_desc`
--

CREATE TABLE IF NOT EXISTS `tb_huatai_download_desc` (
  `language_id` int(11) NOT NULL DEFAULT '0',
  `download_id` int(11) NOT NULL DEFAULT '0',
  `name` text CHARACTER SET utf8 COLLATE utf8_unicode_ci NOT NULL,
  `detail` text CHARACTER SET utf8 COLLATE utf8_unicode_ci NOT NULL,
  `url` text NOT NULL,
  `seo_desc` text NOT NULL,
  `seo_title` text NOT NULL,
  `detail2` text NOT NULL,
  `seo_h1` text NOT NULL
) ENGINE=MyISAM DEFAULT CHARSET=utf8;

--
-- 資料表的匯出資料 `tb_huatai_download_desc`
--

INSERT INTO `tb_huatai_download_desc` (`language_id`, `download_id`, `name`, `detail`, `url`, `seo_desc`, `seo_title`, `detail2`, `seo_h1`) VALUES
(1, 1, 'Frequently Used Forms', '', '', '', '', '', ''),
(3, 1, '常用表单下载', '', '', '', '', '', '');

-- --------------------------------------------------------

--
-- 資料表結構 `tb_huatai_download_photo`
--

CREATE TABLE IF NOT EXISTS `tb_huatai_download_photo` (
  `id` bigint(20) unsigned NOT NULL,
  `download_id` bigint(20) NOT NULL DEFAULT '0',
  `sort_order` bigint(11) NOT NULL DEFAULT '0',
  `img` text CHARACTER SET utf8 COLLATE utf8_unicode_ci NOT NULL,
  `caption` text CHARACTER SET utf8 COLLATE utf8_unicode_ci NOT NULL,
  `language_id` int(11) NOT NULL DEFAULT '0',
  `disabled` tinyint(1) NOT NULL DEFAULT '0',
  `create_date` timestamp NOT NULL DEFAULT '0000-00-00 00:00:00',
  `last_update_date` timestamp NOT NULL DEFAULT CURRENT_TIMESTAMP ON UPDATE CURRENT_TIMESTAMP,
  `create_by` bigint(20) NOT NULL DEFAULT '0',
  `last_update_by` bigint(20) NOT NULL DEFAULT '0',
  `img2` text,
  `thumb` text NOT NULL,
  `title_sc` text NOT NULL,
  `title_tc` text NOT NULL,
  `title_en` text NOT NULL,
  `detail_tc` text NOT NULL,
  `detail_sc` text NOT NULL,
  `detail_en` text NOT NULL
) ENGINE=MyISAM AUTO_INCREMENT=171 DEFAULT CHARSET=utf8;

--
-- 資料表的匯出資料 `tb_huatai_download_photo`
--

INSERT INTO `tb_huatai_download_photo` (`id`, `download_id`, `sort_order`, `img`, `caption`, `language_id`, `disabled`, `create_date`, `last_update_date`, `create_by`, `last_update_by`, `img2`, `thumb`, `title_sc`, `title_tc`, `title_en`, `detail_tc`, `detail_sc`, `detail_en`) VALUES
(168, 1, 14, 'upload/images/download/20220819102457_156.png', '', 3, 0, '2022-08-19 02:28:32', '2022-08-19 02:28:32', 2, 2, 'upload/files/download/20220819102457_156.pdf', '', '撤销授权书（公司或机构专业投资者账户）', '', 'Revocation of Authorization Form (Corporate Account or Professional Investor (Institutional) Account)', '', '', ''),
(162, 1, 8, 'upload/images/download/20220816103044_114.png', '', 3, 0, '2022-08-19 02:28:32', '2022-08-19 02:28:32', 2, 2, 'upload/files/download/20220816103044_114.pdf', '', '更改公司或机构资料', '', 'Change of Corporate or Institution Information', '', '', ''),
(163, 1, 9, 'upload/images/download/20220816103044_115.png', '', 3, 0, '2022-08-19 02:28:32', '2022-08-19 02:28:32', 2, 2, 'upload/files/download/20220816103044_115.pdf', '', '更改董事、股东或实益拥有人', '', 'Change of Director(s), Shareholder(s) or Beneficial Owner(s)', '', '', ''),
(164, 1, 10, 'upload/images/download/20220816103044_116.png', '', 3, 0, '2022-08-19 02:28:32', '2022-08-19 02:28:32', 2, 2, 'upload/files/download/20220816103044_116.pdf', '', '更改财政状况/投资目标及经验', '', 'Change of Financial Status/Investment Objective & Experience', '', '', ''),
(165, 1, 11, 'upload/images/download/20220819101217_125.png', '', 3, 0, '2022-08-19 02:28:32', '2022-08-19 02:28:32', 2, 2, 'upload/files/download/20220819101217_125.pdf', '', '委托授权书（适用于个人）', '', 'Authorization Form (Individual Account)', '', '', ''),
(166, 1, 12, 'upload/images/download/20220819101944_144.png', '', 3, 0, '2022-08-19 02:28:32', '2022-08-19 02:28:32', 2, 2, 'upload/files/download/20220819101944_144.pdf', '', '撤销授权书（个人账户）', '', 'Revocation of Authorization Form (Individual Account)', '', '', ''),
(167, 1, 13, 'upload/images/download/20220819102457_155.png', '', 3, 0, '2022-08-19 02:28:32', '2022-08-19 02:28:32', 2, 2, 'upload/files/download/20220819102457_155.pdf', '', '委托授权书（公司或机构专业投资者账户）', '', 'Authorization Form (Corporate Account or Professional Investor (Institutional) Account)', '', '', ''),
(160, 1, 6, 'upload/images/download/20210225172407_48.png', '', 3, 0, '2022-08-19 02:28:32', '2022-08-19 02:28:32', 2, 2, 'upload/files/download/20220815153150_103.pdf', '', 'API 电子交易风险预告书暨使用同意书', 'API 电子交易风险预告书暨使用同意书', 'API E- Trading Application Form and Risk Disclosure', '', '', ''),
(161, 1, 7, 'upload/images/download/20220816103044_113.png', '', 3, 0, '2022-08-19 02:28:32', '2022-08-19 02:28:32', 2, 2, 'upload/files/download/20220816103044_113.pdf', '', '更改个人资料', '', 'Change of Personal Information', '', '', ''),
(159, 1, 5, 'upload/images/download/20201229160854_1.png', '', 3, 0, '2022-08-19 02:28:32', '2022-08-19 02:28:32', 2, 2, 'upload/files/download/20210209184826_37.pdf', '', '保证金标准调整申请表', '保证金标准调整申请表', 'Margin Adjustment Application Form', '', '', ''),
(157, 1, 1, 'upload/images/download/20201229160617_1.png', '', 3, 0, '2022-08-19 02:28:32', '2022-08-19 02:28:32', 2, 2, 'upload/files/download/20210119160955_28.pdf', '', '入金表', '入金表', 'Fund Deposit Request Form', '', '', ''),
(158, 1, 2, 'upload/images/download/20201229160816_1.png', '', 3, 0, '2022-08-19 02:28:32', '2022-08-19 02:28:32', 2, 2, 'upload/files/download/20210119160955_29.pdf', '', '出金表', '出金表', 'Fund Withdrawal Request Form', '', '', ''),
(169, 1, 15, 'upload/images/download/20220819102832_169.png', '', 3, 0, '2022-08-19 02:28:32', '2022-08-19 02:28:32', 2, 2, 'upload/files/download/20220819102832_169.pdf', '', '董事会决议摘要-公司开户', '', 'Extract of Board Resolution', '', '', ''),
(170, 1, 16, 'upload/images/download/20220819102832_170.png', '', 3, 0, '2022-08-19 02:28:32', '2022-08-19 02:28:32', 2, 2, 'upload/files/download/20220819102832_170.pdf', '', '董事会决议摘要-撤销授权', '', 'Extract of Board Resolution', '', '', '');

-- --------------------------------------------------------

--
-- 資料表結構 `tb_huatai_download_software`
--

CREATE TABLE IF NOT EXISTS `tb_huatai_download_software` (
  `id` bigint(20) unsigned NOT NULL,
  `sort_order` int(11) NOT NULL DEFAULT '0',
  `code` text CHARACTER SET utf8 COLLATE utf8_unicode_ci NOT NULL,
  `remark` text CHARACTER SET utf8 COLLATE utf8_unicode_ci NOT NULL,
  `disabled` tinyint(1) NOT NULL DEFAULT '0',
  `create_date` timestamp NOT NULL DEFAULT '0000-00-00 00:00:00',
  `last_update_date` timestamp NOT NULL DEFAULT CURRENT_TIMESTAMP ON UPDATE CURRENT_TIMESTAMP,
  `create_by` bigint(20) NOT NULL DEFAULT '0',
  `last_update_by` bigint(20) NOT NULL DEFAULT '0',
  `url_target` text NOT NULL,
  `seo_url` text NOT NULL,
  `seo_keyword` text NOT NULL,
  `start_date` date DEFAULT '0000-00-00',
  `end_date` date DEFAULT '0000-00-00',
  `display_date` date DEFAULT '0000-00-00',
  `youtube_id` text NOT NULL,
  `other_link` text NOT NULL,
  `download_software_category_id` text NOT NULL
) ENGINE=MyISAM AUTO_INCREMENT=5 DEFAULT CHARSET=utf8;

--
-- 資料表的匯出資料 `tb_huatai_download_software`
--

INSERT INTO `tb_huatai_download_software` (`id`, `sort_order`, `code`, `remark`, `disabled`, `create_date`, `last_update_date`, `create_by`, `last_update_by`, `url_target`, `seo_url`, `seo_keyword`, `start_date`, `end_date`, `display_date`, `youtube_id`, `other_link`, `download_software_category_id`) VALUES
(1, 1, '', '', 0, '2020-12-20 08:13:19', '2022-08-15 02:37:26', 2, 2, '', 'a', '', '0000-00-00', '0000-00-00', '2020-12-29', '', '', '1'),
(2, 2, '', '', 0, '2020-12-20 08:13:19', '2022-08-15 02:37:26', 2, 2, '', '易盛交易系', '', '0000-00-00', '0000-00-00', '2020-12-29', '', '', '1'),
(3, 1, '', '', 0, '2020-12-20 08:13:19', '2022-08-15 02:37:35', 2, 2, '', 'atp交易系', '', '0000-00-00', '0000-00-00', '2020-12-29', '', '', '2'),
(4, 1, '', '', 1, '2020-12-20 08:13:19', '2022-06-23 06:23:33', 2, 2, '', 'tt交易系统', '', '0000-00-00', '0000-00-00', '2020-12-29', '', '', '3');

-- --------------------------------------------------------

--
-- 資料表結構 `tb_huatai_download_software_desc`
--

CREATE TABLE IF NOT EXISTS `tb_huatai_download_software_desc` (
  `language_id` int(11) NOT NULL DEFAULT '0',
  `download_software_id` int(11) NOT NULL DEFAULT '0',
  `name` text CHARACTER SET utf8 COLLATE utf8_unicode_ci NOT NULL,
  `detail` text CHARACTER SET utf8 COLLATE utf8_unicode_ci NOT NULL,
  `url` text NOT NULL,
  `seo_desc` text NOT NULL,
  `seo_title` text NOT NULL,
  `detail2` text NOT NULL,
  `seo_h1` text NOT NULL
) ENGINE=MyISAM DEFAULT CHARSET=utf8;

--
-- 資料表的匯出資料 `tb_huatai_download_software_desc`
--

INSERT INTO `tb_huatai_download_software_desc` (`language_id`, `download_software_id`, `name`, `detail`, `url`, `seo_desc`, `seo_title`, `detail2`, `seo_h1`) VALUES
(3, 1, '易盛交易系统-易盛手机交易平台', '<p>华泰香港易盛&rdquo;手机交易平台支持Apple及Android系统，提供实时行情报价，助您轻松连接全球期货及期权市场，成为您身边的内外盘交易及套利专家。</p>\r\n<p>特色：</p>\r\n<ul>\r\n    <li>轻松对接全球期货市场，交易品种广泛，实现便利的全球期货产品交易</li>\r\n    <li>实时显示账户资金、权益、成交、持仓信息，与桌面版同步，收益风险尽在掌控</li>\r\n    <li>显示实时、多档报价，显示K线图，可自定义合约组合及报价档位</li>\r\n</ul>', '', '', '', '', ''),
(1, 1, 'Esunny- Mobile Trading Platform', '<p>Huatai Hong Kong Esunny mobile phone trading platform supports Apple and Android systems, provides real-time market quotations, helps you easily connect to the global futures and options market, and assists you in internal and external trading and arbitrage.</p>\r\n<p>Features:</p>\r\n<ul>\r\n    <li>Easily connect to the global futures market, with a wide range of products, to conduct convenient global futures product trading.</li>\r\n    <li>Real-time display of funds, equity, transactions, and position information. Synchronized with the desktop version, the system provides great risk control.&nbsp;</li>\r\n    <li>Display real-time, and multiple quotations. Display K-line graphs, and customize contract combinations and levels of quotations.</li>\r\n</ul>', '', '', '', '', ''),
(1, 2, 'Esunny- Online Software Trading Platform', '<p class=&#34;p1&#34; style=&#34;margin: 0px; text-align: justify; font-variant-numeric: normal; font-variant-east-asian: normal; font-stretch: normal; font-size: 14px; line-height: normal; font-family: &#34; times=&#34; new=&#34;>Huatai Hong Kong Esunny online software trading system provides clients with a comprehensive trading platform integrating trading, market quotation, and programmatic support.<span class=&#34;Apple-converted-space&#34;>&nbsp;</span></p>\r\n<p class=&#34;p2&#34; style=&#34;margin: 0px; text-align: justify; font-variant-numeric: normal; font-variant-east-asian: normal; font-stretch: normal; font-size: 14px; line-height: normal; font-family: &#34; times=&#34; new=&#34; min-height:=&#34;&gt;&nbsp;&lt;/p&gt;&#10;&lt;p class=&#34;>Features:</p>\r\n<ul class=&#34;ul1&#34;>\r\n    <li class=&#34;li1&#34; style=&#34;margin: 0px; text-align: justify; font-variant-numeric: normal; font-variant-east-asian: normal; font-stretch: normal; font-size: 14px; line-height: normal; font-family: &#34; times=&#34; new=&#34;>Comprehensive coverage of all major exchanges in global futures trading.</li>\r\n    <li class=&#34;li1&#34; style=&#34;margin: 0px; text-align: justify; font-variant-numeric: normal; font-variant-east-asian: normal; font-stretch: normal; font-size: 14px; line-height: normal; font-family: &#34; times=&#34; new=&#34;>Provides real-time market quotation</li>\r\n    <li class=&#34;li1&#34; style=&#34;margin: 0px; text-align: justify; font-variant-numeric: normal; font-variant-east-asian: normal; font-stretch: normal; font-size: 14px; line-height: normal; font-family: &#34; times=&#34; new=&#34;>Supports programmatic trading</li>\r\n    <li class=&#34;li1&#34; style=&#34;margin: 0px; text-align: justify; font-variant-numeric: normal; font-variant-east-asian: normal; font-stretch: normal; font-size: 14px; line-height: normal; font-family: &#34; times=&#34; new=&#34;>Provides multiple quotation levels</li>\r\n    <li class=&#34;li1&#34; style=&#34;margin: 0px; text-align: justify; font-variant-numeric: normal; font-variant-east-asian: normal; font-stretch: normal; font-size: 14px; line-height: normal; font-family: &#34; times=&#34; new=&#34;>Supports market orders, limit orders, stop orders and other common order types</li>\r\n    <li class=&#34;li1&#34; style=&#34;margin: 0px; text-align: justify; font-variant-numeric: normal; font-variant-east-asian: normal; font-stretch: normal; font-size: 14px; line-height: normal; font-family: &#34; times=&#34; new=&#34;>Provides a mobile trading platform to help clients check and trade anytime and anywhere</li>\r\n</ul>', '', '', '', '', ''),
(1, 4, 'TT', '', '', '', '', '', ''),
(3, 4, 'TT交易系统', '', '', '', '', '', ''),
(3, 2, '易盛交易系统-易盛线上交易平台', '<p>华泰香港易盛为您提供交易、行情、程序化一体的综合性交易平台，其主要特点有：</p>\r\n<ul>\r\n    <li>全面覆盖外盘各主流交易所</li>\r\n    <li>提供实时行情查阅功能</li>\r\n    <li>支持程序化交易</li>\r\n    <li>提供多档口报价</li>\r\n    <li>支持市价单、限价单、止损单等各主要单种</li>\r\n    <li>提供手机交易平台，助您随时随地查阅及交易</li>\r\n</ul>', '', '', '', '', ''),
(3, 3, 'ATP交易系统', '<p>华泰香港期货ATP是一套可支持套利程序的交易软件，已于近日上线。ATP 交易系统附带手机交易平台，提供开放API 接口，助力程序化交易， 轻松连接全球期货及期权市场，成为您身边的内外盘套利专家。</p>\r\n<p>​特色：</p>\r\n<ul>\r\n    <li>​轻松对接全球期货及期权市场，实现便利的全球期货产品交易；</li>\r\n    <li>​实时显示账户资金、权益、成交、持仓信息，收益风险了如指掌；</li>\r\n    <li>设定风险参数，掌握下单及持仓风险，满足您的风险管理需求；</li>\r\n    <li>​实时、多档报价，显示K 线图，可自定义合约组合及报价档位；</li>\r\n    <li>支持多类单种，含有自动单功能，可设置止盈止损单、gainbest 单及策略单，通过设置相关参数，获取最大收益；</li>\r\n    <li>自定义设置多种合约组合、多种套利策略，轻松实现跨市场、跨品种、跨期套利。</li>\r\n</ul>\r\n<p>&nbsp;</p>\r\n<p>ATP交易客户端，每月20USD的使用收费。如需ATP API授权，请联络您的销售人员或电邮至sales@htfc.com.hk。 手机交易软件下载（解压密码为39161616）：</p>', '', '', '', '', ''),
(1, 3, 'ATP', '<p>Huatai Hong Kong ATP, a set of trading software that supports arbitrage procedures, has been launched recently. The ATP trading system comes with a mobile trading platform. The system provides open API interfaces, facilitates programmatic trading, easily connects to the global futures and options market, and become an arbitrage expert around you.</p>\r\n<p>​Features:</p>\r\n<ul>\r\n    <li>​Easily connects to the global futures and options market and achieve convenient global futures product trading.</li>\r\n    <li>Real-time displays of funds, equity, transaction, and position information assists clients in risk control.</li>\r\n    <li>Provides risk parameters, grasps the risk of placing orders and holding positions, and helps clients in risk management.</li>\r\n    <li>Display real-time and multi-level quotation, K-line chart, customizable contract portfolio and quotation levels.</li>\r\n    <li>Supports multiple types of orders, with automatic order placing function. Clients can set stop orders, gain- best orders and strategic orders, and maximize profit by setting relevant risk parameters.&nbsp;</li>\r\n    <li>​Customize multiple contract combinations and multiple arbitrage strategies to easily conduct cross-market, cross-products, and inter-period arbitrage.</li>\r\n</ul>\r\n<p>Clients who applied ATP trading platform will be charged USD20 per month as the usage fee. For ATP API authorization, please contact your account executive or email to sales@htfc.com.hk.&nbsp;</p>', '', '', '', '', '');

-- --------------------------------------------------------

--
-- 資料表結構 `tb_huatai_download_software_photo`
--

CREATE TABLE IF NOT EXISTS `tb_huatai_download_software_photo` (
  `id` bigint(20) unsigned NOT NULL,
  `download_software_id` bigint(20) NOT NULL DEFAULT '0',
  `sort_order` bigint(11) NOT NULL DEFAULT '0',
  `img` text CHARACTER SET utf8 COLLATE utf8_unicode_ci NOT NULL,
  `caption` text CHARACTER SET utf8 COLLATE utf8_unicode_ci NOT NULL,
  `language_id` int(11) NOT NULL DEFAULT '0',
  `disabled` tinyint(1) NOT NULL DEFAULT '0',
  `create_date` timestamp NOT NULL DEFAULT '0000-00-00 00:00:00',
  `last_update_date` timestamp NOT NULL DEFAULT CURRENT_TIMESTAMP ON UPDATE CURRENT_TIMESTAMP,
  `create_by` bigint(20) NOT NULL DEFAULT '0',
  `last_update_by` bigint(20) NOT NULL DEFAULT '0',
  `img2` text,
  `thumb` text NOT NULL,
  `title_sc` text NOT NULL,
  `title_tc` text NOT NULL,
  `title_en` text NOT NULL,
  `detail_tc` text NOT NULL,
  `detail_sc` text NOT NULL,
  `detail_en` text NOT NULL
) ENGINE=MyISAM AUTO_INCREMENT=253 DEFAULT CHARSET=utf8;

--
-- 資料表的匯出資料 `tb_huatai_download_software_photo`
--

INSERT INTO `tb_huatai_download_software_photo` (`id`, `download_software_id`, `sort_order`, `img`, `caption`, `language_id`, `disabled`, `create_date`, `last_update_date`, `create_by`, `last_update_by`, `img2`, `thumb`, `title_sc`, `title_tc`, `title_en`, `detail_tc`, `detail_sc`, `detail_en`) VALUES
(237, 1, 1, 'upload/images/download_software/20201229161601_1.png', '', 3, 1, '2022-08-24 07:58:51', '2022-08-24 07:58:51', 2, 2, 'upload/files/download_software/20210119164012_37.jpg', '', '华泰香港易盛手机交易软件', '华泰香港易盛手机交易软件', '', '', '', ''),
(238, 1, 2, 'upload/images/download_software/20201229161616_1.png', '', 3, 0, '2022-08-24 07:58:51', '2022-08-24 07:58:51', 2, 2, 'upload/files/download_software/20220824155851_238.pdf', '', '华泰香港易星手机交易快速指南', '华泰香港易盛手机交易软件使用说明下载', 'Click Here to Download User Quick Manual of Esunny- Mobile Trading Platform', '', '', ''),
(250, 2, 1, 'upload/images/download_software/20211222111831_198.png', '', 3, 0, '2022-11-07 09:10:47', '2022-11-07 09:10:47', 2, 2, 'upload/files/download_software/20221107170739_239.exe', '', '点击此处下载华泰香港易盛网上交易软件-国际版（请右键点击打开新分页下载）', '点击此处下载华泰香港易盛网上交易软件-国际版', 'Click Here to Download Esunny- Online Software Trading Platform (Please right click to open a new tab to download)', '', '', ''),
(252, 2, 3, 'upload/images/download_software/20220824160105_243.png', '', 3, 0, '2022-11-07 09:10:47', '2022-11-07 09:10:47', 2, 2, 'upload/files/download_software/20220824160105_243.pdf', '', '华泰香港易盛行情订阅快速指南 V1.0', '', 'Click Here to Download the Subscription Manual of the Real Time Market Data Services', '', '', ''),
(236, 3, 8, 'upload/images/download_software/20210225175638_90.png', '', 3, 0, '2022-08-24 07:56:44', '2022-08-24 07:56:44', 2, 2, 'upload/files/download_software/20210119165537_44.pdf', '', 'ATP交易系统使用申请表', 'ATP交易系统使用申请表', 'ATP Trading System Application Form', '', '', ''),
(251, 2, 2, 'upload/images/download_software/20201229162125_1.png', '', 3, 0, '2022-11-07 09:10:47', '2022-11-07 09:10:47', 2, 2, 'upload/files/download_software/20220824160105_242.pdf', '', '华泰香港极星9.3交易快速指南 V1.0', '华泰香港易盛网上交易软件使用说明下载', 'Click Here to Download User Manual of Esunny- Online Software Trading Platform', '', '', ''),
(235, 3, 7, 'upload/images/download_software/20210722134255_153.png', '', 3, 0, '2022-08-24 07:56:44', '2022-08-24 07:56:44', 2, 2, 'upload/files/download_software/20220824155644_235.pdf', '', '华泰香港ATP手机交易软件使用说明下载-Android版', '', 'Click Here to Download User Manual of Huatai Hong Kong ATP Mobile Trading System- Android', '', '', ''),
(232, 3, 3, 'upload/images/download_software/20201229162544_1.png', '', 3, 1, '2022-08-24 07:56:44', '2022-08-24 07:56:44', 2, 2, 'upload/files/download_software/20210119165536_41.zip', '', '华泰香港ATP模拟交易软件下载', '华泰香港ATP模拟交易软件下载', '华泰香港ATP模拟交易软件下载', '', '', ''),
(233, 3, 5, 'upload/images/download_software/20201229162545_1.png', '', 3, 1, '2022-08-24 07:56:44', '2022-08-24 07:56:44', 2, 2, 'upload/files/download_software/20220824155644_233.pdf', '', '华泰香港ATP手机交易软件下载-iOS', '华泰香港ATP手机交易软件下载', 'Click Here to Download Huatai Hong Kong ATP Mobile Trading System for iOS', '', '', ''),
(234, 3, 6, 'upload/images/download_software/20210225175638_89.png', '', 3, 0, '2022-08-24 07:56:44', '2022-08-24 07:56:44', 2, 2, 'upload/files/download_software/20220824155644_234.pdf', '', '华泰香港ATP手机交易软件使用说明下载-IOS版', '华泰香港ATP手机交易软件使用说明下载', 'Click Here to Download User Manual of Huatai Hong Kong ATP Mobile Trading System- IOS', '', '', ''),
(230, 3, 1, 'upload/images/download_software/20211105133714_123.png', '', 3, 0, '2022-08-24 07:56:44', '2022-08-24 07:56:44', 2, 2, 'upload/files/download_software/20211203183739_191.pdf', '', '华泰香港ATP交易软件下载', '华泰香港ATP交易软件下载', 'Click Here to Download Huatai Hong Kong ATP Online Software Trading System', '', '', ''),
(231, 3, 2, 'upload/images/download_software/20210225175638_86.png', '', 3, 0, '2022-08-24 07:56:44', '2022-08-24 07:56:44', 2, 2, 'upload/files/download_software/20220824155644_231.pdf', '', '华泰香港ATP交易软件使用说明下载', '华泰香港ATP交易软件使用说明下载', 'Click Here to Download User Manual of Huatai Hong Kong ATP', '', '', '');

-- --------------------------------------------------------

--
-- 資料表結構 `tb_huatai_download_software_photo02`
--

CREATE TABLE IF NOT EXISTS `tb_huatai_download_software_photo02` (
  `id` bigint(20) unsigned NOT NULL,
  `download_software_id` bigint(20) NOT NULL DEFAULT '0',
  `sort_order` bigint(11) NOT NULL DEFAULT '0',
  `img` text CHARACTER SET utf8 COLLATE utf8_unicode_ci NOT NULL,
  `caption` text CHARACTER SET utf8 COLLATE utf8_unicode_ci NOT NULL,
  `language_id` int(11) NOT NULL DEFAULT '0',
  `disabled` tinyint(1) NOT NULL DEFAULT '0',
  `create_date` timestamp NOT NULL DEFAULT '0000-00-00 00:00:00',
  `last_update_date` timestamp NOT NULL DEFAULT CURRENT_TIMESTAMP ON UPDATE CURRENT_TIMESTAMP,
  `create_by` bigint(20) NOT NULL DEFAULT '0',
  `last_update_by` bigint(20) NOT NULL DEFAULT '0',
  `img2` text,
  `thumb` text NOT NULL,
  `title_sc` text NOT NULL,
  `title_tc` text NOT NULL,
  `title_en` text NOT NULL,
  `detail_tc` text NOT NULL,
  `detail_sc` text NOT NULL,
  `detail_en` text NOT NULL
) ENGINE=MyISAM AUTO_INCREMENT=71 DEFAULT CHARSET=utf8;

--
-- 資料表的匯出資料 `tb_huatai_download_software_photo02`
--

INSERT INTO `tb_huatai_download_software_photo02` (`id`, `download_software_id`, `sort_order`, `img`, `caption`, `language_id`, `disabled`, `create_date`, `last_update_date`, `create_by`, `last_update_by`, `img2`, `thumb`, `title_sc`, `title_tc`, `title_en`, `detail_tc`, `detail_sc`, `detail_en`) VALUES
(70, 1, 1, 'upload/images/download_software/20211231181919_61_photo.jpg', '', 3, 0, '2022-08-24 07:58:51', '2022-08-24 07:58:51', 2, 2, '', '', '请扫描以下二维码进行下载（IOS及Android系统通用）', '请扫描以下二维码进行下载（IOS及Android系统通用）', 'Scan the QR Code to Download (Applicable to IOS and Android Systems)', '', '', ''),
(69, 3, 2, 'upload/images/download_software/20220302093435_63_photo.png', '', 3, 0, '2022-08-24 07:56:44', '2022-08-24 07:56:44', 2, 2, '', '', 'Android', 'Android', 'Android', '', '', ''),
(68, 3, 1, 'upload/images/download_software/20220302093434_62_photo.png', '', 3, 0, '2022-08-24 07:56:44', '2022-08-24 07:56:44', 2, 2, '', '', 'IOS', 'IOS', 'IOS', '', '', '');

-- --------------------------------------------------------

--
-- 資料表結構 `tb_huatai_enquiry_contact`
--

CREATE TABLE IF NOT EXISTS `tb_huatai_enquiry_contact` (
  `email` text CHARACTER SET utf8 COLLATE utf8_unicode_ci NOT NULL,
  `name` text CHARACTER SET utf8 COLLATE utf8_unicode_ci NOT NULL,
  `disabled` tinyint(1) NOT NULL DEFAULT '0',
  `create_date` timestamp NOT NULL DEFAULT '0000-00-00 00:00:00',
  `last_update_date` timestamp NOT NULL DEFAULT CURRENT_TIMESTAMP ON UPDATE CURRENT_TIMESTAMP,
  `create_by` bigint(20) NOT NULL DEFAULT '0',
  `last_update_by` bigint(20) NOT NULL DEFAULT '0',
  `id` bigint(20) NOT NULL,
  `title` text NOT NULL,
  `surname` text NOT NULL,
  `givenname` text NOT NULL,
  `mobile_no` text NOT NULL,
  `msg` text NOT NULL,
  `subject` text NOT NULL,
  `other1` text NOT NULL,
  `other2` text NOT NULL,
  `gender` text NOT NULL,
  `newsletter` int(10) unsigned NOT NULL,
  `agree` text NOT NULL,
  `form_option1_id` text NOT NULL,
  `form_option2_id` text NOT NULL,
  `form_option3_id` text NOT NULL,
  `have_buy_record` text NOT NULL,
  `company_name` text NOT NULL,
  `position` text NOT NULL
) ENGINE=MyISAM AUTO_INCREMENT=21 DEFAULT CHARSET=utf8;

-- --------------------------------------------------------

--
-- 資料表結構 `tb_huatai_faq`
--

CREATE TABLE IF NOT EXISTS `tb_huatai_faq` (
  `id` bigint(20) unsigned NOT NULL,
  `sort_order` int(11) NOT NULL DEFAULT '0',
  `code` text CHARACTER SET utf8 COLLATE utf8_unicode_ci NOT NULL,
  `remark` text CHARACTER SET utf8 COLLATE utf8_unicode_ci NOT NULL,
  `disabled` tinyint(1) NOT NULL DEFAULT '0',
  `create_date` timestamp NOT NULL DEFAULT '0000-00-00 00:00:00',
  `last_update_date` timestamp NOT NULL DEFAULT CURRENT_TIMESTAMP ON UPDATE CURRENT_TIMESTAMP,
  `create_by` bigint(20) NOT NULL DEFAULT '0',
  `last_update_by` bigint(20) NOT NULL DEFAULT '0',
  `url_target` text NOT NULL,
  `seo_url` text NOT NULL,
  `seo_keyword` text NOT NULL,
  `start_date` date DEFAULT '0000-00-00',
  `end_date` date DEFAULT '0000-00-00',
  `display_date` date DEFAULT '0000-00-00',
  `youtube_id` text NOT NULL,
  `other_link` text NOT NULL,
  `faq_category_id` text NOT NULL
) ENGINE=MyISAM AUTO_INCREMENT=28 DEFAULT CHARSET=utf8;

--
-- 資料表的匯出資料 `tb_huatai_faq`
--

INSERT INTO `tb_huatai_faq` (`id`, `sort_order`, `code`, `remark`, `disabled`, `create_date`, `last_update_date`, `create_by`, `last_update_by`, `url_target`, `seo_url`, `seo_keyword`, `start_date`, `end_date`, `display_date`, `youtube_id`, `other_link`, `faq_category_id`) VALUES
(1, 1, '', '', 0, '2020-12-20 06:47:55', '2021-02-09 08:53:00', 2, 2, '', '录制见证视频时，客户需明确说出“我已阅读相关开户文件，了解相关风险并自愿开户', '', '0000-00-00', '0000-00-00', '2020-12-29', '', '', '3'),
(2, 5, '', '', 0, '2020-12-20 06:47:55', '2021-02-09 09:08:02', 2, 2, '', '账户可接受哪些币种入金？可否人民币入金？', '', '0000-00-00', '0000-00-00', '2020-12-29', '', '', '1'),
(3, 14, '', '', 0, '2020-12-20 06:47:55', '2021-03-23 10:48:28', 2, 2, '', '为何登录易盛交易系统时，会提示“登录数量超限”？', '', '0000-00-00', '0000-00-00', '2020-12-29', '', '', '2'),
(4, 2, '', '', 0, '2020-12-20 06:47:55', '2021-02-09 08:55:45', 2, 2, '', '“银行账户资料”一栏中填写了银行借记上的号码，并非准确的银行账户信息', '', '0000-00-00', '0000-00-00', '2020-12-29', '', '', '3'),
(5, 3, '', '', 0, '2021-02-09 08:57:57', '2021-02-09 08:57:57', 2, 2, '', 'kyc查册时发现dow-jones数据库、sfc持牌人数据库中的重名纪录', '', '0000-00-00', '0000-00-00', '2021-02-09', '', '', '3'),
(6, 4, '', '', 0, '2021-02-09 08:59:38', '2021-02-09 08:59:38', 2, 2, '', '入金之后，没有登录系统上传入金凭证，或没有在系统中填写入金资料', '', '0000-00-00', '0000-00-00', '2021-02-09', '', '', '3'),
(7, 6, '', '', 0, '2021-02-09 09:09:41', '2021-02-09 09:09:41', 2, 2, '', '账户可否接受现金存款？可否接受第三者存款？', '', '0000-00-00', '0000-00-00', '2021-02-09', '', '', '1'),
(8, 7, '', '', 2, '2021-02-09 09:12:26', '2021-03-23 10:17:23', 2, 2, '', '网上开户入金，还有哪些问题需要注意？', '', '0000-00-00', '0000-00-00', '2021-02-09', '', '', '1'),
(9, 7, '', '', 0, '2021-02-09 09:15:13', '2021-03-23 10:17:23', 2, 2, '', '入金操作的具体流程是怎样的？', '', '0000-00-00', '0000-00-00', '2021-02-09', '', '', '1'),
(10, 8, '', '', 0, '2021-02-09 09:19:12', '2021-03-23 10:17:23', 2, 2, '', '转账入金需时多久才可收到？', '', '0000-00-00', '0000-00-00', '2021-02-09', '', '', '1'),
(11, 9, '', '', 2, '2021-02-09 09:20:25', '2021-03-23 10:30:23', 2, 2, '', '入金汇款可否在交易软件上完成？', '', '0000-00-00', '0000-00-00', '2021-02-09', '', '', '1'),
(12, 9, '', '', 0, '2021-02-09 09:21:41', '2021-03-23 10:30:23', 2, 2, '', '若账户中持有的币种与打算交易产品的结算币种不同，是否需要提前去银行换汇之后再入金交易呢？', '', '0000-00-00', '0000-00-00', '2021-02-09', '', '', '1'),
(13, 10, '', '', 0, '2021-02-09 09:23:22', '2021-03-23 10:30:23', 2, 2, '', '换汇操作的具体流程是怎样的？', '', '0000-00-00', '0000-00-00', '2021-02-09', '', '', '1'),
(14, 11, '', '', 0, '2021-02-09 09:24:51', '2021-03-23 10:30:23', 2, 2, '', '若您账户中持有的币种与打算交易产品的结算币种不同，可否直接买入-卖出该交易品种？', '', '0000-00-00', '0000-00-00', '2021-02-09', '', '', '1'),
(15, 12, '', '', 2, '2021-02-09 09:25:46', '2021-03-23 10:48:28', 2, 2, '', '换汇可否在交易软件上完成？', '', '0000-00-00', '0000-00-00', '2021-02-09', '', '', '1'),
(16, 12, '', '', 0, '2021-02-09 09:28:38', '2021-03-23 10:48:28', 2, 2, '', '可否提供第三者账户，直接出到该账户上？', '', '0000-00-00', '0000-00-00', '2021-02-09', '', '', '1'),
(17, 13, '', '', 0, '2021-02-09 09:29:51', '2021-03-23 10:48:28', 2, 2, '', '出金操作的具体流程是怎样的？', '', '0000-00-00', '0000-00-00', '2021-02-09', '', '', '1'),
(18, 15, '', '', 0, '2021-02-09 09:35:46', '2021-03-23 10:48:28', 2, 2, '', '易盛交易系统显示账户冻结，登录不上', '', '0000-00-00', '0000-00-00', '2021-02-09', '', '', '2'),
(19, 16, '', '', 0, '2021-02-09 09:37:56', '2021-03-23 10:48:28', 2, 2, '', '什么是双重认证？为何要输入双重认证码之后方可登录？', '', '0000-00-00', '0000-00-00', '2021-02-09', '', '', '2'),
(20, 17, '', '', 0, '2021-02-09 09:38:53', '2021-03-23 10:48:28', 2, 2, '', '可否修改收取二次认证验证码的方式？', '', '0000-00-00', '0000-00-00', '2021-02-09', '', '', '2'),
(21, 18, '', '', 0, '2021-02-09 09:40:11', '2021-03-23 10:48:28', 2, 2, '', '如何申请查阅实时交易所行情？', '', '0000-00-00', '0000-00-00', '2021-02-09', '', '', '2'),
(22, 19, '', '', 0, '2021-02-09 09:41:03', '2021-03-23 10:48:28', 2, 2, '', '手机交易系统支持哪些类型的单？', '', '0000-00-00', '0000-00-00', '2021-02-09', '', '', '2'),
(23, 20, '', '', 2, '2021-02-09 09:42:06', '2021-03-23 11:30:22', 2, 2, '', '可否接受api电子交易？', '', '0000-00-00', '0000-00-00', '2021-02-09', '', '', '2'),
(24, 20, '', '', 2, '2021-02-09 09:43:24', '2021-03-23 11:30:33', 2, 2, '', 'lme调期平仓如何操作？', '', '0000-00-00', '0000-00-00', '2021-02-09', '', '', '2'),
(25, 20, '', '', 0, '2021-11-25 06:05:59', '2021-11-25 06:05:59', 2, 2, '', '', '', '0000-00-00', '0000-00-00', '2021-11-25', '', '', '2'),
(26, 21, '', '', 0, '2022-09-13 03:17:42', '2022-09-13 03:17:42', 2, 2, '', '', '', '0000-00-00', '0000-00-00', '2022-09-13', '', '', '4'),
(27, 22, '', '', 0, '2022-09-13 03:24:59', '2022-09-13 03:24:59', 2, 2, '', '', '', '0000-00-00', '0000-00-00', '2022-09-13', '', '', '5');

-- --------------------------------------------------------

--
-- 資料表結構 `tb_huatai_faq_category`
--

CREATE TABLE IF NOT EXISTS `tb_huatai_faq_category` (
  `id` bigint(20) unsigned NOT NULL,
  `sort_order` int(11) NOT NULL DEFAULT '0',
  `code` text CHARACTER SET utf8 COLLATE utf8_unicode_ci NOT NULL,
  `remark` text CHARACTER SET utf8 COLLATE utf8_unicode_ci NOT NULL,
  `disabled` tinyint(1) NOT NULL DEFAULT '0',
  `create_date` timestamp NOT NULL DEFAULT '0000-00-00 00:00:00',
  `last_update_date` timestamp NOT NULL DEFAULT CURRENT_TIMESTAMP ON UPDATE CURRENT_TIMESTAMP,
  `create_by` bigint(20) NOT NULL DEFAULT '0',
  `last_update_by` bigint(20) NOT NULL DEFAULT '0',
  `url_target` text NOT NULL,
  `seo_url` text NOT NULL,
  `seo_keyword` text NOT NULL,
  `start_date` date DEFAULT '0000-00-00',
  `end_date` date DEFAULT '0000-00-00',
  `display_date` date DEFAULT '0000-00-00',
  `youtube_id` text NOT NULL,
  `highlight` int(11) NOT NULL
) ENGINE=MyISAM AUTO_INCREMENT=6 DEFAULT CHARSET=utf8;

--
-- 資料表的匯出資料 `tb_huatai_faq_category`
--

INSERT INTO `tb_huatai_faq_category` (`id`, `sort_order`, `code`, `remark`, `disabled`, `create_date`, `last_update_date`, `create_by`, `last_update_by`, `url_target`, `seo_url`, `seo_keyword`, `start_date`, `end_date`, `display_date`, `youtube_id`, `highlight`) VALUES
(1, 2, '', '', 0, '2020-12-20 06:46:36', '2022-08-15 07:00:11', 2, 2, '', '1', '', '0000-00-00', '0000-00-00', '2020-12-29', '', 0),
(2, 3, '', '', 0, '2020-12-20 06:46:36', '2022-08-15 07:00:11', 2, 2, '', '2', '', '0000-00-00', '0000-00-00', '2020-12-29', '', 0),
(3, 1, '', '', 0, '2020-12-20 06:46:36', '2022-08-15 07:00:11', 2, 2, '', '3', '', '0000-00-00', '0000-00-00', '2020-12-29', '', 0),
(4, 4, '', '', 2, '2022-09-13 03:11:06', '2022-09-13 03:22:39', 2, 2, '', '4', '', '0000-00-00', '0000-00-00', '2022-09-13', '', 0),
(5, 4, '', '', 0, '2022-09-13 03:23:18', '2022-09-13 03:23:18', 2, 2, '', '5', '', '0000-00-00', '0000-00-00', '2022-09-13', '', 0);

-- --------------------------------------------------------

--
-- 資料表結構 `tb_huatai_faq_category_desc`
--

CREATE TABLE IF NOT EXISTS `tb_huatai_faq_category_desc` (
  `language_id` int(11) NOT NULL DEFAULT '0',
  `faq_category_id` int(11) NOT NULL DEFAULT '0',
  `name` text CHARACTER SET utf8 COLLATE utf8_unicode_ci NOT NULL,
  `detail` text CHARACTER SET utf8 COLLATE utf8_unicode_ci NOT NULL,
  `url` text NOT NULL,
  `seo_desc` text NOT NULL,
  `seo_title` text NOT NULL,
  `detail2` text NOT NULL,
  `seo_h1` text NOT NULL
) ENGINE=MyISAM DEFAULT CHARSET=utf8;

--
-- 資料表的匯出資料 `tb_huatai_faq_category_desc`
--

INSERT INTO `tb_huatai_faq_category_desc` (`language_id`, `faq_category_id`, `name`, `detail`, `url`, `seo_desc`, `seo_title`, `detail2`, `seo_h1`) VALUES
(1, 1, 'Fund In/ Out & Currency Exchanges', '', '', '', '', '', ''),
(3, 1, '出入金及换汇', '', '', '', '', '', ''),
(1, 2, 'Trading & Platforms', '', '', '', '', '', ''),
(3, 2, '系统及交易', '', '', '', '', '', ''),
(1, 3, 'Online Account Opening', '', '', '', '', '', ''),
(3, 3, '网上开户', '', '', '', '', '', ''),
(3, 4, '投资者教育', '', '', '', '', '', ''),
(1, 4, 'Investor Education', '', '', '', '', '', ''),
(3, 5, '投资者教育', '', '', '', '', '', ''),
(1, 5, 'Investor Education', '', '', '', '', '', '');

-- --------------------------------------------------------

--
-- 資料表結構 `tb_huatai_faq_desc`
--

CREATE TABLE IF NOT EXISTS `tb_huatai_faq_desc` (
  `language_id` int(11) NOT NULL DEFAULT '0',
  `faq_id` int(11) NOT NULL DEFAULT '0',
  `name` text CHARACTER SET utf8 COLLATE utf8_unicode_ci NOT NULL,
  `detail` text CHARACTER SET utf8 COLLATE utf8_unicode_ci NOT NULL,
  `url` text NOT NULL,
  `seo_desc` text NOT NULL,
  `seo_title` text NOT NULL,
  `detail2` text NOT NULL,
  `seo_h1` text NOT NULL
) ENGINE=MyISAM DEFAULT CHARSET=utf8;

--
-- 資料表的匯出資料 `tb_huatai_faq_desc`
--

INSERT INTO `tb_huatai_faq_desc` (`language_id`, `faq_id`, `name`, `detail`, `url`, `seo_desc`, `seo_title`, `detail2`, `seo_h1`) VALUES
(3, 1, '录制见证视频时，客户需明确说出“我已阅读相关开户文件，了解相关风险并自愿开户', '<p>为了确定客户已经完全明白开户的条款和条件，客户需拍摄一段视频，视频中需要需要清晰地说出&ldquo;我已阅读相关开户文件，了解相关风险并自愿开户&rdquo;这段话。拍摄视频时如果一言不发，将会导致开户被退回。</p>', '', '', '', '', ''),
(1, 1, 'When recording the video for witness, the client must clearly state &#34;I have read all the account opening documents, understand all the risks related and would open the account voluntarily&#34;.', '<p>In order to make sure that the client has fully understood the terms and conditions of opening an account, the client is required to take a video, and client need to clearly state that &ldquo;I have read all the relevant account opening documents, understand all the relevant risks, and would open an account voluntarily.&rdquo; If the client do not say a word when shooting the video, the account opening application will be returned.</p>', '', '', '', '', ''),
(1, 4, 'The client put in the card number displayed on a debit card from a Hong Kong bank, rather the correct bank information when fill in the &#34;bank account information&#34; column', '<p>To open a futures account, the client is required to provide his/ her Hong Kong bank account information. The card number displayed on a debit card from a Hong Kong bank is not necessarily the client&rsquo;s account number. If the client fill in the number on the bank debit card in the &quot;Bank Account Information&quot; column of the online account opening system, it may cause the&nbsp; situation that the account number displayed on the official receipt when depositing funds may be inconsistent with the client&rsquo;s input, thus delaying the account opening processing time.</p>\r\n<p>Accurate bank account information can be found in the bank&#39;s account opening certification documents and monthly statements. And clients can also log on to online banking to view relevant information. The bank&rsquo;s account opening certification documents generally include the client&rsquo;s account name (client&rsquo;s name) and account number (the account numbers may be different when the currencies are different). Bank information should be accurately filled in and the certification documents should be uploaded when opening an account.</p>', '', '', '', '', ''),
(3, 4, '“银行账户资料”一栏中填写了银行借记上的号码，并非准确的银行账户信息', '<p class=&#34;p1&#34; style=&#34;margin: 0px; text-align: justify; font-variant-numeric: normal; font-variant-east-asian: normal; font-stretch: normal; font-size: 14px; line-height: normal; color: rgb(51, 51, 51); background-color: rgb(255, 255, 255);&#34;><span class=&#34;s1&#34; style=&#34;font-kerning: none;&#34;>开立期货账户需要提供香港银行账户的资料。香港的银行借记卡上所显示的卡号，并不一定是客户的账户号码。如果在网上开户系统中</span><span class=&#34;s2&#34; style=&#34;font-variant-numeric: normal; font-variant-east-asian: normal; font-stretch: normal; line-height: normal; font-family: &#34; helvetica=&#34; font-kerning:=&#34;>&ldquo;</span><span class=&#34;s1&#34; style=&#34;font-kerning: none;&#34;>银行账户资料</span><span class=&#34;s2&#34; style=&#34;font-variant-numeric: normal; font-variant-east-asian: normal; font-stretch: normal; line-height: normal; font-family: &#34; helvetica=&#34; font-kerning:=&#34;>&rdquo;</span><span class=&#34;s1&#34; style=&#34;font-kerning: none;&#34;>这一栏上，填写了银行借记卡上的号码，有可能导致入金时显示的账户号码，与客户输入的并不一致，从而拖延开户的时间。</span></p>\r\n<p class=&#34;p2&#34; style=&#34;margin: 0px; text-align: justify; font-variant-numeric: normal; font-variant-east-asian: normal; font-stretch: normal; font-size: 14px; line-height: normal; color: rgb(51, 51, 51); background-color: rgb(255, 255, 255); min-height: 20px;&#34;>&nbsp;</p>\r\n<p class=&#34;p1&#34; style=&#34;margin: 0px; text-align: justify; font-variant-numeric: normal; font-variant-east-asian: normal; font-stretch: normal; font-size: 14px; line-height: normal; color: rgb(51, 51, 51); background-color: rgb(255, 255, 255);&#34;><span class=&#34;s1&#34; style=&#34;font-kerning: none;&#34;>准确的银行账户信息可以在银行的开户证明文件中查找，客户也可登录网上银行查阅相关资料。银行的开户证明文件一般包括了客户的账户名（客户姓名）及账户号码（不同币种的账户可能号码是不同的），开户时应准确填写并上传证明文件。</span></p>', '', '', '', '', ''),
(3, 5, 'KYC查册时发现Dow Jones数据库、SFC持牌人数据库中的重名纪录', '<p class=&#34;p1&#34; style=&#34;margin: 0px; text-align: justify; font-variant-numeric: normal; font-variant-east-asian: normal; font-stretch: normal; font-size: 14px; line-height: normal; color: rgb(51, 51, 51); background-color: rgb(255, 255, 255);&#34;><span class=&#34;s1&#34; style=&#34;font-kerning: none;&#34;>在收到客户的开户申请时，我们的审核人员会进行一系列的KYC查册。如果我们发现，在各数据库中有与客户名字相同的同名记录，我们会联络您进行确认。只有在收到您的明确指示&ldquo;并非本人&rdquo;之后，我们才会继续帮您处理开户申请。</span></p>', '', '', '', '', ''),
(1, 5, 'Duplicate records were found in the Dow Jones database and the SFC licensee database when conducting KYC verification. ', '<p>Upon receipt of the client&rsquo;s account opening application, our reviewers will conduct a series of KYC searches. If we find that there are records with the same name as the client&rsquo;s name in each database, we will contact the client to confirm. We will only continue to process the account opening application after receiving the client&rsquo;s clear instruction &quot;not me&quot;.&nbsp;</p>', '', '', '', '', ''),
(3, 6, '入金之后，没有登录系统上传入金凭证，或没有在系统中填写入金资料', '<p><span style=&#34;background-color: rgb(255, 255, 255); color: rgb(51, 51, 51); font-size: 14px; text-align: justify;&#34;>在初审及合规审核之后，我们会发送短信提示您可以入金10000或以上的港币/等值外币。您入金之后，请记得重新登录系统上传入金凭证，以证明您的入金是来自于您在网上开户时登记过的银行账户。我们需要查到您入金到账，成功核实是来自于您开户时登记的银行账户，才可以帮您继续办理开户。</span>&nbsp;</p>', '', '', '', '', ''),
(1, 6, 'After depositing, the client did not log in to the system to upload the receipt, or did not put in the deposit information in the system', '<p>After the preliminary review and compliance review, we will send a text message to remind the client that he/she is required deposit HKD10,000 or more in equivalent foreign currency. After the client&rsquo;s deposit, he/she is reminded to log in to the account opening system again to upload the deposit certificate to prove that the deposit came from the bank account that the client has registered when he/she make the online account opening application in the beginning. We need to check that the client&rsquo;s deposit has been received, and verify that the deposit is from the bank account that the client has registered in the beginning, before we can help to continue the account opening process.</p>', '', '', '', '', ''),
(1, 2, 'What currencies are accepted for fund deposit?', '<p>We can accept client deposits in HKD, USD, RMB, Euro, and JPY.</p>', '', '', '', '', ''),
(3, 2, '账户可接受哪些币种入金？', '<p class=&#34;p1&#34; style=&#34;margin: 0px; font-variant-numeric: normal; font-variant-east-asian: normal; font-stretch: normal; font-size: 14px; line-height: normal; color: rgb(51, 51, 51); background-color: rgb(255, 255, 255);&#34;><span class=&#34;s1&#34; style=&#34;font-kerning: none;&#34;>我们可以接受客户存入港币、美金、人民币、欧元、日币。</span></p>', '', '', '', '', ''),
(3, 7, '账户可否接受现金存款？可否接受第三者存款？', '<p><span style=&#34;background-color: rgb(255, 255, 255); color: rgb(51, 51, 51); font-size: 14px;&#34;>收到存款时，我们将仔细核对汇款人名称、账号是否与客户姓名及登记账号一致，不接纳客户本人以外的第三方存款。更不会接受联名银行账户的入金汇款。如果汇款人并非我们的客户，我们不能接受。与此同时我们也不接受现金存款。</span></p>', '', '', '', '', ''),
(1, 7, 'Are cash deposits or third party deposits acceptable?', '<p>When receiving the deposit, we will carefully check whether the remitter&rsquo;s name and account number are consistent with the client&rsquo;s name and registered account number, and will not accept third-party deposits other than the client. We will not accept deposits and remittances from joint bank accounts. If the sender is not our client, we cannot accept it. At the same time, we do not accept cash deposits.</p>', '', '', '', '', ''),
(3, 8, '网上开户入金，还有哪些问题需要注意？', '<p><span style=&#34;background-color: rgb(255, 255, 255); color: rgb(51, 51, 51); font-size: 14px;&#34;>应保留入金凭证（网银截图、手机银行截图、汇款底单等），重新登录网上开户系统填写入金资料并上传入金截图。请注意仔细填写，我们会核对入金凭证需显示开户人的账户号码及入金金额，账户号码需和开户时提供的账户号码完全一致。</span></p>', '', '', '', '', ''),
(2, 8, '网上开户入金，还有哪些问题需要注意？', '<p class=&#34;p1&#34; style=&#34;margin: 0px; font-variant-numeric: normal; font-variant-east-asian: normal; font-stretch: normal; font-size: 14px; line-height: normal; color: rgb(51, 51, 51); background-color: rgb(255, 255, 255);&#34;><span class=&#34;s1&#34; style=&#34;font-kerning: none;&#34;>应保留入金凭证（网银截图、手机银行截图、汇款底单等），重新登录网上开户系统填写入金资料并上传入金截图。请注意仔细填写，我们会核对入金凭证需显示开户人的账户号码及入金金额，账户号码需和开户时提供的账户号码完全一致。</span></p>', '', '', '', '', ''),
(1, 8, '网上开户入金，还有哪些问题需要注意？', '<p class=&#34;p1&#34; style=&#34;margin: 0px; font-variant-numeric: normal; font-variant-east-asian: normal; font-stretch: normal; font-size: 14px; line-height: normal; color: rgb(51, 51, 51); background-color: rgb(255, 255, 255);&#34;><span class=&#34;s1&#34; style=&#34;font-kerning: none;&#34;>应保留入金凭证（网银截图、手机银行截图、汇款底单等），重新登录网上开户系统填写入金资料并上传入金截图。请注意仔细填写，我们会核对入金凭证需显示开户人的账户号码及入金金额，账户号码需和开户时提供的账户号码完全一致。</span></p>', '', '', '', '', ''),
(3, 9, '入金操作的具体流程是怎样的？', '<p><span style=&#34;background-color: rgb(255, 255, 255); color: rgb(51, 51, 51); font-size: 14px;&#34;>您需转账至本公司在中国银行（香港）及工银亚洲的账户中，汇款资料请见&ldquo;资金存取&rdquo;页面。</span></p>\r\n<p class=&#34;p2&#34; style=&#34;margin: 0px; font-variant-numeric: normal; font-variant-east-asian: normal; font-stretch: normal; font-size: 14px; line-height: normal; color: rgb(51, 51, 51); background-color: rgb(255, 255, 255); min-height: 20px;&#34;>&nbsp;</p>\r\n<p class=&#34;p3&#34; style=&#34;margin: 0px; font-variant-numeric: normal; font-variant-east-asian: normal; font-stretch: normal; font-size: 14px; line-height: normal; color: rgb(51, 51, 51);&#34;><span class=&#34;s2&#34; style=&#34;font-kerning: none; background-color: rgb(255, 255, 255);&#34;>请确保填写的收款人信息完全正确。如填写错误，可能就会导致汇款退回，耽误您宝贵的时间及投资的机会。</span></p>\r\n<p class=&#34;p4&#34; style=&#34;margin: 0px; font-variant-numeric: normal; font-variant-east-asian: normal; font-stretch: normal; font-size: 17px; line-height: normal; font-family: &#34; helvetica=&#34; color:=&#34; min-height:=&#34;&gt;&nbsp;&lt;/p&gt;&#10;&lt;p class=&#34;><span class=&#34;s2&#34; style=&#34;font-kerning: none; background-color: rgb(255, 255, 255);&#34;>请保留汇款收据（如果是经过网上银行汇款，请保留汇款截图），并及时通知我们有关客户姓名、账号、转账时间及金额。</span></p>\r\n<p class=&#34;p4&#34; style=&#34;margin: 0px; font-variant-numeric: normal; font-variant-east-asian: normal; font-stretch: normal; font-size: 17px; line-height: normal; font-family: &#34; helvetica=&#34; color:=&#34; min-height:=&#34;&gt;&nbsp;&lt;/p&gt;&#10;&lt;p class=&#34;><span class=&#34;s2&#34; style=&#34;font-kerning: none; background-color: rgb(255, 255, 255);&#34;>您可：</span></p>\r\n<p class=&#34;p5&#34; style=&#34;margin: 0px; font-variant-numeric: normal; font-variant-east-asian: normal; font-stretch: normal; font-size: 14px; line-height: normal; font-family: &#34; helvetica=&#34; color:=&#34;><span class=&#34;s3&#34; style=&#34;font-variant-numeric: normal; font-variant-east-asian: normal; font-stretch: normal; line-height: normal; font-family: &#34; pingfang=&#34; font-kerning:=&#34; background-color:=&#34;&gt;致电本公司客服热线：&lt;/span&gt;&lt;span class=&#34;>+852 39161616</span></p>\r\n<p class=&#34;p6&#34; style=&#34;margin: 0px; font-variant-numeric: normal; font-variant-east-asian: normal; font-stretch: normal; font-size: 14px; line-height: normal; font-family: &#34; helvetica=&#34; color:=&#34;><span class=&#34;s4&#34; style=&#34;font-variant-numeric: normal; font-variant-east-asian: normal; font-stretch: normal; line-height: normal; font-family: &#34; pingfang=&#34; font-kerning:=&#34; color:=&#34; background-color:=&#34;>联络交易及客服邮箱：</span><span class=&#34;s5&#34; style=&#34;text-decoration-line: underline; font-kerning: none; background-color: rgb(255, 255, 255);&#34;>dealing@htfc.com.hk</span></p>\r\n<p class=&#34;p5&#34; style=&#34;margin: 0px; font-variant-numeric: normal; font-variant-east-asian: normal; font-stretch: normal; font-size: 14px; line-height: normal; font-family: &#34; helvetica=&#34; color:=&#34;><span class=&#34;s3&#34; style=&#34;font-variant-numeric: normal; font-variant-east-asian: normal; font-stretch: normal; line-height: normal; font-family: &#34; pingfang=&#34; font-kerning:=&#34; background-color:=&#34;&gt;传真：&lt;/span&gt;&lt;span class=&#34;>+852 39161699</span></p>\r\n<p class=&#34;p4&#34; style=&#34;margin: 0px; font-variant-numeric: normal; font-variant-east-asian: normal; font-stretch: normal; font-size: 17px; line-height: normal; font-family: &#34; helvetica=&#34; color:=&#34; min-height:=&#34;&gt;&nbsp;&lt;/p&gt;&#10;&lt;p class=&#34;><span class=&#34;s2&#34; style=&#34;font-kerning: none; background-color: rgb(255, 255, 255);&#34;>我们专业的交易及客服人员在收到客户指示后将尽快处理客户的入金请求。</span></p>\r\n<p class=&#34;p4&#34; style=&#34;margin: 0px; font-variant-numeric: normal; font-variant-east-asian: normal; font-stretch: normal; font-size: 17px; line-height: normal; font-family: &#34; helvetica=&#34; color:=&#34; min-height:=&#34;&gt;&nbsp;&lt;/p&gt;&#10;&lt;p class=&#34;><span class=&#34;s2&#34; style=&#34;font-kerning: none; background-color: rgb(255, 255, 255);&#34;>注意事项：</span></p>\r\n<p class=&#34;p1&#34; style=&#34;margin: 0px; font-variant-numeric: normal; font-variant-east-asian: normal; font-stretch: normal; font-size: 14px; line-height: normal; color: rgb(51, 51, 51); background-color: rgb(255, 255, 255);&#34;><span class=&#34;s1&#34; style=&#34;font-kerning: none;&#34;>电汇时银行将收取一定费用，您需要参阅相关银行资料，以免产生误会。</span></p>', '', '', '', '', ''),
(1, 9, 'What is the specific process of the fund deposit?', '<p>The Client need to transfer funds to our company&#39;s accounts in Bank of China (Hong Kong) and ICBC (Asia). For remittance information, please see the &quot;Fund Deposits and Withdrawal&quot; page.</p>\r\n<p>Please make sure that the payee information is completely accurate. If the client does not provide the correct information when depositing, it may cause the remittance to be returned, so that it may cause time delay and lost in investment opportunities.</p>\r\n<p>Please keep the remittance receipt (if the remittance is done via online banking, please keep the screenshot of the remittance), and promptly inform us about the client&rsquo;s name, account number, transfer time and amount.</p>\r\n<p>Clients may contact:</p>\r\n<p>CS hotline: +852 39161616</p>\r\n<p>Dealing and CS email: dealing@htfc.com.hk</p>\r\n<p>Fax: +852 39161699</p>\r\n<p>Our dealing and customer service team will process the client&rsquo;s deposit request as soon as possible after receiving the client&rsquo;s instruction.</p>\r\n<p>Precautions:</p>\r\n<p>The bank may charge a certain fee when the client is making a wire transfer. Clients are encouraged to refer to the relevant bank information to avoid misunderstandings.</p>', '', '', '', '', ''),
(3, 10, '转账入金需时多久才可收到？', '<p><span class=&#34;s1&#34; style=&#34;color: rgb(51, 51, 51); font-size: 14px; font-kerning: none;&#34;>一般香港本地银行于周一至周五上午</span><span class=&#34;s2&#34; style=&#34;color: rgb(51, 51, 51); font-size: 14px; font-variant-numeric: normal; font-variant-east-asian: normal; font-stretch: normal; line-height: normal; font-family: &#34; helvetica=&#34; font-kerning:=&#34;>9</span><span class=&#34;s1&#34; style=&#34;color: rgb(51, 51, 51); font-size: 14px; font-kerning: none;&#34;>时到下午</span><span class=&#34;s2&#34; style=&#34;color: rgb(51, 51, 51); font-size: 14px; font-variant-numeric: normal; font-variant-east-asian: normal; font-stretch: normal; line-height: normal; font-family: &#34; helvetica=&#34; font-kerning:=&#34;>5</span><span class=&#34;s1&#34; style=&#34;color: rgb(51, 51, 51); font-size: 14px; font-kerning: none;&#34;>时工作</span><span class=&#34;s2&#34; style=&#34;color: rgb(51, 51, 51); font-size: 14px; font-variant-numeric: normal; font-variant-east-asian: normal; font-stretch: normal; line-height: normal; font-family: &#34; helvetica=&#34; font-kerning:=&#34;>, </span><span class=&#34;s1&#34; style=&#34;color: rgb(51, 51, 51); font-size: 14px; font-kerning: none;&#34;>存款银行操作可在该段时间内进行。我们的截数时间为香港时间下午4时，所有于下午4时后收到的入金通知，都会顺延至第二个工作天处理。</span></p>\r\n<p class=&#34;p2&#34; style=&#34;margin: 0px; font-variant-numeric: normal; font-variant-east-asian: normal; font-stretch: normal; font-size: 14px; line-height: normal; font-family: &#34; pingfang=&#34; sc=&#34; color:=&#34; background-color:=&#34; min-height:=&#34;&gt;&nbsp;&lt;/p&gt;&#10;&lt;p class=&#34;><span class=&#34;s1&#34; style=&#34;font-kerning: none;&#34;>我们只会在确认银行账户收到您的全部入金款项后才开始处理；您汇款至到账的时间，则会根据银行的具体操作而有所不同。</span></p>', '', '', '', '', ''),
(1, 10, 'How long does it take to receive the transfer/ deposit?', '<p>Generally, local banks&rsquo;s working time in Hong Kong is from 9 am to 5 pm , Monday to Friday, and deposit can be made during this period. Our cut-off time is 4 pm Hong Kong time. All deposit notifications received after 4 pm will be postponed to the second working day for processing.</p>\r\n<p>We will only start fund- in processing after confirming that our bank account has received all of the client&rsquo;s deposit. The time for clients&rsquo; remittance to arrive may vary according to the operation of the bank.</p>', '', '', '', '', ''),
(3, 11, '入金汇款可否在交易软件上完成？', '<p class=&#34;p1&#34; style=&#34;margin: 0px; font-variant-numeric: normal; font-variant-east-asian: normal; font-stretch: normal; font-size: 14px; line-height: normal; color: rgb(51, 51, 51); background-color: rgb(255, 255, 255);&#34;><span class=&#34;s1&#34; style=&#34;font-kerning: none;&#34;>很抱歉，我们暂未有此项功能，您需要使用银行转账并通知我们。</span></p>', '', '', '', '', ''),
(2, 11, '入金汇款可否在交易软件上完成？', '<p class=&#34;p1&#34; style=&#34;margin: 0px; font-variant-numeric: normal; font-variant-east-asian: normal; font-stretch: normal; font-size: 14px; line-height: normal; color: rgb(51, 51, 51); background-color: rgb(255, 255, 255);&#34;><span class=&#34;s1&#34; style=&#34;font-kerning: none;&#34;>很抱歉，我们暂未有此项功能，您需要使用银行转账并通知我们。</span></p>', '', '', '', '', ''),
(1, 11, '入金汇款可否在交易软件上完成？', '<p class=&#34;p1&#34; style=&#34;margin: 0px; font-variant-numeric: normal; font-variant-east-asian: normal; font-stretch: normal; font-size: 14px; line-height: normal; color: rgb(51, 51, 51); background-color: rgb(255, 255, 255);&#34;><span class=&#34;s1&#34; style=&#34;font-kerning: none;&#34;>很抱歉，我们暂未有此项功能，您需要使用银行转账并通知我们。</span></p>', '', '', '', '', ''),
(1, 12, 'If the currency held in the account is different from the settlement currency of the product that I intend to trade, do I need to exchange foreign currency  in the bank in advance?', '<p>Not necessary. Clients can contact us to exchange foreign currency and transfer the funds held in the client&rsquo;s account to another currency.</p>', '', '', '', '', ''),
(3, 12, '若账户中持有的币种与打算交易产品的结算币种不同，是否需要提前去银行换汇之后再入金交易呢？', '<p class=&#34;p1&#34; style=&#34;margin: 0px; font-variant-numeric: normal; font-variant-east-asian: normal; font-stretch: normal; font-size: 14px; line-height: normal; color: rgb(51, 51, 51); background-color: rgb(255, 255, 255);&#34;><span class=&#34;s1&#34; style=&#34;font-kerning: none;&#34;>不需要。您可联络本公司进行换汇，将客户账户内持有的资金转为另一币种。</span></p>', '', '', '', '', ''),
(3, 13, '换汇操作的具体流程是怎样的？', '<p><span style=&#34;background-color: rgb(255, 255, 255); color: rgb(51, 51, 51); font-size: 14px;&#34;>您可以：</span></p>\r\n<p class=&#34;p2&#34; style=&#34;margin: 0px; font-variant-numeric: normal; font-variant-east-asian: normal; font-stretch: normal; font-size: 14px; line-height: normal; font-family: &#34; helvetica=&#34; color:=&#34;><span class=&#34;s2&#34; style=&#34;font-variant-numeric: normal; font-variant-east-asian: normal; font-stretch: normal; line-height: normal; font-family: &#34; pingfang=&#34; font-kerning:=&#34; background-color:=&#34;&gt;致电本公司交易热线：&lt;/span&gt;&lt;span class=&#34;>联络交易电话+852 39161616</span></p>\r\n<p class=&#34;p3&#34; style=&#34;margin: 0px; font-variant-numeric: normal; font-variant-east-asian: normal; font-stretch: normal; font-size: 14px; line-height: normal; font-family: &#34; helvetica=&#34; color:=&#34;><span class=&#34;s3&#34; style=&#34;font-variant-numeric: normal; font-variant-east-asian: normal; font-stretch: normal; line-height: normal; font-family: &#34; pingfang=&#34; font-kerning:=&#34; color:=&#34; background-color:=&#34;>联络交易邮箱：</span><span class=&#34;s4&#34; style=&#34;text-decoration-line: underline; font-kerning: none; background-color: rgb(255, 255, 255);&#34;>dealing@htfc.com.hk</span><span class=&#34;s5&#34; style=&#34;font-kerning: none; color: rgb(51, 51, 51); background-color: rgb(255, 255, 255);&#34;>&nbsp;</span></p>\r\n<p class=&#34;p2&#34; style=&#34;margin: 0px; font-variant-numeric: normal; font-variant-east-asian: normal; font-stretch: normal; font-size: 14px; line-height: normal; font-family: &#34; helvetica=&#34; color:=&#34;><span class=&#34;s2&#34; style=&#34;font-variant-numeric: normal; font-variant-east-asian: normal; font-stretch: normal; line-height: normal; font-family: &#34; pingfang=&#34; font-kerning:=&#34; background-color:=&#34;&gt;传真：&lt;/span&gt;&lt;span class=&#34;>传真至：+85239161699</span></p>\r\n<p class=&#34;p4&#34; style=&#34;margin: 0px; text-align: justify; font-variant-numeric: normal; font-variant-east-asian: normal; font-stretch: normal; font-size: 14px; line-height: normal; font-family: &#34; helvetica=&#34; color:=&#34; min-height:=&#34;&gt;&nbsp;&lt;/p&gt;&#10;&lt;p class=&#34;><span class=&#34;s6&#34; style=&#34;font-kerning: none;&#34;>我们专业的交易服务人员在收到您的指示后将尽快处理您的入金请求。我们的每笔换汇于下午2点为截数时间，所有于下午2时后收到的换汇通知，均顺延至第二个工作天处理。</span></p>', '', '', '', '', ''),
(1, 13, 'What&#39;s the procedure of currency exchange?', '<p>Clients may contact:&nbsp;</p>\r\n<p>CS hotline: +852 39161616</p>\r\n<p>Dealing and CS email: dealing@htfc.com.hk</p>\r\n<p>Fax: +852 39161699</p>\r\n<p>Our cut-off time is 2 pm Hong Kong time. All FX Request received after 2 pm will be postponed to the second working day for processing.&nbsp;</p>', '', '', '', '', ''),
(3, 14, '若我账户中持有的币种与打算交易产品的结算币种不同，可否直接买入/卖出该交易品种？', '<p class=&#34;p1&#34; style=&#34;margin: 0px; font-variant-numeric: normal; font-variant-east-asian: normal; font-stretch: normal; font-size: 14px; line-height: normal; color: rgb(51, 51, 51);&#34;><span class=&#34;s1&#34; style=&#34;font-kerning: none; background-color: rgb(255, 255, 255);&#34;>例如：账户中仅持有美金，而该客户想直接交易恒生指数期货。</span></p>\r\n<p class=&#34;p2&#34; style=&#34;margin: 0px; text-align: justify; font-variant-numeric: normal; font-variant-east-asian: normal; font-stretch: normal; font-size: 14px; line-height: normal; font-family: &#34; helvetica=&#34; color:=&#34; min-height:=&#34;&gt;&nbsp;&lt;/p&gt;&#10;&lt;p class=&#34;><span class=&#34;s2&#34; style=&#34;font-kerning: none;&#34;>只要开仓时账户内有足够权益，客户依然可以直接交易，但交易的隔天会收到换汇确认对账单，表示客户默认由本公司为其执行换汇。也就是说，如客户没有要求，系统会自动根据银行汇率为客户执行换汇。</span></p>', '', '', '', '', ''),
(1, 14, 'If the currency held in my account is different from the settlement currency of the product I intend to trade, can I directly buy/sell the trading product?', '<p>For example: there is only USD- based equity in the trading account, and the client wants to directly trade Hang Seng Index futures.</p>\r\n<p>As long as there is sufficient equity in the account when opening a position, the client can still trade directly, but the FX confirmation statement will be received the next day, indicating that the client defaults to us to execute the exchange. In other words, if the customer does not require a certain FX rate, the system will automatically execute the FX for the client based on the exchange rate of the bank.</p>', '', '', '', '', ''),
(3, 15, '换汇可否在交易软件上完成？', '<p class=&#34;p1&#34; style=&#34;margin: 0px; font-variant-numeric: normal; font-variant-east-asian: normal; font-stretch: normal; font-size: 14px; line-height: normal; color: rgb(51, 51, 51); background-color: rgb(255, 255, 255);&#34;><span class=&#34;s1&#34; style=&#34;font-kerning: none;&#34;>很抱歉，我们暂未有此项功能，您需要使用银行转账并通知我们。</span></p>', '', '', '', '', ''),
(2, 15, '换汇可否在交易软件上完成？', '<p class=&#34;p1&#34; style=&#34;margin: 0px; font-variant-numeric: normal; font-variant-east-asian: normal; font-stretch: normal; font-size: 14px; line-height: normal; color: rgb(51, 51, 51); background-color: rgb(255, 255, 255);&#34;><span class=&#34;s1&#34; style=&#34;font-kerning: none;&#34;>很抱歉，我们暂未有此项功能，您需要使用银行转账并通知我们。</span></p>', '', '', '', '', ''),
(1, 15, '换汇可否在交易软件上完成？', '<p class=&#34;p1&#34; style=&#34;margin: 0px; font-variant-numeric: normal; font-variant-east-asian: normal; font-stretch: normal; font-size: 14px; line-height: normal; color: rgb(51, 51, 51); background-color: rgb(255, 255, 255);&#34;><span class=&#34;s1&#34; style=&#34;font-kerning: none;&#34;>很抱歉，我们暂未有此项功能，您需要使用银行转账并通知我们。</span></p>', '', '', '', '', ''),
(3, 16, '可否提供第三者账户，直接出到该账户上？', '<p class=&#34;p1&#34; style=&#34;margin: 0px; font-variant-numeric: normal; font-variant-east-asian: normal; font-stretch: normal; font-size: 14px; line-height: normal; color: rgb(51, 51, 51); background-color: rgb(255, 255, 255);&#34;><span class=&#34;s1&#34; style=&#34;font-kerning: none;&#34;>很抱歉，不可以。我们在收到出金申请时，将仔细核对收款人名称及账户号码是否与客户姓名及登记账号一致，不接受出金到除客户本人以外的第三方账户。</span></p>', '', '', '', '', ''),
(1, 16, 'Can I provide a third-party account and request Huatai to transfer my fund to that account?', '<p>Unfortunately, no. When we receive the withdrawal request, we will carefully check whether the payee&#39;s name and account number are consistent with the client&rsquo;s name and his/ her registered account number. We do not process withdrawal request to third-party accounts other than the client.</p>', '', '', '', '', ''),
(1, 17, 'What&#39;s the procedure of fund out?', '<p>You can:</p>\r\n<p>(1) Send the withdrawal instructions to dealing@htfc.com.hk from the email address registered when opening the account.</p>\r\n<p>(2) Call (852) 39161616 and contact our dealing and CS team.</p>\r\n<p>(3) Fill in the Fund Withdrawal Form (downloadable on the company&#39;s official website www.htfc.com.hk homepage), sign on it and email to us. Our CS team will verify your identity and signature. After checking the remaining funds in the client&rsquo;s account, we will process the fund withdrawal.</p>\r\n<p>Generally, local banks&rsquo;s working time in Hong Kong is from 9 am to 5 pm , Monday to Friday, and withdrawal request can be&nbsp; during this period. Our cut-off time is 12pm Hong Kong time. All deposit notifications received after 12pm will be postponed to the second working day for processing.</p>', '', '', '', '', ''),
(3, 17, '出金操作的具体流程是怎样的？', '<p><span style=&#34;background-color: rgb(255, 255, 255); color: rgb(51, 51, 51); font-size: 14px;&#34;>您可通过：</span></p>\r\n<p class=&#34;p1&#34; style=&#34;margin: 0px; font-variant-numeric: normal; font-variant-east-asian: normal; font-stretch: normal; font-size: 14px; line-height: normal; color: rgb(51, 51, 51);&#34;><span class=&#34;s1&#34; style=&#34;font-kerning: none; background-color: rgb(255, 255, 255);&#34;>（1）&nbsp;由开户时登记的电邮地址发送出金指示至dealing@htfc.com.hk</span></p>\r\n<p class=&#34;p2&#34; style=&#34;margin: 0px; text-align: justify; font-variant-numeric: normal; font-variant-east-asian: normal; font-stretch: normal; font-size: 14px; line-height: normal; color: rgb(51, 51, 51); min-height: 20px;&#34;>&nbsp;</p>\r\n<p class=&#34;p1&#34; style=&#34;margin: 0px; font-variant-numeric: normal; font-variant-east-asian: normal; font-stretch: normal; font-size: 14px; line-height: normal; color: rgb(51, 51, 51);&#34;><span class=&#34;s1&#34; style=&#34;font-kerning: none; background-color: rgb(255, 255, 255);&#34;>（2）&nbsp;致电（852）39161616，和本公司交易及客户服务人员联络</span></p>\r\n<p class=&#34;p2&#34; style=&#34;margin: 0px; text-align: justify; font-variant-numeric: normal; font-variant-east-asian: normal; font-stretch: normal; font-size: 14px; line-height: normal; color: rgb(51, 51, 51); min-height: 20px;&#34;>&nbsp;</p>\r\n<p class=&#34;p1&#34; style=&#34;margin: 0px; font-variant-numeric: normal; font-variant-east-asian: normal; font-stretch: normal; font-size: 14px; line-height: normal; color: rgb(51, 51, 51);&#34;><span class=&#34;s1&#34; style=&#34;font-kerning: none; background-color: rgb(255, 255, 255);&#34;>（3）&nbsp;填写出金表格（可在本公司官网</span><span class=&#34;s3&#34; style=&#34;text-decoration-line: underline; font-kerning: none; color: rgb(5, 99, 193); background-color: rgb(255, 255, 255);&#34;>www.htfc.com.hk</span><span class=&#34;s1&#34; style=&#34;font-kerning: none; background-color: rgb(255, 255, 255);&#34;>主页下载）并签署的方式向我们提出出金申请，我们专业的客服人员在确认您的签名或核对身份、确认账户内剩余资金之后，帮您办理出金。</span></p>\r\n<p class=&#34;p3&#34; style=&#34;margin: 0px; font-variant-numeric: normal; font-variant-east-asian: normal; font-stretch: normal; font-size: 17px; line-height: normal; color: rgb(51, 51, 51); min-height: 24px;&#34;>&nbsp;</p>\r\n<p class=&#34;p4&#34; style=&#34;margin: 0px; font-variant-numeric: normal; font-variant-east-asian: normal; font-stretch: normal; font-size: 14px; line-height: normal; color: rgb(51, 51, 51); background-color: rgb(255, 255, 255);&#34;><span class=&#34;s2&#34; style=&#34;font-kerning: none;&#34;>一般香港本地银行于周一至周五上午9时到下午5时工作，您的出金申请可在该段时间内进行。我们的截数时间为中午12时，所有于中午12时后收到的出金通知，都会顺延至第二个工作天处理。</span></p>', '', '', '', '', ''),
(1, 3, 'Why does it prompt &#34;Login Limits Exceeds&#34;?', '<p>The client&rsquo;s account can only be logged in from the same IP address, and must not be logged in from multiple IP addresses at the same time. In other words, if the client has logged in to the trading system on one device and he/ she tries to log in in another device without logging out the account he/ she just logged in, the system will prompt that notice.</p>\r\n<p>When logging in, please select the server closest to you. If such an error occurs when you choose the Hong Kong server, you can try to use the Shanghai server.</p>', '', '', '', '', ''),
(3, 3, '为何登录易盛交易系统时，会提示“登录数量超限”？', '<p class=&#34;p1&#34; style=&#34;margin: 0px; text-align: justify; font-variant-numeric: normal; font-variant-east-asian: normal; font-stretch: normal; font-size: 14px; line-height: normal; color: rgb(51, 51, 51);&#34;><span class=&#34;s1&#34; style=&#34;font-kerning: none; background-color: rgb(255, 255, 255);&#34;>客户的账户只能从同一</span><span class=&#34;s2&#34; style=&#34;font-variant-numeric: normal; font-variant-east-asian: normal; font-stretch: normal; line-height: normal; font-family: &#34; helvetica=&#34; font-kerning:=&#34; background-color:=&#34;&gt;IP&lt;/span&gt;&lt;span class=&#34;>地址登录，不得同时从多个地址登录，换而言之，如果客户已经在一台电脑上登录了交易系统，在没有退出登录的前提下，又尝试在别的电脑上登录，就会遇到登陆数量超限的提示。</span></p>\r\n<p class=&#34;p2&#34; style=&#34;margin: 0px; text-align: justify; font-variant-numeric: normal; font-variant-east-asian: normal; font-stretch: normal; font-size: 14px; line-height: normal; font-family: &#34; helvetica=&#34; color:=&#34; min-height:=&#34;&gt;&nbsp;&lt;/p&gt;&#10;&lt;p class=&#34;><span class=&#34;s3&#34; style=&#34;font-kerning: none;&#34;>登录时请选择距离您最近的服务器，如果选用香港服务器时出现此类报错，可以试试选用上海服务器。</span></p>', '', '', '', '', ''),
(3, 18, '易盛交易系统显示账户冻结，登录不上', '<p class=&#34;p1&#34; style=&#34;margin: 0px; text-align: justify; font-variant-numeric: normal; font-variant-east-asian: normal; font-stretch: normal; font-size: 14px; line-height: normal; color: rgb(51, 51, 51); background-color: rgb(255, 255, 255);&#34;><span class=&#34;s1&#34; style=&#34;font-kerning: none;&#34;>若连续</span><span class=&#34;s2&#34; style=&#34;font-variant-numeric: normal; font-variant-east-asian: normal; font-stretch: normal; line-height: normal; font-family: &#34; helvetica=&#34; font-kerning:=&#34;>3</span><span class=&#34;s1&#34; style=&#34;font-kerning: none;&#34;>次输错密码，账户将会被冻结。您需谨慎保管好自己的密码，并定期修改，以保证账户的安全。</span><span class=&#34;s1&#34; style=&#34;font-kerning: none;&#34;>若账户被冻结，您可随时联络本公司交易室（</span><span class=&#34;s2&#34; style=&#34;font-variant-numeric: normal; font-variant-east-asian: normal; font-stretch: normal; line-height: normal; font-family: &#34; helvetica=&#34; font-kerning:=&#34;>+852 39161616/ </span><span class=&#34;s3&#34; style=&#34;font-variant-numeric: normal; font-variant-east-asian: normal; font-stretch: normal; line-height: normal; font-family: &#34; helvetica=&#34; text-decoration-line:=&#34; font-kerning:=&#34; color:=&#34;>dealing@htfc.com.hk</span><span class=&#34;s1&#34; style=&#34;font-kerning: none;&#34;>）要求解冻，在确认客户的身份之后，交易服务团队会帮助客户重置密码。您需要定时修改密码，这样有助于您的账户安全。</span></p>', '', '', '', '', ''),
(1, 18, 'Esunny trading system shows that the account is frozen and cannot be logged in', '<p>If the client enter the wrong password three times continuously,&nbsp; his/ her account will be frozen. The client is reminded to keep the password carefully and modify it regularly to ensure the security of the futures account. If the account is frozen, the client can always contact the our dealing team (+852 39161616/ dealing@htfc.com.hk) to request unfreezing. After confirming the customer&#39;s identity, the dealing will help the client reset the password. Clients are encouraged to change the password regularly.</p>', '', '', '', '', ''),
(3, 19, '什么是双重认证？为何要输入双重认证码之后方可登录？', '<p class=&#34;p1&#34; style=&#34;margin: 0px; text-align: justify; font-variant-numeric: normal; font-variant-east-asian: normal; font-stretch: normal; font-size: 14px; line-height: normal; color: rgb(51, 51, 51); background-color: rgb(255, 255, 255);&#34;><span class=&#34;s1&#34; style=&#34;font-kerning: none;&#34;>为使客户于使用网上交易系统时得到更好保障，我们已经从</span><span class=&#34;s2&#34; style=&#34;font-variant-numeric: normal; font-variant-east-asian: normal; font-stretch: normal; line-height: normal; font-family: &#34; helvetica=&#34; font-kerning:=&#34;>2018</span><span class=&#34;s1&#34; style=&#34;font-kerning: none;&#34;>年</span><span class=&#34;s2&#34; style=&#34;font-variant-numeric: normal; font-variant-east-asian: normal; font-stretch: normal; line-height: normal; font-family: &#34; helvetica=&#34; font-kerning:=&#34;>4</span><span class=&#34;s1&#34; style=&#34;font-kerning: none;&#34;>月</span><span class=&#34;s2&#34; style=&#34;font-variant-numeric: normal; font-variant-east-asian: normal; font-stretch: normal; line-height: normal; font-family: &#34; helvetica=&#34; font-kerning:=&#34;>9</span><span class=&#34;s1&#34; style=&#34;font-kerning: none;&#34;>日开始按照监管要求启用网上保安措施</span><span class=&#34;s2&#34; style=&#34;font-variant-numeric: normal; font-variant-east-asian: normal; font-stretch: normal; line-height: normal; font-family: &#34; helvetica=&#34; font-kerning:=&#34;>&nbsp;:</span><span class=&#34;s1&#34; style=&#34;font-kerning: none;&#34;>「双重认证」。当您登陆时，系统会发出一条一次性验证密码，除了输入原有的密码外，您也需要输入通过在本公司登记的手机号码所收到的验证码，以尽可能提升网上交易的安全性。请注意，由于我们的系统仅向已登记手机发送验证码，如手机号码有所变更，应尽快联络我们更新信息，以免收不到验证码而影响正常交易。</span></p>', '', '', '', '', ''),
(1, 19, 'What is two-factor authentication? Why do I have to enter the two-factor authentication code before logging in?', '<p>In order to provide customers with better protection when using the online trading system, we have activated online security protection steps in accordance with regulatory requirements, which is two-factor authentication, from April 9, 2018. When the client logs in, the system will issue a one-time verification password. In addition to entering the original password, the client also need to enter the verification code received through the mobile phone number registered with the company to ensure the security of online transactions. Please note that since our system only sends verification codes to registered mobile phones, if the mobile phone number is changed, clients should contact us to update the information as soon as possible.</p>', '', '', '', '', ''),
(3, 20, '可否修改收取二次认证验证码的方式？', '<p class=&#34;p1&#34; style=&#34;margin: 0px; text-align: justify; font-variant-numeric: normal; font-variant-east-asian: normal; font-stretch: normal; font-size: 14px; line-height: normal; color: rgb(51, 51, 51); background-color: rgb(255, 255, 255);&#34;><span class=&#34;s1&#34; style=&#34;font-kerning: none;&#34;>我们的系统预设客户是通过手机短信（</span><span class=&#34;s2&#34; style=&#34;font-variant-numeric: normal; font-variant-east-asian: normal; font-stretch: normal; line-height: normal; font-family: &#34; helvetica=&#34; font-kerning:=&#34;>SMS</span><span class=&#34;s1&#34; style=&#34;font-kerning: none;&#34;>）的方式收取二次认证码进行登录。如您想更换收取方式，也可以向本公司提出要求，申请更改为通过电邮的方式收取二次认证码；反之亦然。</span></p>', '', '', '', '', ''),
(1, 20, 'Can I modify the method of receiving the verification code for the two-factor authentication? ', '<p>Our system presupposes that customers log in by receiving a two-factor authentication code via mobile phone text messages (SMS). If you want to change the receiving method, you can also request to receive the secondary authentication code via email; and vice versa.</p>', '', '', '', '', ''),
(1, 21, 'How to apply to view real-time exchange quotations?', '<p>There is a charge for viewing real-time market quotations; if the client need to view the real-time market data, please log in to the market information interface in Esunny trading system, click &quot;Pay&quot;, and subscribe the market data according to the guidance.</p>\r\n<p>For a detailed introduction to market charges, please refer to the section on market quotes in the &quot;Notices&rdquo; on the homepage of our company&#39;s website.</p>', '', '', '', '', ''),
(3, 21, '如何申请查阅实时交易所行情？', '<p class=&#34;p1&#34; style=&#34;margin: 0px; text-align: justify; font-variant-numeric: normal; font-variant-east-asian: normal; font-stretch: normal; font-size: 14px; line-height: normal; color: rgb(51, 51, 51);&#34;><span class=&#34;s1&#34; style=&#34;font-kerning: none; background-color: rgb(255, 255, 255);&#34;>浏览实时行情是需要收费的；如需查阅实时行情，请需登录行情界面，点击</span><span class=&#34;s2&#34; style=&#34;font-variant-numeric: normal; font-variant-east-asian: normal; font-stretch: normal; line-height: normal; font-family: &#34; helvetica=&#34; font-kerning:=&#34; background-color:=&#34;&gt;&ldquo;&lt;/span&gt;&lt;span class=&#34;>行情付费</span><span class=&#34;s2&#34; style=&#34;font-variant-numeric: normal; font-variant-east-asian: normal; font-stretch: normal; line-height: normal; font-family: &#34; helvetica=&#34; font-kerning:=&#34; background-color:=&#34;&gt;&rdquo;&lt;/span&gt;&lt;span class=&#34;>，根据指引进行订阅。</span></p>\r\n<p class=&#34;p2&#34; style=&#34;margin: 0px; text-align: justify; font-variant-numeric: normal; font-variant-east-asian: normal; font-stretch: normal; font-size: 14px; line-height: normal; font-family: &#34; helvetica=&#34; color:=&#34; min-height:=&#34;&gt;&nbsp;&lt;/p&gt;&#10;&lt;p&gt;&lt;span style=&#34; background-color:=&#34; color:=&#34; font-size:=&#34; text-align:=&#34;>有关行情收费的详细介绍，请参阅本公司网站主页中&ldquo;重要通告&rdquo;内关于行情的部分。&nbsp;</p>', '', '', '', '', ''),
(1, 22, 'What types of orders does the mobile trading system support?', '<p>Esunny mobile trading system supports limit orders and market orders. Orders can be placed and cancelled. Order modification is not supported currently. The ATP mobile trading system supports a variety of strategic orders.</p>', '', '', '', '', ''),
(3, 22, '手机交易系统支持哪些类型的单？', '<p class=&#34;p1&#34; style=&#34;margin: 0px; text-align: justify; font-variant-numeric: normal; font-variant-east-asian: normal; font-stretch: normal; font-size: 14px; line-height: normal; color: rgb(51, 51, 51); background-color: rgb(255, 255, 255);&#34;><span class=&#34;s1&#34; style=&#34;font-kerning: none;&#34;>易盛手机交易系统支持限价单、市价单的交易。可下单、撤单，暂不支持改单。ATP手机交易系统支持多种策略单。</span></p>', '', '', '', '', ''),
(3, 23, '可否接受API电子交易？', '<p class=&#34;p1&#34; style=&#34;margin: 0px; text-align: justify; font-variant-numeric: normal; font-variant-east-asian: normal; font-stretch: normal; font-size: 14px; line-height: normal; color: rgb(51, 51, 51); background-color: rgb(255, 255, 255);&#34;><span class=&#34;s1&#34; style=&#34;font-kerning: none;&#34;>本公司可接受</span><span class=&#34;s2&#34; style=&#34;font-variant-numeric: normal; font-variant-east-asian: normal; font-stretch: normal; line-height: normal; font-family: &quot;Helvetica Neue&quot;; font-kerning: none;&#34;>API</span><span class=&#34;s1&#34; style=&#34;font-kerning: none;&#34;>电子交易。您可以事先与我们确认您自身的</span><span class=&#34;s2&#34; style=&#34;font-variant-numeric: normal; font-variant-east-asian: normal; font-stretch: normal; line-height: normal; font-family: &quot;Helvetica Neue&quot;; font-kerning: none;&#34;>API</span><span class=&#34;s1&#34; style=&#34;font-kerning: none;&#34;>接口与和我们交易平台的接入是否通畅，并需签署风险同意书，在我们批核之后，就可以进行相应的API连接。</span></p>', '', '', '', '', ''),
(2, 23, '可否接受API电子交易？', '<p class=&#34;p1&#34; style=&#34;margin: 0px; text-align: justify; font-variant-numeric: normal; font-variant-east-asian: normal; font-stretch: normal; font-size: 14px; line-height: normal; color: rgb(51, 51, 51); background-color: rgb(255, 255, 255);&#34;><span class=&#34;s1&#34; style=&#34;font-kerning: none;&#34;>本公司可接受</span><span class=&#34;s2&#34; style=&#34;font-variant-numeric: normal; font-variant-east-asian: normal; font-stretch: normal; line-height: normal; font-family: &quot;Helvetica Neue&quot;; font-kerning: none;&#34;>API</span><span class=&#34;s1&#34; style=&#34;font-kerning: none;&#34;>电子交易。您可以事先与我们确认您自身的</span><span class=&#34;s2&#34; style=&#34;font-variant-numeric: normal; font-variant-east-asian: normal; font-stretch: normal; line-height: normal; font-family: &quot;Helvetica Neue&quot;; font-kerning: none;&#34;>API</span><span class=&#34;s1&#34; style=&#34;font-kerning: none;&#34;>接口与和我们交易平台的接入是否通畅，并需签署风险同意书，在我们批核之后，就可以进行相应的API连接。</span></p>', '', '', '', '', ''),
(1, 23, '可否接受API电子交易？', '<p class=&#34;p1&#34; style=&#34;margin: 0px; text-align: justify; font-variant-numeric: normal; font-variant-east-asian: normal; font-stretch: normal; font-size: 14px; line-height: normal; color: rgb(51, 51, 51); background-color: rgb(255, 255, 255);&#34;><span class=&#34;s1&#34; style=&#34;font-kerning: none;&#34;>本公司可接受</span><span class=&#34;s2&#34; style=&#34;font-variant-numeric: normal; font-variant-east-asian: normal; font-stretch: normal; line-height: normal; font-family: &quot;Helvetica Neue&quot;; font-kerning: none;&#34;>API</span><span class=&#34;s1&#34; style=&#34;font-kerning: none;&#34;>电子交易。您可以事先与我们确认您自身的</span><span class=&#34;s2&#34; style=&#34;font-variant-numeric: normal; font-variant-east-asian: normal; font-stretch: normal; line-height: normal; font-family: &quot;Helvetica Neue&quot;; font-kerning: none;&#34;>API</span><span class=&#34;s1&#34; style=&#34;font-kerning: none;&#34;>接口与和我们交易平台的接入是否通畅，并需签署风险同意书，在我们批核之后，就可以进行相应的API连接。</span></p>', '', '', '', '', ''),
(3, 24, 'LME调期平仓如何操作？', '<p class=&#34;p1&#34; style=&#34;margin: 0px; text-align: justify; font-variant-numeric: normal; font-variant-east-asian: normal; font-stretch: normal; font-size: 14px; line-height: normal; color: rgb(51, 51, 51);&#34;><span class=&#34;s1&#34; style=&#34;font-kerning: none; background-color: rgb(255, 255, 255);&#34;>因</span><span class=&#34;s2&#34; style=&#34;font-variant-numeric: normal; font-variant-east-asian: normal; font-stretch: normal; line-height: normal; font-family: &quot;Helvetica Neue&quot;; font-kerning: none; background-color: rgb(255, 255, 255);&#34;>LME</span><span class=&#34;s1&#34; style=&#34;font-kerning: none; background-color: rgb(255, 255, 255);&#34;>产品是以远期合约形式交易，有别于一般期货产品的每月只有制定一个交割日（</span><span class=&#34;s2&#34; style=&#34;font-variant-numeric: normal; font-variant-east-asian: normal; font-stretch: normal; line-height: normal; font-family: &quot;Helvetica Neue&quot;; font-kerning: none; background-color: rgb(255, 255, 255);&#34;>prompt date</span><span class=&#34;s1&#34; style=&#34;font-kerning: none; background-color: rgb(255, 255, 255);&#34;>）的情况，</span><span class=&#34;s2&#34; style=&#34;font-variant-numeric: normal; font-variant-east-asian: normal; font-stretch: normal; line-height: normal; font-family: &quot;Helvetica Neue&quot;; font-kerning: none; background-color: rgb(255, 255, 255);&#34;>LME</span><span class=&#34;s1&#34; style=&#34;font-kerning: none; background-color: rgb(255, 255, 255);&#34;>产品每个工作日均可以是交割日，不同交易日成交的合约交割日均不同。因此，要达至平仓目的，必须做一套调期交易（</span><span class=&#34;s2&#34; style=&#34;font-variant-numeric: normal; font-variant-east-asian: normal; font-stretch: normal; line-height: normal; font-family: &quot;Helvetica Neue&quot;; font-kerning: none; background-color: rgb(255, 255, 255);&#34;>carry trade</span><span class=&#34;s1&#34; style=&#34;font-kerning: none; background-color: rgb(255, 255, 255);&#34;>）方可对销不同交割日的长短仓位。</span></p>\r\n<p class=&#34;p2&#34; style=&#34;margin: 0px; text-align: justify; font-variant-numeric: normal; font-variant-east-asian: normal; font-stretch: normal; font-size: 17px; line-height: normal; font-family: &quot;Helvetica Neue&quot;; color: rgb(51, 51, 51); min-height: 20px;&#34;>&nbsp;</p>\r\n<p class=&#34;p1&#34; style=&#34;margin: 0px; text-align: justify; font-variant-numeric: normal; font-variant-east-asian: normal; font-stretch: normal; font-size: 14px; line-height: normal; color: rgb(51, 51, 51);&#34;><span class=&#34;s1&#34; style=&#34;font-kerning: none; background-color: rgb(255, 255, 255);&#34;>除了即日买卖或相同交割日的长短仓合约可直接平仓外，否则于不同交易日成交的长短仓合约是不会自动平仓的，因此有平仓需求的您需要主动提出平仓调期的要求，否则我们的交易员将会在适当时间主动致电您，向您报告平仓掉期交易价格，提醒您及时处理仓位。所以，要平仓的话，您需要先在期货交易平台买入或卖出持仓产品的反方向</span><span class=&#34;s2&#34; style=&#34;font-variant-numeric: normal; font-variant-east-asian: normal; font-stretch: normal; line-height: normal; font-family: &quot;Helvetica Neue&quot;; font-kerning: none; background-color: rgb(255, 255, 255);&#34;>3</span><span class=&#34;s1&#34; style=&#34;font-kerning: none; background-color: rgb(255, 255, 255);&#34;>个月合约，之后再联络我们交易部进行调期手续。所有平仓调期交易的价格是根据当时该产品的升水或贴水而厘定，而有关升水或贴水则因应市场供需而变化。</span></p>\r\n<p class=&#34;p2&#34; style=&#34;margin: 0px; text-align: justify; font-variant-numeric: normal; font-variant-east-asian: normal; font-stretch: normal; font-size: 17px; line-height: normal; font-family: &quot;Helvetica Neue&quot;; color: rgb(51, 51, 51); min-height: 20px;&#34;>&nbsp;</p>\r\n<p class=&#34;p3&#34; style=&#34;margin: 0px; text-align: justify; font-variant-numeric: normal; font-variant-east-asian: normal; font-stretch: normal; font-size: 14px; line-height: normal; color: rgb(51, 51, 51); background-color: rgb(255, 255, 255);&#34;><span class=&#34;s3&#34; style=&#34;font-kerning: none;&#34;>所有LME合约在交割日方能完全平仓，在交割日前所有交易仍然会记录在结单上。所有盈利在到期日前不可提取，只能作为保证金之用。</span></p>', '', '', '', '', '');
INSERT INTO `tb_huatai_faq_desc` (`language_id`, `faq_id`, `name`, `detail`, `url`, `seo_desc`, `seo_title`, `detail2`, `seo_h1`) VALUES
(2, 24, 'LME调期平仓如何操作？', '<p class=&#34;p1&#34; style=&#34;margin: 0px; text-align: justify; font-variant-numeric: normal; font-variant-east-asian: normal; font-stretch: normal; font-size: 14px; line-height: normal; color: rgb(51, 51, 51);&#34;><span class=&#34;s1&#34; style=&#34;font-kerning: none; background-color: rgb(255, 255, 255);&#34;>因</span><span class=&#34;s2&#34; style=&#34;font-variant-numeric: normal; font-variant-east-asian: normal; font-stretch: normal; line-height: normal; font-family: &quot;Helvetica Neue&quot;; font-kerning: none; background-color: rgb(255, 255, 255);&#34;>LME</span><span class=&#34;s1&#34; style=&#34;font-kerning: none; background-color: rgb(255, 255, 255);&#34;>产品是以远期合约形式交易，有别于一般期货产品的每月只有制定一个交割日（</span><span class=&#34;s2&#34; style=&#34;font-variant-numeric: normal; font-variant-east-asian: normal; font-stretch: normal; line-height: normal; font-family: &quot;Helvetica Neue&quot;; font-kerning: none; background-color: rgb(255, 255, 255);&#34;>prompt date</span><span class=&#34;s1&#34; style=&#34;font-kerning: none; background-color: rgb(255, 255, 255);&#34;>）的情况，</span><span class=&#34;s2&#34; style=&#34;font-variant-numeric: normal; font-variant-east-asian: normal; font-stretch: normal; line-height: normal; font-family: &quot;Helvetica Neue&quot;; font-kerning: none; background-color: rgb(255, 255, 255);&#34;>LME</span><span class=&#34;s1&#34; style=&#34;font-kerning: none; background-color: rgb(255, 255, 255);&#34;>产品每个工作日均可以是交割日，不同交易日成交的合约交割日均不同。因此，要达至平仓目的，必须做一套调期交易（</span><span class=&#34;s2&#34; style=&#34;font-variant-numeric: normal; font-variant-east-asian: normal; font-stretch: normal; line-height: normal; font-family: &quot;Helvetica Neue&quot;; font-kerning: none; background-color: rgb(255, 255, 255);&#34;>carry trade</span><span class=&#34;s1&#34; style=&#34;font-kerning: none; background-color: rgb(255, 255, 255);&#34;>）方可对销不同交割日的长短仓位。</span></p>\r\n<p class=&#34;p2&#34; style=&#34;margin: 0px; text-align: justify; font-variant-numeric: normal; font-variant-east-asian: normal; font-stretch: normal; font-size: 17px; line-height: normal; font-family: &quot;Helvetica Neue&quot;; color: rgb(51, 51, 51); min-height: 20px;&#34;>&nbsp;</p>\r\n<p class=&#34;p1&#34; style=&#34;margin: 0px; text-align: justify; font-variant-numeric: normal; font-variant-east-asian: normal; font-stretch: normal; font-size: 14px; line-height: normal; color: rgb(51, 51, 51);&#34;><span class=&#34;s1&#34; style=&#34;font-kerning: none; background-color: rgb(255, 255, 255);&#34;>除了即日买卖或相同交割日的长短仓合约可直接平仓外，否则于不同交易日成交的长短仓合约是不会自动平仓的，因此有平仓需求的您需要主动提出平仓调期的要求，否则我们的交易员将会在适当时间主动致电您，向您报告平仓掉期交易价格，提醒您及时处理仓位。所以，要平仓的话，您需要先在期货交易平台买入或卖出持仓产品的反方向</span><span class=&#34;s2&#34; style=&#34;font-variant-numeric: normal; font-variant-east-asian: normal; font-stretch: normal; line-height: normal; font-family: &quot;Helvetica Neue&quot;; font-kerning: none; background-color: rgb(255, 255, 255);&#34;>3</span><span class=&#34;s1&#34; style=&#34;font-kerning: none; background-color: rgb(255, 255, 255);&#34;>个月合约，之后再联络我们交易部进行调期手续。所有平仓调期交易的价格是根据当时该产品的升水或贴水而厘定，而有关升水或贴水则因应市场供需而变化。</span></p>\r\n<p class=&#34;p2&#34; style=&#34;margin: 0px; text-align: justify; font-variant-numeric: normal; font-variant-east-asian: normal; font-stretch: normal; font-size: 17px; line-height: normal; font-family: &quot;Helvetica Neue&quot;; color: rgb(51, 51, 51); min-height: 20px;&#34;>&nbsp;</p>\r\n<p class=&#34;p3&#34; style=&#34;margin: 0px; text-align: justify; font-variant-numeric: normal; font-variant-east-asian: normal; font-stretch: normal; font-size: 14px; line-height: normal; color: rgb(51, 51, 51); background-color: rgb(255, 255, 255);&#34;><span class=&#34;s3&#34; style=&#34;font-kerning: none;&#34;>所有LME合约在交割日方能完全平仓，在交割日前所有交易仍然会记录在结单上。所有盈利在到期日前不可提取，只能作为保证金之用。</span></p>', '', '', '', '', ''),
(1, 24, 'LME调期平仓如何操作？', '<p class=&#34;p1&#34; style=&#34;margin: 0px; text-align: justify; font-variant-numeric: normal; font-variant-east-asian: normal; font-stretch: normal; font-size: 14px; line-height: normal; color: rgb(51, 51, 51);&#34;><span class=&#34;s1&#34; style=&#34;font-kerning: none; background-color: rgb(255, 255, 255);&#34;>因</span><span class=&#34;s2&#34; style=&#34;font-variant-numeric: normal; font-variant-east-asian: normal; font-stretch: normal; line-height: normal; font-family: &quot;Helvetica Neue&quot;; font-kerning: none; background-color: rgb(255, 255, 255);&#34;>LME</span><span class=&#34;s1&#34; style=&#34;font-kerning: none; background-color: rgb(255, 255, 255);&#34;>产品是以远期合约形式交易，有别于一般期货产品的每月只有制定一个交割日（</span><span class=&#34;s2&#34; style=&#34;font-variant-numeric: normal; font-variant-east-asian: normal; font-stretch: normal; line-height: normal; font-family: &quot;Helvetica Neue&quot;; font-kerning: none; background-color: rgb(255, 255, 255);&#34;>prompt date</span><span class=&#34;s1&#34; style=&#34;font-kerning: none; background-color: rgb(255, 255, 255);&#34;>）的情况，</span><span class=&#34;s2&#34; style=&#34;font-variant-numeric: normal; font-variant-east-asian: normal; font-stretch: normal; line-height: normal; font-family: &quot;Helvetica Neue&quot;; font-kerning: none; background-color: rgb(255, 255, 255);&#34;>LME</span><span class=&#34;s1&#34; style=&#34;font-kerning: none; background-color: rgb(255, 255, 255);&#34;>产品每个工作日均可以是交割日，不同交易日成交的合约交割日均不同。因此，要达至平仓目的，必须做一套调期交易（</span><span class=&#34;s2&#34; style=&#34;font-variant-numeric: normal; font-variant-east-asian: normal; font-stretch: normal; line-height: normal; font-family: &quot;Helvetica Neue&quot;; font-kerning: none; background-color: rgb(255, 255, 255);&#34;>carry trade</span><span class=&#34;s1&#34; style=&#34;font-kerning: none; background-color: rgb(255, 255, 255);&#34;>）方可对销不同交割日的长短仓位。</span></p>\r\n<p class=&#34;p2&#34; style=&#34;margin: 0px; text-align: justify; font-variant-numeric: normal; font-variant-east-asian: normal; font-stretch: normal; font-size: 17px; line-height: normal; font-family: &quot;Helvetica Neue&quot;; color: rgb(51, 51, 51); min-height: 20px;&#34;>&nbsp;</p>\r\n<p class=&#34;p1&#34; style=&#34;margin: 0px; text-align: justify; font-variant-numeric: normal; font-variant-east-asian: normal; font-stretch: normal; font-size: 14px; line-height: normal; color: rgb(51, 51, 51);&#34;><span class=&#34;s1&#34; style=&#34;font-kerning: none; background-color: rgb(255, 255, 255);&#34;>除了即日买卖或相同交割日的长短仓合约可直接平仓外，否则于不同交易日成交的长短仓合约是不会自动平仓的，因此有平仓需求的您需要主动提出平仓调期的要求，否则我们的交易员将会在适当时间主动致电您，向您报告平仓掉期交易价格，提醒您及时处理仓位。所以，要平仓的话，您需要先在期货交易平台买入或卖出持仓产品的反方向</span><span class=&#34;s2&#34; style=&#34;font-variant-numeric: normal; font-variant-east-asian: normal; font-stretch: normal; line-height: normal; font-family: &quot;Helvetica Neue&quot;; font-kerning: none; background-color: rgb(255, 255, 255);&#34;>3</span><span class=&#34;s1&#34; style=&#34;font-kerning: none; background-color: rgb(255, 255, 255);&#34;>个月合约，之后再联络我们交易部进行调期手续。所有平仓调期交易的价格是根据当时该产品的升水或贴水而厘定，而有关升水或贴水则因应市场供需而变化。</span></p>\r\n<p class=&#34;p2&#34; style=&#34;margin: 0px; text-align: justify; font-variant-numeric: normal; font-variant-east-asian: normal; font-stretch: normal; font-size: 17px; line-height: normal; font-family: &quot;Helvetica Neue&quot;; color: rgb(51, 51, 51); min-height: 20px;&#34;>&nbsp;</p>\r\n<p class=&#34;p3&#34; style=&#34;margin: 0px; text-align: justify; font-variant-numeric: normal; font-variant-east-asian: normal; font-stretch: normal; font-size: 14px; line-height: normal; color: rgb(51, 51, 51); background-color: rgb(255, 255, 255);&#34;><span class=&#34;s3&#34; style=&#34;font-kerning: none;&#34;>所有LME合约在交割日方能完全平仓，在交割日前所有交易仍然会记录在结单上。所有盈利在到期日前不可提取，只能作为保证金之用。</span></p>', '', '', '', '', ''),
(3, 25, '大额持仓申报标准为何？', '<p>不同交易所及监管机构对大额持仓申报标准不同，具体请参考交易所网站：</p>\r\n<p>HKEX：https://www.hkex.com.hk/Services/Trading/Derivatives/Overview/Trading-Mechanism/Large-Open-Positions-and-Position-Limits?sc_lang=en</p>\r\n<p>CME：https://www.cmegroup.com/market-regulation/position-limits.html#</p>\r\n<p>CFTC：https://www.ecfr.gov/current/title-17/chapter-I/part-15/section-15.03</p>', '', '', '', '', ''),
(1, 25, 'Whats is the regulation on large open positions and position limits?', '<p>Regulations on large open positions and position limits differ among exchanges and regulating authorities. Please check the webistes of exchanges and regulating authorities for details.&nbsp;</p>\r\n<p>HKEX：https://www.hkex.com.hk/Services/Trading/Derivatives/Overview/Trading-Mechanism/Large-Open-Positions-and-Position-Limits?sc_lang=en</p>\r\n<p>CME：https://www.cmegroup.com/market-regulation/position-limits.html#</p>\r\n<p>CFTC：https://www.ecfr.gov/current/title-17/chapter-I/part-15/section-15.03</p>', '', '', '', '', ''),
(1, 26, 'Where can I find investor education links from the exchanges?', '<p>CME Investor Education</p>\r\n<div>https://www.cmegroup.com/education.html</div>\r\n<div>&nbsp;</div>\r\n<div>ICE Investor Education</div>\r\n<div>https://www.theice.com/support/education</div>\r\n<div>&nbsp;</div>\r\n<div>SGX Investor Education</div>\r\n<div>https://www.sgx.com/research-education</div>\r\n<div>&nbsp;</div>\r\n<div>IFEC Investor Education</div>\r\n<div>https://www.ifec.org.hk/web/tc/index.page</div>\r\n<div>&nbsp;</div>\r\n<div>HKICC</div>\r\n<div>https://www.hkicc.org.hk/about_us/introduction_c.htm</div>\r\n<div>&nbsp;</div>\r\n<div>www.investor.org.cn</div>\r\n<div>https://www.investor.org.cn/</div>\r\n<div>&nbsp;</div>\r\n<div>Securities and futures law database</div>\r\n<div>https://neris.csrc.gov.cn/falvfagui/</div>', '', '', '', '', ''),
(3, 26, '交易所投资者教育链接有哪些？', '<div>CME 投資者教育<div>\r\n<div>https://www.cmegroup.com/education.html</div>\r\n<div>&nbsp;</div>\r\n<div>ICE 投資者教育</div>\r\n<div>https://www.theice.com/support/education</div>\r\n<div>&nbsp;</div>\r\n<div>SGX 投資者教育</div>\r\n<div>https://www.sgx.com/research-education</div>\r\n<div>&nbsp;</div>\r\n<div>投資者及理財教育委員會 投資者教育</div>\r\n<div>https://www.ifec.org.hk/web/tc/index.page</div>\r\n<div>&nbsp;</div>\r\n<div>投資者賠償有限公司(香港)</div>\r\n<div>https://www.hkicc.org.hk/about_us/introduction_c.htm</div>\r\n<div>&nbsp;</div>\r\n<div>中国投资者网站</div>\r\n<div>https://www.investor.org.cn/</div>\r\n<div>&nbsp;</div>\r\n<div>中国证券期货法规数据库系统</div>\r\n<div>https://neris.csrc.gov.cn/falvfagui/</div>\r\n', '', '', '', '', ''),
(3, 27, '投资者教育连接有哪些？', '<p>CME 投資者教育</p>\r\n<div>https://www.cmegroup.com/education.html</div>\r\n<div>&nbsp;</div>\r\n<div>ICE 投資者教育</div>\r\n<div>https://www.theice.com/support/education</div>\r\n<div>&nbsp;</div>\r\n<div>SGX 投資者教育</div>\r\n<div>https://www.sgx.com/research-education</div>\r\n<div>&nbsp;</div>\r\n<div>投資者及理財教育委員會 投資者教育</div>\r\n<div>https://www.ifec.org.hk/web/tc/index.page</div>\r\n<div>&nbsp;</div>\r\n<div>投資者賠償有限公司(香港)</div>\r\n<div>https://www.hkicc.org.hk/about_us/introduction_c.htm</div>\r\n<div>&nbsp;</div>\r\n<div>中国投资者网站</div>\r\n<div>https://www.investor.org.cn/</div>\r\n<div>&nbsp;</div>\r\n<div>中国证券期货法规数据库系统</div>\r\n<div>https://neris.csrc.gov.cn/falvfagui/</div>', '', '', '', '', ''),
(1, 27, 'Where can I find the Investor Education links from the exchanges?', '<p>CME Investor Education</p>\r\n<div>https://www.cmegroup.com/education.html</div>\r\n<div>&nbsp;</div>\r\n<div>ICE Investor Education</div>\r\n<div>https://www.theice.com/support/education</div>\r\n<div>&nbsp;</div>\r\n<div>SGX Investor Education</div>\r\n<div>https://www.sgx.com/research-education</div>\r\n<div>&nbsp;</div>\r\n<div>IFEC</div>\r\n<div>https://www.ifec.org.hk/web/tc/index.page</div>\r\n<div>&nbsp;</div>\r\n<div>HKICC</div>\r\n<div>https://www.hkicc.org.hk/about_us/introduction_c.htm</div>\r\n<div>&nbsp;</div>\r\n<div>www.investor.org.cn</div>\r\n<div>https://www.investor.org.cn/</div>\r\n<div>&nbsp;</div>\r\n<div>Securities and Futures Law Database</div>\r\n<div>https://neris.csrc.gov.cn/falvfagui/</div>', '', '', '', '', '');

-- --------------------------------------------------------

--
-- 資料表結構 `tb_huatai_gender`
--

CREATE TABLE IF NOT EXISTS `tb_huatai_gender` (
  `id` bigint(20) unsigned NOT NULL,
  `sort_order` int(11) NOT NULL DEFAULT '0',
  `disabled` tinyint(1) NOT NULL DEFAULT '0',
  `create_date` timestamp NOT NULL DEFAULT '0000-00-00 00:00:00',
  `last_update_date` timestamp NOT NULL DEFAULT CURRENT_TIMESTAMP ON UPDATE CURRENT_TIMESTAMP,
  `create_by` bigint(20) NOT NULL DEFAULT '0',
  `last_update_by` bigint(20) NOT NULL DEFAULT '0'
) ENGINE=MyISAM AUTO_INCREMENT=3 DEFAULT CHARSET=utf8;

--
-- 資料表的匯出資料 `tb_huatai_gender`
--

INSERT INTO `tb_huatai_gender` (`id`, `sort_order`, `disabled`, `create_date`, `last_update_date`, `create_by`, `last_update_by`) VALUES
(1, 1, 0, '0000-00-00 00:00:00', '2020-12-30 01:08:47', 0, 0),
(2, 2, 0, '0000-00-00 00:00:00', '2020-12-30 01:08:47', 0, 0);

-- --------------------------------------------------------

--
-- 資料表結構 `tb_huatai_gender_desc`
--

CREATE TABLE IF NOT EXISTS `tb_huatai_gender_desc` (
  `language_id` int(11) NOT NULL DEFAULT '0',
  `gender_id` int(11) NOT NULL DEFAULT '0',
  `name` text CHARACTER SET utf8 COLLATE utf8_unicode_ci NOT NULL
) ENGINE=MyISAM DEFAULT CHARSET=utf8;

--
-- 資料表的匯出資料 `tb_huatai_gender_desc`
--

INSERT INTO `tb_huatai_gender_desc` (`language_id`, `gender_id`, `name`) VALUES
(1, 1, 'Male'),
(1, 2, 'Female'),
(2, 1, '男'),
(2, 2, '女'),
(3, 1, '男'),
(3, 2, '女');

-- --------------------------------------------------------

--
-- 資料表結構 `tb_huatai_home_banner`
--

CREATE TABLE IF NOT EXISTS `tb_huatai_home_banner` (
  `id` bigint(20) unsigned NOT NULL,
  `sort_order` int(11) NOT NULL DEFAULT '0',
  `code` text CHARACTER SET utf8 COLLATE utf8_unicode_ci NOT NULL,
  `remark` text CHARACTER SET utf8 COLLATE utf8_unicode_ci NOT NULL,
  `disabled` tinyint(1) NOT NULL DEFAULT '0',
  `create_date` timestamp NOT NULL DEFAULT '0000-00-00 00:00:00',
  `last_update_date` timestamp NOT NULL DEFAULT CURRENT_TIMESTAMP ON UPDATE CURRENT_TIMESTAMP,
  `create_by` bigint(20) NOT NULL DEFAULT '0',
  `last_update_by` bigint(20) NOT NULL DEFAULT '0',
  `url_target` text NOT NULL,
  `seo_url` text NOT NULL,
  `seo_keyword` text NOT NULL,
  `start_date` date DEFAULT '0000-00-00',
  `end_date` date DEFAULT '0000-00-00',
  `display_date` date DEFAULT '0000-00-00',
  `youtube_id` text NOT NULL,
  `video_time` text NOT NULL,
  `video_path1` text NOT NULL,
  `video_path2` text NOT NULL,
  `url_target2` text NOT NULL,
  `url2` text NOT NULL
) ENGINE=MyISAM AUTO_INCREMENT=5 DEFAULT CHARSET=utf8;

--
-- 資料表的匯出資料 `tb_huatai_home_banner`
--

INSERT INTO `tb_huatai_home_banner` (`id`, `sort_order`, `code`, `remark`, `disabled`, `create_date`, `last_update_date`, `create_by`, `last_update_by`, `url_target`, `seo_url`, `seo_keyword`, `start_date`, `end_date`, `display_date`, `youtube_id`, `video_time`, `video_path1`, `video_path2`, `url_target2`, `url2`) VALUES
(1, 2, '', '', 2, '2020-12-20 05:43:34', '2021-01-08 04:29:31', 2, 2, '1', '立足香港-联通全球', '', '0000-00-00', '0000-00-00', '0000-00-00', '', '', '', '', '1', ''),
(2, 1, '', '', 0, '2020-12-20 05:43:34', '2021-03-31 11:29:15', 2, 2, '1', 'huatai-hong-kong-futures-ltd中国领先的金融衍生品综合服务平台', '', '0000-00-00', '0000-00-00', '0000-00-00', '', '', '', '', '1', ''),
(3, 3, '', '', 0, '2021-01-07 09:38:23', '2021-02-16 02:46:10', 2, 2, '1', 'huatai-hong-kong-futures-ltd中国领先的金融衍生品综合服务平台', '', '0000-00-00', '0000-00-00', '0000-00-00', '', '', '', '', '1', ''),
(4, 2, '', '', 0, '2021-01-08 07:40:48', '2021-04-19 03:32:38', 2, 2, '1', 'huatai-hong-kong-futures-ltd中国领先的金融衍生品综合服务平台', '', '0000-00-00', '0000-00-00', '0000-00-00', '', '', '', '', '1', '');

-- --------------------------------------------------------

--
-- 資料表結構 `tb_huatai_home_banner_desc`
--

CREATE TABLE IF NOT EXISTS `tb_huatai_home_banner_desc` (
  `language_id` int(11) NOT NULL DEFAULT '0',
  `home_banner_id` int(11) NOT NULL DEFAULT '0',
  `name` text CHARACTER SET utf8 COLLATE utf8_unicode_ci NOT NULL,
  `detail` text CHARACTER SET utf8 COLLATE utf8_unicode_ci NOT NULL,
  `url` text NOT NULL,
  `seo_desc` text NOT NULL,
  `seo_title` text NOT NULL,
  `name2` text NOT NULL,
  `video_path1` text NOT NULL,
  `video_path2` text NOT NULL,
  `seo_h1` text NOT NULL,
  `url2` text NOT NULL
) ENGINE=MyISAM DEFAULT CHARSET=utf8;

--
-- 資料表的匯出資料 `tb_huatai_home_banner_desc`
--

INSERT INTO `tb_huatai_home_banner_desc` (`language_id`, `home_banner_id`, `name`, `detail`, `url`, `seo_desc`, `seo_title`, `name2`, `video_path1`, `video_path2`, `seo_h1`, `url2`) VALUES
(1, 1, '立足香港 联通全球', '', 'about_us.php', '', '立足香港 联通全球', '', '', '', '', 'contact_us.php'),
(3, 1, 'HUATAI (HONG KONG) FUTURES LTD\r\n中国领先的金融衍生品综合服务平台', '', 'about_us.php', '', 'HUATAI (HONG KONG) FUTURES LTD中国领先的金融衍生品综合服务平台', '', '', '', '', 'contact_us.php'),
(2, 1, 'HUATAI (HONG KONG) FUTURES LTD\r\n中国领先的金融衍生品综合服务平台', '', 'about_us.php', '', 'HUATAI (HONG KONG) FUTURES LTD中国领先的金融衍生品综合服务平台', '', '', '', '', 'contact_us.php'),
(1, 2, 'HUATAI (HONG KONG) FUTURES LTD\r\nChina&#39;s Leading Integrated Derivatives Trading Service Platform', 'Rooted in Hong Kong, Connect the World', 'about_us.php', '', 'HUATAI (HONG KONG) FUTURES LTD中国领先的金融衍生品综合服务平台', '', '', '', '', 'pas_reg_ac.php'),
(3, 2, 'HUATAI (HONG KONG) FUTURES LTD\r\n中国领先的金融衍生品综合服务平台', '立足香港 联通全球', 'about_us.php', '', 'HUATAI (HONG KONG) FUTURES LTD中国领先的金融衍生品综合服务平台', '', '', '', '', 'pas_reg_ac.php'),
(3, 3, '', '', '', '', 'HUATAI (HONG KONG) FUTURES LTD中国领先的金融衍生品综合服务平台', '', '', '', '', ''),
(2, 3, '', '', '', '', 'HUATAI (HONG KONG) FUTURES LTD中国领先的金融衍生品综合服务平台', '', '', '', '', ''),
(1, 3, '', '', '', '', 'HUATAI (HONG KONG) FUTURES LTD中国领先的金融衍生品综合服务平台', '', '', '', '', ''),
(1, 4, 'HUATAI (HONG KONG) FUTURES LTD\r\nChina&#39;s Leading Integrated Derivatives Trading Service Platform', 'Rooted in Hong Kong, Connect the World', 'about_us.php', '', 'HUATAI (HONG KONG) FUTURES LTD中国领先的金融衍生品综合服务平台', '', '', '', '', 'pas_reg_ac.php'),
(3, 4, 'HUATAI (HONG KONG) FUTURES LTD\r\n中国领先的金融衍生品综合服务平台', '立足香港 联通全球', 'about_us.php', '', 'HUATAI (HONG KONG) FUTURES LTD中国领先的金融衍生品综合服务平台', '', '', '', '', 'pas_reg_ac.php');

-- --------------------------------------------------------

--
-- 資料表結構 `tb_huatai_home_banner_photo`
--

CREATE TABLE IF NOT EXISTS `tb_huatai_home_banner_photo` (
  `id` bigint(20) unsigned NOT NULL,
  `home_banner_id` bigint(20) NOT NULL DEFAULT '0',
  `sort_order` bigint(11) NOT NULL DEFAULT '0',
  `img` text CHARACTER SET utf8 COLLATE utf8_unicode_ci NOT NULL,
  `caption` text CHARACTER SET utf8 COLLATE utf8_unicode_ci NOT NULL,
  `language_id` int(11) NOT NULL DEFAULT '0',
  `disabled` tinyint(1) NOT NULL DEFAULT '0',
  `create_date` timestamp NOT NULL DEFAULT '0000-00-00 00:00:00',
  `last_update_date` timestamp NOT NULL DEFAULT CURRENT_TIMESTAMP ON UPDATE CURRENT_TIMESTAMP,
  `create_by` bigint(20) NOT NULL DEFAULT '0',
  `last_update_by` bigint(20) NOT NULL DEFAULT '0',
  `img2` text
) ENGINE=MyISAM AUTO_INCREMENT=51 DEFAULT CHARSET=utf8;

--
-- 資料表的匯出資料 `tb_huatai_home_banner_photo`
--

INSERT INTO `tb_huatai_home_banner_photo` (`id`, `home_banner_id`, `sort_order`, `img`, `caption`, `language_id`, `disabled`, `create_date`, `last_update_date`, `create_by`, `last_update_by`, `img2`) VALUES
(4, 1, 1, 'upload/images/home_banner/20210107173407_4.jpg', '', 3, 0, '2021-01-07 09:34:08', '2021-01-07 09:34:08', 2, 2, NULL),
(49, 2, 1, 'upload/images/home_banner/20210108152650_15.jpg', '', 3, 0, '2022-05-17 07:05:26', '2022-05-17 07:05:26', 2, 2, NULL),
(41, 3, 1, 'upload/images/home_banner/20210108152711_16.jpg', '', 3, 0, '2021-02-16 02:47:44', '2021-02-16 02:47:44', 2, 2, NULL),
(50, 4, 1, 'upload/images/home_banner/20210108154052_17.jpg', '', 3, 0, '2022-05-17 07:05:35', '2022-05-17 07:05:35', 2, 2, NULL);

-- --------------------------------------------------------

--
-- 資料表結構 `tb_huatai_home_banner_photo02`
--

CREATE TABLE IF NOT EXISTS `tb_huatai_home_banner_photo02` (
  `id` bigint(20) unsigned NOT NULL,
  `home_banner_id` bigint(20) NOT NULL DEFAULT '0',
  `sort_order` bigint(11) NOT NULL DEFAULT '0',
  `img` text CHARACTER SET utf8 COLLATE utf8_unicode_ci NOT NULL,
  `caption` text CHARACTER SET utf8 COLLATE utf8_unicode_ci NOT NULL,
  `language_id` int(11) NOT NULL DEFAULT '0',
  `disabled` tinyint(1) NOT NULL DEFAULT '0',
  `create_date` timestamp NOT NULL DEFAULT '0000-00-00 00:00:00',
  `last_update_date` timestamp NOT NULL DEFAULT CURRENT_TIMESTAMP ON UPDATE CURRENT_TIMESTAMP,
  `create_by` bigint(20) NOT NULL DEFAULT '0',
  `last_update_by` bigint(20) NOT NULL DEFAULT '0',
  `img2` text
) ENGINE=MyISAM AUTO_INCREMENT=46 DEFAULT CHARSET=utf8;

--
-- 資料表的匯出資料 `tb_huatai_home_banner_photo02`
--

INSERT INTO `tb_huatai_home_banner_photo02` (`id`, `home_banner_id`, `sort_order`, `img`, `caption`, `language_id`, `disabled`, `create_date`, `last_update_date`, `create_by`, `last_update_by`, `img2`) VALUES
(4, 1, 1, 'upload/images/home_banner/20210107173408_4_img.jpg', '', 3, 0, '2021-01-07 09:34:09', '2021-01-07 09:34:09', 2, 2, NULL),
(44, 2, 1, 'upload/images/home_banner/20210119151245_22_img.jpg', '', 3, 0, '2022-05-17 07:05:26', '2022-05-17 07:05:26', 2, 2, NULL),
(36, 3, 1, 'upload/images/home_banner/20210205213628_27_img.jpg', '', 3, 0, '2021-02-16 02:47:44', '2021-02-16 02:47:44', 2, 2, NULL),
(45, 4, 1, 'upload/images/home_banner/20210119150531_19_img.jpg', '', 3, 0, '2022-05-17 07:05:35', '2022-05-17 07:05:35', 2, 2, NULL);

-- --------------------------------------------------------

--
-- 資料表結構 `tb_huatai_home_banner_photo03`
--

CREATE TABLE IF NOT EXISTS `tb_huatai_home_banner_photo03` (
  `id` bigint(20) unsigned NOT NULL,
  `home_banner_id` bigint(20) NOT NULL DEFAULT '0',
  `sort_order` bigint(11) NOT NULL DEFAULT '0',
  `img` text CHARACTER SET utf8 COLLATE utf8_unicode_ci NOT NULL,
  `caption` text CHARACTER SET utf8 COLLATE utf8_unicode_ci NOT NULL,
  `language_id` int(11) NOT NULL DEFAULT '0',
  `disabled` tinyint(1) NOT NULL DEFAULT '0',
  `create_date` timestamp NOT NULL DEFAULT '0000-00-00 00:00:00',
  `last_update_date` timestamp NOT NULL DEFAULT CURRENT_TIMESTAMP ON UPDATE CURRENT_TIMESTAMP,
  `create_by` bigint(20) NOT NULL DEFAULT '0',
  `last_update_by` bigint(20) NOT NULL DEFAULT '0',
  `img2` text
) ENGINE=MyISAM AUTO_INCREMENT=19 DEFAULT CHARSET=utf8;

--
-- 資料表的匯出資料 `tb_huatai_home_banner_photo03`
--

INSERT INTO `tb_huatai_home_banner_photo03` (`id`, `home_banner_id`, `sort_order`, `img`, `caption`, `language_id`, `disabled`, `create_date`, `last_update_date`, `create_by`, `last_update_by`, `img2`) VALUES
(17, 2, 1, 'upload/files/home_banner/20210218140018_13_img.pdf', '', 3, 1, '2022-05-17 07:05:26', '2022-05-17 07:05:26', 2, 2, NULL),
(18, 4, 1, 'upload/files/home_banner/20210218140008_12_img.pdf', '', 3, 1, '2022-05-17 07:05:35', '2022-05-17 07:05:35', 2, 2, NULL),
(9, 3, 1, 'upload/files/home_banner/20210216104712_8_img.pdf', '', 3, 1, '2021-02-16 02:47:44', '2021-02-16 02:47:44', 2, 2, NULL);

-- --------------------------------------------------------

--
-- 資料表結構 `tb_huatai_home_promotion`
--

CREATE TABLE IF NOT EXISTS `tb_huatai_home_promotion` (
  `id` bigint(20) unsigned NOT NULL,
  `sort_order` int(11) NOT NULL DEFAULT '0',
  `code` text CHARACTER SET utf8 COLLATE utf8_unicode_ci NOT NULL,
  `remark` text CHARACTER SET utf8 COLLATE utf8_unicode_ci NOT NULL,
  `disabled` tinyint(1) NOT NULL DEFAULT '0',
  `create_date` timestamp NOT NULL DEFAULT '0000-00-00 00:00:00',
  `last_update_date` timestamp NOT NULL DEFAULT CURRENT_TIMESTAMP ON UPDATE CURRENT_TIMESTAMP,
  `create_by` bigint(20) NOT NULL DEFAULT '0',
  `last_update_by` bigint(20) NOT NULL DEFAULT '0',
  `url_target` text NOT NULL,
  `seo_url` text NOT NULL,
  `seo_keyword` text NOT NULL,
  `start_date` date DEFAULT '0000-00-00',
  `end_date` date DEFAULT '0000-00-00',
  `display_date` date DEFAULT '0000-00-00',
  `youtube_id` text NOT NULL,
  `video_time` text NOT NULL,
  `video_path1` text NOT NULL,
  `video_path2` text NOT NULL,
  `url_target2` text NOT NULL,
  `url2` text NOT NULL
) ENGINE=MyISAM AUTO_INCREMENT=2 DEFAULT CHARSET=utf8;

--
-- 資料表的匯出資料 `tb_huatai_home_promotion`
--

INSERT INTO `tb_huatai_home_promotion` (`id`, `sort_order`, `code`, `remark`, `disabled`, `create_date`, `last_update_date`, `create_by`, `last_update_by`, `url_target`, `seo_url`, `seo_keyword`, `start_date`, `end_date`, `display_date`, `youtube_id`, `video_time`, `video_path1`, `video_path2`, `url_target2`, `url2`) VALUES
(1, 1, '', '', 0, '2020-12-20 05:47:28', '2020-12-30 01:08:48', 2, 2, '1', 'api叚量圖交易', '', '0000-00-00', '0000-00-00', '0000-00-00', '', '', '', '', '1', '');

-- --------------------------------------------------------

--
-- 資料表結構 `tb_huatai_home_promotion2`
--

CREATE TABLE IF NOT EXISTS `tb_huatai_home_promotion2` (
  `id` bigint(20) unsigned NOT NULL,
  `sort_order` int(11) NOT NULL DEFAULT '0',
  `code` text CHARACTER SET utf8 COLLATE utf8_unicode_ci NOT NULL,
  `remark` text CHARACTER SET utf8 COLLATE utf8_unicode_ci NOT NULL,
  `disabled` tinyint(1) NOT NULL DEFAULT '0',
  `create_date` timestamp NOT NULL DEFAULT '0000-00-00 00:00:00',
  `last_update_date` timestamp NOT NULL DEFAULT CURRENT_TIMESTAMP ON UPDATE CURRENT_TIMESTAMP,
  `create_by` bigint(20) NOT NULL DEFAULT '0',
  `last_update_by` bigint(20) NOT NULL DEFAULT '0',
  `url_target` text NOT NULL,
  `seo_url` text NOT NULL,
  `seo_keyword` text NOT NULL,
  `start_date` date DEFAULT '0000-00-00',
  `end_date` date DEFAULT '0000-00-00',
  `display_date` date DEFAULT '0000-00-00',
  `youtube_id` text NOT NULL,
  `video_time` text NOT NULL,
  `video_path1` text NOT NULL,
  `video_path2` text NOT NULL,
  `url_target2` text NOT NULL,
  `url2` text NOT NULL
) ENGINE=MyISAM AUTO_INCREMENT=5 DEFAULT CHARSET=utf8;

--
-- 資料表的匯出資料 `tb_huatai_home_promotion2`
--

INSERT INTO `tb_huatai_home_promotion2` (`id`, `sort_order`, `code`, `remark`, `disabled`, `create_date`, `last_update_date`, `create_by`, `last_update_by`, `url_target`, `seo_url`, `seo_keyword`, `start_date`, `end_date`, `display_date`, `youtube_id`, `video_time`, `video_path1`, `video_path2`, `url_target2`, `url2`) VALUES
(1, 1, '', '', 0, '2020-12-20 05:53:08', '2020-12-30 01:08:48', 2, 2, '1', '易盛手机交易平台', '', '0000-00-00', '0000-00-00', '0000-00-00', '', '', '', '', '1', ''),
(2, 2, '', '', 0, '2020-12-20 05:53:08', '2021-01-27 09:08:03', 2, 2, '1', '易盛线上交易平台', '', '0000-00-00', '0000-00-00', '0000-00-00', '', '', '', '', '1', ''),
(3, 3, '', '', 0, '2020-12-20 05:53:08', '2021-01-27 09:08:19', 2, 2, '1', 'atp交易系统', '', '0000-00-00', '0000-00-00', '0000-00-00', '', '', '', '', '1', ''),
(4, 4, '', '', 0, '2020-12-20 05:53:08', '2021-01-27 09:09:17', 2, 2, '1', 'tt交易系统', '', '0000-00-00', '0000-00-00', '0000-00-00', '', '', '', '', '1', '');

-- --------------------------------------------------------

--
-- 資料表結構 `tb_huatai_home_promotion2_desc`
--

CREATE TABLE IF NOT EXISTS `tb_huatai_home_promotion2_desc` (
  `language_id` int(11) NOT NULL DEFAULT '0',
  `home_promotion2_id` int(11) NOT NULL DEFAULT '0',
  `name` text CHARACTER SET utf8 COLLATE utf8_unicode_ci NOT NULL,
  `detail` text CHARACTER SET utf8 COLLATE utf8_unicode_ci NOT NULL,
  `url` text NOT NULL,
  `seo_desc` text NOT NULL,
  `seo_title` text NOT NULL,
  `name2` text NOT NULL,
  `video_path1` text NOT NULL,
  `video_path2` text NOT NULL,
  `seo_h1` text NOT NULL,
  `url2` text NOT NULL
) ENGINE=MyISAM DEFAULT CHARSET=utf8;

--
-- 資料表的匯出資料 `tb_huatai_home_promotion2_desc`
--

INSERT INTO `tb_huatai_home_promotion2_desc` (`language_id`, `home_promotion2_id`, `name`, `detail`, `url`, `seo_desc`, `seo_title`, `name2`, `video_path1`, `video_path2`, `seo_h1`, `url2`) VALUES
(3, 1, '易盛手机交易平台', '交易行情联动，掌控收益风险', 'pas_software.php', '', 'x', '', '', '', '', ''),
(1, 1, 'Esunny Mobile Trading Platform', 'Provides Linkage Between Trading & Market Data and Profit & Risk Control', 'pas_software.php', '', 'x', '', '', '', '', ''),
(2, 1, '易盛手机交易平台', '交易行情联动，掌控收益风险', 'pas_software.php', '', 'x', '', '', '', '', ''),
(3, 2, '易盛线上交易平台', '交易、行情、程序化一体的综合性交易平台', 'pas_software.php', '', '易盛线上交易平台', '', '', '', '', ''),
(1, 2, 'Esunny Online Trading Platform', 'A Comprehensive Trading Platform Integrating Trading, Market Data and Programming', 'pas_software.php', '', '易盛线上交易平台', '', '', '', '', ''),
(2, 2, '易盛线上交易平台', '交易、行情、程序化一体的综合性交易平台', 'pas_software.php', '', '易盛线上交易平台', '', '', '', '', ''),
(1, 3, 'ATP Trading Platform', 'Support Various Trading Strategies and Arbitrage Programmes', 'pas_software.php', '', 'ATP交易系统', '', '', '', '', ''),
(3, 3, 'ATP交易系统', '支持多项策略单功能及套利程序', 'pas_software.php', '', 'ATP交易系统', '', '', '', '', ''),
(2, 3, 'ATP交易系统', '支持多项策略单功能及套利程序', 'pas_software.php', '', 'ATP交易系统', '', '', '', '', ''),
(1, 4, 'TT', 'Tailored for Professional Investors, Providing Customised Trading Tools for Different Trading Strategies', 'pas_software.php', '', 'TT交易系统', '', '', '', '', ''),
(3, 4, 'TT交易系统', '为专业投资者量身定制，应不同的交易策略提供定制化交易工具', 'pas_software.php', '', 'TT交易系统', '', '', '', '', ''),
(2, 4, 'TT交易系统', '为专业投资者量身定制，应不同的交易策略提供定制化交易工具', 'pas_software.php', '', 'TT交易系统', '', '', '', '', '');

-- --------------------------------------------------------

--
-- 資料表結構 `tb_huatai_home_promotion2_photo`
--

CREATE TABLE IF NOT EXISTS `tb_huatai_home_promotion2_photo` (
  `id` bigint(20) unsigned NOT NULL,
  `home_promotion2_id` bigint(20) NOT NULL DEFAULT '0',
  `sort_order` bigint(11) NOT NULL DEFAULT '0',
  `img` text CHARACTER SET utf8 COLLATE utf8_unicode_ci NOT NULL,
  `caption` text CHARACTER SET utf8 COLLATE utf8_unicode_ci NOT NULL,
  `language_id` int(11) NOT NULL DEFAULT '0',
  `disabled` tinyint(1) NOT NULL DEFAULT '0',
  `create_date` timestamp NOT NULL DEFAULT '0000-00-00 00:00:00',
  `last_update_date` timestamp NOT NULL DEFAULT CURRENT_TIMESTAMP ON UPDATE CURRENT_TIMESTAMP,
  `create_by` bigint(20) NOT NULL DEFAULT '0',
  `last_update_by` bigint(20) NOT NULL DEFAULT '0',
  `img2` text
) ENGINE=MyISAM DEFAULT CHARSET=utf8;

-- --------------------------------------------------------

--
-- 資料表結構 `tb_huatai_home_promotion2_photo02`
--

CREATE TABLE IF NOT EXISTS `tb_huatai_home_promotion2_photo02` (
  `id` bigint(20) unsigned NOT NULL,
  `home_promotion2_id` bigint(20) NOT NULL DEFAULT '0',
  `sort_order` bigint(11) NOT NULL DEFAULT '0',
  `img` text CHARACTER SET utf8 COLLATE utf8_unicode_ci NOT NULL,
  `caption` text CHARACTER SET utf8 COLLATE utf8_unicode_ci NOT NULL,
  `language_id` int(11) NOT NULL DEFAULT '0',
  `disabled` tinyint(1) NOT NULL DEFAULT '0',
  `create_date` timestamp NOT NULL DEFAULT '0000-00-00 00:00:00',
  `last_update_date` timestamp NOT NULL DEFAULT CURRENT_TIMESTAMP ON UPDATE CURRENT_TIMESTAMP,
  `create_by` bigint(20) NOT NULL DEFAULT '0',
  `last_update_by` bigint(20) NOT NULL DEFAULT '0',
  `img2` text
) ENGINE=MyISAM DEFAULT CHARSET=utf8;

-- --------------------------------------------------------

--
-- 資料表結構 `tb_huatai_home_promotion_desc`
--

CREATE TABLE IF NOT EXISTS `tb_huatai_home_promotion_desc` (
  `language_id` int(11) NOT NULL DEFAULT '0',
  `home_promotion_id` int(11) NOT NULL DEFAULT '0',
  `name` text CHARACTER SET utf8 COLLATE utf8_unicode_ci NOT NULL,
  `detail` text CHARACTER SET utf8 COLLATE utf8_unicode_ci NOT NULL,
  `url` text NOT NULL,
  `seo_desc` text NOT NULL,
  `seo_title` text NOT NULL,
  `name2` text NOT NULL,
  `video_path1` text NOT NULL,
  `video_path2` text NOT NULL,
  `seo_h1` text NOT NULL,
  `url2` text NOT NULL
) ENGINE=MyISAM DEFAULT CHARSET=utf8;

--
-- 資料表的匯出資料 `tb_huatai_home_promotion_desc`
--

INSERT INTO `tb_huatai_home_promotion_desc` (`language_id`, `home_promotion_id`, `name`, `detail`, `url`, `seo_desc`, `seo_title`, `name2`, `video_path1`, `video_path2`, `seo_h1`, `url2`) VALUES
(1, 1, 'API & Quantitative Trading', 'Huatai Hong Kong (Futures) Co., Ltd. provides various types of trading software, comes with mobile trading platforms and provides an open API interface. It facilitates programmatic trading, easily connects to the global futures and options market, and becomes an expert in internal and external arbitrage around you.', '', '', 'API及量化交易', '', '', '', '', ''),
(2, 1, 'API及量化交易', '华泰（香港）期货有限公司提供各类别交易软件，附带手机交易平台，提供开放API 接口，助力程序化交易，轻松连接全球期货及期权市场，成为您身边的内外盘套利专家。', '', '', 'API及量化交易', '', '', '', '', ''),
(3, 1, 'API及量化交易', '华泰（香港）期货有限公司提供各类别交易软件，附带手机交易平台，提供开放API 接口，助力程序化交易，轻松连接全球期货及期权市场，成为您身边的内外盘套利专家。', '', '', 'API及量化交易', '', '', '', '', '');

-- --------------------------------------------------------

--
-- 資料表結構 `tb_huatai_home_promotion_photo`
--

CREATE TABLE IF NOT EXISTS `tb_huatai_home_promotion_photo` (
  `id` bigint(20) unsigned NOT NULL,
  `home_promotion_id` bigint(20) NOT NULL DEFAULT '0',
  `sort_order` bigint(11) NOT NULL DEFAULT '0',
  `img` text CHARACTER SET utf8 COLLATE utf8_unicode_ci NOT NULL,
  `caption` text CHARACTER SET utf8 COLLATE utf8_unicode_ci NOT NULL,
  `language_id` int(11) NOT NULL DEFAULT '0',
  `disabled` tinyint(1) NOT NULL DEFAULT '0',
  `create_date` timestamp NOT NULL DEFAULT '0000-00-00 00:00:00',
  `last_update_date` timestamp NOT NULL DEFAULT CURRENT_TIMESTAMP ON UPDATE CURRENT_TIMESTAMP,
  `create_by` bigint(20) NOT NULL DEFAULT '0',
  `last_update_by` bigint(20) NOT NULL DEFAULT '0',
  `img2` text
) ENGINE=MyISAM AUTO_INCREMENT=8 DEFAULT CHARSET=utf8;

--
-- 資料表的匯出資料 `tb_huatai_home_promotion_photo`
--

INSERT INTO `tb_huatai_home_promotion_photo` (`id`, `home_promotion_id`, `sort_order`, `img`, `caption`, `language_id`, `disabled`, `create_date`, `last_update_date`, `create_by`, `last_update_by`, `img2`) VALUES
(7, 1, 1, 'upload/images/home_promotion/20210119150121_5.jpg', '', 3, 0, '2021-03-15 03:45:06', '2021-03-15 03:45:06', 2, 2, NULL);

-- --------------------------------------------------------

--
-- 資料表結構 `tb_huatai_home_promotion_photo02`
--

CREATE TABLE IF NOT EXISTS `tb_huatai_home_promotion_photo02` (
  `id` bigint(20) unsigned NOT NULL,
  `home_promotion_id` bigint(20) NOT NULL DEFAULT '0',
  `sort_order` bigint(11) NOT NULL DEFAULT '0',
  `img` text CHARACTER SET utf8 COLLATE utf8_unicode_ci NOT NULL,
  `caption` text CHARACTER SET utf8 COLLATE utf8_unicode_ci NOT NULL,
  `language_id` int(11) NOT NULL DEFAULT '0',
  `disabled` tinyint(1) NOT NULL DEFAULT '0',
  `create_date` timestamp NOT NULL DEFAULT '0000-00-00 00:00:00',
  `last_update_date` timestamp NOT NULL DEFAULT CURRENT_TIMESTAMP ON UPDATE CURRENT_TIMESTAMP,
  `create_by` bigint(20) NOT NULL DEFAULT '0',
  `last_update_by` bigint(20) NOT NULL DEFAULT '0',
  `img2` text
) ENGINE=MyISAM AUTO_INCREMENT=8 DEFAULT CHARSET=utf8;

--
-- 資料表的匯出資料 `tb_huatai_home_promotion_photo02`
--

INSERT INTO `tb_huatai_home_promotion_photo02` (`id`, `home_promotion_id`, `sort_order`, `img`, `caption`, `language_id`, `disabled`, `create_date`, `last_update_date`, `create_by`, `last_update_by`, `img2`) VALUES
(7, 1, 1, 'upload/images/home_promotion/20210119150121_5_img.jpg', '', 3, 0, '2021-03-15 03:45:06', '2021-03-15 03:45:06', 2, 2, NULL);

-- --------------------------------------------------------

--
-- 資料表結構 `tb_huatai_important_notice`
--

CREATE TABLE IF NOT EXISTS `tb_huatai_important_notice` (
  `id` bigint(20) unsigned NOT NULL,
  `sort_order` int(11) NOT NULL DEFAULT '0',
  `code` text CHARACTER SET utf8 COLLATE utf8_unicode_ci NOT NULL,
  `remark` text CHARACTER SET utf8 COLLATE utf8_unicode_ci NOT NULL,
  `disabled` tinyint(1) NOT NULL DEFAULT '0',
  `create_date` timestamp NOT NULL DEFAULT '0000-00-00 00:00:00',
  `last_update_date` timestamp NOT NULL DEFAULT CURRENT_TIMESTAMP ON UPDATE CURRENT_TIMESTAMP,
  `create_by` bigint(20) NOT NULL DEFAULT '0',
  `last_update_by` bigint(20) NOT NULL DEFAULT '0',
  `url_target` text NOT NULL,
  `seo_url` text NOT NULL,
  `seo_keyword` text NOT NULL,
  `start_date` date DEFAULT '0000-00-00',
  `end_date` date DEFAULT '0000-00-00',
  `display_date` date DEFAULT '0000-00-00',
  `youtube_id` text NOT NULL,
  `other_link` text NOT NULL,
  `important_notice_category_id` text NOT NULL
) ENGINE=MyISAM AUTO_INCREMENT=61 DEFAULT CHARSET=utf8;

--
-- 資料表的匯出資料 `tb_huatai_important_notice`
--

INSERT INTO `tb_huatai_important_notice` (`id`, `sort_order`, `code`, `remark`, `disabled`, `create_date`, `last_update_date`, `create_by`, `last_update_by`, `url_target`, `seo_url`, `seo_keyword`, `start_date`, `end_date`, `display_date`, `youtube_id`, `other_link`, `important_notice_category_id`) VALUES
(2, 1, '', '', 0, '2020-12-20 06:28:09', '2021-02-04 09:04:50', 2, 1, '', '关亞msci新产品业线通', '', '0000-00-00', '0000-00-00', '2020-11-23', '', '', '1'),
(3, 2, '', '', 0, '2020-12-20 06:28:09', '2021-01-29 04:54:02', 2, 2, '', '关亞msci新产品业线通', '', '0000-00-00', '0000-00-00', '2020-12-29', '', '', '1'),
(4, 3, '', '', 0, '2021-01-29 04:54:51', '2021-02-01 02:42:44', 2, 2, '', 'msci新产品上线通知', '', '0000-00-00', '0000-00-00', '2020-07-30', '', '', '1'),
(5, 4, '', '', 0, '2021-01-29 04:55:11', '2021-02-01 02:47:56', 2, 2, '', '新产品上线通知', '', '0000-00-00', '0000-00-00', '2020-06-01', '', '', '1'),
(6, 5, '', '', 0, '2021-01-29 09:53:31', '2021-02-01 02:35:51', 2, 2, '', '“明日之星”期权模拟交易大赛的通告', '', '0000-00-00', '0000-00-00', '2021-01-04', '', '', '2'),
(7, 6, '', '', 0, '2021-01-29 09:54:03', '2021-02-01 02:49:25', 2, 2, '', '订阅期货交易所实时行情', '', '0000-00-00', '0000-00-00', '2020-05-19', '', '', '2'),
(8, 7, '', '', 0, '2021-01-29 09:58:08', '2021-02-01 02:50:04', 2, 2, '', '上线易盛新版行情管理平台的通知', '', '0000-00-00', '0000-00-00', '2020-05-05', '', '', '2'),
(9, 8, '', '', 0, '2021-01-29 09:58:57', '2021-02-01 02:48:41', 2, 2, '', '行情收费标准（参考）', '', '0000-00-00', '0000-00-00', '2020-05-22', '', '', '2'),
(10, 9, '', '', 0, '2021-01-29 10:02:13', '2021-02-01 02:37:56', 2, 2, '', '境外经纪机构委托业务上线公告', '', '0000-00-00', '0000-00-00', '2020-11-16', '', '', '3'),
(11, 10, '', '', 0, '2021-01-29 10:02:51', '2021-02-01 02:51:08', 2, 2, '', '成为香港期货交易所交易会员通告', '', '0000-00-00', '0000-00-00', '2020-01-16', '', '', '3'),
(12, 11, '', '', 0, '2021-01-29 10:03:17', '2021-02-01 02:56:51', 2, 2, '', '全新微信交易服务上线通告（仅支持lme调期、出入金及换汇指令）', '', '0000-00-00', '0000-00-00', '2018-05-28', '', '', '3'),
(13, 12, '', '', 0, '2021-01-29 10:05:34', '2021-02-01 03:00:14', 2, 2, '', '新交所a50产品客户手续费调整通知', '', '0000-00-00', '0000-00-00', '2020-12-15', '', '', '4'),
(14, 13, '', '', 0, '2021-01-29 10:06:18', '2021-02-01 02:46:13', 2, 2, '', '关于能源类、股指类产品保证金下调通知', '', '0000-00-00', '0000-00-00', '2020-07-08', '', '', '4'),
(15, 14, '', '', 0, '2021-01-29 10:07:14', '2021-02-01 02:58:18', 2, 2, '', 'lme调期或移仓收费通知', '', '0000-00-00', '0000-00-00', '2020-02-05', '', '', '4'),
(16, 15, '', '', 0, '2021-01-29 10:08:26', '2021-02-01 02:45:32', 2, 2, '', '关于tocom部分产品迁移至ose通知', '', '0000-00-00', '0000-00-00', '2020-07-23', '', '', '5'),
(17, 16, '', '', 0, '2021-02-09 07:09:15', '2021-02-09 07:09:24', 2, 2, '', '2021年春节长假期风险提示', '', '0000-00-00', '0000-00-00', '2021-02-09', '', '', '6'),
(18, 17, '', '', 0, '2021-03-02 03:31:49', '2021-03-02 03:31:49', 2, 2, '', '关于小纳指、小标普、恒生指数及-h-股指数周期权新产品上线通知', '', '0000-00-00', '0000-00-00', '2021-03-01', '', '', '1'),
(19, 18, '', '', 0, '2021-03-05 03:15:47', '2021-03-05 03:15:47', 2, 2, '', '2021夏令时通知', '', '0000-00-00', '0000-00-00', '2021-03-03', '', '', '5'),
(20, 19, '', '', 0, '2021-04-01 08:01:51', '2021-04-01 08:01:51', 2, 2, '', '', '', '0000-00-00', '0000-00-00', '2021-04-01', '', '', '2'),
(21, 20, '', '', 0, '2021-04-01 08:02:16', '2021-04-01 08:02:16', 2, 2, '', '', '', '0000-00-00', '0000-00-00', '2021-03-26', '', '', '1'),
(22, 21, '', '', 0, '2021-04-14 07:21:28', '2021-04-14 07:21:38', 2, 2, '', '', '', '0000-00-00', '0000-00-00', '2021-04-14', '', '', '2'),
(23, 22, '', '', 0, '2021-04-19 11:39:59', '2021-04-19 11:39:59', 2, 2, '', '', '', '0000-00-00', '0000-00-00', '2021-04-19', '', '', '3'),
(24, 23, '', '', 2, '2021-04-22 01:45:28', '2021-04-22 02:41:12', 2, 2, '', '', '', '0000-00-00', '0000-00-00', '2021-04-22', '', '', '7'),
(25, 23, '', '', 0, '2021-04-22 02:41:43', '2021-04-22 02:41:43', 2, 2, '', '', '', '0000-00-00', '0000-00-00', '2021-04-22', '', '', '7'),
(26, 24, '', '', 0, '2021-04-27 01:46:41', '2021-04-27 01:46:41', 2, 2, '', '', '', '0000-00-00', '0000-00-00', '2021-04-23', '', '', '7'),
(27, 25, '', '', 0, '2021-05-10 13:36:32', '2021-05-10 13:36:32', 2, 2, '', '', '', '0000-00-00', '0000-00-00', '2021-05-09', '', '', '7'),
(28, 26, '', '', 0, '2021-05-11 02:19:26', '2021-05-11 02:19:26', 2, 2, '', '', '', '0000-00-00', '0000-00-00', '2021-04-28', '', '', '1'),
(29, 27, '', '', 0, '2021-05-21 08:20:50', '2021-05-21 08:20:50', 2, 2, '', '', '', '0000-00-00', '0000-00-00', '2021-05-20', '', '', '1'),
(30, 28, '', '', 0, '2021-06-01 08:22:23', '2021-06-01 08:22:23', 2, 2, '', '', '', '0000-00-00', '0000-00-00', '2021-05-26', '', '', '7'),
(31, 29, '', '', 0, '2021-06-01 08:22:52', '2021-06-01 08:22:52', 2, 2, '', '', '', '0000-00-00', '0000-00-00', '2021-05-25', '', '', '7'),
(32, 30, '', '', 0, '2021-06-02 15:10:33', '2021-06-02 15:10:33', 2, 2, '', '', '', '0000-00-00', '0000-00-00', '2021-06-02', '', '', '7'),
(33, 31, '', '', 0, '2021-06-16 09:45:34', '2021-06-16 09:45:34', 2, 2, '', '', '', '0000-00-00', '0000-00-00', '2021-06-16', '', '', '6'),
(34, 32, '', '', 0, '2021-07-06 05:13:35', '2021-07-06 05:13:35', 2, 2, '', '', '', '0000-00-00', '0000-00-00', '2021-07-04', '', '', '7'),
(35, 33, '', '', 0, '2021-07-06 05:14:08', '2021-07-06 05:14:08', 2, 2, '', '', '', '0000-00-00', '0000-00-00', '2021-06-28', '', '', '7'),
(36, 34, '', '', 0, '2021-07-21 09:44:08', '2021-07-21 09:44:08', 2, 2, '', '', '', '0000-00-00', '0000-00-00', '2021-07-11', '', '', '7'),
(37, 35, '', '', 0, '2021-09-09 06:42:43', '2021-09-09 06:42:43', 2, 2, '', '', '', '0000-00-00', '0000-00-00', '2021-09-06', '', '', '7'),
(38, 36, '', '', 0, '2021-09-09 06:43:39', '2021-09-09 06:43:39', 2, 2, '', '', '', '0000-00-00', '0000-00-00', '2021-09-05', '', '', '7'),
(39, 37, '', '', 0, '2021-09-09 06:44:22', '2021-09-09 06:44:22', 2, 2, '', '', '', '0000-00-00', '0000-00-00', '2021-09-05', '', '', '7'),
(40, 38, '', '', 0, '2021-10-06 04:30:58', '2021-10-06 04:30:58', 2, 2, '', '', '', '0000-00-00', '0000-00-00', '2021-10-06', '', '', '5'),
(41, 39, '', '', 0, '2021-12-02 08:33:02', '2021-12-02 08:33:02', 2, 2, '', '', '', '0000-00-00', '0000-00-00', '2021-12-02', '', '', '5'),
(42, 40, '', '', 0, '2022-01-21 03:14:36', '2022-01-21 03:14:36', 2, 2, '', '', '', '0000-00-00', '0000-00-00', '2022-01-19', '', '', '6'),
(43, 41, '', '', 2, '2022-03-08 05:56:41', '2022-03-10 06:01:02', 2, 2, '', '', '', '0000-00-00', '0000-00-00', '2022-03-08', '', '', '6'),
(44, 41, '', '', 0, '2022-03-08 12:47:03', '2022-03-10 06:01:02', 2, 2, '', '', '', '0000-00-00', '0000-00-00', '2022-03-08', '', '', '6'),
(45, 42, '', '', 0, '2022-03-08 13:53:06', '2022-03-10 06:01:02', 2, 2, '', '', '', '0000-00-00', '0000-00-00', '2022-03-08', '', '', '6'),
(46, 43, '', '', 0, '2022-03-10 06:00:44', '2022-03-10 06:01:02', 2, 2, '', '', '', '0000-00-00', '0000-00-00', '2022-03-08', '', '', '6'),
(47, 44, '', '', 0, '2022-03-11 06:18:09', '2022-03-11 06:32:47', 2, 2, '', '', '', '0000-00-00', '0000-00-00', '2022-03-11', '', '', '5'),
(48, 45, '', '', 0, '2022-03-15 10:33:56', '2022-03-15 10:33:56', 2, 2, '', '', '', '0000-00-00', '0000-00-00', '2022-03-15', '', '', '5'),
(49, 46, '', '', 0, '2022-03-21 01:08:36', '2022-03-21 01:08:36', 2, 2, '', '', '', '0000-00-00', '0000-00-00', '2022-03-18', '', '', '2'),
(50, 47, '', '', 0, '2022-03-21 01:18:21', '2022-03-21 05:23:20', 2, 2, '', '', '', '0000-00-00', '0000-00-00', '2022-03-18', '', '', '5'),
(51, 48, '', '', 0, '2022-04-06 01:12:07', '2022-04-06 01:12:07', 2, 2, '', '', '', '0000-00-00', '0000-00-00', '2022-03-30', '', '', '4'),
(52, 49, '', '', 0, '2022-04-13 01:24:31', '2022-04-13 01:43:17', 2, 2, '', '', '', '0000-00-00', '0000-00-00', '2022-04-11', '', '', '2'),
(53, 50, '', '', 0, '2022-05-05 06:46:38', '2022-05-05 06:46:38', 2, 2, '', '', '', '0000-00-00', '0000-00-00', '2022-05-05', '', '', '5'),
(54, 51, '', '', 0, '2022-05-05 06:47:03', '2022-05-05 06:47:03', 2, 2, '', '', '', '0000-00-00', '0000-00-00', '2022-05-05', '', '', '6'),
(55, 52, '', '', 0, '2022-06-20 08:31:00', '2022-06-20 08:31:00', 2, 2, '', '', '', '0000-00-00', '0000-00-00', '2022-06-20', '', '', '3'),
(56, 53, '', '', 0, '2022-06-20 08:57:43', '2022-06-20 08:57:43', 2, 2, '', '', '', '0000-00-00', '0000-00-00', '2022-06-20', '', '', '3'),
(57, 54, '', '', 0, '2022-07-13 05:26:15', '2022-07-13 05:26:15', 2, 2, '', '', '', '0000-00-00', '0000-00-00', '2022-07-11', '', '', '3'),
(58, 55, '', '', 0, '2022-07-15 09:30:54', '2022-07-15 09:30:54', 2, 2, '', '', '', '0000-00-00', '0000-00-00', '2022-07-15', '', '', '3'),
(59, 56, '', '', 0, '2022-09-01 09:08:43', '2022-09-01 09:08:43', 2, 2, '', '', '', '0000-00-00', '0000-00-00', '2022-09-01', '', '', '3'),
(60, 57, '', '', 0, '2022-10-28 08:47:51', '2022-10-28 08:47:51', 2, 2, '', '', '', '0000-00-00', '0000-00-00', '2022-10-28', '', '', '5');

-- --------------------------------------------------------

--
-- 資料表結構 `tb_huatai_important_notice_category`
--

CREATE TABLE IF NOT EXISTS `tb_huatai_important_notice_category` (
  `id` bigint(20) unsigned NOT NULL,
  `sort_order` int(11) NOT NULL DEFAULT '0',
  `code` text CHARACTER SET utf8 COLLATE utf8_unicode_ci NOT NULL,
  `remark` text CHARACTER SET utf8 COLLATE utf8_unicode_ci NOT NULL,
  `disabled` tinyint(1) NOT NULL DEFAULT '0',
  `create_date` timestamp NOT NULL DEFAULT '0000-00-00 00:00:00',
  `last_update_date` timestamp NOT NULL DEFAULT CURRENT_TIMESTAMP ON UPDATE CURRENT_TIMESTAMP,
  `create_by` bigint(20) NOT NULL DEFAULT '0',
  `last_update_by` bigint(20) NOT NULL DEFAULT '0',
  `url_target` text NOT NULL,
  `seo_url` text NOT NULL,
  `seo_keyword` text NOT NULL,
  `start_date` date DEFAULT '0000-00-00',
  `end_date` date DEFAULT '0000-00-00',
  `display_date` date DEFAULT '0000-00-00',
  `youtube_id` text NOT NULL,
  `highlight` int(11) NOT NULL
) ENGINE=MyISAM AUTO_INCREMENT=8 DEFAULT CHARSET=utf8;

--
-- 資料表的匯出資料 `tb_huatai_important_notice_category`
--

INSERT INTO `tb_huatai_important_notice_category` (`id`, `sort_order`, `code`, `remark`, `disabled`, `create_date`, `last_update_date`, `create_by`, `last_update_by`, `url_target`, `seo_url`, `seo_keyword`, `start_date`, `end_date`, `display_date`, `youtube_id`, `highlight`) VALUES
(1, 2, '', '', 0, '2020-12-20 06:06:49', '2021-04-22 01:44:22', 2, 2, '', '1', '', '0000-00-00', '0000-00-00', '2020-12-29', '', 0),
(2, 3, '', '', 0, '2020-12-20 06:06:49', '2021-04-22 01:44:22', 2, 2, '', '2', '', '0000-00-00', '0000-00-00', '2020-12-29', '', 0),
(3, 4, '', '', 0, '2020-12-20 06:06:49', '2021-04-22 01:44:22', 2, 2, '', '3', '', '0000-00-00', '0000-00-00', '2020-12-29', '', 0),
(4, 5, '', '', 0, '2020-12-20 06:06:49', '2021-04-22 01:44:22', 2, 2, '', '4', '', '0000-00-00', '0000-00-00', '2020-12-29', '', 0),
(5, 6, '', '', 0, '2021-01-29 04:53:15', '2021-04-22 01:44:22', 2, 2, '', '5', '', '0000-00-00', '0000-00-00', '2021-01-29', '', 0),
(6, 7, '', '', 0, '2021-02-09 07:08:39', '2021-04-22 01:44:22', 2, 2, '', '6', '', '0000-00-00', '0000-00-00', '2021-02-09', '', 0),
(7, 1, '', '', 0, '2021-04-22 01:44:22', '2021-04-22 01:44:22', 2, 2, '', '7', '', '0000-00-00', '0000-00-00', '2021-04-22', '', 0);

-- --------------------------------------------------------

--
-- 資料表結構 `tb_huatai_important_notice_category_desc`
--

CREATE TABLE IF NOT EXISTS `tb_huatai_important_notice_category_desc` (
  `language_id` int(11) NOT NULL DEFAULT '0',
  `important_notice_category_id` int(11) NOT NULL DEFAULT '0',
  `name` text CHARACTER SET utf8 COLLATE utf8_unicode_ci NOT NULL,
  `detail` text CHARACTER SET utf8 COLLATE utf8_unicode_ci NOT NULL,
  `url` text NOT NULL,
  `seo_desc` text NOT NULL,
  `seo_title` text NOT NULL,
  `detail2` text NOT NULL,
  `seo_h1` text NOT NULL
) ENGINE=MyISAM DEFAULT CHARSET=utf8;

--
-- 資料表的匯出資料 `tb_huatai_important_notice_category_desc`
--

INSERT INTO `tb_huatai_important_notice_category_desc` (`language_id`, `important_notice_category_id`, `name`, `detail`, `url`, `seo_desc`, `seo_title`, `detail2`, `seo_h1`) VALUES
(2, 1, '新产品通告', '', '', '', '', '', ''),
(3, 1, '新产品通告', '', '', '', '', '', ''),
(1, 2, 'Trading Software and Market Data Subscription', '', '', '', '', '', ''),
(1, 3, 'Business', '', '', '', '', '', ''),
(2, 3, '业务通告', '', '', '', '', '', ''),
(3, 3, '业务通告', '', '', '', '', '', ''),
(2, 4, '费用调整通告', '', '', '', '', '', ''),
(3, 2, '交易软件及行情订阅通告', '', '', '', '', '', ''),
(1, 4, 'Fee adjustment', '', '', '', '', '', ''),
(3, 4, '费用调整通告', '', '', '', '', '', ''),
(1, 5, 'Exchange Notices', '', '', '', '', '', ''),
(2, 5, '交易所通告', '', '', '', '', '', ''),
(3, 5, '交易所通告', '', '', '', '', '', ''),
(1, 6, 'Risk Reminders', '', '', '', '', '', ''),
(2, 6, '风险提示通告', '', '', '', '', '', ''),
(3, 6, '风险提示通告', '', '', '', '', '', ''),
(1, 1, 'New Products', '', '', '', '', '', ''),
(2, 2, '交易软件及行情订阅通告', '', '', '', '', '', ''),
(3, 7, '研究报告', '', '', '', '', '', ''),
(1, 7, 'Research Report', '', '', '', '', '', '');

-- --------------------------------------------------------

--
-- 資料表結構 `tb_huatai_important_notice_desc`
--

CREATE TABLE IF NOT EXISTS `tb_huatai_important_notice_desc` (
  `language_id` int(11) NOT NULL DEFAULT '0',
  `important_notice_id` int(11) NOT NULL DEFAULT '0',
  `name` text CHARACTER SET utf8 COLLATE utf8_unicode_ci NOT NULL,
  `detail` text CHARACTER SET utf8 COLLATE utf8_unicode_ci NOT NULL,
  `url` text NOT NULL,
  `seo_desc` text NOT NULL,
  `seo_title` text NOT NULL,
  `detail2` text NOT NULL,
  `seo_h1` text NOT NULL
) ENGINE=MyISAM DEFAULT CHARSET=utf8;

--
-- 資料表的匯出資料 `tb_huatai_important_notice_desc`
--

INSERT INTO `tb_huatai_important_notice_desc` (`language_id`, `important_notice_id`, `name`, `detail`, `url`, `seo_desc`, `seo_title`, `detail2`, `seo_h1`) VALUES
(1, 2, '恒生科技指数及股票期货新产品上线通知', '', '', '', '', '', ''),
(2, 3, '关于OSE日本黄金新产品上线通知', '', '', '', '', '', ''),
(3, 3, '关于OSE日本黄金新产品上线通知', '', '', '', '', '', ''),
(1, 3, '关于OSE日本黄金新产品上线通知', '', '', '', '', '', ''),
(2, 2, '恒生科技指数及股票期货新产品上线通知', '', '', '', '', '', ''),
(3, 2, '恒生科技指数及股票期货新产品上线通知', '', '', '', '', '', ''),
(1, 4, 'MSCI新产品上线通知', '', '', '', '', '', ''),
(2, 4, 'MSCI新产品上线通知', '', '', '', '', '', ''),
(3, 4, 'MSCI新产品上线通知', '', '', '', '', '', ''),
(1, 5, '新产品上线通知', '', '', '', '', '', ''),
(2, 5, '新产品上线通知', '', '', '', '', '', ''),
(3, 5, '新产品上线通知', '', '', '', '', '', ''),
(1, 6, '“明日之星”期权模拟交易大赛的通告', '', '', '', '', '', ''),
(2, 6, '“明日之星”期权模拟交易大赛的通告', '', '', '', '', '', ''),
(3, 6, '“明日之星”期权模拟交易大赛的通告', '', '', '', '', '', ''),
(1, 7, '订阅期货交易所实时行情', '', '', '', '', '', ''),
(2, 7, '订阅期货交易所实时行情', '', '', '', '', '', ''),
(3, 7, '订阅期货交易所实时行情', '', '', '', '', '', ''),
(1, 8, '上线易盛新版行情管理平台的通知', '', '', '', '', '', ''),
(2, 8, '上线易盛新版行情管理平台的通知', '', '', '', '', '', ''),
(3, 8, '上线易盛新版行情管理平台的通知', '', '', '', '', '', ''),
(1, 9, '行情收费标准（参考）', '', '', '', '', '', ''),
(2, 9, '行情收费标准（参考）', '', '', '', '', '', ''),
(3, 9, '行情收费标准（参考）', '', '', '', '', '', ''),
(1, 10, '境外经纪机构委托业务上线公告', '', '', '', '', '', ''),
(2, 10, '境外经纪机构委托业务上线公告', '', '', '', '', '', ''),
(3, 10, '境外经纪机构委托业务上线公告', '', '', '', '', '', ''),
(1, 11, '成为香港期货交易所交易会员通告', '', '', '', '', '', ''),
(2, 11, '成为香港期货交易所交易会员通告', '', '', '', '', '', ''),
(3, 11, '成为香港期货交易所交易会员通告', '', '', '', '', '', ''),
(1, 12, '全新微信交易服务上线通告（仅支持LME调期、出入金及换汇指令）', '', '', '', '', '', ''),
(2, 12, '全新微信交易服务上线通告（仅支持LME调期、出入金及换汇指令）', '', '', '', '', '', ''),
(3, 12, '全新微信交易服务上线通告（仅支持LME调期、出入金及换汇指令）', '', '', '', '', '', ''),
(1, 13, '新交所A50产品客户手续费调整通知', '', '', '', '', '', ''),
(2, 13, '新交所A50产品客户手续费调整通知', '', '', '', '', '', ''),
(3, 13, '新交所A50产品客户手续费调整通知', '', '', '', '', '', ''),
(1, 14, '关于能源类、股指类产品保证金下调通知', '', '', '', '', '', ''),
(2, 14, '关于能源类、股指类产品保证金下调通知', '', '', '', '', '', ''),
(3, 14, '关于能源类、股指类产品保证金下调通知', '', '', '', '', '', ''),
(1, 15, 'LME调期或移仓收费通知', '', '', '', '', '', ''),
(2, 15, 'LME调期或移仓收费通知', '', '', '', '', '', ''),
(3, 15, 'LME调期或移仓收费通知', '', '', '', '', '', ''),
(1, 16, '关于TOCOM部分产品迁移至OSE通知', '', '', '', '', '', ''),
(2, 16, '关于TOCOM部分产品迁移至OSE通知', '', '', '', '', '', ''),
(3, 16, '关于TOCOM部分产品迁移至OSE通知', '', '', '', '', '', ''),
(1, 17, '2021年春节长假期风险提示', '', '', '', '', '', ''),
(2, 17, '2021年春节长假期风险提示', '', '', '', '', '', ''),
(3, 17, '2021年春节长假期风险提示', '', '', '', '', '', ''),
(3, 18, '关于小纳指、小标普、恒生指数及 H 股指数周期权新产品上线通知', '', '', '', '', '', ''),
(2, 18, '关于小纳指、小标普、恒生指数及 H 股指数周期权新产品上线通知', '', '', '', '', '', ''),
(1, 18, '关于小纳指、小标普、恒生指数及 H 股指数周期权新产品上线通知', '', '', '', '', '', ''),
(3, 19, '2021夏令时通知', '', '', '', '', '', ''),
(2, 19, '2021夏令时通知', '', '', '', '', '', ''),
(1, 19, '2021夏令时通知', '', '', '', '', '', ''),
(3, 20, '关于易盛行情管理平台因后台维护而暂停服务的通知', '', '', '', '', '', ''),
(1, 20, '关于易盛行情管理平台因后台维护而暂停服务的通知', '', '', '', '', '', ''),
(3, 21, '关于SGX H50指數期貨及期权新产品上线通知', '', '', '', '', '', ''),
(1, 21, '关于SGX H50指數期貨及期权新产品上线通知', '', '', '', '', '', ''),
(1, 22, '有关网上开户系统临时关闭通知', '', '', '', '', '', ''),
(3, 22, '有关网上开户系统临时关闭通知', '', '', '', '', '', ''),
(3, 23, '华泰香港官网改版升级通知', '', '', '', '', '', ''),
(1, 23, '华泰香港官网改版升级通知', '', '', '', '', '', ''),
(1, 24, '大类资产数据跟踪周报20210418：外汇数据跟踪', '', '', '', '', '', ''),
(3, 24, '大类资产数据跟踪周报20210418：外汇数据跟踪', '', '', '', '', '', ''),
(1, 25, '大类资产数据跟踪周报20210418：外汇数据跟踪', '', '', '', '', '', ''),
(3, 25, '大类资产数据跟踪周报20210418：外汇数据跟踪', '', '', '', '', '', ''),
(3, 26, '华泰(香港)期货美债利率上行短期支撑美元，长期弱美元难言反转', '', '', '', '', '', ''),
(1, 26, '华泰(香港)期货美债利率上行短期支撑美元，长期弱美元难言反转', '', '', '', '', '', ''),
(3, 27, '华泰期货大类资产数据跟踪周报20210509：外汇数据跟踪', '', '', '', '', '', ''),
(1, 27, '华泰期货大类资产数据跟踪周报20210509：外汇数据跟踪', '', '', '', '', '', ''),
(3, 28, '关于HKEX MCS新产品上线通知', '', '', '', '', '', ''),
(1, 28, '关于HKEX MCS新产品上线通知', '', '', '', '', '', ''),
(3, 29, '关于INE&SGX MUC新产品上线通知', '', '', '', '', '', ''),
(1, 29, '关于INE&SGX MUC新产品上线通知', '', '', '', '', '', ''),
(3, 30, '华泰(香港)近期原油市场报告', '', '', '', '', '', ''),
(1, 30, '华泰(香港)近期原油市场报告', '', '', '', '', '', ''),
(3, 31, '华泰(香港)期货大类资产数据跟踪周报20210525：外汇数据跟踪', '', '', '', '', '', ''),
(1, 31, '华泰(香港)期货大类资产数据跟踪周报20210525：外汇数据跟踪', '', '', '', '', '', ''),
(3, 32, '结构性“类滞胀”下的商品和股市如何演绎', '', '', '', '', '', ''),
(1, 32, '结构性“类滞胀”下的商品和股市如何演绎', '', '', '', '', '', ''),
(3, 33, '风险提示20210616', '', '', '', '', '', ''),
(1, 33, '风险提示20210616', '', '', '', '', '', ''),
(3, 34, '华泰(香港)期货 大类资产数据跟踪周报20210704：外汇数据跟踪', '', '', '', '', '', ''),
(1, 34, '华泰(香港)期货 大类资产数据跟踪周报20210704：外汇数据跟踪', '', '', '', '', '', ''),
(3, 35, '华泰(香港)期货 FICC与金融期货半年报  20210628', '', '', '', '', '', ''),
(1, 35, '华泰(香港)期货 FICC与金融期货半年报  20210628', '', '', '', '', '', ''),
(1, 36, '华泰(香港)期货大类资产数据跟踪周报20210711：外汇数据跟踪', '', '', '', '', '', ''),
(3, 36, '华泰(香港)期货大类资产数据跟踪周报20210711：外汇数据跟踪', '', '', '', '', '', ''),
(1, 37, '华泰(香港)期货金融期货月报20210906：9月份防风险为主 四季度逢低布局成长风格', '', '', '', '', '', ''),
(3, 37, '华泰(香港)期货金融期货月报20210906：9月份防风险为主 四季度逢低布局成长风格', '', '', '', '', '', ''),
(3, 38, '华泰(香港)期货大类资产数据跟踪周报20210905：外汇数据跟踪', '', '', '', '', '', ''),
(1, 38, '华泰(香港)期货大类资产数据跟踪周报20210905：外汇数据跟踪', '', '', '', '', '', ''),
(3, 39, '华泰(香港)期货宏观大类及商品月报20210905：非农转弱不改联储年内Taper预期 关注国内工业品拐头下行风险', '', '', '', '', '', ''),
(1, 39, '华泰(香港)期货宏观大类及商品月报20210905：非农转弱不改联储年内Taper预期 关注国内工业品拐头下行风险', '', '', '', '', '', ''),
(3, 40, '2021冬令时通知', '', '', '', '', '', ''),
(1, 40, '2021冬令时通知', '', '', '', '', '', ''),
(3, 41, 'BMD交易所调整部分衍生品交易时间通知', '', '', '', '', '', ''),
(1, 41, 'BMD交易所调整部分衍生品交易时间通知', '', '', '', '', '', ''),
(3, 42, '2022年春节长假期风险提示', '', '', '', '', '', ''),
(1, 42, '2022年春节长假期风险提示', '', '', '', '', '', ''),
(3, 43, '关于调整部分产品保证金事宜20220308', '', '', '', '', '', ''),
(1, 43, '关于调整部分产品保证金事宜20220308', '', '', '', '', '', ''),
(3, 44, '有關LME鎳合約暫停交易的通知', '', '', '', '', '', ''),
(1, 44, '有關LME鎳合約暫停交易的通知', '', '', '', '', '', ''),
(3, 45, '有关 LME 镍合约成交取消的通知', '', '', '', '', '', ''),
(1, 45, '有关 LME 镍合约成交取消的通知', '', '', '', '', '', ''),
(3, 46, '关于调整部分产品保证金事宜20220308（更正）', '', '', '', '', '', ''),
(1, 46, '关于调整部分产品保证金事宜20220308（更正）', '', '', '', '', '', ''),
(1, 47, '2022夏令时通知', '', '', '', '', '', ''),
(3, 47, '2022夏令时通知', '', '', '', '', '', ''),
(3, 48, '有关LME镍合约恢复交易的通知', '', '', '', '', '', ''),
(1, 48, '有关LME镍合约恢复交易的通知', '', '', '', '', '', ''),
(3, 49, '行情收费标准（参考）', '', '', '', '', '', ''),
(1, 49, '行情收费标准（参考）', '', '', '', '', '', ''),
(1, 50, '20220318 有关港交所提高保证金的通知', '', '', '', '', '', ''),
(3, 50, '20220318 有关港交所提高保证金的通知', '', '', '', '', '', ''),
(3, 51, '20220330 BMD交易所期货产品客户手续费调整通知', '', '', '', '', '', ''),
(1, 51, '20220330 BMD交易所期货产品客户手续费调整通知', '', '', '', '', '', ''),
(1, 52, '订阅期货交易所实时行情', '', '', '', '', '', ''),
(3, 52, '订阅期货交易所实时行情', '', '', '', '', '', ''),
(3, 53, '关于香港交易所衍生产品假期交易的通知', '', '', '', '', '', ''),
(1, 53, '关于香港交易所衍生产品假期交易的通知', '', '', '', '', '', ''),
(3, 54, '关于调整部分产品保证金事宜', '', '', '', '', '', ''),
(1, 54, '关于调整部分产品保证金事宜', '', '', '', '', '', ''),
(3, 55, '臨時下單電話通知', '', '', '', '', '', ''),
(1, 55, '臨時下單電話通知', '', '', '', '', '', ''),
(3, 56, '電話下單恢復正常通知', '', '', '', '', '', ''),
(1, 56, '電話下單恢復正常通知', '', '', '', '', '', ''),
(3, 57, '搬遷公告_July 2022', '', '', '', '', '', ''),
(1, 57, '搬遷公告_July 2022', '', '', '', '', '', ''),
(3, 58, '網上開戶系統更新維護通知', '', '', '', '', '', ''),
(1, 58, '網上開戶系統更新維護通知', '', '', '', '', '', ''),
(3, 59, '新版網上開戶系統上線通知', '', '', '', '', '', ''),
(1, 59, '新版網上開戶系統上線通知', '', '', '', '', '', ''),
(3, 60, '20221028 2022冬令时通知', '', '', '', '', '', ''),
(1, 60, '20221028 2022冬令时通知', '', '', '', '', '', '');

-- --------------------------------------------------------

--
-- 資料表結構 `tb_huatai_important_notice_pdf`
--

CREATE TABLE IF NOT EXISTS `tb_huatai_important_notice_pdf` (
  `id` bigint(20) unsigned NOT NULL,
  `important_notice_id` bigint(20) NOT NULL DEFAULT '0',
  `sort_order` bigint(11) NOT NULL DEFAULT '0',
  `img` text CHARACTER SET utf8 COLLATE utf8_unicode_ci NOT NULL,
  `img2` text CHARACTER SET utf8 COLLATE utf8_unicode_ci NOT NULL,
  `caption` text CHARACTER SET utf8 COLLATE utf8_unicode_ci NOT NULL,
  `language_id` int(11) NOT NULL DEFAULT '0',
  `disabled` tinyint(1) NOT NULL DEFAULT '0',
  `create_date` timestamp NOT NULL DEFAULT '0000-00-00 00:00:00',
  `last_update_date` timestamp NOT NULL DEFAULT CURRENT_TIMESTAMP ON UPDATE CURRENT_TIMESTAMP,
  `create_by` bigint(20) NOT NULL DEFAULT '0',
  `last_update_by` bigint(20) NOT NULL DEFAULT '0'
) ENGINE=MyISAM AUTO_INCREMENT=104 DEFAULT CHARSET=utf8;

--
-- 資料表的匯出資料 `tb_huatai_important_notice_pdf`
--

INSERT INTO `tb_huatai_important_notice_pdf` (`id`, `important_notice_id`, `sort_order`, `img`, `img2`, `caption`, `language_id`, `disabled`, `create_date`, `last_update_date`, `create_by`, `last_update_by`) VALUES
(6, 3, 0, 'upload/files/important_notice/20210129125403_6.pdf', '', '', 3, 0, '2021-01-29 04:54:03', '2021-01-29 04:54:03', 2, 2),
(45, 2, 1, 'upload/files/important_notice/20210129125430_7.pdf', '', '', 3, 0, '2021-02-04 09:04:50', '2021-02-04 09:04:50', 1, 1),
(33, 4, 1, 'upload/files/important_notice/20210129125451_8.pdf', '', '', 3, 0, '2021-02-01 02:42:44', '2021-02-01 02:42:44', 2, 2),
(36, 5, 1, 'upload/files/important_notice/20210129125511_9.pdf', '', '', 3, 0, '2021-02-01 02:47:56', '2021-02-01 02:47:56', 2, 2),
(29, 6, 1, 'upload/files/important_notice/20210129175331_10.pdf', '', '', 3, 0, '2021-02-01 02:35:51', '2021-02-01 02:35:51', 2, 2),
(38, 7, 1, 'upload/files/important_notice/20210129175403_11.pdf', '', '', 3, 0, '2021-02-01 02:49:26', '2021-02-01 02:49:26', 2, 2),
(39, 8, 1, 'upload/files/important_notice/20210129175808_14.pdf', '', '', 3, 0, '2021-02-01 02:50:05', '2021-02-01 02:50:05', 2, 2),
(37, 9, 1, 'upload/files/important_notice/20210129175857_16.pdf', '', '', 3, 0, '2021-02-01 02:48:41', '2021-02-01 02:48:41', 2, 2),
(32, 10, 1, 'upload/files/important_notice/20210129180214_18.pdf', '', '', 3, 0, '2021-02-01 02:37:56', '2021-02-01 02:37:56', 2, 2),
(40, 11, 1, 'upload/files/important_notice/20210129180252_19.pdf', '', '', 3, 0, '2021-02-01 02:51:08', '2021-02-01 02:51:08', 2, 2),
(41, 12, 1, 'upload/files/important_notice/20210129180317_20.pdf', '', '', 3, 0, '2021-02-01 02:56:51', '2021-02-01 02:56:51', 2, 2),
(43, 13, 1, 'upload/files/important_notice/20210129180534_22.pdf', '', '', 3, 0, '2021-02-01 03:00:14', '2021-02-01 03:00:14', 2, 2),
(35, 14, 1, 'upload/files/important_notice/20210129180619_23.pdf', '', '', 3, 0, '2021-02-01 02:46:13', '2021-02-01 02:46:14', 2, 2),
(42, 15, 1, 'upload/files/important_notice/20210129180714_25.pdf', '', '', 3, 0, '2021-02-01 02:58:19', '2021-02-01 02:58:19', 2, 2),
(34, 16, 1, 'upload/files/important_notice/20210129180827_27.pdf', '', '', 3, 0, '2021-02-01 02:45:33', '2021-02-01 02:45:33', 2, 2),
(47, 17, 1, 'upload/files/important_notice/20210209150916_46.pdf', '', '', 3, 0, '2021-02-09 07:09:25', '2021-02-09 07:09:25', 2, 2),
(48, 18, 1, 'upload/files/important_notice/20210302113149_48.pdf', '', '', 3, 0, '2021-03-02 03:31:49', '2021-03-02 03:31:49', 2, 2),
(49, 19, 1, 'upload/files/important_notice/20210305111548_49.pdf', '', '', 3, 0, '2021-03-05 03:15:48', '2021-03-05 03:15:48', 2, 2),
(50, 20, 1, 'upload/files/important_notice/20210401160151_50.pdf', '', '', 3, 0, '2021-04-01 08:01:51', '2021-04-01 08:01:51', 2, 2),
(51, 21, 1, 'upload/files/important_notice/20210401160216_51.pdf', '', '', 3, 0, '2021-04-01 08:02:16', '2021-04-01 08:02:16', 2, 2),
(53, 22, 1, 'upload/files/important_notice/20210414152128_52.pdf', '', '', 3, 0, '2021-04-14 07:21:38', '2021-04-14 07:21:38', 2, 2),
(54, 23, 1, 'upload/files/important_notice/20210419193959_54.pdf', '', '', 3, 0, '2021-04-19 11:39:59', '2021-04-19 11:39:59', 2, 2),
(57, 24, 1, 'upload/files/important_notice/20210422103644_55.pdf', '', '', 3, 0, '2021-04-22 02:38:41', '2021-04-22 02:38:41', 2, 2),
(61, 25, 1, 'upload/files/important_notice/20210422154527_58.pdf', '', '', 3, 0, '2021-04-22 07:45:27', '2021-04-22 07:45:27', 2, 2),
(62, 26, 1, 'upload/files/important_notice/20210427094641_62.pdf', '', '', 3, 0, '2021-04-27 01:46:41', '2021-04-27 01:46:41', 2, 2),
(63, 27, 1, 'upload/files/important_notice/20210510213634_63.pdf', '', '', 3, 0, '2021-05-10 13:36:34', '2021-05-10 13:36:34', 2, 2),
(64, 28, 1, 'upload/files/important_notice/20210511101926_64.pdf', '', '', 3, 0, '2021-05-11 02:19:26', '2021-05-11 02:19:26', 2, 2),
(65, 29, 1, 'upload/files/important_notice/20210521162051_65.pdf', '', '', 3, 0, '2021-05-21 08:20:51', '2021-05-21 08:20:51', 2, 2),
(66, 30, 1, 'upload/files/important_notice/20210601162225_66.pdf', '', '', 3, 0, '2021-06-01 08:22:25', '2021-06-01 08:22:25', 2, 2),
(67, 31, 1, 'upload/files/important_notice/20210601162256_67.pdf', '', '', 3, 0, '2021-06-01 08:22:56', '2021-06-01 08:22:56', 2, 2),
(68, 32, 1, 'upload/files/important_notice/20210602231035_68.pdf', '', '', 3, 0, '2021-06-02 15:10:35', '2021-06-02 15:10:35', 2, 2),
(69, 33, 1, 'upload/files/important_notice/20210616174534_69.pdf', '', '', 3, 0, '2021-06-16 09:45:34', '2021-06-16 09:45:34', 2, 2),
(70, 34, 1, 'upload/files/important_notice/20210706131336_70.pdf', '', '', 3, 0, '2021-07-06 05:13:36', '2021-07-06 05:13:36', 2, 2),
(71, 35, 1, 'upload/files/important_notice/20210706131411_71.pdf', '', '', 3, 0, '2021-07-06 05:14:11', '2021-07-06 05:14:11', 2, 2),
(73, 36, 1, 'upload/files/important_notice/20210721174408_72.pdf', '', '', 3, 0, '2021-07-21 09:44:20', '2021-07-21 09:44:20', 2, 2),
(75, 37, 1, 'upload/files/important_notice/20210909144244_74.pdf', '', '', 3, 0, '2021-09-09 06:42:58', '2021-09-09 06:42:58', 2, 2),
(76, 38, 1, 'upload/files/important_notice/20210909144339_76.pdf', '', '', 3, 0, '2021-09-09 06:43:39', '2021-09-09 06:43:39', 2, 2),
(77, 39, 1, 'upload/files/important_notice/20210909144423_77.pdf', '', '', 3, 0, '2021-09-09 06:44:23', '2021-09-09 06:44:23', 2, 2),
(78, 40, 1, 'upload/files/important_notice/20211006123059_78.pdf', '', '', 3, 0, '2021-10-06 04:30:59', '2021-10-06 04:30:59', 2, 2),
(79, 41, 1, 'upload/files/important_notice/20211202163303_79.pdf', '', '', 3, 0, '2021-12-02 08:33:03', '2021-12-02 08:33:03', 2, 2),
(80, 42, 1, 'upload/files/important_notice/20220121111436_80.pdf', '', '', 3, 0, '2022-01-21 03:14:36', '2022-01-21 03:14:36', 2, 2),
(81, 43, 1, 'upload/files/important_notice/20220308135641_81.pdf', '', '', 3, 0, '2022-03-08 05:56:41', '2022-03-08 05:56:41', 2, 2),
(82, 44, 1, 'upload/files/important_notice/20220308204703_82.pdf', '', '', 3, 0, '2022-03-08 12:47:03', '2022-03-08 12:47:03', 2, 2),
(83, 45, 1, 'upload/files/important_notice/20220308215306_83.pdf', '', '', 3, 0, '2022-03-08 13:53:06', '2022-03-08 13:53:06', 2, 2),
(84, 46, 1, 'upload/files/important_notice/20220310140044_84.pdf', '', '', 3, 0, '2022-03-10 06:00:44', '2022-03-10 06:00:44', 2, 2),
(87, 47, 1, 'upload/files/important_notice/20220311165631_85.pdf', '', '', 3, 0, '2022-03-11 08:56:31', '2022-03-11 08:56:31', 2, 2),
(88, 48, 1, 'upload/files/important_notice/20220315183356_88.pdf', '', '', 3, 0, '2022-03-15 10:33:56', '2022-03-15 10:33:56', 2, 2),
(89, 49, 1, 'upload/files/important_notice/20220321090836_89.pdf', '', '', 3, 0, '2022-03-21 01:08:36', '2022-03-21 01:08:36', 2, 2),
(92, 50, 1, 'upload/files/important_notice/20220321132303_90.pdf', '', '', 3, 0, '2022-03-21 05:23:20', '2022-03-21 05:23:20', 2, 2),
(93, 51, 1, 'upload/files/important_notice/20220406091207_93.pdf', '', '', 3, 0, '2022-04-06 01:12:07', '2022-04-06 01:12:07', 2, 2),
(95, 52, 1, 'upload/files/important_notice/20220413092432_94.pdf', '', '', 3, 0, '2022-04-13 01:43:17', '2022-04-13 01:43:17', 2, 2),
(96, 53, 1, 'upload/files/important_notice/20220505144639_96.pdf', '', '', 3, 0, '2022-05-05 06:46:39', '2022-05-05 06:46:39', 2, 2),
(97, 54, 1, 'upload/files/important_notice/20220505144704_97.pdf', '', '', 3, 0, '2022-05-05 06:47:04', '2022-05-05 06:47:04', 2, 2),
(98, 55, 1, 'upload/files/important_notice/20220620163100_98.pdf', '', '', 3, 0, '2022-06-20 08:31:00', '2022-06-20 08:31:00', 2, 2),
(99, 56, 1, 'upload/files/important_notice/20220620165743_99.pdf', '', '', 3, 0, '2022-06-20 08:57:43', '2022-06-20 08:57:43', 2, 2),
(100, 57, 1, 'upload/files/important_notice/20220713132616_100.pdf', '', '', 3, 0, '2022-07-13 05:26:16', '2022-07-13 05:26:16', 2, 2),
(101, 58, 1, 'upload/files/important_notice/20220715173054_101.pdf', '', '', 3, 0, '2022-07-15 09:30:54', '2022-07-15 09:30:54', 2, 2),
(102, 59, 1, 'upload/files/important_notice/20220901170844_102.pdf', '', '', 3, 0, '2022-09-01 09:08:44', '2022-09-01 09:08:44', 2, 2),
(103, 60, 1, 'upload/files/important_notice/20221028164751_103.pdf', '', '', 3, 0, '2022-10-28 08:47:51', '2022-10-28 08:47:51', 2, 2);

-- --------------------------------------------------------

--
-- 資料表結構 `tb_huatai_important_notice_photo`
--

CREATE TABLE IF NOT EXISTS `tb_huatai_important_notice_photo` (
  `id` bigint(20) unsigned NOT NULL,
  `important_notice_id` bigint(20) NOT NULL DEFAULT '0',
  `sort_order` bigint(11) NOT NULL DEFAULT '0',
  `img` text CHARACTER SET utf8 COLLATE utf8_unicode_ci NOT NULL,
  `caption` text CHARACTER SET utf8 COLLATE utf8_unicode_ci NOT NULL,
  `language_id` int(11) NOT NULL DEFAULT '0',
  `disabled` tinyint(1) NOT NULL DEFAULT '0',
  `create_date` timestamp NOT NULL DEFAULT '0000-00-00 00:00:00',
  `last_update_date` timestamp NOT NULL DEFAULT CURRENT_TIMESTAMP ON UPDATE CURRENT_TIMESTAMP,
  `create_by` bigint(20) NOT NULL DEFAULT '0',
  `last_update_by` bigint(20) NOT NULL DEFAULT '0',
  `img2` text,
  `thumb` text NOT NULL
) ENGINE=MyISAM DEFAULT CHARSET=utf8;

-- --------------------------------------------------------

--
-- 資料表結構 `tb_huatai_import_product`
--

CREATE TABLE IF NOT EXISTS `tb_huatai_import_product` (
  `col_1` text CHARACTER SET utf8 COLLATE utf8_unicode_ci NOT NULL,
  `col_2` text CHARACTER SET utf8 COLLATE utf8_unicode_ci NOT NULL,
  `col_3` text CHARACTER SET utf8 COLLATE utf8_unicode_ci NOT NULL,
  `col_4` text CHARACTER SET utf8 COLLATE utf8_unicode_ci NOT NULL,
  `col_5` text CHARACTER SET utf8 COLLATE utf8_unicode_ci NOT NULL,
  `col_6` text CHARACTER SET utf8 COLLATE utf8_unicode_ci NOT NULL,
  `col_7` text CHARACTER SET utf8 COLLATE utf8_unicode_ci NOT NULL,
  `col_8` text CHARACTER SET utf8 COLLATE utf8_unicode_ci NOT NULL,
  `col_9` text CHARACTER SET utf8 COLLATE utf8_unicode_ci NOT NULL,
  `col_10` text CHARACTER SET utf8 COLLATE utf8_unicode_ci NOT NULL,
  `col_11` text CHARACTER SET utf8 COLLATE utf8_unicode_ci NOT NULL,
  `col_12` text CHARACTER SET utf8 COLLATE utf8_unicode_ci NOT NULL,
  `col_13` text CHARACTER SET utf8 COLLATE utf8_unicode_ci NOT NULL,
  `col_14` text CHARACTER SET utf8 COLLATE utf8_unicode_ci NOT NULL,
  `col_15` text CHARACTER SET utf8 COLLATE utf8_unicode_ci NOT NULL,
  `col_16` text CHARACTER SET utf8 COLLATE utf8_unicode_ci NOT NULL,
  `col_17` text CHARACTER SET utf8 COLLATE utf8_unicode_ci NOT NULL,
  `col_18` text CHARACTER SET utf8 COLLATE utf8_unicode_ci NOT NULL,
  `col_19` text CHARACTER SET utf8 COLLATE utf8_unicode_ci NOT NULL,
  `col_20` text CHARACTER SET utf8 COLLATE utf8_unicode_ci NOT NULL
) ENGINE=MyISAM DEFAULT CHARSET=utf8;

-- --------------------------------------------------------

--
-- 資料表結構 `tb_huatai_language`
--

CREATE TABLE IF NOT EXISTS `tb_huatai_language` (
  `id` bigint(20) unsigned NOT NULL,
  `sort_order` int(11) NOT NULL DEFAULT '0',
  `default_front_lang` int(11) DEFAULT NULL,
  `for_front_page` int(11) NOT NULL DEFAULT '0',
  `for_admin_page` int(11) NOT NULL DEFAULT '0',
  `show_name_in_admin` int(11) NOT NULL DEFAULT '0',
  `name` text CHARACTER SET utf8 COLLATE utf8_unicode_ci NOT NULL,
  `code` text CHARACTER SET utf8 COLLATE utf8_unicode_ci NOT NULL,
  `directory` text CHARACTER SET utf8 COLLATE utf8_unicode_ci NOT NULL,
  `photo_path` text CHARACTER SET utf8 COLLATE utf8_unicode_ci NOT NULL
) ENGINE=MyISAM AUTO_INCREMENT=4 DEFAULT CHARSET=utf8;

--
-- 資料表的匯出資料 `tb_huatai_language`
--

INSERT INTO `tb_huatai_language` (`id`, `sort_order`, `default_front_lang`, `for_front_page`, `for_admin_page`, `show_name_in_admin`, `name`, `code`, `directory`, `photo_path`) VALUES
(1, 3, 0, 1, 0, 0, 'EN', 'en', 'en', ''),
(2, 2, 0, 0, 0, 0, '繁', 'tc', 'tc', ''),
(3, 1, 1, 1, 1, 0, '簡', 'sc', 'sc', '');

-- --------------------------------------------------------

--
-- 資料表結構 `tb_huatai_member`
--

CREATE TABLE IF NOT EXISTS `tb_huatai_member` (
  `id` bigint(20) unsigned NOT NULL,
  `role_id` int(11) NOT NULL DEFAULT '0',
  `member_type_id` int(11) NOT NULL DEFAULT '0',
  `access_right_id` int(11) NOT NULL DEFAULT '0',
  `shop_id` int(11) NOT NULL DEFAULT '0',
  `username` text CHARACTER SET utf8 COLLATE utf8_unicode_ci NOT NULL,
  `password` text CHARACTER SET utf8 COLLATE utf8_unicode_ci NOT NULL,
  `code` text CHARACTER SET utf8 COLLATE utf8_unicode_ci NOT NULL,
  `code2` text CHARACTER SET utf8 COLLATE utf8_unicode_ci NOT NULL,
  `surname_en` text CHARACTER SET utf8 COLLATE utf8_unicode_ci NOT NULL,
  `givenname_en` text CHARACTER SET utf8 COLLATE utf8_unicode_ci NOT NULL,
  `name_en` text CHARACTER SET utf8 COLLATE utf8_unicode_ci NOT NULL,
  `nickname_en` text CHARACTER SET utf8 COLLATE utf8_unicode_ci NOT NULL,
  `surname_chi` text CHARACTER SET utf8 COLLATE utf8_unicode_ci NOT NULL,
  `givenname_chi` text CHARACTER SET utf8 COLLATE utf8_unicode_ci NOT NULL,
  `name_chi` text CHARACTER SET utf8 COLLATE utf8_unicode_ci NOT NULL,
  `nickname_chi` text CHARACTER SET utf8 COLLATE utf8_unicode_ci NOT NULL,
  `title` text CHARACTER SET utf8 COLLATE utf8_unicode_ci NOT NULL,
  `birth` text CHARACTER SET utf8 COLLATE utf8_unicode_ci NOT NULL,
  `birth_year` int(11) NOT NULL DEFAULT '0',
  `birth_month` int(11) NOT NULL DEFAULT '0',
  `birth_day` int(11) NOT NULL DEFAULT '0',
  `age` int(11) NOT NULL DEFAULT '0',
  `gender` tinyint(1) unsigned NOT NULL DEFAULT '0',
  `hkid` text CHARACTER SET utf8 COLLATE utf8_unicode_ci NOT NULL,
  `passport` text CHARACTER SET utf8 COLLATE utf8_unicode_ci NOT NULL,
  `email` text CHARACTER SET utf8 COLLATE utf8_unicode_ci NOT NULL,
  `fax` text CHARACTER SET utf8 COLLATE utf8_unicode_ci NOT NULL,
  `home_no` text CHARACTER SET utf8 COLLATE utf8_unicode_ci NOT NULL,
  `mobile_no` text CHARACTER SET utf8 COLLATE utf8_unicode_ci NOT NULL,
  `national` text CHARACTER SET utf8 COLLATE utf8_unicode_ci NOT NULL,
  `country` text CHARACTER SET utf8 COLLATE utf8_unicode_ci NOT NULL,
  `province` text CHARACTER SET utf8 COLLATE utf8_unicode_ci NOT NULL,
  `city` text CHARACTER SET utf8 COLLATE utf8_unicode_ci NOT NULL,
  `region` text CHARACTER SET utf8 COLLATE utf8_unicode_ci NOT NULL,
  `area` text CHARACTER SET utf8 COLLATE utf8_unicode_ci NOT NULL,
  `district` text CHARACTER SET utf8 COLLATE utf8_unicode_ci NOT NULL,
  `address_en` text CHARACTER SET utf8 COLLATE utf8_unicode_ci NOT NULL,
  `address_chi` text CHARACTER SET utf8 COLLATE utf8_unicode_ci NOT NULL,
  `company_name` text CHARACTER SET utf8 COLLATE utf8_unicode_ci NOT NULL,
  `company_address` text CHARACTER SET utf8 COLLATE utf8_unicode_ci NOT NULL,
  `remark` text CHARACTER SET utf8 COLLATE utf8_unicode_ci NOT NULL,
  `brief` text CHARACTER SET utf8 COLLATE utf8_unicode_ci NOT NULL,
  `desc` text CHARACTER SET utf8 COLLATE utf8_unicode_ci NOT NULL,
  `website` text CHARACTER SET utf8 COLLATE utf8_unicode_ci NOT NULL,
  `blog` text CHARACTER SET utf8 COLLATE utf8_unicode_ci NOT NULL,
  `xanga` text CHARACTER SET utf8 COLLATE utf8_unicode_ci NOT NULL,
  `twitter` text CHARACTER SET utf8 COLLATE utf8_unicode_ci NOT NULL,
  `facebook` text CHARACTER SET utf8 COLLATE utf8_unicode_ci NOT NULL,
  `msn` text CHARACTER SET utf8 COLLATE utf8_unicode_ci NOT NULL,
  `qq` text CHARACTER SET utf8 COLLATE utf8_unicode_ci NOT NULL,
  `photo` text CHARACTER SET utf8 COLLATE utf8_unicode_ci NOT NULL,
  `score` bigint(20) NOT NULL DEFAULT '0',
  `coin` bigint(20) NOT NULL DEFAULT '0',
  `currency` text CHARACTER SET utf8 COLLATE utf8_unicode_ci NOT NULL,
  `money` text CHARACTER SET utf8 COLLATE utf8_unicode_ci NOT NULL,
  `money_paid` text CHARACTER SET utf8 COLLATE utf8_unicode_ci NOT NULL,
  `money_used_coupon` text CHARACTER SET utf8 COLLATE utf8_unicode_ci NOT NULL,
  `discount` text CHARACTER SET utf8 COLLATE utf8_unicode_ci NOT NULL,
  `activated` tinyint(1) NOT NULL DEFAULT '1',
  `activation_code` text CHARACTER SET utf8 COLLATE utf8_unicode_ci NOT NULL,
  `b_p` text CHARACTER SET utf8 COLLATE utf8_unicode_ci NOT NULL,
  `allow_receive_email` tinyint(1) NOT NULL DEFAULT '0',
  `disabled` tinyint(1) NOT NULL DEFAULT '0',
  `last_login_date` text NOT NULL,
  `expiry_date` date NOT NULL DEFAULT '0000-00-00',
  `create_date` timestamp NOT NULL DEFAULT '0000-00-00 00:00:00',
  `last_update_date` timestamp NOT NULL DEFAULT CURRENT_TIMESTAMP ON UPDATE CURRENT_TIMESTAMP,
  `create_by` bigint(20) NOT NULL DEFAULT '0',
  `last_update_by` bigint(20) NOT NULL DEFAULT '0',
  `address_1` text NOT NULL,
  `address_2` text NOT NULL,
  `address_3` text NOT NULL,
  `newsletter` tinyint(3) unsigned NOT NULL DEFAULT '1',
  `bk_pwd` text NOT NULL,
  `address_4` text,
  `post_code` text,
  `shipping_address_1` text NOT NULL,
  `shipping_address_2` text NOT NULL,
  `shipping_country` text NOT NULL,
  `shipping_city` text NOT NULL,
  `shipping_province` text NOT NULL,
  `shipping_area` text NOT NULL,
  `shipping_post_code` text NOT NULL,
  `coin_end_date` date NOT NULL DEFAULT '9999-12-31',
  `surname` text NOT NULL,
  `givenname` text NOT NULL,
  `shipping_surname` text NOT NULL,
  `shipping_givenname` text NOT NULL,
  `shipping_company_name` text NOT NULL,
  `shipping_mobile_no` text NOT NULL,
  `where_hear_us_id` text,
  `where_hear_us_other` text,
  `coin_expiry_date` date NOT NULL,
  `first_used_coin` int(11) NOT NULL DEFAULT '0',
  `member_category_id` int(10) unsigned NOT NULL
) ENGINE=MyISAM AUTO_INCREMENT=7215 DEFAULT CHARSET=utf8;

--
-- 資料表的匯出資料 `tb_huatai_member`
--

INSERT INTO `tb_huatai_member` (`id`, `role_id`, `member_type_id`, `access_right_id`, `shop_id`, `username`, `password`, `code`, `code2`, `surname_en`, `givenname_en`, `name_en`, `nickname_en`, `surname_chi`, `givenname_chi`, `name_chi`, `nickname_chi`, `title`, `birth`, `birth_year`, `birth_month`, `birth_day`, `age`, `gender`, `hkid`, `passport`, `email`, `fax`, `home_no`, `mobile_no`, `national`, `country`, `province`, `city`, `region`, `area`, `district`, `address_en`, `address_chi`, `company_name`, `company_address`, `remark`, `brief`, `desc`, `website`, `blog`, `xanga`, `twitter`, `facebook`, `msn`, `qq`, `photo`, `score`, `coin`, `currency`, `money`, `money_paid`, `money_used_coupon`, `discount`, `activated`, `activation_code`, `b_p`, `allow_receive_email`, `disabled`, `last_login_date`, `expiry_date`, `create_date`, `last_update_date`, `create_by`, `last_update_by`, `address_1`, `address_2`, `address_3`, `newsletter`, `bk_pwd`, `address_4`, `post_code`, `shipping_address_1`, `shipping_address_2`, `shipping_country`, `shipping_city`, `shipping_province`, `shipping_area`, `shipping_post_code`, `coin_end_date`, `surname`, `givenname`, `shipping_surname`, `shipping_givenname`, `shipping_company_name`, `shipping_mobile_no`, `where_hear_us_id`, `where_hear_us_other`, `coin_expiry_date`, `first_used_coin`, `member_category_id`) VALUES
(1, 1, 0, 0, 0, 'superadmin', '1b3231655cebb7a1f783eddf27d254ca', 'M000001', '', '', 'Superadmin', '', '', '', '', '', '', '', '2010-09-14', 0, 0, 0, 0, 0, '', '', '', '', '', '', '', '', '', '', '', '', '', '', '', '', '', '', '', '', '', '', '', '', '', '', '', '', 0, 2000, '', '', '', '', '', 1, '', '', 0, 0, '2017-06-20 05:06:37', '9999-12-31', '2010-09-11 18:22:18', '2020-12-30 01:08:48', 1, 1, '', '', '', 1, '', NULL, NULL, '', '', '', '', '', '', '', '0000-00-00', '', '', '', '', '', '', NULL, NULL, '2016-06-30', 0, 0),
(2, 2, 0, 0, 0, 'admin', 'dc9d4424a95c6f49ff82976ced177257', 'M000002', '', '', 'Admin', '', '', '', '', '', '', '', '', 0, 0, 0, 0, 0, '', '', 'admin', '', '', '21231231232', '', '304', '', '', '', '', '', '', '', '', '', '', '', '', '', '', '', '', '', '', '', '', 0, 2000, '', '', '', '', '', 1, '', '', 0, 0, '2022-11-07 08:11:56', '9999-12-31', '2010-09-06 19:10:15', '2022-11-07 08:59:56', 1, 1, 'asdfasdfasdf', '', '', 1, 'whccl03146281', NULL, '', 'asdfasdfasdf', '', '304', '', '', '', '', '0000-00-00', '', '', '', '', '', '21231231232', NULL, NULL, '2016-06-30', 1, 0),
(3, 4, 0, 0, 0, 'htflash@gmail.com', 'b89dbaef35aa31f9b16e84c60e0ab89f', 'M000003', '', 'Tin', 'Test', '', '', '', '', '', '', '1', '', 0, 0, 0, 0, 0, '', '', 'htflash@gmail.com', '', '22222222', '2222222', '', '', '', '', '', '', '', '', '', '', '', '', 'i am a programmer\r\ngoal!', '', '', '', '', '', '', '', '', '', 500, 2000, '', '', '', '', '', 1, '', '', 0, 0, '2016-03-10 07:03:26', '9999-12-31', '2013-01-04 17:36:25', '2020-12-30 01:08:48', 2, 1, 'cccccccc', '', '', 0, '', NULL, '', '', '', '', '', '', '', '', '0000-00-00', '', '', '', '', '', '', '', '', '2016-06-30', 1, 0),
(7197, 4, 0, 0, 0, 'abcabcabc', '97ac82a5b825239e782d0339e2d7b910', 'MB000004', '', 'tin', '', '', '', '', '', '', '', '1', '', 0, 0, 0, 0, 0, '', '', 'abc@gmail.com', '', '8888888888', '9999999999', '', '', '', '', '', '', '', '', '', '', '', '', '', '', '', '', '', '', '', '', '', '', 0, 0, '', '', '', '', '', 1, '', '', 0, 0, '', '2016-10-14', '2015-10-14 04:46:41', '2020-12-30 01:08:48', 2, 2, '', '', '', 0, '', NULL, '', '', '', '', '', '', '', '', '0000-00-00', '', '', '', '', '', '', '', '', '2016-10-14', 0, 0),
(7198, 4, 0, 0, 0, 'jacky.tsang@innovatiohk.com', 'c0e01f568f43270bf0a6ba81dd78c350', 'MB000005', '', 'jacky', '', '', '', '', '', '', '', '', '', 0, 0, 0, 0, 0, '', '', 'jacky.tsang@innovatiohk.com', '', '123', '12345678', '', '', '', '', '', '', '', '', '', '', '', '', '', '', '', '', '', '', '', '', '', '', 0, 0, '', '', '', '', '', 0, 'pIfFyDDAGS', '', 0, 0, '2016-04-21 12:04:58', '9999-12-31', '2015-10-23 01:09:31', '2020-12-30 01:08:48', 7198, 0, 'TW', 'test', '', 0, '123456', NULL, '', '', '', '', '', '', '', '', '9999-12-31', '', '', '', '', '', '', '', '', '2016-10-23', 1, 1),
(7207, 4, 0, 0, 0, 'boriscywong@hotmail.com', '160d4856fe8600b05cdb122bc6c279d0', 'MB000014', '', 'Boris', '', '', '', '', '', '', '', '', '', 0, 0, 0, 0, 0, '', '', 'boriscywong@hotmail.com', '', '', '54100126', '', '1', '', '', '', '', '', '', '', '', '', '', '', '', '', '', '', '', '', '', '', '', 0, 0, '', '', '', '', '', 0, 'Cw8A1bcUbJ', '', 0, 0, '2016-05-10 04:05:02', '9999-12-31', '2016-04-20 05:55:25', '2020-12-30 01:08:48', 7207, 7207, 'Rm303, 3/F, Ho Lik Centre,', '66A Sha Tsui Road, Tsuen Wan', '', 0, 'hkt416842', NULL, '', '', '', '', '', '', '', '', '9999-12-31', '', '', '', '', '', '', '', '', '2017-04-20', 1, 1),
(7199, 4, 0, 0, 0, 'leung@chineseessencehc-lifehk.com', '7c5648fdbc8ed5c199e5423129e5a609', 'MB000006', '', 'Kayson Leung', '', '', '', '', '', '', '', '', '', 0, 0, 0, 0, 0, '', '', 'leung@chineseessencehc-lifehk.com', '', '', '36898634', '', '', '', '', '', '', '', '', '', '', '', '', '', '', '', '', '', '', '', '', '', '', 0, 0, '', '', '', '', '', 0, 'GPcjSta7c2', '', 0, 2, '2016-03-08 03:03:37', '9999-12-31', '2016-03-03 09:42:40', '2020-12-30 01:08:48', 7199, 7199, 'Hong Kong', '', '', 0, '123123', NULL, '', '', '', '', '', '', '', '', '9999-12-31', '', '', '', '', '', '', '', '', '2017-03-03', 0, 1),
(7200, 4, 0, 0, 0, 'kellymewong@gmail.com', 'ebaed99d290b7a368e87daabefc854b3', 'MB000007', '', 'Wong', 'Kelly', '', '', '', '', '', '', '', '', 0, 0, 0, 0, 0, '', '', 'kellymewong@gmail.com', '', '', '30079119', '', '', '', '', '', '', '', '', '', '', '', '', '', '', '', '', '', '', '', '', '', '', 0, 0, '', '', '', '', '', 0, '19ZajSHhSU', '', 0, 0, '2016-05-10 03:05:15', '9999-12-31', '2016-04-05 03:15:37', '2020-12-30 01:08:48', 7200, 0, 'Rm 1555, 15/F, Sand Martin House, Sha Kok Estate, Shatin, HK', '', '', 0, 'jumpingcat', NULL, '', '', '', '', '', '', '', '', '9999-12-31', '', '', '', '', '', '', '', '', '2017-04-05', 1, 1),
(7201, 4, 0, 0, 0, 'jacky.tsang@3up-design.com', 'e10adc3949ba59abbe56e057f20f883e', 'MB000008', '', 'test', '', '', '', '', '', '', '', '', '', 0, 0, 0, 0, 0, '', '', 'jacky.tsang@3up-design.com', '', '', '12345678', '', '', '', '', '', '', '', '', '', '', '', '', '', '', '', '', '', '', '', '', '', '', 0, 0, '', '', '', '', '', 0, 'vXRSCnCUfK', '', 0, 2, '2016-04-05 03:04:58', '9999-12-31', '2016-04-05 07:51:58', '2020-12-30 01:08:48', 7201, 7201, 'test', '', '', 0, '123456', NULL, '', '', '', '', '', '', '', '', '9999-12-31', '', '', '', '', '', '', '', '', '2017-04-05', 0, 1),
(7202, 4, 0, 0, 0, 'jkythc@gmail.com', 'e10adc3949ba59abbe56e057f20f883e', 'MB000009', '', '123123', '', '', '', '', '', '', '', '', '', 0, 0, 0, 0, 0, '', '', 'jkythc@gmail.com', '', '', '12312345', '', '', '', '', '', '', '', '', '', '', '', '', '', '', '', '', '', '', '', '', '', '', 0, 0, '', '', '', '', '', 0, 'aHTsqPCP8x', '', 0, 2, '2016-04-05 03:04:18', '9999-12-31', '2016-04-05 07:53:18', '2020-12-30 01:08:48', 7202, 7202, 'test', '', '', 0, '123456', NULL, '', '', '', '', '', '', '', '', '9999-12-31', '', '', '', '', '', '', '', '', '2017-04-05', 0, 1),
(7203, 4, 0, 0, 0, 'thc1308@gmail.com', 'e10adc3949ba59abbe56e057f20f883e', 'MB000010', '', 'Fhfhf12332', 'Fhfhf12332', '', '', '', '', '', '', '', '', 0, 0, 0, 0, 0, '', '', 'thc1308@gmail.com', '', '123456', '182837471', '', '1', '', '', '', '', '', '', '', '', '', '', '', '', '', '', '', '', '', '', '', '', 0, 0, '', '', '', '', '', 0, 'Ct28NJG0fD', '', 0, 0, '2016-05-16 12:05:22', '9999-12-31', '2016-04-05 08:02:14', '2020-12-30 01:08:48', 7203, 0, '123123123', 'aaaa', '', 0, '123456', NULL, '', '', '', '', '', '', '', '', '9999-12-31', '', '', '', '', '', '', '', '', '2017-04-05', 1, 1),
(7204, 4, 0, 0, 0, 'meimeiw@gmail.com', '2bf1dd56c840349875084a161df3956a', 'MB000011', '', 'Wong', 'Mei mei', '', '', '', '', '', '', '', '', 0, 0, 0, 0, 0, '', '', 'meimeiw@gmail.com', '', '', '36898634', '', '', '', '', '', '', '', '', '', '', '', '', '', '', '', '', '', '', '', '', '', '', 0, 0, '', '', '', '', '', 0, 'xA5PebukYc', '', 0, 0, '2016-04-25 05:04:41', '9999-12-31', '2016-04-13 05:06:55', '2020-12-30 01:08:48', 7204, 0, 'Sunshine Cargo Center', 'Kowloon Bay', '', 0, 'jumpingdog', NULL, '', '', '', '', '', '', '', '', '9999-12-31', '', '', '', '', '', '', '', '', '2017-04-13', 1, 1),
(7205, 4, 0, 0, 0, 'gracetwlee@gmail.com', '4fe2396fbedfc2ff0df7c1eca5d27943', 'MB000012', '', 'Lee', 'Grace', '', '', '', '', '', '', '', '', 0, 0, 0, 0, 0, '', '', 'gracetwlee@gmail.com', '', '', '97259953', '', '1', '', '', '', '', '', '', '', '', '', '', '', '', '', '', '', '', '', '', '', '', 0, 0, '', '', '', '', '', 0, 'rFyfPC8WFU', '', 0, 0, '2016-05-12 03:05:29', '9999-12-31', '2016-04-13 08:34:43', '2020-12-30 01:08:48', 7205, 0, 'Rm 105, Flat B, 2/F, Wah Bo Ind. Bldg., 159 Wo Yi Hop Road, Kwai Chung, HK', 'Hong Kong', '', 0, 'jumpingcat', NULL, '', '', '', '', '', '', '', '', '9999-12-31', '', '', '', '', '', '', '', '', '2017-04-13', 1, 1),
(7206, 4, 0, 0, 0, 'jacky.tsang@3up-design.com', 'e10adc3949ba59abbe56e057f20f883e', 'MB000013', '', 'Jacky Test', '', '', '', '', '', '', '', '', '', 0, 0, 0, 0, 0, '', '', 'jacky.tsang@3up-design.com', '', '', '12345678', '', '1', '', '', '', '', '', '', '', '', '', '', '', '', '', '', '', '', '', '', '', '', 0, 0, '', '', '', '', '', 0, 'jTWY91XzfT', '', 0, 0, '2016-04-15 03:04:30', '9999-12-31', '2016-04-15 07:20:31', '2020-12-30 01:08:48', 7206, 7206, 'testtest', 'testtesttest', '', 0, '123456', NULL, '', '', '', '', '', '', '', '', '9999-12-31', '', '', '', '', '', '', '', '', '2017-04-15', 0, 1),
(7211, 4, 0, 0, 0, 'andreylee@hmail.com', 'e10adc3949ba59abbe56e057f20f883e', 'MB000018', '', 'Lee', 'Andrey', '', '', '', '', '', '', '', '', 0, 0, 0, 0, 0, '', '', 'andreylee@hmail.com', '', '23754556', '90874455', '', '1', '', '', '', '', '', '', '', '', '', '', '', '', '', '', '', '', '', '', '', '', 0, 0, '', '', '', '', '', 0, '6VXpwS37YH', '', 0, 2, '2016-05-04 04:05:19', '9999-12-31', '2016-05-04 08:07:19', '2020-12-30 01:08:48', 7211, 7211, 'Fanling Cheung Wah Estate', '', '', 0, '123456', NULL, '', '', '', '', '', '', '', '', '9999-12-31', '', '', '', '', '', '', '', '', '2017-05-04', 0, 1),
(7208, 4, 0, 0, 0, 'jkythc@gmail.com', 'e10adc3949ba59abbe56e057f20f883e', 'MB000015', '', 'test', '', '', '', '', '', '', '', '', '', 0, 0, 0, 0, 0, '', '', 'jkythc@gmail.com', '', '', '12345678', '', '', '', '', '', '', '', '', '', '', '', '', '', '', '', '', '', '', '', '', '', '', 0, 0, '', '', '', '', '', 0, 'uMXfxlILvY', '', 0, 2, '2016-04-20 03:04:52', '9999-12-31', '2016-04-20 07:33:52', '2020-12-30 01:08:48', 7208, 7208, '123', '123', '', 0, '123456', NULL, '', '', '', '', '', '', '', '', '9999-12-31', '', '', '', '', '', '', '', '', '2017-04-20', 0, 1),
(7209, 4, 0, 0, 0, 'pactioshopping@gmail.com', '4297f44b13955235245b2497399d7a93', 'MB000016', '', 'Chan', 'Queenie', '', '', '', '', '', '', '', '', 0, 0, 0, 0, 0, '', '', 'pactioshopping@gmail.com', '', '', '65830089', '', '', '', '', '', '', '', '', '', '', '', '', '', '', '', '', '', '', '', '', '', '', 0, 0, '', '', '', '', '', 0, 'DMrf4lyif9', '', 0, 0, '2016-04-25 10:04:15', '9999-12-31', '2016-04-25 02:10:53', '2020-12-30 01:08:48', 7209, 7209, 'Food Road', 'Bob Building', '', 0, '123123', NULL, '', '', '', '', '', '', '', '', '9999-12-31', '', '', '', '', '', '', '', '', '2017-04-25', 0, 1),
(7210, 4, 0, 0, 0, 'hontin@gmail.com', '17ce098952ccf611d307fc30679623e0', 'MB000017', '', 'hon', 'tin', '', '', '', '', '', '', '1', '', 0, 0, 0, 0, 0, '', '', 'hontin@gmail.com', '', '', '', '', '', '', '', '', '', '', '', '', '', '', '', '', '', '', '', '', '', '', '', '', '', 0, 0, '', '', '', '', '', 1, '', '', 0, 0, '2016-04-25 12:04:10', '2017-04-25', '2016-04-25 04:32:06', '2020-12-30 01:08:48', 1, 1, 'adsf', '', '', 0, '', NULL, '', '', '', '', '', '', '', '', '0000-00-00', '', '', '', '', '', '', '', '', '2017-04-25', 1, 0),
(7212, 4, 0, 0, 0, 'karsen.lai@umail.com', 'e10adc3949ba59abbe56e057f20f883e', 'MB000019', '', 'Karsen', 'Lai', '', '', '', '', '', '', '', '', 0, 0, 0, 0, 0, '', '', 'karsen.lai@umail.com', '', '', '98888888', '', '', '', '', '', '', '', '', '', '', '', '', '', '', '', '', '', '', '', '', '', '', 0, 0, '', '', '', '', '', 0, 'tmiKBfSYwi', '', 0, 2, '2016-05-05 12:05:26', '9999-12-31', '2016-05-05 04:01:26', '2020-12-30 01:08:48', 7212, 7212, 'Kwai Chung, Hong Kong', '', '', 0, '123456', NULL, '', '', '', '', '', '', '', '', '9999-12-31', '', '', '', '', '', '', '', '', '2017-05-05', 0, 1),
(7213, 4, 0, 0, 0, 'jkythc@gmail.com', 'e10adc3949ba59abbe56e057f20f883e', 'MB000020', '', 'Chan', 'Ming', '', '', '', '', '', '', '', '', 0, 0, 0, 0, 0, '', '', 'jkythc@gmail.com', '', '', '12345678', '', '1', '', '', '', '', '', '', '', '', '', '', '', '', '', '', '', '', '', '', '', '', 0, 0, '', '', '', '', '', 0, 'hPuaI7Ie42', '', 0, 2, '2016-05-06 05:05:21', '9999-12-31', '2016-05-06 09:25:21', '2020-12-30 01:08:48', 7213, 7213, 'AddressAddressAddress', '', '', 0, '123456', NULL, '', '', '', '', '', '', '', '', '9999-12-31', '', '', '', '', '', '', '', '', '2017-05-06', 0, 1),
(7214, 4, 0, 0, 0, 'jkythc@gmail.com', 'e10adc3949ba59abbe56e057f20f883e', 'MB000021', '', 'Jacky', 'Test', '', '', '', '', '', '', '', '', 0, 0, 0, 0, 0, '', '', 'jkythc@gmail.com', '', '', '12345566', '', '1', '', '', '', '', '', '', '', '', '', '', '', '', '', '', '', '', '', '', '', '', 0, 0, '', '', '', '', '', 0, 'yBlEdhd3C9', '', 0, 0, '2016-05-09 10:05:31', '9999-12-31', '2016-05-09 02:33:31', '2020-12-30 01:08:48', 7214, 7214, '收貨地址收貨地址', '', '', 0, '123456', NULL, '', '', '', '', '', '', '', '', '9999-12-31', '', '', '', '', '', '', '', '', '2017-05-09', 0, 1);

-- --------------------------------------------------------

--
-- 資料表結構 `tb_huatai_news`
--

CREATE TABLE IF NOT EXISTS `tb_huatai_news` (
  `id` bigint(20) unsigned NOT NULL,
  `sort_order` int(11) NOT NULL DEFAULT '0',
  `code` text CHARACTER SET utf8 COLLATE utf8_unicode_ci NOT NULL,
  `remark` text CHARACTER SET utf8 COLLATE utf8_unicode_ci NOT NULL,
  `disabled` tinyint(1) NOT NULL DEFAULT '0',
  `create_date` timestamp NOT NULL DEFAULT '0000-00-00 00:00:00',
  `last_update_date` timestamp NOT NULL DEFAULT CURRENT_TIMESTAMP ON UPDATE CURRENT_TIMESTAMP,
  `create_by` bigint(20) NOT NULL DEFAULT '0',
  `last_update_by` bigint(20) NOT NULL DEFAULT '0',
  `url_target` text NOT NULL,
  `seo_url` text NOT NULL,
  `seo_keyword` text NOT NULL,
  `start_date` date DEFAULT '0000-00-00',
  `end_date` date DEFAULT '0000-00-00',
  `display_date` date DEFAULT '0000-00-00',
  `youtube_id` text NOT NULL,
  `other_link` text NOT NULL,
  `news_category_id` text NOT NULL,
  `highlight` int(11) NOT NULL DEFAULT '1'
) ENGINE=MyISAM AUTO_INCREMENT=7 DEFAULT CHARSET=utf8;

--
-- 資料表的匯出資料 `tb_huatai_news`
--

INSERT INTO `tb_huatai_news` (`id`, `sort_order`, `code`, `remark`, `disabled`, `create_date`, `last_update_date`, `create_by`, `last_update_by`, `url_target`, `seo_url`, `seo_keyword`, `start_date`, `end_date`, `display_date`, `youtube_id`, `other_link`, `news_category_id`, `highlight`) VALUES
(3, 2, '', '', 0, '2020-12-20 06:10:57', '2021-03-15 10:02:45', 2, 2, '', '卞泰新闻-a', '', '0000-00-00', '0000-00-00', '2021-01-04', '', '', '3', 1),
(2, 1, '', '', 0, '2020-12-20 06:10:57', '2021-03-15 10:04:34', 2, 2, '', '卞泰香港', '', '0000-00-00', '0000-00-00', '2020-12-20', '', '', '1', 1),
(4, 3, '', '', 2, '2021-01-07 09:47:58', '2021-01-07 09:48:15', 1, 1, '', '', '', '0000-00-00', '0000-00-00', '2021-01-07', '', '', '1', 1),
(5, 3, '', '', 2, '2021-01-07 10:41:20', '2021-01-07 10:41:56', 1, 1, '', 'testing', '', '0000-00-00', '0000-00-00', '2021-01-07', '', '', '2', 1),
(6, 3, '', '', 0, '2022-04-13 05:58:19', '2022-04-13 05:58:19', 2, 2, '', '', '', '0000-00-00', '0000-00-00', '2022-04-13', '', '', '3', 0);

-- --------------------------------------------------------

--
-- 資料表結構 `tb_huatai_news_category`
--

CREATE TABLE IF NOT EXISTS `tb_huatai_news_category` (
  `id` bigint(20) unsigned NOT NULL,
  `sort_order` int(11) NOT NULL DEFAULT '0',
  `code` text CHARACTER SET utf8 COLLATE utf8_unicode_ci NOT NULL,
  `remark` text CHARACTER SET utf8 COLLATE utf8_unicode_ci NOT NULL,
  `disabled` tinyint(1) NOT NULL DEFAULT '0',
  `create_date` timestamp NOT NULL DEFAULT '0000-00-00 00:00:00',
  `last_update_date` timestamp NOT NULL DEFAULT CURRENT_TIMESTAMP ON UPDATE CURRENT_TIMESTAMP,
  `create_by` bigint(20) NOT NULL DEFAULT '0',
  `last_update_by` bigint(20) NOT NULL DEFAULT '0',
  `url_target` text NOT NULL,
  `seo_url` text NOT NULL,
  `seo_keyword` text NOT NULL,
  `start_date` date DEFAULT '0000-00-00',
  `end_date` date DEFAULT '0000-00-00',
  `display_date` date DEFAULT '0000-00-00',
  `youtube_id` text NOT NULL,
  `highlight` int(11) NOT NULL
) ENGINE=MyISAM AUTO_INCREMENT=4 DEFAULT CHARSET=utf8;

--
-- 資料表的匯出資料 `tb_huatai_news_category`
--

INSERT INTO `tb_huatai_news_category` (`id`, `sort_order`, `code`, `remark`, `disabled`, `create_date`, `last_update_date`, `create_by`, `last_update_by`, `url_target`, `seo_url`, `seo_keyword`, `start_date`, `end_date`, `display_date`, `youtube_id`, `highlight`) VALUES
(1, 1, '', '', 0, '2020-12-20 06:05:24', '2020-12-30 01:08:48', 2, 2, '', '1', '', '0000-00-00', '0000-00-00', '2020-12-29', '', 0),
(2, 2, '', '', 0, '2020-12-20 06:05:24', '2020-12-30 01:08:48', 2, 2, '', '2', '', '0000-00-00', '0000-00-00', '2020-12-29', '', 0),
(3, 3, '', '', 0, '2020-12-20 06:05:24', '2020-12-30 01:08:48', 2, 2, '', '3', '', '0000-00-00', '0000-00-00', '2020-12-29', '', 0);

-- --------------------------------------------------------

--
-- 資料表結構 `tb_huatai_news_category_desc`
--

CREATE TABLE IF NOT EXISTS `tb_huatai_news_category_desc` (
  `language_id` int(11) NOT NULL DEFAULT '0',
  `news_category_id` int(11) NOT NULL DEFAULT '0',
  `name` text CHARACTER SET utf8 COLLATE utf8_unicode_ci NOT NULL,
  `detail` text CHARACTER SET utf8 COLLATE utf8_unicode_ci NOT NULL,
  `url` text NOT NULL,
  `seo_desc` text NOT NULL,
  `seo_title` text NOT NULL,
  `detail2` text NOT NULL,
  `seo_h1` text NOT NULL
) ENGINE=MyISAM DEFAULT CHARSET=utf8;

--
-- 資料表的匯出資料 `tb_huatai_news_category_desc`
--

INSERT INTO `tb_huatai_news_category_desc` (`language_id`, `news_category_id`, `name`, `detail`, `url`, `seo_desc`, `seo_title`, `detail2`, `seo_h1`) VALUES
(1, 1, 'Technology', '', '', '', '', '', ''),
(2, 1, '科技要闻', '', '', '', '', '', ''),
(3, 1, '科技要闻', '', '', '', '', '', ''),
(1, 2, 'Products', '', '', '', '', '', ''),
(2, 2, '产品要闻', '', '', '', '', '', ''),
(3, 2, '产品要闻', '', '', '', '', '', ''),
(1, 3, 'Markets', '', '', '', '', '', ''),
(2, 3, '市场要闻', '', '', '', '', '', ''),
(3, 3, '市场要闻', '', '', '', '', '', '');

-- --------------------------------------------------------

--
-- 資料表結構 `tb_huatai_news_desc`
--

CREATE TABLE IF NOT EXISTS `tb_huatai_news_desc` (
  `language_id` int(11) NOT NULL DEFAULT '0',
  `news_id` int(11) NOT NULL DEFAULT '0',
  `name` text CHARACTER SET utf8 COLLATE utf8_unicode_ci NOT NULL,
  `detail` text CHARACTER SET utf8 COLLATE utf8_unicode_ci NOT NULL,
  `url` text NOT NULL,
  `seo_desc` text NOT NULL,
  `seo_title` text NOT NULL,
  `detail2` text NOT NULL,
  `seo_h1` text NOT NULL
) ENGINE=MyISAM DEFAULT CHARSET=utf8;

--
-- 資料表的匯出資料 `tb_huatai_news_desc`
--

INSERT INTO `tb_huatai_news_desc` (`language_id`, `news_id`, `name`, `detail`, `url`, `seo_desc`, `seo_title`, `detail2`, `seo_h1`) VALUES
(3, 4, 'testing', '', '', '', '', '', ''),
(2, 4, 'testing', '', '', '', '', '', ''),
(1, 4, 'testing', '', '', '', '', '', ''),
(1, 5, 'testing', '', '', '', '', '', ''),
(2, 5, 'testing', '', '', '', '', '', ''),
(3, 5, 'testing', '', '', '', '', '', ''),
(3, 3, '华泰（香港）期货有限公司成为首家获得INE境外特殊经纪参与者资格之期货商', '<p>华泰（香港）期货有限公司成为首家获得INE境外特殊经纪参与者资格之期货商</p>\r\n<p>上海及香港时间，2020年8月4日上海国际能源交易中心近日宣布，经董事会批准，华泰（香港）期货有限公司（&ldquo;下称华泰（香港）期货&rdquo;）正式被接受为上海国际能源交易中心境外特殊经纪参与者。华泰（香港）期货有限公司为上海国际能源交易中心正式批准的首家境外特殊经纪参与者。</p>\r\n<p>境外特殊参与者是指符合中国证券监督管理委员会及能源中心规定条件，经能源中心审核批准，在能源中心直接入场交易的境外中介机构。境外特殊经纪参与者可按照规定委托会员在能源中心进行清算、交割及仓单质押等业务；此外，境外特殊经纪参与者可以使用能源中心提供的交易设施，获得有关期货交易的信息和服务。</p>\r\n<p>华泰（香港）期货有限公司副总经理、销售负责人员陈伯龙表示，作为首家境外特殊经纪参与者，华泰（香港）期货可以为香港及境外实体企业参与中国特定品种（如原油、国际铜、20号橡胶）提供直连交易、多币别清算和实物交割等优质的金融服务。我们相信，随着中国期货市场国际化进程的推进，越来越多的海外的有套期保值风险管理需求的实体企业、有着丰富交易策略的海外专业投资者将率先直接参与到中国商品市场的交易机会。凭借着华泰期货在中国期货市场领先的市场地位，华泰香港期货有限公司可为投资者实现市场领先的交易清算执行方案。</p>\r\n<p>根据上海国际能源交易中心公布数据显示，截至10月12日，按单边统计，原油期货累积成交量1463.7万手，成交金额7.32万亿元。单日成交量平均10.92万手，最高达21.12万手；单日持仓量平均1.59万手，最高达到2.5万手；单日成交金额平均546.09亿元，最高达到1232.3亿元。上海能源中心交易所将继续以&ldquo;国际平台、净价交易、保税交割、人民币计价&rdquo;为基本思路，稳步推进期货市场国际化的步伐。</p>', '', '', '', '', ''),
(2, 3, '華泰（香港）期貨有限公司成為首家獲得INE境外特殊經紀參與者資格之期貨商', '<p>上海及香港時間，2020年8月4日-上海國際能源交易中心近日宣布，經董事會批准，華泰（香港）期貨有限公司（&ldquo;下稱華泰（香港）期貨&rdquo;）正式被接受為上海國際能源交易華泰（香港）期貨有限公司為上海國際能源交易中心正式批准的首家境外特殊經紀人參與。</p>\r\n<p>境外特殊參與者是指符合中國證券監督管理委員會及能源中心規定的條件，經能源中心審核批准，在能源中心直接入場交易的境外中介機構。境外特殊經紀人可以按照規定委託會員在能源中心進行清算，交割及倉單質押等業務；以及，境外特殊經紀參與者可以使用能源中心提供的交易設施，獲得有關期貨交易的信息和服務。</p>\r\n<div>\r\n<div>华泰（香港）期货有限公司副總經理、銷售负责人員陳伯龍表示，作为首家境外特殊经纪参与者，华泰（香港）期货可以为香港及境外實體企業参与中國特定品種（如原油、國際銅、20號橡膠）提供直連交易、多幣別清算和實物交割等優質的金融服務。我們相信，隨著中國期貨市場國際化進程的推進，越來越多的海外的有套期保值风险管理需求的实体企业、有著豐富交易策略的海外專業投資者將率先直接參與到中国商品市场的交易机会。憑藉著華泰期貨在中國期貨市場領先的市場地位，華泰香港期貨有限公司可為投资者实现市場領先的交易清算执行方案。</div>\r\n<div>&nbsp;</div>\r\n<div>根據上海国际能源交易中心公布數據顯示，截至10月12日，按單邊統計，原油期貨累積成交量1463.7萬手，成交金額7.32萬億元。單日成交量平均10.92萬手，最高達21.12萬手；單日持倉量平均1.59萬手，最高達到2.5萬手；單日成交金額平均546.09億元，最高達到1232.3億元。上海能源中心交易所將繼續以&ldquo;國際平台、淨價交易、保稅交割、人民幣計價&rdquo;為基本思路，穩步推進期貨市場國際化的步伐。</div>\r\n<div>&nbsp;</div>\r\n<div>\r\n<div>關於華泰（香港）期貨有限公司</div>\r\n<div>&nbsp;</div>\r\n<div>華泰（香港）期貨有限公司是華泰期貨根據中國證監會批复，於2015年在香港特別行政區註冊成立。華泰（香港）期貨為參與全球市場的機構客戶提供24小時不間斷的全球市場的期貨合約交易服務。華泰（香港）期貨可憑藉其深耕中國市場及匯集全球資深投資人的豐富經驗，為廣大專業及機構投資者提供綜合性及量身定制的交易執行方案。</div>\r\n</div>\r\n</div>', '', '', '', '', ''),
(1, 3, 'Huatai (Hong Kong) Futures Limited being the first Futures Brokerage to be granted the Qualification of the Overseas Special Brokerage Participant to Shanghai International Energy Exchange', '<p class=&#34;p1&#34; style=&#34;margin: 0px; font-variant-numeric: normal; font-variant-east-asian: normal; font-stretch: normal; font-size: 24px; line-height: normal; font-family: &quot;Times New Roman&quot;; -webkit-text-stroke-color: rgb(0, 0, 0);&#34;><span class=&#34;s1&#34; style=&#34;font-kerning: none;&#34;>Huatai (Hong Kong) Futures Limited being the first Futures Brokerage to be granted the Qualification of the Overseas Special Brokerage Participant to Shanghai International Energy Exchange</span></p>\r\n<p class=&#34;p2&#34; style=&#34;margin: 0px; font-variant-numeric: normal; font-variant-east-asian: normal; font-stretch: normal; font-size: 14px; line-height: normal; font-family: &quot;Times New Roman&quot;; -webkit-text-stroke-color: rgb(0, 0, 0);&#34;><span class=&#34;s1&#34; style=&#34;font-kerning: none;&#34;><br />\r\n</span></p>\r\n<p class=&#34;p3&#34; style=&#34;margin: 0px; font-variant-numeric: normal; font-variant-east-asian: normal; font-stretch: normal; font-size: 14px; line-height: normal; font-family: &quot;Times New Roman&quot;; -webkit-text-stroke-color: rgb(0, 0, 0); min-height: 16px;&#34;>&nbsp;</p>\r\n<p class=&#34;p2&#34; style=&#34;margin: 0px; font-variant-numeric: normal; font-variant-east-asian: normal; font-stretch: normal; font-size: 14px; line-height: normal; font-family: &quot;Times New Roman&quot;; -webkit-text-stroke-color: rgb(0, 0, 0);&#34;><span class=&#34;s1&#34; style=&#34;font-kerning: none;&#34;>Shanghai &amp; Hong Kong&nbsp;Time, Aug 4, 2020- Shanghai International Energy Exchange (&ldquo;the Exchange&rdquo;) announced that, as approved by board of directors, Huatai (Hong Kong) Futures Limited is officially recognized as an Overseas Special Brokerage Participant (&ldquo;OSBP&rdquo;) to the Exchange. Huatai (Hong Kong) Futures Limited is the first OSBP approved and recognized by the Exchange.</span></p>\r\n<p class=&#34;p4&#34; style=&#34;margin: 0px; text-align: justify; font-variant-numeric: normal; font-variant-east-asian: normal; font-stretch: normal; font-size: 14px; line-height: normal; font-family: &quot;Times New Roman&quot;; -webkit-text-stroke-color: rgb(0, 0, 0);&#34;><span class=&#34;s1&#34; style=&#34;font-kerning: none;&#34;><br />\r\n</span></p>\r\n<p class=&#34;p5&#34; style=&#34;margin: 0px; text-align: justify; font-variant-numeric: normal; font-variant-east-asian: normal; font-stretch: normal; font-size: 14px; line-height: normal; font-family: &quot;Times New Roman&quot;; -webkit-text-stroke-color: rgb(0, 0, 0); min-height: 16px;&#34;>&nbsp;</p>\r\n<p class=&#34;p4&#34; style=&#34;margin: 0px; text-align: justify; font-variant-numeric: normal; font-variant-east-asian: normal; font-stretch: normal; font-size: 14px; line-height: normal; font-family: &quot;Times New Roman&quot;; -webkit-text-stroke-color: rgb(0, 0, 0);&#34;><span class=&#34;s1&#34; style=&#34;font-kerning: none;&#34;>An Overseas Special Participant is an overseas institution that satisfies the prescribed conditions of China Securities Regulatory Commission (&ldquo;CSRC&rdquo;) and the Exchange,&nbsp;and are approved by the Exchange to trade directly at the Exchange&nbsp;as the overseas trader. An OSBP is entitled to authorize Members to conduct clearing, delivery and pledge of warehouse receipts and other relevant business with the Exchange in accordance with relevant provisions. And an OSBP is entitled to accessing the trading facilities provided by the Exchange and obtaining the information and services related to futures trading.&nbsp;</span></p>\r\n<p class=&#34;p6&#34; style=&#34;margin: 0px; text-align: justify; font-variant-numeric: normal; font-variant-east-asian: normal; font-stretch: normal; font-size: 14px; line-height: normal; font-family: &quot;Times New Roman&quot;; -webkit-text-stroke-color: rgb(0, 0, 0);&#34;><span class=&#34;s1&#34; style=&#34;font-kerning: none;&#34;><br />\r\n</span></p>\r\n<p class=&#34;p5&#34; style=&#34;margin: 0px; text-align: justify; font-variant-numeric: normal; font-variant-east-asian: normal; font-stretch: normal; font-size: 14px; line-height: normal; font-family: &quot;Times New Roman&quot;; -webkit-text-stroke-color: rgb(0, 0, 0); min-height: 16px;&#34;>&nbsp;</p>\r\n<p class=&#34;p4&#34; style=&#34;margin: 0px; text-align: justify; font-variant-numeric: normal; font-variant-east-asian: normal; font-stretch: normal; font-size: 14px; line-height: normal; font-family: &quot;Times New Roman&quot;; -webkit-text-stroke-color: rgb(0, 0, 0);&#34;><span class=&#34;s1&#34; style=&#34;font-kerning: none;&#34;>Elf&nbsp;Chen, the Deputy General Manager &amp; Head of Sales of Huatai (Hong Kong) Futures Limited said, &ldquo;As the first OSBP approved by the Exchange, Huatai (Hong Kong) Futures Limited can provide various high- quality services, involving DMA, multi- currency clearing services, and physical delivery services, to industrial corporations who are devoted to trading of specific futures products of Chinese market, including crude oil, copper (BC) and TSR20. We believe that, the internationalization of Chinese futures market becomes an essential motivation of the increasing oversea institutional corporations with great demand on risk management and arbitrage and experienced professional investors, to participate in Chinese commodity market directly. With strong connection with Huatai Futures, who provides best- in- class financial services in China market, Huatai (Hong Kong) Futures Limited. can now provide market- leading order execution and clearing solutions for investors.&rdquo;&nbsp;</span></p>\r\n<p class=&#34;p6&#34; style=&#34;margin: 0px; text-align: justify; font-variant-numeric: normal; font-variant-east-asian: normal; font-stretch: normal; font-size: 14px; line-height: normal; font-family: &quot;Times New Roman&quot;; -webkit-text-stroke-color: rgb(0, 0, 0);&#34;><span class=&#34;s1&#34; style=&#34;font-kerning: none;&#34;><br />\r\n</span></p>\r\n<p class=&#34;p2&#34; style=&#34;margin: 0px; font-variant-numeric: normal; font-variant-east-asian: normal; font-stretch: normal; font-size: 14px; line-height: normal; font-family: &quot;Times New Roman&quot;; -webkit-text-stroke-color: rgb(0, 0, 0);&#34;><span class=&#34;s1&#34; style=&#34;font-kerning: none;&#34;>As shown by data released by the Exchange, until Oct 12, the accumulated trading volume of the crude oil futures reached 14,637,000 lots, calculated as one-side positions, with a turnover of 7,320,000,000,000 yuan. The average of daily trading volume reached 109,200 lots and the peak of daily trading volume reached 211,200 lots. The average of daily open interest reached 15,900 lots and the peak of daily open interest reached 25,000 lots. The average of daily turnover reached 54,609,000,000 yuan and the highest daily turnover reached 123,230,000,000 yuan. On the basis of &ldquo;international platform, net pricing, bonded delivery, and RMB denomination&rdquo;, the Exchange would engage in and promote the internationalization of Chinese futures market with steady steps.</span></p>', '', '', '', '', ''),
(1, 2, 'Huatai (Hong Kong) Futures Ltd. and Trading Technologies Partner to Provide Connectivity to Chinese Derivatives Markets via the TT® Platform', '<p class=&#34;p1&#34; style=&#34;margin: 0px 0px 12px; font-variant-numeric: normal; font-variant-east-asian: normal; font-stretch: normal; font-size: 24px; line-height: normal; font-family: &quot;Times New Roman&quot;; -webkit-text-stroke-color: rgb(0, 0, 0);&#34;><span class=&#34;s1&#34; style=&#34;font-kerning: none;&#34;>Huatai (Hong Kong) Futures Ltd. and Trading Technologies Partner to Provide Connectivity to Chinese Derivatives Markets via the TT&reg; Platform</span></p>\r\n<p class=&#34;p2&#34; style=&#34;margin: 0px 0px 12px; font-variant-numeric: normal; font-variant-east-asian: normal; font-stretch: normal; font-size: 14px; line-height: normal; font-family: &quot;Times New Roman&quot;; -webkit-text-stroke-color: rgb(0, 0, 0);&#34;><span class=&#34;s1&#34; style=&#34;font-kerning: none;&#34;>CHICAGO and HONG KONG, June 15, 2020 &mdash; Trading Technologies International, Inc. (TT), a global provider of high-performance professional trading software, infrastructure and data solutions, and Huatai (Hong Kong) Futures Ltd., the subsidiary of Huatai Futures Ltd. today announced they have contracted to provide connectivity to the Chinese international derivatives markets through the TT platform.</span></p>\r\n<p class=&#34;p2&#34; style=&#34;margin: 0px 0px 12px; font-variant-numeric: normal; font-variant-east-asian: normal; font-stretch: normal; font-size: 14px; line-height: normal; font-family: &quot;Times New Roman&quot;; -webkit-text-stroke-color: rgb(0, 0, 0);&#34;><span class=&#34;s1&#34; style=&#34;font-kerning: none;&#34;>Through partnering with TT, Huatai&rsquo;s global customers will be able to trade Chinese international derivatives products listed on the China Financial Futures Exchange (CFFEX), Dalian Commodities Exchange (DCE), Shanghai Futures Exchange (SHFE), Shanghai International Energy Exchange (INE) and Zhengzhou Commodity Exchange (ZCE) via the TT platform.</span></p>\r\n<p class=&#34;p2&#34; style=&#34;margin: 0px 0px 12px; font-variant-numeric: normal; font-variant-east-asian: normal; font-stretch: normal; font-size: 14px; line-height: normal; font-family: &quot;Times New Roman&quot;; -webkit-text-stroke-color: rgb(0, 0, 0);&#34;><span class=&#34;s1&#34; style=&#34;font-kerning: none;&#34;>Mark Pottle, Regional Executive Sales Director for Trading Technologies in Asia, said, &quot;We are thrilled to announce Huatai (Hong Kong) Futures Ltd. has chosen the TT platform as a solution to support international clients&rsquo; access to trade China. By partnering with Huatai (Hong Kong) Futures Ltd., we are immediately building on our commitment to provide a best-in-class experience for our customers.&rdquo;</span></p>\r\n<p class=&#34;p2&#34; style=&#34;margin: 0px 0px 12px; font-variant-numeric: normal; font-variant-east-asian: normal; font-stretch: normal; font-size: 14px; line-height: normal; font-family: &quot;Times New Roman&quot;; -webkit-text-stroke-color: rgb(0, 0, 0);&#34;><span class=&#34;s1&#34; style=&#34;font-kerning: none;&#34;>Elf Chen, Deputy General Manager of Huatai (Hong Kong) Futures Limited, said, &ldquo;This partnership with Trading Technologies comes at a time when China is opening up its listed derivatives markets for global investors while overseas listed derivatives markets are getting more and more attention from Chinese investors. Together with TT, Huatai can now provide a one-stop solution for overseas and Chinese institutions at the highest global standard.&rdquo;</span></p>\r\n<p class=&#34;p2&#34; style=&#34;margin: 0px 0px 12px; font-variant-numeric: normal; font-variant-east-asian: normal; font-stretch: normal; font-size: 14px; line-height: normal; font-family: &quot;Times New Roman&quot;; -webkit-text-stroke-color: rgb(0, 0, 0);&#34;><span class=&#34;s1&#34; style=&#34;font-kerning: none;&#34;>TT&rsquo;s privately managed infrastructure spans five continents, delivering secure market access and superior performance from anywhere in the world. Designed specifically for professional traders, TT incorporates a broad array of customizable tools to accommodate trading strategies that range from manual point-and-click trading to single-digit microsecond automated order entry.</span></p>', '', '', '', '', ''),
(3, 2, '华泰香港期货及Trading Technologies旗下TT平台携手提供连接中国衍生品交易市场的桥梁', '<p>华泰（香港）期货有限公司（&ldquo;华泰香港期货&rdquo;）及Trading Technologies旗下TT平台携手提供连接中国衍生品交易市场的桥梁</p>\r\n<p>芝加哥及香港，2020年6月15日-全球高性能交易软件、基建、数据中心提供商Trading Technologies International, Inc. (TT)与华泰香港期货（华泰期货有限公司之子公司）近日携手宣布，双方已就通过TT平台进入中国及国际衍生品市场并提供连接服务达成合作伙伴协议。</p>\r\n<p>与TT的合作将为华泰香港期货的海外客户提供进入中国期货市场的机会。客户可使用TT交易系统交易中国金融期货交易所、大连商品交易所、上海期货交易所、上海国际能源交易中心及郑州商品交易所上市的期货产品。</p>\r\n<p>Trading Technologies亚洲地区区域销售行政总监Mark Pottle表示：&ldquo;我们欣然宣布，华泰香港期货选择TT作为合作伙伴，以协助国际客户进入中国市场。与华泰香港期货合作的同时，我司此志向客户提供最优质的体验。</p>\r\n<p>华泰香港期货副总经理陈伯龙表示：&ldquo;华泰香港期货与Trading Technologies的合作，正值中国投资者越发积极地参与全球衍生品市场而中国亦向全球投资者开放其衍生品市场的历史时期。和TT携手，华泰可为中国及海外机构客户提供达国际标准的一站式交易执行解决方案&rdquo;。</p>\r\n<p>TT的交易基建遍及五大洲，在全世界为各类客户提供安全而优秀的国际市场对接服务。作为为专业投资者量身定制的交易服务商，TT因应客户不同的交易策略的需要，提供广泛、可定制的交易工具，例如人工点选的下单服务及单数位微秒计自动下单功能。</p>', '', '', '', '', ''),
(2, 2, '华泰香港期货及Trading Technologies旗下TT平台携手提供连接中国衍生品交易市场的桥梁', '<p>华泰（香港）期货有限公司（&ldquo;华泰香港期货&rdquo;）及Trading Technologies旗下TT平台携手提供连接中国衍生品交易市场的桥梁</p>\r\n<p>芝加哥及香港，2020年6月15日-全球高性能交易软件、基建、数据中心提供商Trading Technologies International, Inc. (TT)与华泰香港期货（华泰期货有限公司之子公司）近日携手宣布，双方已就通过TT平台进入中国及国际衍生品市场并提供连接服务达成合作伙伴协议。</p>\r\n<p>与TT的合作将为华泰香港期货的海外客户提供进入中国期货市场的机会。客户可使用TT交易系统交易中国金融期货交易所、大连商品交易所、上海期货交易所、上海国际能源交易中心及郑州商品交易所上市的期货产品。</p>\r\n<p>Trading Technologies亚洲地区区域销售行政总监Mark Pottle表示：&ldquo;我们欣然宣布，华泰香港期货选择TT作为合作伙伴，以协助国际客户进入中国市场。与华泰香港期货合作的同时，我司此志向客户提供最优质的体验。</p>\r\n<p>华泰香港期货副总经理陈伯龙表示：&ldquo;华泰香港期货与Trading Technologies的合作，正值中国投资者越发积极地参与全球衍生品市场而中国亦向全球投资者开放其衍生品市场的历史时期。和TT携手，华泰可为中国及海外机构客户提供达国际标准的一站式交易执行解决方案&rdquo;。</p>\r\n<p>TT的交易基建遍及五大洲，在全世界为各类客户提供安全而优秀的国际市场对接服务。作为为专业投资者量身定制的交易服务商，TT因应客户不同的交易策略的需要，提供广泛、可定制的交易工具，例如人工点选的下单服务及单数位微秒计自动下单功能。</p>', '', '', '', '', ''),
(3, 6, '华泰（香港）期货有限公司喜获港交所最活跃经纪商-货币期货奖', '<p>华泰（香港）期货有限公司近日喜获港交所颁发最活跃经纪商-货币期货奖。在香港期货交易所的上百家会员中，华泰（香港）期货压众多交易所会员单位，斩获该奖项。 &nbsp;</p>\r\n<p>自2020年初成为港交所会员以来，华泰（香港）期货有限公司一直致力于推广港交所各类别期货产品，包括指数类产品及汇率类产品，尤其是在以美元兑人民币产品为首的汇率类产品的推广中取得瞩目成绩。汇率类产品是国际期货产品丰富的产品池中的重要一环，交易相关产品可帮助投资者在波动的汇率市场中把握投资机会并管理汇率风险。 &nbsp;</p>\r\n<p>此外，华泰（香港）期货有限公司一直配合港交所政策，积极发展其他产品的交易，如MSCI中国A50互联互通（美元）指数期货，并结合港交所全资子公司-伦敦金属交易所，努力发展LME基本金属的交易。 &nbsp;</p>\r\n<p>香港交易及结算所有限公司（香港交易所）是世界主要的交易所集团之一，业务范围包括股票、大宗商品、衍生产品、定息及货币产品。香港交易所是全球领先的新股融资中心，也是香港唯一的证券及衍生产品交易所和结算所营运机构，为国际投资者提供进入亚洲最活跃市场的渠道。香港交易所透过全资子公司伦敦金属交易所（LME）和LME Clear Limited，运营全球领先的工业金属交易市场。香港交易所是与中国内地市场互联互通的开拓者。2021年，香港交易所最近推出了首只以MSCI中国A50互联互通指数为标的期货合约，这个指数追踪了50只通过沪深港通交易的主要沪深股票的表现，来帮助沪深港通的投资者管理投资A股组合的风险。</p>\r\n<p>华泰（香港）期货为个人、机构客户提供24小时不间断的全球市场交易服务，以专业人才团队为依托，为客户创造优质的服务，致力于境内外业务互联互通模式探索。作为港交所会员，华泰（香港）期货一直保持和港交所的密切往来，积极推广港交所提供的各类衍生产品，致力于为客户交易港交所产品提供最优的交易执行和清算方案，打造中资在港期货服务机构的核心竞争优势。</p>', '', '', '', '', ''),
(1, 6, 'Huatai (Hong Kong) Futures Co., Ltd. recently won the Top Broker - Currency Futures award from the Hong Kong Exchanges and Clearing Limited', 'Huatai (Hong Kong) Futures Co., Ltd. recently won the Top Broker - Currency Futures award from the Hong Kong Exchanges and Clearing Limited (HKEX). Among the hundreds of members of HKEX, Huatai (Hong Kong) Futures won the award over many exchange members.\r\n\r\nSince becoming a member of the Hong Kong Stock Exchange in early 2020, the Company has been committed to promoting various futures products of the HKEX, including stock index products and FX products, especially in exchange rate products led by USD/RMB products. Remarkable achievements have been made in the promotion of such products. FX products are an important part of the product pool of global futures products. Trading FX products can help investors seize investment opportunities and manage currency exchange risks in the volatile exchange rate market.\r\n\r\nIn addition, Huatai (Hong Kong) Futures Co., Ltd. has been cooperating with the policies of the HKEX, actively developing the trading of futures products other than FX products, such as the MSCI China A50 Connect (USD) Index Futures. Moreover, the Company has been strived to develop base metals trading of LME, a wholly-owned subsidiary of HKEX.\r\n\r\nHong Kong Exchanges and Clearing Limited (HKEX) is one of the world’s major exchange groups, and operates a range of equity, commodity, fixed income and currency markets.  HKEX is the world’s leading IPO market and as Hong Kong’s only securities and derivatives exchange and sole operator of its clearing houses, it is uniquely placed to offer regional and international investors access to Asia’s most vibrant markets. HKEX is also the global leader in metals trading, through its wholly owned subsidiaries, The London Metal Exchange (LME) and LME Clear Limited. HKEX launched the pioneering Mainland -Hong Kong Stock Connect programs. In 2021, HKEX initially launched a futures contract based on the MSCI China A 50 Connect Index, which tracks the performance of 50 key Shanghai and Shenzhen stocks available via Stock Connect, to help investors of Shanghai & Shenzhen- Hong Kong Stock Connect programs to manage the risk of A share investment portfolios.  \r\n\r\nThe Company provides 24h services in dealing in futures contracts covering global markets for both individual and institutional clients. The Company aims to build its competitive advantages in futures dealing services and explores to establish a linkage mechanism between domestic and oversea market. High quality service is provided by our professional team. As a member of HKEX, the Company has always maintained close contacts with HKEX and actively promoted various derivatives products provided by HKEX, committed to providing clients with outstanding order execution and clearing solutions for trading products of HKEX, and building the core competitive advantage of Chinese-funded futures service institutions in Hong Kong. ', '', '', '', '', '');

-- --------------------------------------------------------

--
-- 資料表結構 `tb_huatai_news_pdf`
--

CREATE TABLE IF NOT EXISTS `tb_huatai_news_pdf` (
  `id` bigint(20) unsigned NOT NULL,
  `news_id` bigint(20) NOT NULL DEFAULT '0',
  `sort_order` bigint(11) NOT NULL DEFAULT '0',
  `img` text CHARACTER SET utf8 COLLATE utf8_unicode_ci NOT NULL,
  `img2` text CHARACTER SET utf8 COLLATE utf8_unicode_ci NOT NULL,
  `caption` text CHARACTER SET utf8 COLLATE utf8_unicode_ci NOT NULL,
  `language_id` int(11) NOT NULL DEFAULT '0',
  `disabled` tinyint(1) NOT NULL DEFAULT '0',
  `create_date` timestamp NOT NULL DEFAULT '0000-00-00 00:00:00',
  `last_update_date` timestamp NOT NULL DEFAULT CURRENT_TIMESTAMP ON UPDATE CURRENT_TIMESTAMP,
  `create_by` bigint(20) NOT NULL DEFAULT '0',
  `last_update_by` bigint(20) NOT NULL DEFAULT '0'
) ENGINE=MyISAM DEFAULT CHARSET=utf8;

-- --------------------------------------------------------

--
-- 資料表結構 `tb_huatai_news_photo`
--

CREATE TABLE IF NOT EXISTS `tb_huatai_news_photo` (
  `id` bigint(20) unsigned NOT NULL,
  `news_id` bigint(20) NOT NULL DEFAULT '0',
  `sort_order` bigint(11) NOT NULL DEFAULT '0',
  `img` text CHARACTER SET utf8 COLLATE utf8_unicode_ci NOT NULL,
  `caption` text CHARACTER SET utf8 COLLATE utf8_unicode_ci NOT NULL,
  `language_id` int(11) NOT NULL DEFAULT '0',
  `disabled` tinyint(1) NOT NULL DEFAULT '0',
  `create_date` timestamp NOT NULL DEFAULT '0000-00-00 00:00:00',
  `last_update_date` timestamp NOT NULL DEFAULT CURRENT_TIMESTAMP ON UPDATE CURRENT_TIMESTAMP,
  `create_by` bigint(20) NOT NULL DEFAULT '0',
  `last_update_by` bigint(20) NOT NULL DEFAULT '0',
  `img2` text,
  `thumb` text NOT NULL
) ENGINE=MyISAM AUTO_INCREMENT=39 DEFAULT CHARSET=utf8;

--
-- 資料表的匯出資料 `tb_huatai_news_photo`
--

INSERT INTO `tb_huatai_news_photo` (`id`, `news_id`, `sort_order`, `img`, `caption`, `language_id`, `disabled`, `create_date`, `last_update_date`, `create_by`, `last_update_by`, `img2`, `thumb`) VALUES
(36, 3, 1, 'upload/images/news/20210128180511_27.jpg', '', 3, 0, '2021-03-15 10:02:45', '2021-03-15 10:02:45', 2, 2, NULL, ''),
(37, 2, 1, 'upload/images/news/20210128180436_26.jpg', '', 3, 0, '2021-03-15 10:04:34', '2021-03-15 10:04:35', 2, 2, NULL, ''),
(38, 6, 1, 'upload/images/news/20220413135822_38.jpeg', '', 3, 0, '2022-04-13 05:58:23', '2022-04-13 05:58:23', 2, 2, NULL, '');

-- --------------------------------------------------------

--
-- 資料表結構 `tb_huatai_news_photo02`
--

CREATE TABLE IF NOT EXISTS `tb_huatai_news_photo02` (
  `id` bigint(20) unsigned NOT NULL,
  `news_id` bigint(20) NOT NULL DEFAULT '0',
  `sort_order` bigint(11) NOT NULL DEFAULT '0',
  `img` text CHARACTER SET utf8 COLLATE utf8_unicode_ci NOT NULL,
  `caption` text CHARACTER SET utf8 COLLATE utf8_unicode_ci NOT NULL,
  `language_id` int(11) NOT NULL DEFAULT '0',
  `disabled` tinyint(1) NOT NULL DEFAULT '0',
  `create_date` timestamp NOT NULL DEFAULT '0000-00-00 00:00:00',
  `last_update_date` timestamp NOT NULL DEFAULT CURRENT_TIMESTAMP ON UPDATE CURRENT_TIMESTAMP,
  `create_by` bigint(20) NOT NULL DEFAULT '0',
  `last_update_by` bigint(20) NOT NULL DEFAULT '0',
  `img2` text,
  `thumb` text NOT NULL
) ENGINE=MyISAM AUTO_INCREMENT=32 DEFAULT CHARSET=utf8;

--
-- 資料表的匯出資料 `tb_huatai_news_photo02`
--

INSERT INTO `tb_huatai_news_photo02` (`id`, `news_id`, `sort_order`, `img`, `caption`, `language_id`, `disabled`, `create_date`, `last_update_date`, `create_by`, `last_update_by`, `img2`, `thumb`) VALUES
(29, 3, 1, 'upload/images/news/20210128180511_20_banner.jpg', '', 3, 0, '2021-03-15 10:02:45', '2021-03-15 10:02:45', 2, 2, NULL, ''),
(30, 2, 1, 'upload/images/news/20210128180436_19_banner.jpg', '', 3, 0, '2021-03-15 10:04:34', '2021-03-15 10:04:35', 2, 2, NULL, ''),
(31, 6, 1, 'upload/images/news/20220413135823_31_banner.jpeg', '', 3, 0, '2022-04-13 05:58:23', '2022-04-13 05:58:23', 2, 2, NULL, '');

-- --------------------------------------------------------

--
-- 資料表結構 `tb_huatai_openaccount`
--

CREATE TABLE IF NOT EXISTS `tb_huatai_openaccount` (
  `id` bigint(20) unsigned NOT NULL,
  `sort_order` int(11) NOT NULL DEFAULT '0',
  `code` text CHARACTER SET utf8 COLLATE utf8_unicode_ci NOT NULL,
  `remark` text CHARACTER SET utf8 COLLATE utf8_unicode_ci NOT NULL,
  `disabled` tinyint(1) NOT NULL DEFAULT '0',
  `create_date` timestamp NOT NULL DEFAULT '0000-00-00 00:00:00',
  `last_update_date` timestamp NOT NULL DEFAULT CURRENT_TIMESTAMP ON UPDATE CURRENT_TIMESTAMP,
  `create_by` bigint(20) NOT NULL DEFAULT '0',
  `last_update_by` bigint(20) NOT NULL DEFAULT '0',
  `url_target` text NOT NULL,
  `seo_url` text NOT NULL,
  `seo_keyword` text NOT NULL,
  `start_date` date DEFAULT '0000-00-00',
  `end_date` date DEFAULT '0000-00-00',
  `display_date` date DEFAULT '0000-00-00',
  `youtube_id` text NOT NULL,
  `other_link` text NOT NULL,
  `openaccount_category_id` text NOT NULL
) ENGINE=MyISAM AUTO_INCREMENT=6 DEFAULT CHARSET=utf8;

--
-- 資料表的匯出資料 `tb_huatai_openaccount`
--

INSERT INTO `tb_huatai_openaccount` (`id`, `sort_order`, `code`, `remark`, `disabled`, `create_date`, `last_update_date`, `create_by`, `last_update_by`, `url_target`, `seo_url`, `seo_keyword`, `start_date`, `end_date`, `display_date`, `youtube_id`, `other_link`, `openaccount_category_id`) VALUES
(1, 2, '', '', 0, '2020-12-20 08:13:19', '2021-03-22 10:59:56', 2, 2, '', 'a', '', '0000-00-00', '0000-00-00', '2020-12-29', '', '', '1'),
(2, 3, '', '', 0, '2020-12-20 08:13:19', '2021-02-09 10:40:43', 2, 2, '', '易盛交易系', '', '0000-00-00', '0000-00-00', '2020-12-29', '', '', '1'),
(3, 1, '', '', 0, '2020-12-20 08:13:19', '2020-12-30 01:08:49', 2, 2, '', 'atp交易系', '', '0000-00-00', '0000-00-00', '2020-12-29', '', '', '2'),
(4, 1, '', '', 0, '2020-12-20 08:13:19', '2020-12-30 01:08:49', 2, 2, '', '', '', '0000-00-00', '0000-00-00', '2020-12-29', '', '', '3'),
(5, 1, '', '', 0, '0000-00-00 00:00:00', '2021-02-16 02:56:00', 0, 2, '', '大商所和郑商所', '', '0000-00-00', '0000-00-00', '0000-00-00', '', '', '1');

-- --------------------------------------------------------

--
-- 資料表結構 `tb_huatai_openaccount_desc`
--

CREATE TABLE IF NOT EXISTS `tb_huatai_openaccount_desc` (
  `language_id` int(11) NOT NULL DEFAULT '0',
  `openaccount_id` int(11) NOT NULL DEFAULT '0',
  `name` text CHARACTER SET utf8 COLLATE utf8_unicode_ci NOT NULL,
  `detail` text CHARACTER SET utf8 COLLATE utf8_unicode_ci NOT NULL,
  `url` text NOT NULL,
  `seo_desc` text NOT NULL,
  `seo_title` text NOT NULL,
  `detail2` text NOT NULL,
  `seo_h1` text NOT NULL,
  `name2` text NOT NULL
) ENGINE=MyISAM DEFAULT CHARSET=utf8;

--
-- 資料表的匯出資料 `tb_huatai_openaccount_desc`
--

INSERT INTO `tb_huatai_openaccount_desc` (`language_id`, `openaccount_id`, `name`, `detail`, `url`, `seo_desc`, `seo_title`, `detail2`, `seo_h1`, `name2`) VALUES
(1, 3, 'ATP交易系统', '<p>华泰香港期货ATP是一套可支持套利程序的交易软件，已于近日上线。ATP 交易系统附带手机交易平台，提供开放API 接口，助力程序化交易， 轻松连接全球期货及期权市场，成为您身边的内外盘套利专家。</p>\r\n<p>​特色：<br />\r\n​轻松对接全球期货及期权市场，实现便利的全球期货产品交易；<br />\r\n​实时显示账户资金、权益、成交、持仓信息，收益风险了如指掌；<br />\r\n​设定风险参数，掌握下单及持仓风险，满足您的风险管理需求；<br />\r\n​实时、多档报价，显示K 线图，可自定义合约组合及报价档位；<br />\r\n​支持多类单种，含有自动单功能，可设置止盈止损单、gainbest 单及策略单，通过设置相关参数，获取最大收益；<br />\r\n​自定义设置多种合约组合、多种套利策略，轻松实现跨市场、跨品种、跨期套利。</p>\r\n<p>ATP交易客户端，每月20USD的使用收费。如需ATP API授权，请联络您的销售人员或电邮至<a href=&#34;mailto:sales@htfc.com.h&#34;>sales@htfc.com.h</a>k。 手机交易软件下载（解压密码为39161616）：</p>', '', '', '', '', '', ''),
(2, 3, 'ATP交易系统', '<p>华泰香港期货ATP是一套可支持套利程序的交易软件，已于近日上线。ATP 交易系统附带手机交易平台，提供开放API 接口，助力程序化交易， 轻松连接全球期货及期权市场，成为您身边的内外盘套利专家。</p>\r\n<p>​特色：<br />\r\n​轻松对接全球期货及期权市场，实现便利的全球期货产品交易；<br />\r\n​实时显示账户资金、权益、成交、持仓信息，收益风险了如指掌；<br />\r\n​设定风险参数，掌握下单及持仓风险，满足您的风险管理需求；<br />\r\n​实时、多档报价，显示K 线图，可自定义合约组合及报价档位；<br />\r\n​支持多类单种，含有自动单功能，可设置止盈止损单、gainbest 单及策略单，通过设置相关参数，获取最大收益；<br />\r\n​自定义设置多种合约组合、多种套利策略，轻松实现跨市场、跨品种、跨期套利。</p>\r\n<p>ATP交易客户端，每月20USD的使用收费。如需ATP API授权，请联络您的销售人员或电邮至<a href=&#34;mailto:sales@htfc.com.h&#34;>sales@htfc.com.h</a>k。 手机交易软件下载（解压密码为39161616）：</p>', '', '', '', '', '', ''),
(3, 3, 'ATP交易系统', '<p>华泰香港期货ATP是一套可支持套利程序的交易软件，已于近日上线。ATP 交易系统附带手机交易平台，提供开放API 接口，助力程序化交易， 轻松连接全球期货及期权市场，成为您身边的内外盘套利专家。</p>\r\n<p>​特色：<br />\r\n​轻松对接全球期货及期权市场，实现便利的全球期货产品交易；<br />\r\n​实时显示账户资金、权益、成交、持仓信息，收益风险了如指掌；<br />\r\n​设定风险参数，掌握下单及持仓风险，满足您的风险管理需求；<br />\r\n​实时、多档报价，显示K 线图，可自定义合约组合及报价档位；<br />\r\n​支持多类单种，含有自动单功能，可设置止盈止损单、gainbest 单及策略单，通过设置相关参数，获取最大收益；<br />\r\n​自定义设置多种合约组合、多种套利策略，轻松实现跨市场、跨品种、跨期套利。</p>\r\n<p>ATP交易客户端，每月20USD的使用收费。如需ATP API授权，请联络您的销售人员或电邮至<a href=&#34;mailto:sales@htfc.com.h&#34;>sales@htfc.com.h</a>k。 手机交易软件下载（解压密码为39161616）：</p>', '', '', '', '', '', ''),
(3, 4, 'TT交易系统', '<p>华泰香港期货ATP是一套可支持套利程序的交易软件，已于近日上线。ATP 交易系统附带手机交易平台，提供开放API 接口，助力程序化交易，轻松连接全球期货及期权市场，成为您身边的内外盘套利专家。</p>\r\n<p>​特色：<br />\r\n​轻松对接全球期货及期权市场，实现便利的全球期货产品交易；<br />\r\n​实时显示账户资金、权益、成交、持仓信息，收益风险了如指掌；<br />\r\n​设定风险参数，掌握下单及持仓风险，满足您的风险管理需求；<br />\r\n​实时、多档报价，显示K 线图，可自定义合约组合及报价档位；<br />\r\n​支持多类单种，含有自动单功能，可设置止盈止损单、gainbest 单及策略单，通过设置相关参数，获取最大收益；<br />\r\n​自定义设置多种合约组合、多种套利策略，轻松实现跨市场、跨品种、跨期套利。</p>\r\n<p>ATP交易客户端，每月20USD的使用收费。如需ATP API授权，请联络您的销售人员或电邮至<a href=&#34;mailto:sales@htfc.com.hk&#34;>sales@htfc.com.hk</a>。 手机交易软件下载（解压密码为39161616）：</p>', '', '', '', '', '', ''),
(2, 4, 'TT交易系统', '<p>华泰香港期货ATP是一套可支持套利程序的交易软件，已于近日上线。ATP 交易系统附带手机交易平台，提供开放API 接口，助力程序化交易，轻松连接全球期货及期权市场，成为您身边的内外盘套利专家。</p>\r\n<p>​特色：<br />\r\n​轻松对接全球期货及期权市场，实现便利的全球期货产品交易；<br />\r\n​实时显示账户资金、权益、成交、持仓信息，收益风险了如指掌；<br />\r\n​设定风险参数，掌握下单及持仓风险，满足您的风险管理需求；<br />\r\n​实时、多档报价，显示K 线图，可自定义合约组合及报价档位；<br />\r\n​支持多类单种，含有自动单功能，可设置止盈止损单、gainbest 单及策略单，通过设置相关参数，获取最大收益；<br />\r\n​自定义设置多种合约组合、多种套利策略，轻松实现跨市场、跨品种、跨期套利。</p>\r\n<p>ATP交易客户端，每月20USD的使用收费。如需ATP API授权，请联络您的销售人员或电邮至<a href=&#34;mailto:sales@htfc.com.hk&#34;>sales@htfc.com.hk</a>。 手机交易软件下载（解压密码为39161616）：</p>', '', '', '', '', '', ''),
(1, 4, 'TT交易系统', '<p>华泰香港期货ATP是一套可支持套利程序的交易软件，已于近日上线。ATP 交易系统附带手机交易平台，提供开放API 接口，助力程序化交易，轻松连接全球期货及期权市场，成为您身边的内外盘套利专家。</p>\r\n<p>​特色：<br />\r\n​轻松对接全球期货及期权市场，实现便利的全球期货产品交易；<br />\r\n​实时显示账户资金、权益、成交、持仓信息，收益风险了如指掌；<br />\r\n​设定风险参数，掌握下单及持仓风险，满足您的风险管理需求；<br />\r\n​实时、多档报价，显示K 线图，可自定义合约组合及报价档位；<br />\r\n​支持多类单种，含有自动单功能，可设置止盈止损单、gainbest 单及策略单，通过设置相关参数，获取最大收益；<br />\r\n​自定义设置多种合约组合、多种套利策略，轻松实现跨市场、跨品种、跨期套利。</p>\r\n<p>ATP交易客户端，每月20USD的使用收费。如需ATP API授权，请联络您的销售人员或电邮至<a href=&#34;mailto:sales@htfc.com.hk&#34;>sales@htfc.com.hk</a>。 手机交易软件下载（解压密码为39161616）：</p>', '', '', '', '', '', ''),
(3, 1, '个人客户网上开户', '<p>华泰（香港）期货有限公司现已上线网上开户系统。客户可扫描以下二维码进入网上开户页面。</p>\r\n<p>客户需登记手机号码以接收验证码登录网上开户系统。开户过程中客户可随时退出系统，亦可随时使用验证码重新登录网上开户系统。<strong>开户审核完成后，客户将邮件收到登入账号及交易密码，登录交易端即可进行期货及期权交易。</strong></p>\r\n<p>开户时客户需预先持有<strong>i). 香港银行账户; ii). 身份证明文件及住址证明文件（非内地居民/填写通讯地址与身份证地址不同时）</strong>方可开户。</p>\r\n<p>线上开户时需收听风险披露录音，并入金港币10,000元或等值外币，方可达到规管机构对网上开户的监管要求。</p>\r\n<p>&nbsp;</p>', '', '', '', '', '', ''),
(3, 2, '机构及个人线下开户', '<p>客户可选择亲临本公司现场开户，个人客户可扫描二维码进行网上开户。</p>\r\n<table class=&#34;raoc-tb&#34;>\r\n    <tbody>\r\n        <tr>\r\n            <th rowspan=&#34;3&#34; class=&#34;raoc-tb-row-01&#34;>&nbsp;</th>\r\n        </tr>\r\n        <tr>\r\n            <td colspan=&#34;4&#34;>账户类型</td>\r\n        </tr>\r\n        <tr>\r\n            <td class=&#34;raoc-tb-row-02&#34;>个人账户</td>\r\n            <td class=&#34;raoc-tb-row-03&#34;>联名账户</td>\r\n            <td colspan=&#34;2&#34; class=&#34;raoc-tb-row-04&#34;>机构账户</td>\r\n        </tr>\r\n        <tr>\r\n            <th rowspan=&#34;10&#34; class=&#34;raoc-tb-row-01&#34;>本公司提供，客户需下载并填写、签署</th>\r\n            <td colspan=&#34;2&#34;>N.A.</td>\r\n            <td colspan=&#34;2&#34;>授权成立账户公司决议案</td>\r\n        </tr>\r\n        <tr>\r\n            <td colspan=&#34;4&#34;>账户开户表格连同客户协议书 &ndash; 条款及条</td>\r\n        </tr>\r\n        <tr>\r\n            <td colspan=&#34;4&#34;>客户款项常设授权</td>\r\n        </tr>\r\n        <tr>\r\n            <td colspan=&#34;4&#34;>实时市场数据条款</td>\r\n        </tr>\r\n        <tr>\r\n            <td colspan=&#34;4&#34;>非美国人免扣除美国所得税声明书</td>\r\n        </tr>\r\n        <tr>\r\n            <td colspan=&#34;4&#34;>委托授权书（如适用）</td>\r\n        </tr>\r\n        <tr>\r\n            <td colspan=&#34;4&#34;>香港证监会持牌人雇主同意信（如适用）</td>\r\n        </tr>\r\n        <tr>\r\n            <td colspan=&#34;4&#34;>申请邮寄结单服务（如适用）[1]</td>\r\n        </tr>\r\n        <tr>\r\n            <td colspan=&#34;4&#34;>手续费申请单</td>\r\n        </tr>\r\n        <tr>\r\n            <td class=&#34;raoc-tb-row-05&#34;>CRS自我证明表格-个人</td>\r\n            <td class=&#34;raoc-tb-row-11&#34;>CRS自我证明表格-个人（第一及第二客户各填一份）</td>\r\n            <td colspan=&#34;2&#34; class=&#34;raoc-tb-row-06&#34;>CRS自我证明表格-实体CRS自我证明表格-控权人</td>\r\n        </tr>\r\n        <tr>\r\n            <th rowspan=&#34;8&#34; class=&#34;raoc-tb-row-01&#34;>客户需自行准备</th>\r\n        </tr>\r\n        <tr>\r\n            <td rowspan=&#34;4&#34; colspan=&#34;2&#34; class=&#34;raoc-tb-row-07&#34;>N.A.</td>\r\n            <td colspan=&#34;2&#34;>公司成立证书[2]</td>\r\n        </tr>\r\n        <tr>\r\n            <td colspan=&#34;2&#34;>公司组织章程</td>\r\n        </tr>\r\n        <tr>\r\n            <td colspan=&#34;2&#34;>商业登记证[3]</td>\r\n        </tr>\r\n        <tr>\r\n            <td colspan=&#34;2&#34;>公司年报表（AR1）[4]</td>\r\n        </tr>\r\n        <tr>\r\n            <td colspan=&#34;4&#34;>银行证明文件（或后补银行证明文件确认书）</td>\r\n        </tr>\r\n        <tr>\r\n            <td colspan=&#34;2&#34; class=&#34;raoc-tb-row-07&#34;>身份证明文件</td>\r\n            <td colspan=&#34;2&#34; class=&#34;raoc-tb-row-08&#34;>与公司客户有关联人士、董事、&gt;25%股权之最终拥有人、或授权全权负责账户之个人、或授权发出指示下单交易之个人、或授权发出指示调动资金或结算之个人的身份证明文件</td>\r\n        </tr>\r\n        <tr>\r\n            <td colspan=&#34;2&#34; class=&#34;raoc-tb-row-09&#34;>3个月内的住址证明[5]</td>\r\n            <td colspan=&#34;2&#34; class=&#34;raoc-tb-row-10&#34;>&gt;25%股权之最终拥有人的3个月内的住址证明[6]</td>\r\n        </tr>\r\n    </tbody>\r\n</table>\r\n<p>香港公司开户还需准备实益拥有人的登记册</p>\r\n<ul class=&#34;raocn-list&#34;>\r\n    <li>[1] 收费项目，每份结单收费港币50元，只提供月结单</li>\r\n    <li>[2] 香港以外的公司（&ldquo;海外公司&rdquo;）请提供6个月内发出之董事在职证明书Certificate of Incumbency</li>\r\n    <li>[3] 最近有效期内的商业登记证</li>\r\n    <li>[4] 最近一年的公司年报表及往后之递交公司注册处之补充表格</li>\r\n    <li>[5] 住址证明文件包括：公用事务账单、政府部门发出之文件、由认可机构、持牌法团或获授权保险人发出的结单、流动电话或收费电视结单 (寄往客户所提供的地址)；及，列有国内住址的有效的国内身份证</li>\r\n    <li>[6] 同上</li>\r\n</ul>', '', '', '', '', '', ''),
(1, 2, 'Account Opening Counter Services', '<p>Counter Services are provided for corporate and individual account opening. For individual account opening, please use the online account opening system.&nbsp;</p>\r\n<table class=&#34;raoc-tb&#34;>\r\n    <tbody>\r\n        <tr>\r\n            <th rowspan=&#34;3&#34; class=&#34;raoc-tb-row-01&#34;>&nbsp;</th>\r\n        </tr>\r\n        <tr>\r\n            <td colspan=&#34;4&#34;>Account Categories</td>\r\n        </tr>\r\n        <tr>\r\n            <td class=&#34;raoc-tb-row-02&#34;>Individual Account</td>\r\n            <td class=&#34;raoc-tb-row-03&#34;>Joint Account</td>\r\n            <td colspan=&#34;2&#34; class=&#34;raoc-tb-row-04&#34;>Corporate Account</td>\r\n        </tr>\r\n        <tr>\r\n            <th rowspan=&#34;10&#34; class=&#34;raoc-tb-row-01&#34;>Forms&nbsp; Provided by Huatai, to be Filled In by Client</th>\r\n            <td colspan=&#34;2&#34;>N.A.</td>\r\n            <td colspan=&#34;2&#34;>Company Resolution to Setup Account</td>\r\n        </tr>\r\n        <tr>\r\n            <td colspan=&#34;4&#34;>A/C Opening Form &amp; Client Agreement - Terms and Conditions</td>\r\n        </tr>\r\n        <tr>\r\n            <td colspan=&#34;4&#34;>Standing Authority</td>\r\n        </tr>\r\n        <tr>\r\n            <td colspan=&#34;4&#34;>Market Data Terms and Conditions</td>\r\n        </tr>\r\n        <tr>\r\n            <td colspan=&#34;4&#34;>W8BEN-E Form</td>\r\n        </tr>\r\n        <tr>\r\n            <td colspan=&#34;4&#34;>Authorization Request (if applicable)</td>\r\n        </tr>\r\n        <tr>\r\n            <td colspan=&#34;4&#34;>Employer Consent Letter for Licensed Persons of HKSFC (if applicable)</td>\r\n        </tr>\r\n        <tr>\r\n            <td colspan=&#34;4&#34;>Request to receive statement by Mail (if applicable)[1]</td>\r\n        </tr>\r\n        <tr>\r\n            <td colspan=&#34;4&#34;>Commission Rate Application Form</td>\r\n        </tr>\r\n        <tr>\r\n            <td class=&#34;raoc-tb-row-05&#34;>Self Certification</td>\r\n            <td class=&#34;raoc-tb-row-11&#34;>Self Certification Form-Individuals, to be Submitted Seperately</td>\r\n            <td colspan=&#34;2&#34; class=&#34;raoc-tb-row-06&#34;>Self-Certification Form Entity<br />\r\n            Self-Certification Form- Controlling Person</td>\r\n        </tr>\r\n        <tr>\r\n            <th rowspan=&#34;8&#34; class=&#34;raoc-tb-row-01&#34;>To be Prepared by Clients</th>\r\n        </tr>\r\n        <tr>\r\n            <td rowspan=&#34;4&#34; colspan=&#34;2&#34; class=&#34;raoc-tb-row-07&#34;>N.A.</td>\r\n            <td colspan=&#34;2&#34;>Certificate of Incorporation[2]</td>\r\n        </tr>\r\n        <tr>\r\n            <td colspan=&#34;2&#34;>Memorandum and Articles of Association</td>\r\n        </tr>\r\n        <tr>\r\n            <td colspan=&#34;2&#34;>Business Registration[3]</td>\r\n        </tr>\r\n        <tr>\r\n            <td colspan=&#34;2&#34;>Annual Return (AR1)[4]</td>\r\n        </tr>\r\n        <tr>\r\n            <td colspan=&#34;4&#34;>Bank Account Proof</td>\r\n        </tr>\r\n        <tr>\r\n            <td colspan=&#34;2&#34; class=&#34;raoc-tb-row-07&#34;>Identification Documents</td>\r\n            <td colspan=&#34;2&#34; class=&#34;raoc-tb-row-08&#34;>Identification Documents of Associated Persons, Directors, Beneficial Owners with &gt;25% Shares, Authorized Persons Responsible for Account Management, Authorized Traders, Authorized Persons for Fund In/Out or Settlement</td>\r\n        </tr>\r\n        <tr>\r\n            <td colspan=&#34;2&#34; class=&#34;raoc-tb-row-09&#34;>Address Proof Issued Within 3 Months[5]</td>\r\n            <td colspan=&#34;2&#34; class=&#34;raoc-tb-row-10&#34;>Address Proof Issued Within 3 Months of Beneficial Owners with &gt;25% Shares[6]</td>\r\n        </tr>\r\n    </tbody>\r\n</table>', '', '', '', '', '', ''),
(1, 1, 'Account Opening for Individual Clients', '<p class=&#34;p1&#34; style=&#34;margin: 0px; text-align: justify; font-variant-numeric: normal; font-variant-east-asian: normal; font-stretch: normal; font-size: 14px; line-height: normal; font-family: &#34; times=&#34; new=&#34;>Huatai (Hong Kong) Futures Co., Ltd. has now launched its online account opening system. Clients can scan the following QR code to enter the online account opening page.</p>\r\n<p class=&#34;p2&#34; style=&#34;margin: 0px; text-align: justify; font-variant-numeric: normal; font-variant-east-asian: normal; font-stretch: normal; font-size: 14px; line-height: normal; font-family: &#34; times=&#34; new=&#34; min-height:=&#34;&gt;&nbsp;&lt;/p&gt;&#10;&lt;p class=&#34;>Clients need to register their mobile phone number to receive the verification code to log in to the online account opening system. During the account opening process, clients can leave the system at any time, and log in again to the online account opening system by obtaining the verification code. After the account opening application is approved and KYC verification is completed, the client will receive the account no. and<span class=&#34;Apple-converted-space&#34;>&nbsp; </span>trading password by email, and then log in to the trading system to start<span class=&#34;Apple-converted-space&#34;>&nbsp; </span>futures and options trading.</p>\r\n<p class=&#34;p2&#34; style=&#34;margin: 0px; text-align: justify; font-variant-numeric: normal; font-variant-east-asian: normal; font-stretch: normal; font-size: 14px; line-height: normal; font-family: &#34; times=&#34; new=&#34; min-height:=&#34;&gt;&nbsp;&lt;/p&gt;&#10;&lt;p class=&#34;>When opening an account, client need to hold i). A Hong Kong bank account; ii). Identification Documents and address proof documents (for non-Mainland residents, when the mailing address is different from the ID address) before the account can be opened.</p>\r\n<p class=&#34;p2&#34; style=&#34;margin: 0px; text-align: justify; font-variant-numeric: normal; font-variant-east-asian: normal; font-stretch: normal; font-size: 14px; line-height: normal; font-family: &#34; times=&#34; new=&#34; min-height:=&#34;&gt;&nbsp;&lt;/p&gt;&#10;&lt;p class=&#34;>When opening an online account, client need to listen to the risk disclosure recording, and deposit HK$10,000 or its equivalent in foreign currency to meet the regulatory requirements for online account opening.</p>', '', '', '', '', '', ''),
(1, 5, 'DCE & ZCE', '<p>Please check the Supplementary Agreement on Participation in Trading Futures and/ or Options of Specific Types in China.</p>', '', '', '', '<p>To be updated.</p>', '', 'Shanghai Futures Exchange & Shanghai International Energy Exchange'),
(3, 5, '大商所和郑商所', '<p>请查阅附加开户文件。</p>', '', '', '', '<p>敬请期待&nbsp;</p>', '', '上海期货交易所及能源中心'),
(2, 5, '大商所和郑商所', '<p>&nbsp;请查阅附加开户文件。</p>', '', '', '', '<p>敬请期待</p>\r\n<p>&nbsp;</p>', '', '上海期货交易所及能源中心');

-- --------------------------------------------------------

--
-- 資料表結構 `tb_huatai_openaccount_photo`
--

CREATE TABLE IF NOT EXISTS `tb_huatai_openaccount_photo` (
  `id` bigint(20) unsigned NOT NULL,
  `openaccount_id` bigint(20) NOT NULL DEFAULT '0',
  `sort_order` bigint(11) NOT NULL DEFAULT '0',
  `img` text CHARACTER SET utf8 COLLATE utf8_unicode_ci NOT NULL,
  `caption` text CHARACTER SET utf8 COLLATE utf8_unicode_ci NOT NULL,
  `language_id` int(11) NOT NULL DEFAULT '0',
  `disabled` tinyint(1) NOT NULL DEFAULT '0',
  `create_date` timestamp NOT NULL DEFAULT '0000-00-00 00:00:00',
  `last_update_date` timestamp NOT NULL DEFAULT CURRENT_TIMESTAMP ON UPDATE CURRENT_TIMESTAMP,
  `create_by` bigint(20) NOT NULL DEFAULT '0',
  `last_update_by` bigint(20) NOT NULL DEFAULT '0',
  `img2` text,
  `thumb` text NOT NULL,
  `title_sc` text NOT NULL,
  `title_tc` text NOT NULL,
  `title_en` text NOT NULL,
  `detail_tc` text NOT NULL,
  `detail_sc` text NOT NULL,
  `detail_en` text NOT NULL
) ENGINE=MyISAM AUTO_INCREMENT=180 DEFAULT CHARSET=utf8;

--
-- 資料表的匯出資料 `tb_huatai_openaccount_photo`
--

INSERT INTO `tb_huatai_openaccount_photo` (`id`, `openaccount_id`, `sort_order`, `img`, `caption`, `language_id`, `disabled`, `create_date`, `last_update_date`, `create_by`, `last_update_by`, `img2`, `thumb`, `title_sc`, `title_tc`, `title_en`, `detail_tc`, `detail_sc`, `detail_en`) VALUES
(179, 1, 1, 'upload/images/openaccount/20201229164934_15.png', '', 3, 0, '2022-09-01 09:10:49', '2022-09-01 09:10:49', 2, 2, 'upload/files/openaccount/20220901171049_179.pdf', '', '网上开户系统使用说明书', '网上开户系统使用说明书', 'User Manual of Online Account Opening System', '', '', ''),
(177, 2, 1, 'upload/images/openaccount/20201229165306_15.png', '', 3, 0, '2022-08-19 01:47:09', '2022-08-19 01:47:09', 2, 2, 'upload/files/openaccount/20220815152034_174.pdf', '', '个人及联名客户开户表格', '个人开户协议书', 'Account Opening Form- Individual/Joint Account', '', '', ''),
(178, 2, 2, 'upload/images/openaccount/20201230123136_44.jpg', '', 3, 0, '2022-08-19 01:47:09', '2022-08-19 01:47:09', 2, 2, 'upload/files/openaccount/20220815152034_175.pdf', '', '客户协议书 - 条款及条件\r\n（个人户及联名户口）', '客户协议书 - 条款及条件\r\n（个人户及联名户口）', 'Client Agreement- Terms & Conditions for Individual & Joint Account', '', '', ''),
(8, 3, 1, 'upload/images/openaccount/20201229162544_1.png', '', 3, 0, '2020-12-29 08:25:44', '2020-12-30 01:08:49', 2, 2, 'upload/files/openaccount/20201229162544_1.pdf', '', '华泰香港ATP交易软件下载', '华泰香港ATP交易软件下载', '华泰香港ATP交易软件下载', '', '', ''),
(9, 3, 2, 'upload/images/openaccount/20201229162544_1.png', '', 3, 0, '2020-12-29 08:25:44', '2020-12-30 01:08:49', 2, 2, 'upload/files/openaccount/20201229162544_1.pdf', '', '华泰香港ATP交易软件使用说明下载', '华泰香港ATP交易软件使用说明下载', '华泰香港ATP交易软件使用说明下载', '', '', ''),
(10, 3, 3, 'upload/images/openaccount/20201229162544_1.png', '', 3, 0, '2020-12-29 08:25:44', '2020-12-30 01:08:49', 2, 2, 'upload/files/openaccount/20201229162544_1.pdf', '', '华泰香港ATP模拟交易软件下载', '华泰香港ATP模拟交易软件下载', '华泰香港ATP模拟交易软件下载', '', '', ''),
(11, 3, 4, 'upload/images/openaccount/20201229162544_1.png', '', 3, 0, '2020-12-29 08:25:45', '2020-12-30 01:08:49', 2, 2, 'upload/files/openaccount/20201229162545_1.pdf', '', '双重认证（2FA）登录说明', '双重认证（2FA）登录说明', '双重认证（2FA）登录说明', '', '', ''),
(12, 3, 5, 'upload/images/openaccount/20201229162545_1.png', '', 3, 0, '2020-12-29 08:25:45', '2020-12-30 01:08:49', 2, 2, 'upload/files/openaccount/20201229162545_1.pdf', '', '华泰香港ATP手机交易软件下载', '华泰香港ATP手机交易软件下载', '华泰香港ATP手机交易软件下载', '', '', ''),
(13, 3, 6, 'upload/images/openaccount/20201229162545_1.png', '', 3, 0, '2020-12-29 08:25:45', '2020-12-30 01:08:49', 2, 2, 'upload/files/openaccount/20201229162545_1.pdf', '', '华泰香港ATP手机交易软件使用说明下载', '华泰香港ATP手机交易软件使用说明下载', '华泰香港ATP手机交易软件使用说明下载', '', '', ''),
(14, 3, 7, 'upload/images/openaccount/20201229162545_1.png', '', 3, 0, '2020-12-29 08:25:45', '2020-12-30 01:08:49', 2, 2, 'upload/files/openaccount/20201229162545_1.pdf', '', 'ATP交易系统使用申请表', 'ATP交易系统使用申请表', 'ATP交易系统使用申请表', '', '', ''),
(128, 5, 2, 'upload/images/openaccount/20210210103750_81.png', '', 3, 0, '2021-03-23 03:09:05', '2021-03-23 03:09:05', 2, 2, 'upload/files/openaccount/20210209185934_78.pdf', '', '单位交易者', '单位交易者', 'Corporate Investors', '', '', ''),
(129, 5, 3, 'upload/images/openaccount/20210210103750_82.png', '', 3, 0, '2021-03-23 03:09:05', '2021-03-23 03:09:05', 2, 2, 'upload/files/openaccount/20210209185934_79.pdf', '', '产品与做市商交易者', '产品与做市商交易者', 'Agent Investors', '', '', ''),
(127, 5, 1, 'upload/images/openaccount/20210204170038_64.png', '', 3, 0, '2021-03-23 03:09:05', '2021-03-23 03:09:05', 2, 2, 'upload/files/openaccount/20210209185934_77.pdf', '', '个人交易者', '个人交易者', 'Individual Investors', '', '', '');

-- --------------------------------------------------------

--
-- 資料表結構 `tb_huatai_openaccount_photo02`
--

CREATE TABLE IF NOT EXISTS `tb_huatai_openaccount_photo02` (
  `id` bigint(20) unsigned NOT NULL,
  `openaccount_id` bigint(20) NOT NULL DEFAULT '0',
  `sort_order` bigint(11) NOT NULL DEFAULT '0',
  `img` text CHARACTER SET utf8 COLLATE utf8_unicode_ci NOT NULL,
  `caption` text CHARACTER SET utf8 COLLATE utf8_unicode_ci NOT NULL,
  `language_id` int(11) NOT NULL DEFAULT '0',
  `disabled` tinyint(1) NOT NULL DEFAULT '0',
  `create_date` timestamp NOT NULL DEFAULT '0000-00-00 00:00:00',
  `last_update_date` timestamp NOT NULL DEFAULT CURRENT_TIMESTAMP ON UPDATE CURRENT_TIMESTAMP,
  `create_by` bigint(20) NOT NULL DEFAULT '0',
  `last_update_by` bigint(20) NOT NULL DEFAULT '0',
  `img2` text,
  `thumb` text NOT NULL,
  `title_sc` text NOT NULL,
  `title_tc` text NOT NULL,
  `title_en` text NOT NULL,
  `detail_tc` text NOT NULL,
  `detail_sc` text NOT NULL,
  `detail_en` text NOT NULL
) ENGINE=MyISAM AUTO_INCREMENT=43 DEFAULT CHARSET=utf8;

--
-- 資料表的匯出資料 `tb_huatai_openaccount_photo02`
--

INSERT INTO `tb_huatai_openaccount_photo02` (`id`, `openaccount_id`, `sort_order`, `img`, `caption`, `language_id`, `disabled`, `create_date`, `last_update_date`, `create_by`, `last_update_by`, `img2`, `thumb`, `title_sc`, `title_tc`, `title_en`, `detail_tc`, `detail_sc`, `detail_en`) VALUES
(42, 1, 1, 'upload/images/openaccount/20220901171049_39_photo.jpeg', '', 3, 0, '2022-09-01 09:10:49', '2022-09-01 09:10:49', 2, 2, '', '', '网上开户系统二维码：', '网上开户系统二维码：', 'QR Code for Online Account Opening', '', '', ''),
(5, 3, 2, 'upload/images/openaccount/20201229162428_1_photo.png', '', 3, 0, '2020-12-29 08:25:45', '2020-12-30 01:08:49', 2, 2, '', '', 'Android', 'Android', 'Android', '', '', ''),
(4, 3, 1, 'upload/images/openaccount/20201229162428_1_photo.png', '', 3, 0, '2020-12-29 08:25:45', '2020-12-30 01:08:49', 2, 2, '', '', 'IOS', 'IOS', 'IOS', '', '', ''),
(38, 5, 1, 'upload/images/openaccount/20210204165821_13_photo.png', '', 3, 1, '2021-03-23 03:09:05', '2021-03-23 03:09:05', 2, 2, '', '', '网上开户系统二维码：A', '网上开户系统二维码：A', '网上开户系统二维码：A', '', '', '');

-- --------------------------------------------------------

--
-- 資料表結構 `tb_huatai_openaccount_photo03`
--

CREATE TABLE IF NOT EXISTS `tb_huatai_openaccount_photo03` (
  `id` bigint(20) unsigned NOT NULL,
  `openaccount_id` bigint(20) NOT NULL DEFAULT '0',
  `sort_order` bigint(11) NOT NULL DEFAULT '0',
  `img` text CHARACTER SET utf8 COLLATE utf8_unicode_ci NOT NULL,
  `caption` text CHARACTER SET utf8 COLLATE utf8_unicode_ci NOT NULL,
  `language_id` int(11) NOT NULL DEFAULT '0',
  `disabled` tinyint(1) NOT NULL DEFAULT '0',
  `create_date` timestamp NOT NULL DEFAULT '0000-00-00 00:00:00',
  `last_update_date` timestamp NOT NULL DEFAULT CURRENT_TIMESTAMP ON UPDATE CURRENT_TIMESTAMP,
  `create_by` bigint(20) NOT NULL DEFAULT '0',
  `last_update_by` bigint(20) NOT NULL DEFAULT '0',
  `img2` text,
  `thumb` text NOT NULL,
  `title_sc` text NOT NULL,
  `title_tc` text NOT NULL,
  `title_en` text NOT NULL,
  `detail_tc` text NOT NULL,
  `detail_sc` text NOT NULL,
  `detail_en` text NOT NULL
) ENGINE=MyISAM AUTO_INCREMENT=107 DEFAULT CHARSET=utf8;

--
-- 資料表的匯出資料 `tb_huatai_openaccount_photo03`
--

INSERT INTO `tb_huatai_openaccount_photo03` (`id`, `openaccount_id`, `sort_order`, `img`, `caption`, `language_id`, `disabled`, `create_date`, `last_update_date`, `create_by`, `last_update_by`, `img2`, `thumb`, `title_sc`, `title_tc`, `title_en`, `detail_tc`, `detail_sc`, `detail_en`) VALUES
(105, 2, 1, 'upload/images/openaccount/20201229171234_1_03.png', '', 3, 0, '2022-08-19 01:47:09', '2022-08-19 01:47:09', 2, 2, 'upload/files/openaccount/20220819094709_61_03.pdf', '', '公司客户开户表格', '机构账户开户协议书', 'Account Opening Form- Corporate Account', '', '', ''),
(60, 5, 1, 'upload/images/openaccount/20210204170050_29_03.png', '', 3, 1, '2021-03-23 03:09:05', '2021-03-23 03:09:05', 2, 2, 'upload/files/openaccount/20210204170050_29_03.pdf', '', '网上开户系统使用说明书B', '网上开户系统使用说明书B', '网上开户系统使用说明书B', '', '', ''),
(106, 2, 2, 'upload/images/openaccount/20201229171134_1_03.png', '', 3, 0, '2022-08-19 01:47:09', '2022-08-19 01:47:09', 2, 2, 'upload/files/openaccount/20220815152034_104_03.pdf', '', '客户协议书-条款及条件（公司户）', '客户协议书-条款及条件（机构户）', 'Client Agreement- Terms & Conditions for Corporate Account', '', '', '');

-- --------------------------------------------------------

--
-- 資料表結構 `tb_huatai_openaccount_photo04`
--

CREATE TABLE IF NOT EXISTS `tb_huatai_openaccount_photo04` (
  `id` bigint(20) unsigned NOT NULL,
  `openaccount_id` bigint(20) NOT NULL DEFAULT '0',
  `sort_order` bigint(11) NOT NULL DEFAULT '0',
  `img` text CHARACTER SET utf8 COLLATE utf8_unicode_ci NOT NULL,
  `caption` text CHARACTER SET utf8 COLLATE utf8_unicode_ci NOT NULL,
  `language_id` int(11) NOT NULL DEFAULT '0',
  `disabled` tinyint(1) NOT NULL DEFAULT '0',
  `create_date` timestamp NOT NULL DEFAULT '0000-00-00 00:00:00',
  `last_update_date` timestamp NOT NULL DEFAULT CURRENT_TIMESTAMP ON UPDATE CURRENT_TIMESTAMP,
  `create_by` bigint(20) NOT NULL DEFAULT '0',
  `last_update_by` bigint(20) NOT NULL DEFAULT '0',
  `img2` text,
  `thumb` text NOT NULL,
  `title_sc` text NOT NULL,
  `title_tc` text NOT NULL,
  `title_en` text NOT NULL,
  `detail_tc` text NOT NULL,
  `detail_sc` text NOT NULL,
  `detail_en` text NOT NULL
) ENGINE=MyISAM AUTO_INCREMENT=45 DEFAULT CHARSET=utf8;

-- --------------------------------------------------------

--
-- 資料表結構 `tb_huatai_openaccount_photo05`
--

CREATE TABLE IF NOT EXISTS `tb_huatai_openaccount_photo05` (
  `id` bigint(20) unsigned NOT NULL,
  `openaccount_id` bigint(20) NOT NULL DEFAULT '0',
  `sort_order` bigint(11) NOT NULL DEFAULT '0',
  `img` text CHARACTER SET utf8 COLLATE utf8_unicode_ci NOT NULL,
  `caption` text CHARACTER SET utf8 COLLATE utf8_unicode_ci NOT NULL,
  `language_id` int(11) NOT NULL DEFAULT '0',
  `disabled` tinyint(1) NOT NULL DEFAULT '0',
  `create_date` timestamp NOT NULL DEFAULT '0000-00-00 00:00:00',
  `last_update_date` timestamp NOT NULL DEFAULT CURRENT_TIMESTAMP ON UPDATE CURRENT_TIMESTAMP,
  `create_by` bigint(20) NOT NULL DEFAULT '0',
  `last_update_by` bigint(20) NOT NULL DEFAULT '0',
  `img2` text,
  `thumb` text NOT NULL,
  `title_sc` text NOT NULL,
  `title_tc` text NOT NULL,
  `title_en` text NOT NULL,
  `detail_tc` text NOT NULL,
  `detail_sc` text NOT NULL,
  `detail_en` text NOT NULL
) ENGINE=MyISAM AUTO_INCREMENT=39 DEFAULT CHARSET=utf8;

--
-- 資料表的匯出資料 `tb_huatai_openaccount_photo05`
--

INSERT INTO `tb_huatai_openaccount_photo05` (`id`, `openaccount_id`, `sort_order`, `img`, `caption`, `language_id`, `disabled`, `create_date`, `last_update_date`, `create_by`, `last_update_by`, `img2`, `thumb`, `title_sc`, `title_tc`, `title_en`, `detail_tc`, `detail_sc`, `detail_en`) VALUES
(38, 2, 1, 'upload/images/openaccount/20201229171234_1_05.png', '', 3, 0, '2022-08-19 01:47:09', '2022-08-19 01:47:09', 2, 2, 'upload/files/openaccount/20220815152034_1_05.pdf', '', '专业投资者开户文件下载', '专业投资者开户文件下载', 'Account Opening Form- PI', '', '', '');

-- --------------------------------------------------------

--
-- 資料表結構 `tb_huatai_openaccount_photo06`
--

CREATE TABLE IF NOT EXISTS `tb_huatai_openaccount_photo06` (
  `id` bigint(20) unsigned NOT NULL,
  `openaccount_id` bigint(20) NOT NULL DEFAULT '0',
  `sort_order` bigint(11) NOT NULL DEFAULT '0',
  `img` text CHARACTER SET utf8 COLLATE utf8_unicode_ci NOT NULL,
  `caption` text CHARACTER SET utf8 COLLATE utf8_unicode_ci NOT NULL,
  `language_id` int(11) NOT NULL DEFAULT '0',
  `disabled` tinyint(1) NOT NULL DEFAULT '0',
  `create_date` timestamp NOT NULL DEFAULT '0000-00-00 00:00:00',
  `last_update_date` timestamp NOT NULL DEFAULT CURRENT_TIMESTAMP ON UPDATE CURRENT_TIMESTAMP,
  `create_by` bigint(20) NOT NULL DEFAULT '0',
  `last_update_by` bigint(20) NOT NULL DEFAULT '0',
  `img2` text,
  `thumb` text NOT NULL,
  `title_sc` text NOT NULL,
  `title_tc` text NOT NULL,
  `title_en` text NOT NULL,
  `detail_tc` text NOT NULL,
  `detail_sc` text NOT NULL,
  `detail_en` text NOT NULL
) ENGINE=MyISAM AUTO_INCREMENT=98 DEFAULT CHARSET=utf8;

--
-- 資料表的匯出資料 `tb_huatai_openaccount_photo06`
--

INSERT INTO `tb_huatai_openaccount_photo06` (`id`, `openaccount_id`, `sort_order`, `img`, `caption`, `language_id`, `disabled`, `create_date`, `last_update_date`, `create_by`, `last_update_by`, `img2`, `thumb`, `title_sc`, `title_tc`, `title_en`, `detail_tc`, `detail_sc`, `detail_en`) VALUES
(96, 2, 2, 'upload/images/openaccount/20210119163224_2_06.png', '', 3, 0, '2022-08-19 01:47:09', '2022-08-19 01:47:09', 2, 2, 'upload/files/openaccount/20211019144527_88_06.pdf', '', '手续费确认表下载', '', 'Commission Rate Application Form', '', '', ''),
(97, 2, 3, 'upload/images/openaccount/20210119163352_5_06.png', '', 3, 0, '2022-08-19 01:47:09', '2022-08-19 01:47:09', 2, 2, 'upload/files/openaccount/20220815152034_95_06.pdf', '', 'API 电子交易风险预告及同意书', 'API 电子交易风险预告书暨使用同意书', 'API Application Form', '', '', '');

-- --------------------------------------------------------

--
-- 資料表結構 `tb_huatai_openaccount_photo07`
--

CREATE TABLE IF NOT EXISTS `tb_huatai_openaccount_photo07` (
  `id` bigint(20) unsigned NOT NULL,
  `openaccount_id` bigint(20) NOT NULL DEFAULT '0',
  `sort_order` bigint(11) NOT NULL DEFAULT '0',
  `img` text CHARACTER SET utf8 COLLATE utf8_unicode_ci NOT NULL,
  `caption` text CHARACTER SET utf8 COLLATE utf8_unicode_ci NOT NULL,
  `language_id` int(11) NOT NULL DEFAULT '0',
  `disabled` tinyint(1) NOT NULL DEFAULT '0',
  `create_date` timestamp NOT NULL DEFAULT '0000-00-00 00:00:00',
  `last_update_date` timestamp NOT NULL DEFAULT CURRENT_TIMESTAMP ON UPDATE CURRENT_TIMESTAMP,
  `create_by` bigint(20) NOT NULL DEFAULT '0',
  `last_update_by` bigint(20) NOT NULL DEFAULT '0',
  `img2` text,
  `thumb` text NOT NULL,
  `title_sc` text NOT NULL,
  `title_tc` text NOT NULL,
  `title_en` text NOT NULL,
  `detail_tc` text NOT NULL,
  `detail_sc` text NOT NULL,
  `detail_en` text NOT NULL
) ENGINE=MyISAM AUTO_INCREMENT=17 DEFAULT CHARSET=utf8;

--
-- 資料表的匯出資料 `tb_huatai_openaccount_photo07`
--

INSERT INTO `tb_huatai_openaccount_photo07` (`id`, `openaccount_id`, `sort_order`, `img`, `caption`, `language_id`, `disabled`, `create_date`, `last_update_date`, `create_by`, `last_update_by`, `img2`, `thumb`, `title_sc`, `title_tc`, `title_en`, `detail_tc`, `detail_sc`, `detail_en`) VALUES
(16, 5, 1, 'upload/images/openaccount/20210204170526_1_photo.png', '', 3, 1, '2021-03-23 03:09:05', '2021-03-23 03:09:05', 2, 2, '', '', '网上开户系统二维码：B', '网上开户系统二维码：B', '网上开户系统二维码：B', '', '', '');

-- --------------------------------------------------------

--
-- 資料表結構 `tb_huatai_paging`
--

CREATE TABLE IF NOT EXISTS `tb_huatai_paging` (
  `id` int(11) unsigned NOT NULL,
  `sort_order` int(11) NOT NULL DEFAULT '0',
  `num_per_page` text CHARACTER SET utf8 COLLATE utf8_unicode_ci NOT NULL,
  `disabled` tinyint(1) NOT NULL DEFAULT '0'
) ENGINE=MyISAM AUTO_INCREMENT=7 DEFAULT CHARSET=utf8;

--
-- 資料表的匯出資料 `tb_huatai_paging`
--

INSERT INTO `tb_huatai_paging` (`id`, `sort_order`, `num_per_page`, `disabled`) VALUES
(1, 1, '10', 0),
(2, 2, '20', 0),
(3, 3, '40', 0),
(4, 4, '50', 0),
(5, 5, '100', 0);

-- --------------------------------------------------------

--
-- 資料表結構 `tb_huatai_research`
--

CREATE TABLE IF NOT EXISTS `tb_huatai_research` (
  `id` bigint(20) unsigned NOT NULL,
  `sort_order` int(11) NOT NULL DEFAULT '0',
  `code` text CHARACTER SET utf8 COLLATE utf8_unicode_ci NOT NULL,
  `remark` text CHARACTER SET utf8 COLLATE utf8_unicode_ci NOT NULL,
  `disabled` tinyint(1) NOT NULL DEFAULT '0',
  `create_date` timestamp NOT NULL DEFAULT '0000-00-00 00:00:00',
  `last_update_date` timestamp NOT NULL DEFAULT CURRENT_TIMESTAMP ON UPDATE CURRENT_TIMESTAMP,
  `create_by` bigint(20) NOT NULL DEFAULT '0',
  `last_update_by` bigint(20) NOT NULL DEFAULT '0',
  `url_target` text NOT NULL,
  `seo_url` text NOT NULL,
  `seo_keyword` text NOT NULL,
  `start_date` date DEFAULT '0000-00-00',
  `end_date` date DEFAULT '0000-00-00',
  `display_date` date DEFAULT '0000-00-00',
  `youtube_id` text NOT NULL,
  `other_link` text NOT NULL,
  `research_category_id` text NOT NULL
) ENGINE=MyISAM AUTO_INCREMENT=3 DEFAULT CHARSET=utf8;

--
-- 資料表的匯出資料 `tb_huatai_research`
--

INSERT INTO `tb_huatai_research` (`id`, `sort_order`, `code`, `remark`, `disabled`, `create_date`, `last_update_date`, `create_by`, `last_update_by`, `url_target`, `seo_url`, `seo_keyword`, `start_date`, `end_date`, `display_date`, `youtube_id`, `other_link`, `research_category_id`) VALUES
(1, 1, '', '', 0, '2021-03-05 03:44:51', '2021-03-05 03:44:51', 2, 2, '', '', '', '0000-00-00', '0000-00-00', '2021-03-05', '', '', '1'),
(2, 2, '', '', 0, '2021-03-05 03:45:02', '2021-03-05 03:45:02', 2, 2, '', '', '', '0000-00-00', '0000-00-00', '2021-03-04', '', '', '1');

-- --------------------------------------------------------

--
-- 資料表結構 `tb_huatai_research_category`
--

CREATE TABLE IF NOT EXISTS `tb_huatai_research_category` (
  `id` bigint(20) unsigned NOT NULL,
  `sort_order` int(11) NOT NULL DEFAULT '0',
  `code` text CHARACTER SET utf8 COLLATE utf8_unicode_ci NOT NULL,
  `remark` text CHARACTER SET utf8 COLLATE utf8_unicode_ci NOT NULL,
  `disabled` tinyint(1) NOT NULL DEFAULT '0',
  `create_date` timestamp NOT NULL DEFAULT '0000-00-00 00:00:00',
  `last_update_date` timestamp NOT NULL DEFAULT CURRENT_TIMESTAMP ON UPDATE CURRENT_TIMESTAMP,
  `create_by` bigint(20) NOT NULL DEFAULT '0',
  `last_update_by` bigint(20) NOT NULL DEFAULT '0',
  `url_target` text NOT NULL,
  `seo_url` text NOT NULL,
  `seo_keyword` text NOT NULL,
  `start_date` date DEFAULT '0000-00-00',
  `end_date` date DEFAULT '0000-00-00',
  `display_date` date DEFAULT '0000-00-00',
  `youtube_id` text NOT NULL,
  `highlight` int(11) NOT NULL
) ENGINE=MyISAM AUTO_INCREMENT=3 DEFAULT CHARSET=utf8;

--
-- 資料表的匯出資料 `tb_huatai_research_category`
--

INSERT INTO `tb_huatai_research_category` (`id`, `sort_order`, `code`, `remark`, `disabled`, `create_date`, `last_update_date`, `create_by`, `last_update_by`, `url_target`, `seo_url`, `seo_keyword`, `start_date`, `end_date`, `display_date`, `youtube_id`, `highlight`) VALUES
(1, 1, '', '', 0, '2021-03-05 03:44:32', '2021-03-05 03:44:32', 2, 2, '', '1', '', '0000-00-00', '0000-00-00', '2021-03-05', '', 0),
(2, 2, '', '', 0, '2021-03-05 03:44:37', '2021-03-05 03:44:37', 2, 2, '', '2', '', '0000-00-00', '0000-00-00', '2021-03-05', '', 0);

-- --------------------------------------------------------

--
-- 資料表結構 `tb_huatai_research_category_desc`
--

CREATE TABLE IF NOT EXISTS `tb_huatai_research_category_desc` (
  `language_id` int(11) NOT NULL DEFAULT '0',
  `research_category_id` int(11) NOT NULL DEFAULT '0',
  `name` text CHARACTER SET utf8 COLLATE utf8_unicode_ci NOT NULL,
  `detail` text CHARACTER SET utf8 COLLATE utf8_unicode_ci NOT NULL,
  `url` text NOT NULL,
  `seo_desc` text NOT NULL,
  `seo_title` text NOT NULL,
  `detail2` text NOT NULL,
  `seo_h1` text NOT NULL
) ENGINE=MyISAM DEFAULT CHARSET=utf8;

--
-- 資料表的匯出資料 `tb_huatai_research_category_desc`
--

INSERT INTO `tb_huatai_research_category_desc` (`language_id`, `research_category_id`, `name`, `detail`, `url`, `seo_desc`, `seo_title`, `detail2`, `seo_h1`) VALUES
(3, 1, '投资研究类别1', '', '', '', '', '', ''),
(2, 1, '投资研究类别1', '', '', '', '', '', ''),
(1, 1, '投资研究类别1', '', '', '', '', '', ''),
(3, 2, '投资研究类别2', '', '', '', '', '', ''),
(2, 2, '投资研究类别2', '', '', '', '', '', ''),
(1, 2, '投资研究类别2', '', '', '', '', '', '');

-- --------------------------------------------------------

--
-- 資料表結構 `tb_huatai_research_desc`
--

CREATE TABLE IF NOT EXISTS `tb_huatai_research_desc` (
  `language_id` int(11) NOT NULL DEFAULT '0',
  `research_id` int(11) NOT NULL DEFAULT '0',
  `name` text CHARACTER SET utf8 COLLATE utf8_unicode_ci NOT NULL,
  `detail` text CHARACTER SET utf8 COLLATE utf8_unicode_ci NOT NULL,
  `url` text NOT NULL,
  `seo_desc` text NOT NULL,
  `seo_title` text NOT NULL,
  `detail2` text NOT NULL,
  `seo_h1` text NOT NULL
) ENGINE=MyISAM DEFAULT CHARSET=utf8;

--
-- 資料表的匯出資料 `tb_huatai_research_desc`
--

INSERT INTO `tb_huatai_research_desc` (`language_id`, `research_id`, `name`, `detail`, `url`, `seo_desc`, `seo_title`, `detail2`, `seo_h1`) VALUES
(3, 1, '投资研究1', '', '', '', '', '', ''),
(2, 1, '投资研究1', '', '', '', '', '', ''),
(1, 1, '投资研究1', '', '', '', '', '', ''),
(3, 2, '投资研究2', '', '', '', '', '', ''),
(2, 2, '投资研究2', '', '', '', '', '', ''),
(1, 2, '投资研究2', '', '', '', '', '', '');

-- --------------------------------------------------------

--
-- 資料表結構 `tb_huatai_research_pdf`
--

CREATE TABLE IF NOT EXISTS `tb_huatai_research_pdf` (
  `id` bigint(20) unsigned NOT NULL,
  `research_id` bigint(20) NOT NULL DEFAULT '0',
  `sort_order` bigint(11) NOT NULL DEFAULT '0',
  `img` text CHARACTER SET utf8 COLLATE utf8_unicode_ci NOT NULL,
  `img2` text CHARACTER SET utf8 COLLATE utf8_unicode_ci NOT NULL,
  `caption` text CHARACTER SET utf8 COLLATE utf8_unicode_ci NOT NULL,
  `language_id` int(11) NOT NULL DEFAULT '0',
  `disabled` tinyint(1) NOT NULL DEFAULT '0',
  `create_date` timestamp NOT NULL DEFAULT '0000-00-00 00:00:00',
  `last_update_date` timestamp NOT NULL DEFAULT CURRENT_TIMESTAMP ON UPDATE CURRENT_TIMESTAMP,
  `create_by` bigint(20) NOT NULL DEFAULT '0',
  `last_update_by` bigint(20) NOT NULL DEFAULT '0'
) ENGINE=MyISAM AUTO_INCREMENT=3 DEFAULT CHARSET=utf8;

--
-- 資料表的匯出資料 `tb_huatai_research_pdf`
--

INSERT INTO `tb_huatai_research_pdf` (`id`, `research_id`, `sort_order`, `img`, `img2`, `caption`, `language_id`, `disabled`, `create_date`, `last_update_date`, `create_by`, `last_update_by`) VALUES
(1, 1, 1, 'upload/files/research/20210305114451_1.pdf', '', '', 3, 0, '2021-03-05 03:44:51', '2021-03-05 03:44:51', 2, 2),
(2, 2, 1, 'upload/files/research/20210305114503_2.pdf', '', '', 3, 0, '2021-03-05 03:45:03', '2021-03-05 03:45:03', 2, 2);

-- --------------------------------------------------------

--
-- 資料表結構 `tb_huatai_research_photo`
--

CREATE TABLE IF NOT EXISTS `tb_huatai_research_photo` (
  `id` bigint(20) unsigned NOT NULL,
  `research_id` bigint(20) NOT NULL DEFAULT '0',
  `sort_order` bigint(11) NOT NULL DEFAULT '0',
  `img` text CHARACTER SET utf8 COLLATE utf8_unicode_ci NOT NULL,
  `caption` text CHARACTER SET utf8 COLLATE utf8_unicode_ci NOT NULL,
  `language_id` int(11) NOT NULL DEFAULT '0',
  `disabled` tinyint(1) NOT NULL DEFAULT '0',
  `create_date` timestamp NOT NULL DEFAULT '0000-00-00 00:00:00',
  `last_update_date` timestamp NOT NULL DEFAULT CURRENT_TIMESTAMP ON UPDATE CURRENT_TIMESTAMP,
  `create_by` bigint(20) NOT NULL DEFAULT '0',
  `last_update_by` bigint(20) NOT NULL DEFAULT '0',
  `img2` text,
  `thumb` text NOT NULL
) ENGINE=MyISAM DEFAULT CHARSET=utf8;

-- --------------------------------------------------------

--
-- 資料表結構 `tb_huatai_role`
--

CREATE TABLE IF NOT EXISTS `tb_huatai_role` (
  `id` bigint(20) unsigned NOT NULL,
  `sort_order` int(11) NOT NULL DEFAULT '0',
  `right_level` int(11) NOT NULL DEFAULT '0',
  `allow_login_admin` int(11) NOT NULL DEFAULT '0',
  `allow_login_front` int(11) NOT NULL DEFAULT '0',
  `code_prefix` text CHARACTER SET utf8 COLLATE utf8_unicode_ci NOT NULL,
  `remark` text CHARACTER SET utf8 COLLATE utf8_unicode_ci NOT NULL,
  `disabled` tinyint(1) NOT NULL DEFAULT '0'
) ENGINE=MyISAM AUTO_INCREMENT=6 DEFAULT CHARSET=utf8;

--
-- 資料表的匯出資料 `tb_huatai_role`
--

INSERT INTO `tb_huatai_role` (`id`, `sort_order`, `right_level`, `allow_login_admin`, `allow_login_front`, `code_prefix`, `remark`, `disabled`) VALUES
(1, 1, 1, 1, 1, 'S', '', 0),
(2, 2, 2, 1, 1, 'A', '', 0),
(3, 3, 3, 1, 1, 'S', '', 0),
(4, 4, 4, 0, 1, 'C', '', 0),
(5, 5, 5, 0, 1, 'V', '', 0);

-- --------------------------------------------------------

--
-- 資料表結構 `tb_huatai_role_desc`
--

CREATE TABLE IF NOT EXISTS `tb_huatai_role_desc` (
  `language_id` int(11) NOT NULL DEFAULT '0',
  `role_id` int(11) NOT NULL DEFAULT '0',
  `name` text CHARACTER SET utf8 COLLATE utf8_unicode_ci NOT NULL,
  `detail` text CHARACTER SET utf8 COLLATE utf8_unicode_ci NOT NULL
) ENGINE=MyISAM DEFAULT CHARSET=utf8;

--
-- 資料表的匯出資料 `tb_huatai_role_desc`
--

INSERT INTO `tb_huatai_role_desc` (`language_id`, `role_id`, `name`, `detail`) VALUES
(1, 1, 'Superadmin', ''),
(2, 1, '系統總管', ''),
(3, 1, '系統總管', ''),
(1, 2, 'Admin', ''),
(3, 2, '系統管理員', ''),
(2, 2, '系統管理員', ''),
(1, 3, 'Staff', ''),
(2, 3, '職員', ''),
(3, 3, '職員', ''),
(1, 5, 'Blogger', ''),
(2, 5, 'Blogger', ''),
(3, 5, 'Blogger', ''),
(1, 4, 'Member', ''),
(2, 4, '會員', ''),
(3, 4, '會員', '');

-- --------------------------------------------------------

--
-- 資料表結構 `tb_huatai_section`
--

CREATE TABLE IF NOT EXISTS `tb_huatai_section` (
  `id` bigint(20) unsigned NOT NULL,
  `sort_order` int(11) NOT NULL DEFAULT '0',
  `parent_section_id` int(11) NOT NULL DEFAULT '0',
  `module_dir` text CHARACTER SET utf8 COLLATE utf8_unicode_ci NOT NULL,
  `show_in_left_menu` int(11) unsigned NOT NULL DEFAULT '1',
  `disabled` tinyint(1) NOT NULL DEFAULT '0'
) ENGINE=MyISAM AUTO_INCREMENT=101 DEFAULT CHARSET=utf8;

--
-- 資料表的匯出資料 `tb_huatai_section`
--

INSERT INTO `tb_huatai_section` (`id`, `sort_order`, `parent_section_id`, `module_dir`, `show_in_left_menu`, `disabled`) VALUES
(17, 2, 15, 'trading_market2', 1, 0),
(16, 1, 15, 'trading_market', 1, 0),
(15, 4, 0, '', 1, 0),
(14, 4, 10, 'important_notice_category', 1, 0),
(13, 3, 10, 'important_notice', 1, 0),
(12, 2, 10, 'news_category', 1, 0),
(11, 1, 10, 'news', 1, 0),
(10, 3, 0, '', 1, 0),
(9, 2, 7, 'webpage_photo', 1, 0),
(8, 1, 7, 'webpage_photo', 1, 0),
(7, 2, 0, '', 1, 0),
(6, 5, 1, 'webpage', 1, 0),
(5, 4, 1, 'webpage_home_promotion2', 1, 0),
(4, 3, 1, 'home_promotion2', 1, 0),
(3, 2, 1, 'home_promotion', 1, 0),
(2, 1, 1, 'home_banner', 1, 0),
(1, 1, 0, '', 1, 0),
(18, 3, 15, 'trading_support', 1, 0),
(19, 5, 0, '', 1, 0),
(20, 1, 19, 'trading', 1, 0),
(21, 5, 19, 'trading_hoilday', 1, 0),
(22, 6, 19, 'webpage', 1, 0),
(23, 7, 19, 'trading_future', 1, 0),
(24, 8, 19, 'webpage', 1, 0),
(25, 6, 0, '', 1, 0),
(26, -3, 25, 'openaccount', 1, 0),
(27, -2, 25, 'openaccount2', 1, 0),
(28, 3, 25, 'deposit', 1, 0),
(29, 4, 25, 'deposit2', 1, 0),
(30, 5, 25, 'download_software', 1, 0),
(31, 6, 25, 'download_software2', 1, 0),
(32, 7, 25, 'download_software3', 1, 0),
(33, 8, 25, 'download', 1, 0),
(34, 9, 25, 'faq', 1, 0),
(35, 10, 25, 'faq_category', 1, 0),
(36, 88, 0, 'contact', 1, 0),
(37, 999, 0, '', 1, 0),
(38, 1, 37, 'banner', 1, 0),
(39, 2, 37, 'webpage', 1, 0),
(40, 99, 37, 'webpage_footer', 1, 0),
(41, 999, 37, 'other_settings', 1, 0),
(43, -9, 19, 'webpage_file', 1, 0),
(44, 3, 19, 'trading2', 1, 0),
(45, -8, 19, 'webpage_file', 1, 0),
(46, 0, 25, 'openaccount3', 1, 0),
(47, -7, 19, 'webpage_file', 1, 0),
(48, -6, 19, 'webpage_file', 1, 0),
(49, 7, 19, 'trading_future_category', 1, 2),
(51, 1, 19, 'webpage', 1, 0),
(52, 3, 19, 'webpage', 1, 0),
(53, 99, 10, 'research_category', 1, 2),
(54, 100, 10, 'research', 1, 2);

-- --------------------------------------------------------

--
-- 資料表結構 `tb_huatai_section_desc`
--

CREATE TABLE IF NOT EXISTS `tb_huatai_section_desc` (
  `language_id` int(11) NOT NULL DEFAULT '1',
  `section_id` int(11) NOT NULL DEFAULT '0',
  `name` text CHARACTER SET utf8 COLLATE utf8_unicode_ci NOT NULL,
  `detail` text CHARACTER SET utf8 COLLATE utf8_unicode_ci NOT NULL
) ENGINE=MyISAM DEFAULT CHARSET=utf8;

--
-- 資料表的匯出資料 `tb_huatai_section_desc`
--

INSERT INTO `tb_huatai_section_desc` (`language_id`, `section_id`, `name`, `detail`) VALUES
(3, 20, '合约细则', ''),
(3, 21, '交易所假期通知', ''),
(3, 22, '交易所假期通知(其他设定)', ''),
(3, 23, '期货和期权产品最后交易日', ''),
(3, 24, '期货和期权产品最后交易日(其他设定)', ''),
(3, 25, '产品及服务', ''),
(3, 26, '账户开立 - 个人客户网上开户', ''),
(3, 19, '市场资讯', ''),
(3, 18, '量化及程序化交易支持', ''),
(3, 17, '香港及海外市场', ''),
(3, 16, '中国市场', ''),
(3, 15, '业务覆盖', ''),
(3, 14, '通告类别', ''),
(3, 13, '重要通告', ''),
(3, 12, '新闻类别', ''),
(3, 11, '华泰新闻', ''),
(3, 10, '新闻中心', ''),
(3, 9, '集团公司介绍', ''),
(3, 8, '走进华泰', ''),
(3, 7, '关于我们', ''),
(3, 6, '华泰新闻 - 介绍', ''),
(3, 5, '软件下载(其他设定)', ''),
(3, 4, '软件下载', ''),
(3, 3, 'API及量化交易', ''),
(3, 2, '主页横幅', ''),
(3, 1, '首页', ''),
(3, 27, '账户开立 - 机构及个人线下开户', ''),
(3, 28, '资金存取 - 客户存款资料（外盘）', ''),
(3, 29, '资金存取 - 客户存款资料（内盘）', ''),
(3, 30, '软件下载 - 易盛交易系统', ''),
(3, 31, '软件下载 - ATP交易系统', ''),
(3, 32, '软件下载 - TT交易系统', ''),
(3, 33, '表单下载', ''),
(3, 34, '常见问题', ''),
(3, 35, '常见问题 - 类别', ''),
(3, 36, '联系我们', ''),
(3, 37, '其他', ''),
(3, 38, 'Banner', ''),
(3, 39, '免责声明', ''),
(3, 40, '页脚', ''),
(3, 41, '其他设定', ''),
(3, 43, '下载合约细则', ''),
(3, 44, '保证金資料', ''),
(3, 45, '下载保证金資料', ''),
(3, 46, '账户开立 - 内盘开户附加申请文件', ''),
(3, 47, '下载交易所假期通知', ''),
(3, 48, '下载期货和期权产品最后交易日', ''),
(3, 49, '交易日', ''),
(3, 51, '合约细则 - 备注', ''),
(3, 52, '保证金資料 - 备注', ''),
(3, 53, '投资研究类别', ''),
(3, 54, '投资研究', '');

-- --------------------------------------------------------

--
-- 資料表結構 `tb_huatai_shop`
--

CREATE TABLE IF NOT EXISTS `tb_huatai_shop` (
  `id` bigint(20) unsigned NOT NULL,
  `sort_order` int(11) NOT NULL DEFAULT '0',
  `code` text CHARACTER SET utf8 COLLATE utf8_unicode_ci NOT NULL,
  `tel` text CHARACTER SET utf8 COLLATE utf8_unicode_ci NOT NULL,
  `fax` text CHARACTER SET utf8 COLLATE utf8_unicode_ci NOT NULL,
  `email` text CHARACTER SET utf8 COLLATE utf8_unicode_ci NOT NULL,
  `remark` text CHARACTER SET utf8 COLLATE utf8_unicode_ci NOT NULL,
  `disabled` tinyint(1) NOT NULL DEFAULT '0',
  `create_date` timestamp NOT NULL DEFAULT '0000-00-00 00:00:00',
  `last_update_date` timestamp NOT NULL DEFAULT CURRENT_TIMESTAMP ON UPDATE CURRENT_TIMESTAMP,
  `create_by` bigint(20) NOT NULL DEFAULT '0',
  `last_update_by` bigint(20) NOT NULL DEFAULT '0'
) ENGINE=MyISAM DEFAULT CHARSET=utf8;

-- --------------------------------------------------------

--
-- 資料表結構 `tb_huatai_shop_desc`
--

CREATE TABLE IF NOT EXISTS `tb_huatai_shop_desc` (
  `language_id` int(11) NOT NULL DEFAULT '0',
  `shop_id` int(11) NOT NULL DEFAULT '0',
  `name` text CHARACTER SET utf8 COLLATE utf8_unicode_ci NOT NULL,
  `detail` text CHARACTER SET utf8 COLLATE utf8_unicode_ci NOT NULL,
  `address` text CHARACTER SET utf8 COLLATE utf8_unicode_ci NOT NULL
) ENGINE=MyISAM DEFAULT CHARSET=utf8;

-- --------------------------------------------------------

--
-- 資料表結構 `tb_huatai_status_allow`
--

CREATE TABLE IF NOT EXISTS `tb_huatai_status_allow` (
  `id` int(11) unsigned NOT NULL,
  `sort_order` int(11) NOT NULL DEFAULT '0',
  `remark` text CHARACTER SET utf8 COLLATE utf8_unicode_ci NOT NULL,
  `disabled` tinyint(1) NOT NULL DEFAULT '0'
) ENGINE=MyISAM AUTO_INCREMENT=2 DEFAULT CHARSET=utf8 DELAY_KEY_WRITE=1;

--
-- 資料表的匯出資料 `tb_huatai_status_allow`
--

INSERT INTO `tb_huatai_status_allow` (`id`, `sort_order`, `remark`, `disabled`) VALUES
(0, 1, '', 0),
(1, 2, '', 0);

-- --------------------------------------------------------

--
-- 資料表結構 `tb_huatai_status_allow_desc`
--

CREATE TABLE IF NOT EXISTS `tb_huatai_status_allow_desc` (
  `language_id` int(11) NOT NULL DEFAULT '0',
  `status_allow_id` int(11) NOT NULL DEFAULT '0',
  `name` text CHARACTER SET utf8 COLLATE utf8_unicode_ci NOT NULL,
  `detail` text CHARACTER SET utf8 COLLATE utf8_unicode_ci NOT NULL
) ENGINE=MyISAM DEFAULT CHARSET=utf8;

--
-- 資料表的匯出資料 `tb_huatai_status_allow_desc`
--

INSERT INTO `tb_huatai_status_allow_desc` (`language_id`, `status_allow_id`, `name`, `detail`) VALUES
(1, 1, 'No', ''),
(1, 0, 'Yes', ''),
(2, 1, '否', ''),
(2, 0, '是', ''),
(3, 1, '否', ''),
(3, 0, '是', '');

-- --------------------------------------------------------

--
-- 資料表結構 `tb_huatai_status_disable`
--

CREATE TABLE IF NOT EXISTS `tb_huatai_status_disable` (
  `id` int(11) NOT NULL,
  `sort_order` int(11) NOT NULL DEFAULT '0',
  `remark` text CHARACTER SET utf8 COLLATE utf8_unicode_ci NOT NULL,
  `disabled` tinyint(1) NOT NULL DEFAULT '0'
) ENGINE=MyISAM AUTO_INCREMENT=12 DEFAULT CHARSET=utf8;

--
-- 資料表的匯出資料 `tb_huatai_status_disable`
--

INSERT INTO `tb_huatai_status_disable` (`id`, `sort_order`, `remark`, `disabled`) VALUES
(1, 2, '', 0),
(0, 1, '', 0);

-- --------------------------------------------------------

--
-- 資料表結構 `tb_huatai_status_disable_desc`
--

CREATE TABLE IF NOT EXISTS `tb_huatai_status_disable_desc` (
  `language_id` int(11) NOT NULL DEFAULT '0',
  `status_disable_id` int(11) NOT NULL DEFAULT '0',
  `name` text CHARACTER SET utf8 COLLATE utf8_unicode_ci NOT NULL,
  `detail` text CHARACTER SET utf8 COLLATE utf8_unicode_ci NOT NULL
) ENGINE=MyISAM DEFAULT CHARSET=utf8;

--
-- 資料表的匯出資料 `tb_huatai_status_disable_desc`
--

INSERT INTO `tb_huatai_status_disable_desc` (`language_id`, `status_disable_id`, `name`, `detail`) VALUES
(1, 0, 'Yes', ''),
(1, 1, 'No', ''),
(2, 0, '是', ''),
(2, 1, '否', ''),
(3, 0, '是', ''),
(3, 1, '否', '');

-- --------------------------------------------------------

--
-- 資料表結構 `tb_huatai_status_yesno`
--

CREATE TABLE IF NOT EXISTS `tb_huatai_status_yesno` (
  `id` int(11) unsigned NOT NULL,
  `sort_order` int(11) NOT NULL DEFAULT '0',
  `remark` text CHARACTER SET utf8 COLLATE utf8_unicode_ci NOT NULL,
  `disabled` tinyint(1) NOT NULL DEFAULT '0'
) ENGINE=MyISAM AUTO_INCREMENT=2 DEFAULT CHARSET=utf8;

--
-- 資料表的匯出資料 `tb_huatai_status_yesno`
--

INSERT INTO `tb_huatai_status_yesno` (`id`, `sort_order`, `remark`, `disabled`) VALUES
(0, 1, '', 0),
(1, 2, '', 0);

-- --------------------------------------------------------

--
-- 資料表結構 `tb_huatai_status_yesno_desc`
--

CREATE TABLE IF NOT EXISTS `tb_huatai_status_yesno_desc` (
  `language_id` int(11) NOT NULL DEFAULT '0',
  `status_yesno_id` int(11) NOT NULL DEFAULT '0',
  `name` text CHARACTER SET utf8 COLLATE utf8_unicode_ci NOT NULL,
  `detail` text CHARACTER SET utf8 COLLATE utf8_unicode_ci NOT NULL
) ENGINE=MyISAM DEFAULT CHARSET=utf8;

--
-- 資料表的匯出資料 `tb_huatai_status_yesno_desc`
--

INSERT INTO `tb_huatai_status_yesno_desc` (`language_id`, `status_yesno_id`, `name`, `detail`) VALUES
(1, 0, 'No', ''),
(1, 1, 'Yes', ''),
(2, 0, '否', ''),
(2, 1, '是', ''),
(3, 0, '否', ''),
(3, 1, '是', '');

-- --------------------------------------------------------

--
-- 資料表結構 `tb_huatai_title`
--

CREATE TABLE IF NOT EXISTS `tb_huatai_title` (
  `id` bigint(20) unsigned NOT NULL,
  `sort_order` int(11) NOT NULL DEFAULT '0',
  `disabled` tinyint(1) NOT NULL DEFAULT '0',
  `create_date` timestamp NOT NULL DEFAULT '0000-00-00 00:00:00',
  `last_update_date` timestamp NOT NULL DEFAULT CURRENT_TIMESTAMP ON UPDATE CURRENT_TIMESTAMP,
  `create_by` bigint(20) NOT NULL DEFAULT '0',
  `last_update_by` bigint(20) NOT NULL DEFAULT '0'
) ENGINE=MyISAM AUTO_INCREMENT=5 DEFAULT CHARSET=utf8;

--
-- 資料表的匯出資料 `tb_huatai_title`
--

INSERT INTO `tb_huatai_title` (`id`, `sort_order`, `disabled`, `create_date`, `last_update_date`, `create_by`, `last_update_by`) VALUES
(1, 1, 0, '0000-00-00 00:00:00', '2020-12-30 01:08:50', 0, 0),
(2, 2, 0, '0000-00-00 00:00:00', '2020-12-30 01:08:50', 0, 0),
(3, 3, 0, '0000-00-00 00:00:00', '2020-12-30 01:08:50', 0, 0),
(4, 4, 0, '0000-00-00 00:00:00', '2020-12-30 01:08:50', 0, 0);

-- --------------------------------------------------------

--
-- 資料表結構 `tb_huatai_title_desc`
--

CREATE TABLE IF NOT EXISTS `tb_huatai_title_desc` (
  `language_id` int(11) NOT NULL DEFAULT '0',
  `title_id` int(11) NOT NULL DEFAULT '0',
  `name` text CHARACTER SET utf8 COLLATE utf8_unicode_ci NOT NULL
) ENGINE=MyISAM DEFAULT CHARSET=utf8;

--
-- 資料表的匯出資料 `tb_huatai_title_desc`
--

INSERT INTO `tb_huatai_title_desc` (`language_id`, `title_id`, `name`) VALUES
(1, 1, 'Mr'),
(1, 2, 'Miss'),
(1, 3, 'Mrs'),
(1, 4, 'Ms'),
(2, 1, '先生'),
(2, 2, '小姐'),
(2, 3, '女士'),
(2, 4, '太太');

-- --------------------------------------------------------

--
-- 資料表結構 `tb_huatai_trading`
--

CREATE TABLE IF NOT EXISTS `tb_huatai_trading` (
  `id` bigint(20) unsigned NOT NULL,
  `sort_order` int(11) NOT NULL DEFAULT '0',
  `code` text CHARACTER SET utf8 COLLATE utf8_unicode_ci NOT NULL,
  `remark` text CHARACTER SET utf8 COLLATE utf8_unicode_ci NOT NULL,
  `disabled` tinyint(1) NOT NULL DEFAULT '0',
  `create_date` timestamp NOT NULL DEFAULT '0000-00-00 00:00:00',
  `last_update_date` timestamp NOT NULL DEFAULT CURRENT_TIMESTAMP ON UPDATE CURRENT_TIMESTAMP,
  `create_by` bigint(20) NOT NULL DEFAULT '0',
  `last_update_by` bigint(20) NOT NULL DEFAULT '0',
  `url_target` text NOT NULL,
  `seo_url` text NOT NULL,
  `seo_keyword` text NOT NULL,
  `start_date` date DEFAULT '0000-00-00',
  `end_date` date DEFAULT '0000-00-00',
  `display_date` date DEFAULT '0000-00-00',
  `youtube_id` text NOT NULL,
  `highlight` int(11) NOT NULL,
  `code2` text NOT NULL,
  `currency` text NOT NULL,
  `decimal_position` text NOT NULL
) ENGINE=MyISAM AUTO_INCREMENT=219 DEFAULT CHARSET=utf8;

--
-- 資料表的匯出資料 `tb_huatai_trading`
--

INSERT INTO `tb_huatai_trading` (`id`, `sort_order`, `code`, `remark`, `disabled`, `create_date`, `last_update_date`, `create_by`, `last_update_by`, `url_target`, `seo_url`, `seo_keyword`, `start_date`, `end_date`, `display_date`, `youtube_id`, `highlight`, `code2`, `currency`, `decimal_position`) VALUES
(1, 1, 'CBOT', '', 0, '2020-12-20 10:02:07', '2021-03-29 09:36:33', 1, 2, '', '1', '', '0000-00-00', '0000-00-00', '2020-12-29', '', 0, 'C', '', ''),
(2, 4, 'CBOT', '', 0, '2020-12-20 10:02:07', '2021-01-19 06:45:08', 1, 2, '', '2', '', '0000-00-00', '0000-00-00', '2020-12-29', '', 0, 'W', '', ''),
(3, 2, 'CBOT', '', 0, '2021-01-19 06:41:30', '2021-01-19 06:41:51', 2, 2, '', '3', '', '0000-00-00', '0000-00-00', '2021-01-19', '', 0, 'O', '', ''),
(4, 3, 'CBOT', '', 0, '2021-01-19 06:43:38', '2021-01-19 06:43:47', 2, 2, '', '4', '', '0000-00-00', '0000-00-00', '2021-01-19', '', 0, 'S', '', ''),
(5, 5, 'CBOT', '', 0, '2021-01-19 06:46:29', '2021-01-19 06:46:29', 2, 2, '', '5', '', '0000-00-00', '0000-00-00', '2021-01-19', '', 0, 'KW', '', ''),
(6, 6, 'CBOT', '', 0, '2021-01-20 07:04:26', '2021-03-29 09:50:27', 1, 2, '', '6', '', '0000-00-00', '0000-00-00', '2021-01-20', '', 0, 'ZL', '', ''),
(7, 7, 'CBOT', '', 0, '2021-01-20 07:05:50', '2021-03-29 09:52:58', 1, 2, '', '7', '', '0000-00-00', '0000-00-00', '2021-01-20', '', 0, 'ZM', '', ''),
(8, 8, 'CBOT', '', 0, '2021-01-20 07:07:12', '2021-03-29 10:14:02', 1, 2, '', '8', '', '0000-00-00', '0000-00-00', '2021-01-20', '', 0, 'ZR', '', ''),
(9, 9, 'CBOT', '', 0, '2021-01-20 07:09:01', '2021-03-29 10:27:36', 1, 2, '', '9', '', '0000-00-00', '0000-00-00', '2021-01-20', '', 0, 'ZB', '', ''),
(10, 10, 'CBOT', '', 0, '2021-01-20 07:10:20', '2021-03-29 10:28:47', 1, 2, '', '10', '', '0000-00-00', '0000-00-00', '2021-01-20', '', 0, 'ZN', '', ''),
(11, 11, 'CBOT', '', 0, '2021-01-20 07:11:38', '2021-03-29 10:29:21', 1, 2, '', '11', '', '0000-00-00', '0000-00-00', '2021-01-20', '', 0, 'ZF', '', ''),
(12, 12, 'CBOT', '', 0, '2021-01-20 07:12:52', '2021-03-29 10:30:05', 1, 2, '', '12', '', '0000-00-00', '0000-00-00', '2021-01-20', '', 0, 'ZT', '', ''),
(13, 13, 'CBOT', '', 0, '2021-01-20 07:17:12', '2021-02-03 04:40:29', 1, 2, '', '13', '', '0000-00-00', '0000-00-00', '2021-01-20', '', 0, 'YM', '', ''),
(14, 14, 'CBOT', '', 0, '2021-01-20 07:18:21', '2021-03-29 10:32:01', 1, 2, '', '14', '', '0000-00-00', '0000-00-00', '2021-01-20', '', 0, 'MYM', '', ''),
(15, 15, 'CME', '', 0, '2021-01-20 07:20:12', '2021-03-29 10:32:37', 1, 2, '', '15', '', '0000-00-00', '0000-00-00', '2021-01-20', '', 0, 'AD', '', ''),
(16, 17, 'CME', '', 0, '2021-01-20 07:21:22', '2021-03-29 10:34:30', 1, 2, '', '16', '', '0000-00-00', '0000-00-00', '2021-01-20', '', 0, 'CD', '', ''),
(17, 18, 'CME', '', 0, '2021-01-20 07:23:17', '2021-03-29 10:35:41', 1, 2, '', '17', '', '0000-00-00', '0000-00-00', '2021-01-20', '', 0, 'EC', '', ''),
(18, 16, 'CME', '', 0, '2021-01-20 07:24:52', '2021-03-29 10:33:11', 1, 2, '', '18', '', '0000-00-00', '0000-00-00', '2021-01-20', '', 0, 'BP', '', ''),
(19, 19, 'CME', '', 0, '2021-01-20 07:26:11', '2021-03-29 10:36:18', 1, 2, '', '19', '', '0000-00-00', '0000-00-00', '2021-01-20', '', 0, 'JY', '', ''),
(20, 20, 'CME', '', 0, '2021-01-20 07:27:16', '2021-03-29 10:36:48', 1, 2, '', '20', '', '0000-00-00', '0000-00-00', '2021-01-20', '', 0, 'NE', '', ''),
(21, 21, 'CME', '', 0, '2021-01-20 07:28:27', '2021-03-29 10:37:32', 1, 2, '', '21', '', '0000-00-00', '0000-00-00', '2021-01-20', '', 0, 'SF', '', ''),
(22, 22, 'CME', '', 0, '2021-01-20 07:29:42', '2021-02-03 09:06:37', 1, 2, '', '22', '', '0000-00-00', '0000-00-00', '2021-01-20', '', 0, 'BR', '', ''),
(23, 23, 'CME', '', 0, '2021-01-20 07:31:05', '2021-02-03 08:53:04', 1, 2, '', '23', '', '0000-00-00', '0000-00-00', '2021-01-20', '', 0, 'MP', '', ''),
(24, 24, 'CME', '', 0, '2021-01-20 07:32:55', '2021-03-29 10:42:04', 1, 2, '', '24', '', '0000-00-00', '0000-00-00', '2021-01-20', '', 0, 'CNH', '', ''),
(25, 25, 'CME', '', 0, '2021-01-20 07:34:06', '2021-03-29 10:43:48', 1, 2, '', '25', '', '0000-00-00', '0000-00-00', '2021-01-20', '', 0, 'ED', '', ''),
(26, 26, 'CME', '', 0, '2021-01-20 07:35:19', '2021-03-29 10:45:12', 1, 2, '', '26', '', '0000-00-00', '0000-00-00', '2021-01-20', '', 0, 'NKD', '', ''),
(27, 27, 'CME', '', 0, '2021-01-20 07:38:17', '2021-03-29 10:47:04', 1, 2, '', '27', '', '0000-00-00', '0000-00-00', '2021-01-20', '', 0, 'NIY', '', ''),
(28, 28, 'CME', '', 0, '2021-01-20 07:39:06', '2021-03-29 10:48:19', 1, 2, '', '28', '', '0000-00-00', '0000-00-00', '2021-01-20', '', 0, 'ES', '', ''),
(29, 29, 'CME', '', 0, '2021-01-20 07:40:07', '2021-03-29 10:49:15', 1, 2, '', '29', '', '0000-00-00', '0000-00-00', '2021-01-20', '', 0, 'NQ', '', ''),
(30, 30, 'CME', '', 0, '2021-01-20 07:41:06', '2021-03-29 10:50:23', 1, 2, '', '30', '', '0000-00-00', '0000-00-00', '2021-01-20', '', 0, 'RTY', '', ''),
(31, 31, 'CME', '', 0, '2021-01-20 07:45:28', '2021-03-29 10:51:14', 1, 2, '', '31', '', '0000-00-00', '0000-00-00', '2021-01-20', '', 0, 'MES', '', ''),
(32, 32, 'CME', '', 0, '2021-01-20 07:46:22', '2021-03-29 10:52:10', 1, 2, '', '32', '', '0000-00-00', '0000-00-00', '2021-01-20', '', 0, 'MNQ', '', ''),
(33, 33, 'CME', '', 0, '2021-01-20 07:47:29', '2021-03-29 10:55:04', 1, 2, '', '33', '', '0000-00-00', '0000-00-00', '2021-01-20', '', 0, 'M2K', '', ''),
(34, 34, 'CME', '', 0, '2021-01-20 07:48:33', '2021-03-29 11:01:57', 1, 2, '', '34', '', '0000-00-00', '0000-00-00', '2021-01-20', '', 0, 'FC', '', ''),
(35, 35, 'CME', '', 0, '2021-01-20 07:49:37', '2021-03-29 11:02:43', 1, 2, '', '35', '', '0000-00-00', '0000-00-00', '2021-01-20', '', 0, 'LC', '', ''),
(36, 36, 'CME', '', 0, '2021-01-20 07:50:29', '2021-03-29 11:03:28', 1, 2, '', '36', '', '0000-00-00', '0000-00-00', '2021-01-20', '', 0, 'LN', '', ''),
(37, 37, 'COMEX', '', 0, '2021-01-20 07:51:38', '2021-03-29 11:10:35', 1, 2, '', '37', '', '0000-00-00', '0000-00-00', '2021-01-20', '', 0, 'GC', '', ''),
(38, 38, 'COMEX', '', 0, '2021-01-20 07:52:56', '2021-03-29 11:12:35', 1, 2, '', '38', '', '0000-00-00', '0000-00-00', '2021-01-20', '', 0, 'SI', '', ''),
(39, 39, 'COMEX', '', 0, '2021-01-20 07:54:02', '2021-03-29 11:13:57', 1, 2, '', '39', '', '0000-00-00', '0000-00-00', '2021-01-20', '', 0, 'HG', '', ''),
(40, 40, 'COMEX', '', 0, '2021-01-20 07:55:03', '2021-03-29 11:15:14', 1, 2, '', '40', '', '0000-00-00', '0000-00-00', '2021-01-20', '', 0, 'QO', '', ''),
(41, 41, 'COMEX', '', 0, '2021-01-20 07:56:23', '2021-03-29 11:16:30', 1, 2, '', '41', '', '0000-00-00', '0000-00-00', '2021-01-20', '', 0, 'QI', '', ''),
(42, 42, 'NYMEX', '', 0, '2021-01-20 07:57:15', '2021-03-29 11:20:03', 1, 2, '', '42', '', '0000-00-00', '0000-00-00', '2021-01-20', '', 0, 'CL', '', ''),
(43, 43, 'NYMEX', '', 0, '2021-01-20 07:58:18', '2021-03-29 11:22:31', 1, 2, '', '43', '', '0000-00-00', '0000-00-00', '2021-01-20', '', 0, 'HO', '', ''),
(44, 44, 'NYMEX', '', 0, '2021-01-20 07:59:18', '2021-03-29 11:23:48', 1, 2, '', '44', '', '0000-00-00', '0000-00-00', '2021-01-20', '', 0, 'NG', '', ''),
(45, 45, 'NYMEX', '', 0, '2021-01-20 08:00:43', '2021-03-29 11:25:17', 1, 2, '', '45', '', '0000-00-00', '0000-00-00', '2021-01-20', '', 0, 'PA', '', ''),
(46, 47, 'NYMEX', '', 0, '2021-01-20 08:02:13', '2021-03-29 11:30:32', 1, 2, '', '46', '', '0000-00-00', '0000-00-00', '2021-01-20', '', 0, 'QG', '', ''),
(47, 48, 'NYMEX', '', 0, '2021-01-20 08:03:14', '2021-03-29 11:35:08', 1, 2, '', '47', '', '0000-00-00', '0000-00-00', '2021-01-20', '', 0, 'QM', '', ''),
(48, 49, 'NYMEX', '', 0, '2021-01-20 08:04:12', '2021-03-29 11:37:11', 1, 2, '', '48', '', '0000-00-00', '0000-00-00', '2021-01-20', '', 0, 'RB', '', ''),
(49, 50, 'NYMEX', '', 0, '2021-01-20 08:05:08', '2021-03-29 11:41:24', 1, 2, '', '49', '', '0000-00-00', '0000-00-00', '2021-01-20', '', 0, 'BZ', '', ''),
(50, 51, 'HKEX', '', 0, '2021-01-20 08:07:06', '2021-03-29 11:43:31', 1, 2, '', '50', '', '0000-00-00', '0000-00-00', '2021-01-20', '', 0, 'CUS', '', ''),
(51, 53, 'HKEX', '', 0, '2021-01-20 08:08:59', '2021-04-28 03:07:31', 1, 2, '', '51', '', '0000-00-00', '0000-00-00', '2021-01-20', '', 0, 'HTI', '', ''),
(52, 54, 'HKEX', '', 0, '2021-01-20 08:10:02', '2021-04-28 03:07:31', 1, 2, '', '52', '', '0000-00-00', '0000-00-00', '2021-01-20', '', 0, 'HHI', '', ''),
(53, 55, 'HKEX', '', 0, '2021-01-20 08:11:15', '2021-04-28 03:07:31', 1, 2, '', '53', '', '0000-00-00', '0000-00-00', '2021-01-20', '', 0, 'HSI', '', ''),
(54, 56, 'HKEX', '', 0, '2021-01-20 08:12:26', '2021-04-28 03:07:31', 1, 2, '', '54', '', '0000-00-00', '0000-00-00', '2021-01-20', '', 0, 'MCH', '', ''),
(55, 57, 'HKEX', '', 0, '2021-01-20 08:14:00', '2021-04-28 03:07:31', 1, 2, '', '55', '', '0000-00-00', '0000-00-00', '2021-01-20', '', 0, 'MHI', '', ''),
(56, 58, 'HKEX', '', 0, '2021-01-20 08:15:08', '2021-04-28 03:07:31', 1, 2, '', '56', '', '0000-00-00', '0000-00-00', '2021-01-20', '', 0, 'FEM', '', ''),
(57, 59, 'HKEX', '', 0, '2021-01-20 08:16:07', '2021-04-28 03:07:31', 1, 2, '', '57', '', '0000-00-00', '0000-00-00', '2021-01-20', '', 0, 'FEQ', '', ''),
(58, 60, 'HKEX', '', 0, '2021-01-20 08:16:59', '2021-04-28 03:07:31', 1, 2, '', '58', '', '0000-00-00', '0000-00-00', '2021-01-20', '', 0, 'CEU', '', ''),
(59, 61, 'HKEX', '', 0, '2021-01-20 08:18:05', '2021-04-28 03:07:31', 1, 2, '', '59', '', '0000-00-00', '0000-00-00', '2021-01-20', '', 0, 'CJP', '', ''),
(60, 62, 'HKEX', '', 0, '2021-01-20 08:19:02', '2021-04-28 03:07:31', 1, 2, '', '60', '', '0000-00-00', '0000-00-00', '2021-01-20', '', 0, 'CAU', '', ''),
(61, 63, 'HKEX', '', 0, '2021-01-20 08:20:02', '2021-04-28 03:07:31', 1, 2, '', '61', '', '0000-00-00', '0000-00-00', '2021-01-20', '', 0, 'CIN', '', ''),
(62, 64, 'HKEX', '', 0, '2021-01-20 08:21:18', '2021-04-28 03:07:31', 1, 2, '', '62', '', '0000-00-00', '0000-00-00', '2021-01-20', '', 0, 'UIN', '', ''),
(63, 65, 'HKEX', '', 0, '2021-01-20 08:23:27', '2021-04-28 03:07:31', 1, 2, '', '63', '', '0000-00-00', '0000-00-00', '2021-01-20', '', 0, 'CHH', '', ''),
(64, 66, 'HKEX', '', 0, '2021-01-20 08:24:20', '2021-04-28 03:07:31', 1, 2, '', '64', '', '0000-00-00', '0000-00-00', '2021-01-20', '', 0, 'CCB', '', ''),
(65, 67, 'HKEX', '', 0, '2021-01-20 08:25:14', '2021-04-28 03:07:31', 1, 2, '', '65', '', '0000-00-00', '0000-00-00', '2021-01-20', '', 0, 'CHT', '', ''),
(66, 68, 'HKEX', '', 0, '2021-01-20 08:26:14', '2021-04-28 03:07:31', 1, 2, '', '66', '', '0000-00-00', '0000-00-00', '2021-01-20', '', 0, 'HEX', '', ''),
(67, 69, 'HKEX', '', 0, '2021-01-20 08:27:13', '2021-04-28 03:07:31', 1, 2, '', '67', '', '0000-00-00', '0000-00-00', '2021-01-20', '', 0, 'HKB', '', ''),
(68, 70, 'HKEX', '', 0, '2021-01-20 08:28:12', '2021-04-28 03:07:31', 1, 2, '', '68', '', '0000-00-00', '0000-00-00', '2021-01-20', '', 0, 'ICB', '', ''),
(69, 71, 'HKEX', '', 0, '2021-01-20 08:29:03', '2021-04-28 03:07:31', 1, 2, '', '69', '', '0000-00-00', '0000-00-00', '2021-01-20', '', 0, 'PAI', '', ''),
(70, 72, 'HKEX', '', 0, '2021-01-20 08:30:13', '2021-04-28 03:07:31', 1, 2, '', '70', '', '0000-00-00', '0000-00-00', '2021-01-20', '', 0, 'TCH', '', ''),
(71, 73, 'HKEX', '', 0, '2021-01-20 08:31:37', '2021-04-28 03:07:31', 1, 2, '', '71', '', '0000-00-00', '0000-00-00', '2021-01-20', '', 0, 'MIU', '', ''),
(72, 74, 'HKEX', '', 0, '2021-01-20 08:32:34', '2021-04-28 03:07:31', 1, 2, '', '72', '', '0000-00-00', '0000-00-00', '2021-01-20', '', 0, 'MET', '', ''),
(73, 75, 'HKEX', '', 0, '2021-01-20 08:33:52', '2021-04-28 03:07:31', 1, 2, '', '73', '', '0000-00-00', '0000-00-00', '2021-01-20', '', 0, 'ALB', '', ''),
(74, 76, 'HKEX', '', 0, '2021-01-20 08:34:41', '2021-04-28 03:07:31', 1, 2, '', '74', '', '0000-00-00', '0000-00-00', '2021-01-20', '', 0, 'TWR', '', ''),
(75, 77, 'HKEX', '', 0, '2021-01-20 08:35:30', '2021-04-28 03:07:31', 1, 2, '', '75', '', '0000-00-00', '0000-00-00', '2021-01-20', '', 0, 'BUD', '', ''),
(76, 78, 'HKEX', '', 0, '2021-01-20 08:36:29', '2021-04-28 03:07:31', 1, 2, '', '76', '', '0000-00-00', '0000-00-00', '2021-01-20', '', 0, 'GWM', '', ''),
(77, 79, 'HKEX', '', 0, '2021-01-20 08:38:32', '2021-04-28 03:07:31', 1, 2, '', '77', '', '0000-00-00', '0000-00-00', '2021-01-20', '', 0, 'JDC', '', ''),
(78, 80, 'HKEX', '', 0, '2021-01-20 08:43:54', '2021-04-28 03:07:31', 1, 2, '', '78', '', '0000-00-00', '0000-00-00', '2021-01-20', '', 0, 'NTE', '', ''),
(79, 81, 'HKEX', '', 0, '2021-01-20 08:44:47', '2021-04-28 03:07:31', 1, 2, '', '79', '', '0000-00-00', '0000-00-00', '2021-01-20', '', 0, 'CPC', '', ''),
(80, 82, 'HKEX', '', 0, '2021-01-20 08:45:45', '2021-04-28 03:07:31', 1, 2, '', '80', '', '0000-00-00', '0000-00-00', '2021-01-20', '', 0, 'CTC', '', ''),
(81, 83, 'HKEX', '', 0, '2021-01-20 08:46:56', '2021-04-28 03:07:31', 1, 2, '', '81', '', '0000-00-00', '0000-00-00', '2021-01-20', '', 0, 'PEC', '', ''),
(82, 84, 'HKEX', '', 0, '2021-01-20 08:47:52', '2021-04-28 03:07:31', 1, 2, '', '82', '', '0000-00-00', '0000-00-00', '2021-01-20', '', 0, 'CNC', '', ''),
(83, 85, 'HKEX', '', 0, '2021-01-20 08:48:50', '2021-04-28 03:07:31', 1, 2, '', '83', '', '0000-00-00', '0000-00-00', '2021-01-20', '', 0, 'CCC', '', ''),
(84, 86, 'HKEX', '', 0, '2021-01-20 08:49:42', '2021-04-28 03:07:31', 1, 2, '', '84', '', '0000-00-00', '0000-00-00', '2021-01-20', '', 0, 'PIC', '', ''),
(85, 87, 'HKEX', '', 0, '2021-01-20 08:50:34', '2021-04-28 03:07:31', 1, 2, '', '85', '', '0000-00-00', '0000-00-00', '2021-01-20', '', 0, 'BOC', '', ''),
(86, 88, 'HKEX', '', 0, '2021-01-20 08:51:32', '2021-04-28 03:07:31', 1, 2, '', '86', '', '0000-00-00', '0000-00-00', '2021-01-20', '', 0, 'CLI', '', ''),
(87, 89, 'HKEX', '', 0, '2021-01-20 08:52:42', '2021-04-28 03:07:31', 1, 2, '', '87', '', '0000-00-00', '0000-00-00', '2021-01-20', '', 0, 'CMB', '', ''),
(88, 90, 'HKEX', '', 0, '2021-01-20 08:53:31', '2021-04-28 03:07:31', 1, 2, '', '88', '', '0000-00-00', '0000-00-00', '2021-01-20', '', 0, 'A50', '', ''),
(89, 91, 'HKEX', '', 0, '2021-01-20 08:54:50', '2021-04-28 03:07:31', 1, 2, '', '89', '', '0000-00-00', '0000-00-00', '2021-01-20', '', 0, 'AMC', '', ''),
(90, 92, 'HKEX', '', 0, '2021-01-20 08:55:41', '2021-04-28 03:07:31', 1, 2, '', '90', '', '0000-00-00', '0000-00-00', '2021-01-20', '', 0, 'CSA', '', ''),
(91, 93, 'HKEX', '', 0, '2021-01-20 08:57:12', '2021-04-28 03:07:31', 1, 2, '', '91', '', '0000-00-00', '0000-00-00', '2021-01-20', '', 0, 'MAN', '', ''),
(92, 94, 'HKEX', '', 0, '2021-01-20 08:58:05', '2021-04-28 03:07:31', 1, 2, '', '92', '', '0000-00-00', '0000-00-00', '2021-01-20', '', 0, 'MCN', '', ''),
(93, 95, 'HKEX', '', 0, '2021-01-20 08:58:59', '2021-04-28 03:07:31', 1, 2, '', '93', '', '0000-00-00', '0000-00-00', '2021-01-20', '', 0, 'EAN', '', ''),
(94, 96, 'HKEX', '', 0, '2021-01-20 09:01:35', '2021-04-28 03:07:31', 1, 2, '', '94', '', '0000-00-00', '0000-00-00', '2021-01-20', '', 0, 'MIN', '', ''),
(95, 97, 'HKEX', '', 0, '2021-01-20 09:02:35', '2021-04-28 03:07:31', 1, 2, '', '95', '', '0000-00-00', '0000-00-00', '2021-01-20', '', 0, 'MDN', '', ''),
(96, 98, 'HKEX', '', 0, '2021-01-20 09:03:40', '2021-04-28 03:07:31', 1, 2, '', '96', '', '0000-00-00', '0000-00-00', '2021-01-20', '', 0, 'MJU', '', ''),
(97, 99, 'HKEX', '', 0, '2021-01-20 09:04:37', '2021-04-28 03:07:31', 1, 2, '', '97', '', '0000-00-00', '0000-00-00', '2021-01-20', '', 0, 'MMN', '', ''),
(98, 100, 'HKEX', '', 0, '2021-01-20 09:07:23', '2021-04-28 03:07:31', 1, 2, '', '98', '', '0000-00-00', '0000-00-00', '2021-01-20', '', 0, 'MTW', '', ''),
(99, 101, 'HKEX', '', 0, '2021-01-20 09:08:41', '2021-04-28 03:07:31', 1, 2, '', '99', '', '0000-00-00', '0000-00-00', '2021-01-20', '', 0, 'MWN', '', ''),
(100, 102, 'HKEX', '', 0, '2021-01-20 09:09:51', '2021-04-28 03:07:31', 1, 2, '', '100', '', '0000-00-00', '0000-00-00', '2021-01-20', '', 0, 'MTN', '', ''),
(101, 103, 'HKEX', '', 0, '2021-01-20 09:11:07', '2021-07-13 03:50:12', 1, 2, '', '101', '', '0000-00-00', '0000-00-00', '2021-01-20', '', 0, 'MEI', '', ''),
(102, 104, 'HKEX', '', 0, '2021-01-20 09:12:11', '2021-04-28 03:07:31', 1, 2, '', '102', '', '0000-00-00', '0000-00-00', '2021-01-20', '', 0, 'EMN', '', ''),
(103, 105, 'HKEX', '', 0, '2021-01-20 09:13:34', '2022-02-18 01:25:31', 1, 2, '', '103', '', '0000-00-00', '0000-00-00', '2021-01-20', '', 0, 'MHK', '', ''),
(104, 106, 'HKEX', '', 0, '2021-01-20 09:14:41', '2021-07-13 03:50:48', 1, 2, '', '104', '', '0000-00-00', '0000-00-00', '2021-01-20', '', 0, 'MIA', '', ''),
(105, 107, 'HKEX', '', 0, '2021-01-20 09:16:59', '2021-04-28 03:07:31', 1, 2, '', '105', '', '0000-00-00', '0000-00-00', '2021-01-20', '', 0, 'MPN', '', ''),
(106, 108, 'HKEX', '', 0, '2021-01-20 09:18:11', '2021-04-28 03:07:31', 1, 2, '', '106', '', '0000-00-00', '0000-00-00', '2021-01-20', '', 0, 'MSN', '', ''),
(107, 109, 'HKEX', '', 0, '2021-01-20 09:19:12', '2021-04-28 03:07:31', 1, 2, '', '107', '', '0000-00-00', '0000-00-00', '2021-01-20', '', 0, 'MVN', '', ''),
(108, 110, 'HKEX', '', 0, '2021-01-20 09:20:16', '2022-02-18 01:34:46', 1, 2, '', '108', '', '0000-00-00', '0000-00-00', '2021-01-20', '', 0, 'MCF', '', ''),
(109, 111, 'HKEX', '', 0, '2021-01-20 09:21:19', '2021-07-13 03:51:19', 1, 2, '', '109', '', '0000-00-00', '0000-00-00', '2021-01-20', '', 0, 'MDI', '', ''),
(110, 112, 'HKEX', '', 0, '2021-01-20 09:22:38', '2021-07-13 03:52:06', 1, 2, '', '110', '', '0000-00-00', '0000-00-00', '2021-01-20', '', 0, 'MMA', '', ''),
(111, 113, 'HKEX', '', 0, '2021-01-20 09:24:29', '2021-04-28 03:07:31', 1, 2, '', '111', '', '0000-00-00', '0000-00-00', '2021-01-20', '', 0, 'MNZ', '', ''),
(112, 114, 'HKEX', '', 0, '2021-01-20 09:26:03', '2021-07-13 03:52:30', 1, 2, '', '112', '', '0000-00-00', '0000-00-00', '2021-01-20', '', 0, 'MPS', '', ''),
(113, 115, 'HKEX', '', 0, '2021-01-20 09:27:02', '2021-04-28 03:07:31', 1, 2, '', '113', '', '0000-00-00', '0000-00-00', '2021-01-20', '', 0, 'MGN', '', ''),
(114, 116, 'HKEX', '', 0, '2021-01-20 09:29:31', '2021-07-13 03:54:14', 1, 2, '', '114', '', '0000-00-00', '0000-00-00', '2021-01-20', '', 0, 'MTD', '', ''),
(115, 117, 'HKEX', '', 0, '2021-01-20 09:30:28', '2021-07-13 03:54:52', 1, 2, '', '115', '', '0000-00-00', '0000-00-00', '2021-01-20', '', 0, 'MVI', '', ''),
(116, 118, 'HKEX', '', 0, '2021-01-20 09:32:24', '2021-04-28 03:07:31', 1, 2, '', '116', '', '0000-00-00', '0000-00-00', '2021-01-20', '', 0, 'MXC', '', ''),
(117, 119, 'HKEX', '', 0, '2021-01-20 09:34:15', '2021-04-28 03:07:31', 1, 2, '', '117', '', '0000-00-00', '0000-00-00', '2021-01-20', '', 0, 'MXK', '', ''),
(118, 120, 'HKEX', '', 0, '2021-01-20 09:39:46', '2021-04-28 03:07:31', 1, 2, '', '118', '', '0000-00-00', '0000-00-00', '2021-01-20', '', 0, 'MAC', '', ''),
(119, 121, 'HKEX', '', 0, '2021-01-20 09:41:04', '2021-04-28 03:07:31', 1, 2, '', '119', '', '0000-00-00', '0000-00-00', '2021-01-20', '', 0, 'MAK', '', ''),
(120, 122, 'HKEX', '', 0, '2021-01-20 09:42:01', '2021-04-28 03:07:31', 1, 2, '', '120', '', '0000-00-00', '0000-00-00', '2021-01-20', '', 0, 'MEE', '', ''),
(121, 123, 'HKEX', '', 0, '2021-01-20 09:42:55', '2021-04-28 03:07:31', 1, 2, '', '121', '', '0000-00-00', '0000-00-00', '2021-01-20', '', 0, 'MEL', '', ''),
(122, 124, 'HKEX', '', 0, '2021-01-20 09:44:01', '2021-04-28 03:07:31', 1, 2, '', '122', '', '0000-00-00', '0000-00-00', '2021-01-20', '', 0, 'MPC', '', ''),
(123, 125, 'HKEX', '', 0, '2021-01-20 09:45:17', '2021-04-28 03:07:31', 1, 2, '', '123', '', '0000-00-00', '0000-00-00', '2021-01-20', '', 0, 'MPJ', '', ''),
(124, 127, 'LME', '', 0, '2021-01-20 09:55:07', '2021-10-19 07:53:51', 1, 2, '', '124', '', '0000-00-00', '0000-00-00', '2021-01-20', '', 0, 'AH', '', ''),
(125, 128, 'LME', '', 0, '2021-01-20 09:56:05', '2021-10-19 07:53:51', 1, 2, '', '125', '', '0000-00-00', '0000-00-00', '2021-01-20', '', 0, 'CA', '', ''),
(126, 129, 'LME', '', 0, '2021-01-20 09:57:00', '2021-10-19 07:53:51', 1, 2, '', '126', '', '0000-00-00', '0000-00-00', '2021-01-20', '', 0, 'NI', '', ''),
(127, 130, 'LME', '', 0, '2021-01-20 09:58:01', '2021-10-19 07:53:51', 1, 2, '', '127', '', '0000-00-00', '0000-00-00', '2021-01-20', '', 0, 'PB', '', ''),
(128, 131, 'LME', '', 0, '2021-01-20 09:58:51', '2021-10-19 07:53:51', 1, 2, '', '128', '', '0000-00-00', '0000-00-00', '2021-01-20', '', 0, 'SN', '', ''),
(129, 132, 'LME', '', 0, '2021-01-20 09:59:55', '2021-10-19 07:53:51', 1, 2, '', '129', '', '0000-00-00', '0000-00-00', '2021-01-20', '', 0, 'ZS', '', ''),
(130, 133, 'SGX', '', 0, '2021-01-20 10:00:56', '2021-10-19 07:53:51', 1, 2, '', '130', '', '0000-00-00', '0000-00-00', '2021-01-20', '', 0, 'CN', '', ''),
(131, 134, 'SGX', '', 0, '2021-01-20 10:02:06', '2021-10-19 07:53:51', 1, 2, '', '131', '', '0000-00-00', '0000-00-00', '2021-01-20', '', 0, 'NK', '', ''),
(132, 135, 'SGX', '', 0, '2021-01-20 10:04:05', '2021-10-19 07:53:51', 1, 2, '', '132', '', '0000-00-00', '0000-00-00', '2021-01-20', '', 0, 'SG', '', ''),
(133, 136, 'SGX', '', 0, '2021-01-20 10:05:21', '2021-10-19 07:53:51', 1, 2, '', '133', '', '0000-00-00', '0000-00-00', '2021-01-20', '', 0, 'FCH', '', ''),
(134, 137, 'SGX', '', 0, '2021-01-20 10:06:19', '2021-10-19 07:53:51', 1, 2, '', '134', '', '0000-00-00', '0000-00-00', '2021-01-20', '', 0, 'UC', '', ''),
(135, 138, 'SGX', '', 0, '2021-01-20 10:07:19', '2021-10-19 07:53:51', 1, 2, '', '135', '', '0000-00-00', '0000-00-00', '2021-01-20', '', 0, 'FE', '', ''),
(136, 139, 'SGX', '', 0, '2021-01-20 10:08:31', '2021-10-19 07:53:51', 1, 2, '', '136', '', '0000-00-00', '0000-00-00', '2021-01-20', '', 0, 'IN', '', ''),
(137, 138, 'SGX', '', 2, '2021-01-21 02:14:19', '2021-03-31 03:42:03', 1, 1, '', '137', '', '0000-00-00', '0000-00-00', '2021-01-21', '', 0, 'NCH', '', ''),
(138, 140, 'SGX', '', 0, '2021-01-21 02:15:46', '2021-10-19 07:53:51', 1, 2, '', '138', '', '0000-00-00', '0000-00-00', '2021-01-21', '', 0, 'TF', '', ''),
(139, 141, 'EUREX', '', 0, '2021-01-21 02:16:52', '2021-10-19 07:53:51', 1, 2, '', '139', '', '0000-00-00', '0000-00-00', '2021-01-21', '', 0, 'DAX', '', ''),
(140, 142, 'EUREX', '', 0, '2021-01-21 02:17:42', '2021-10-19 07:53:51', 1, 2, '', '140', '', '0000-00-00', '0000-00-00', '2021-01-21', '', 0, 'DXM', '', ''),
(141, 143, 'EUREX', '', 0, '2021-01-21 02:43:45', '2021-10-19 07:53:51', 1, 2, '', '141', '', '0000-00-00', '0000-00-00', '2021-01-21', '', 0, 'ESX', '', ''),
(142, 144, 'EUREX', '', 0, '2021-01-21 02:45:06', '2021-10-19 07:53:51', 1, 2, '', '142', '', '0000-00-00', '0000-00-00', '2021-01-21', '', 0, 'SMI', '', ''),
(143, 145, 'EUREX', '', 0, '2021-01-21 02:46:18', '2021-10-19 07:53:51', 1, 2, '', '143', '', '0000-00-00', '0000-00-00', '2021-01-21', '', 0, 'VS', '', ''),
(144, 146, 'EUREX', '', 0, '2021-01-21 02:52:53', '2021-10-19 07:53:51', 1, 2, '', '144', '', '0000-00-00', '0000-00-00', '2021-01-21', '', 0, 'GBL', '', ''),
(145, 147, 'EUREX', '', 0, '2021-01-21 02:55:48', '2021-10-19 07:53:51', 1, 2, '', '145', '', '0000-00-00', '0000-00-00', '2021-01-21', '', 0, 'GBM', '', ''),
(146, 148, 'EUREX', '', 0, '2021-01-21 02:58:24', '2021-10-19 07:53:51', 1, 2, '', '146', '', '0000-00-00', '0000-00-00', '2021-01-21', '', 0, 'GBS', '', ''),
(147, 149, 'EUREX', '', 0, '2021-01-21 02:59:41', '2021-10-19 07:53:51', 1, 2, '', '147', '', '0000-00-00', '0000-00-00', '2021-01-21', '', 0, 'GBX', '', ''),
(148, 150, 'EUREX', '', 0, '2021-01-21 03:26:08', '2021-10-19 07:53:51', 1, 2, '', '148', '', '0000-00-00', '0000-00-00', '2021-01-21', '', 0, 'OAT', '', ''),
(149, 151, 'EUREX', '', 0, '2021-01-21 06:58:44', '2021-10-19 07:53:51', 2, 2, '', '149', '', '0000-00-00', '0000-00-00', '2021-01-21', '', 0, 'BTP', '', ''),
(150, 152, 'EUREX', '', 0, '2021-01-21 06:59:39', '2021-10-19 07:53:51', 2, 2, '', '150', '', '0000-00-00', '0000-00-00', '2021-01-21', '', 0, 'BON', '', ''),
(151, 153, 'EUREX', '', 0, '2021-01-21 07:01:52', '2021-10-19 07:53:51', 2, 2, '', '151', '', '0000-00-00', '0000-00-00', '2021-01-21', '', 0, 'BTS', '', ''),
(152, 154, 'ICUS', '', 0, '2021-01-21 07:05:26', '2021-10-19 07:53:51', 2, 2, '', '152', '', '0000-00-00', '0000-00-00', '2021-01-21', '', 0, 'DX', '', ''),
(153, 155, 'ICUS', '', 0, '2021-01-21 07:08:59', '2021-10-19 07:53:51', 2, 2, '', '153', '', '0000-00-00', '0000-00-00', '2021-01-21', '', 0, 'CC', '', ''),
(154, 156, 'ICUS', '', 0, '2021-01-21 07:09:57', '2021-10-19 07:53:51', 2, 2, '', '154', '', '0000-00-00', '0000-00-00', '2021-01-21', '', 0, 'CT', '', ''),
(155, 157, 'ICUS', '', 0, '2021-01-21 07:10:52', '2021-10-19 07:53:51', 2, 2, '', '155', '', '0000-00-00', '0000-00-00', '2021-01-21', '', 0, 'KC', '', ''),
(156, 158, 'ICUS', '', 0, '2021-01-21 07:11:59', '2021-10-19 07:53:51', 2, 2, '', '156', '', '0000-00-00', '0000-00-00', '2021-01-21', '', 0, 'OJ', '', ''),
(157, 159, 'ICUS', '', 0, '2021-01-21 07:12:52', '2021-10-19 07:53:51', 2, 2, '', '157', '', '0000-00-00', '0000-00-00', '2021-01-21', '', 0, 'SB', '', ''),
(158, 160, 'ICE_SG', '', 0, '2021-01-21 07:13:50', '2021-10-19 07:53:51', 2, 2, '', '158', '', '0000-00-00', '0000-00-00', '2021-01-21', '', 0, 'BM', '', ''),
(159, 161, 'ICE_SG', '', 0, '2021-01-21 07:14:39', '2021-10-19 07:53:51', 2, 2, '', '159', '', '0000-00-00', '0000-00-00', '2021-01-21', '', 0, 'SDX', '', ''),
(160, 162, 'ICEU', '', 0, '2021-01-21 07:15:36', '2021-10-19 07:53:51', 2, 2, '', '160', '', '0000-00-00', '0000-00-00', '2021-01-21', '', 0, 'B', '', ''),
(161, 163, 'ICEU', '', 0, '2021-01-21 07:16:30', '2021-10-19 07:53:51', 2, 2, '', '161', '', '0000-00-00', '0000-00-00', '2021-01-21', '', 0, 'G', '', ''),
(162, 164, 'ICEU', '', 0, '2021-01-21 07:17:37', '2021-10-19 07:53:51', 2, 2, '', '162', '', '0000-00-00', '0000-00-00', '2021-01-21', '', 0, 'T', '', ''),
(163, 165, 'ICEU', '', 0, '2021-01-21 07:18:46', '2021-10-19 07:53:51', 2, 2, '', '163', '', '0000-00-00', '0000-00-00', '2021-01-21', '', 0, 'Z', '', ''),
(164, 166, 'ICEU', '', 0, '2021-01-21 07:19:44', '2021-10-19 07:53:51', 2, 2, '', '164', '', '0000-00-00', '0000-00-00', '2021-01-21', '', 0, 'W', '', ''),
(165, 167, 'ICEU', '', 0, '2021-01-21 07:21:18', '2021-10-19 07:53:51', 2, 2, '', '165', '', '0000-00-00', '0000-00-00', '2021-01-21', '', 0, 'C', '', ''),
(166, 168, 'ICEU', '', 0, '2021-01-21 07:22:14', '2021-10-19 07:53:51', 2, 2, '', '166', '', '0000-00-00', '0000-00-00', '2021-01-21', '', 0, 'RC', '', ''),
(167, 169, 'BMD', '', 0, '2021-01-21 07:23:06', '2021-10-19 07:53:51', 2, 2, '', '167', '', '0000-00-00', '0000-00-00', '2021-01-21', '', 0, 'CPO', '', ''),
(168, 170, 'CBOE', '', 0, '2021-01-21 07:24:04', '2021-10-19 07:53:51', 2, 2, '', '168', '', '0000-00-00', '0000-00-00', '2021-01-21', '', 0, 'VX', '', ''),
(169, 171, 'APEX', '', 0, '2021-01-21 07:25:13', '2021-10-19 07:53:51', 2, 2, '', '169', '', '0000-00-00', '0000-00-00', '2021-01-21', '', 0, 'PF', '', ''),
(170, 172, 'APEX', '', 0, '2021-01-21 07:26:41', '2021-10-19 07:53:51', 2, 2, '', '170', '', '0000-00-00', '0000-00-00', '2021-01-21', '', 0, 'UC', '', ''),
(171, 173, 'TOCOM', '', 0, '2021-01-21 07:28:19', '2021-10-19 07:53:51', 2, 2, '', '171', '', '0000-00-00', '0000-00-00', '2021-01-21', '', 0, 'JCO', '', ''),
(172, 174, 'OSE', '', 0, '2021-01-21 07:34:29', '2021-10-19 07:53:51', 2, 2, '', '172', '', '0000-00-00', '0000-00-00', '2021-01-21', '', 0, 'JAU', '', ''),
(173, 175, 'OSE', '', 0, '2021-01-21 07:37:52', '2021-10-19 07:53:51', 2, 2, '', '173', '', '0000-00-00', '0000-00-00', '2021-01-21', '', 0, 'JRU', '', ''),
(174, 176, 'OSE', '', 0, '2021-01-21 07:39:07', '2021-10-19 07:53:51', 2, 2, '', '174', '', '0000-00-00', '0000-00-00', '2021-01-21', '', 0, 'NK225', '', ''),
(175, 177, 'OSE', '', 0, '2021-01-21 07:42:24', '2021-10-19 07:53:51', 2, 2, '', '175', '', '0000-00-00', '0000-00-00', '2021-01-21', '', 0, 'NK225M', '', ''),
(176, 178, 'OSE', '', 0, '2021-01-21 07:43:28', '2021-10-19 07:53:51', 2, 2, '', '176', '', '0000-00-00', '0000-00-00', '2021-01-21', '', 0, 'JGBL', '', ''),
(177, 179, 'OSE', '', 0, '2021-01-21 07:44:34', '2021-10-19 07:53:51', 2, 2, '', '177', '', '0000-00-00', '0000-00-00', '2021-01-21', '', 0, 'TOPIX', '', ''),
(178, 180, 'DCE', '', 0, '2021-01-21 07:45:38', '2021-10-19 07:53:51', 2, 2, '', '178', '', '0000-00-00', '0000-00-00', '2021-01-21', '', 0, 'I', '', ''),
(179, 181, 'ZCE', '', 0, '2021-01-21 07:46:36', '2021-10-19 07:53:51', 2, 2, '', '179', '', '0000-00-00', '0000-00-00', '2021-01-21', '', 0, 'TA', '', ''),
(180, 186, 'HKEX', '', 0, '2021-01-21 07:48:08', '2021-10-19 07:53:51', 2, 2, '', '180', '', '0000-00-00', '0000-00-00', '2021-01-21', '', 0, 'HSI', '', ''),
(181, 187, 'HKEX', '', 0, '2021-01-21 07:49:21', '2021-10-19 07:53:51', 2, 2, '', '181', '', '0000-00-00', '0000-00-00', '2021-01-21', '', 0, 'HHI', '', ''),
(182, 188, 'HKEX', '', 0, '2021-01-21 07:50:23', '2021-10-19 07:53:51', 2, 2, '', '182', '', '0000-00-00', '0000-00-00', '2021-01-21', '', 0, 'MHI', '', ''),
(183, 189, 'HKEX', '', 0, '2021-01-21 07:51:28', '2021-10-19 07:53:51', 2, 2, '', '183', '', '0000-00-00', '0000-00-00', '2021-01-21', '', 0, 'MCH', '', ''),
(184, 193, 'HKEX', '', 0, '2021-01-21 07:52:45', '2021-10-19 07:53:51', 2, 2, '', '184', '', '0000-00-00', '0000-00-00', '2021-01-21', '', 0, 'CUS', '', ''),
(185, 194, 'NYMEX', '', 0, '2021-01-21 07:53:59', '2021-10-19 07:53:51', 2, 2, '', '185', '', '0000-00-00', '0000-00-00', '2021-01-21', '', 0, 'CL', '', ''),
(186, 195, 'COMEX', '', 0, '2021-01-21 07:55:43', '2021-10-19 07:53:51', 2, 2, '', '186', '', '0000-00-00', '0000-00-00', '2021-01-21', '', 0, 'GC', '', ''),
(187, 197, 'CME', '', 0, '2021-01-21 07:56:49', '2022-03-09 02:15:02', 2, 2, '', '187', '', '0000-00-00', '0000-00-00', '2021-01-21', '', 0, 'ES', '', ''),
(188, 198, 'CME', '', 0, '2021-01-21 07:58:04', '2022-03-09 02:15:02', 2, 2, '', '188', '', '0000-00-00', '0000-00-00', '2021-01-21', '', 0, 'EW', '', ''),
(189, 200, 'CME', '', 0, '2021-01-21 08:00:19', '2022-03-09 02:36:57', 2, 2, '', '189', '', '0000-00-00', '0000-00-00', '2021-01-21', '', 0, 'NQ', '', ''),
(190, 205, 'CME', '', 0, '2021-01-21 08:01:35', '2022-03-09 02:58:54', 2, 2, '', '190', '', '0000-00-00', '0000-00-00', '2021-01-21', '', 0, 'JY', '', ''),
(191, 206, 'CME', '', 0, '2021-01-21 08:03:12', '2022-03-09 02:58:54', 2, 2, '', '191', '', '0000-00-00', '0000-00-00', '2021-01-21', '', 0, 'EC', '', ''),
(192, 207, 'CBOT', '', 0, '2021-01-21 08:09:06', '2022-03-09 02:58:54', 2, 2, '', '192', '', '0000-00-00', '0000-00-00', '2021-01-21', '', 0, 'S', '', ''),
(193, 208, 'CBOT', '', 0, '2021-01-21 08:10:03', '2022-03-09 02:58:54', 2, 2, '', '193', '', '0000-00-00', '0000-00-00', '2021-01-21', '', 0, 'C', '', ''),
(194, 209, 'CBOT', '', 0, '2021-01-21 08:11:56', '2022-03-09 02:58:54', 2, 2, '', '194', '', '0000-00-00', '0000-00-00', '2021-01-21', '', 0, 'W', '', ''),
(195, 210, 'CBOT', '', 0, '2021-01-21 08:12:51', '2022-03-09 02:58:54', 2, 2, '', '195', '', '0000-00-00', '0000-00-00', '2021-01-21', '', 0, 'ZM', '', ''),
(196, 211, 'CBOT', '', 0, '2021-01-21 08:14:05', '2022-03-09 02:58:54', 2, 2, '', '196', '', '0000-00-00', '0000-00-00', '2021-01-21', '', 0, 'ZN', '', ''),
(197, 213, 'CBOT', '', 0, '2021-01-21 08:15:18', '2022-03-09 03:38:01', 2, 2, '', '197', '', '0000-00-00', '0000-00-00', '2021-01-21', '', 0, 'ZT', '', ''),
(198, 215, 'ICEU', '', 0, '2021-01-21 08:16:34', '2022-03-09 03:38:01', 2, 2, '', '198', '', '0000-00-00', '0000-00-00', '2021-01-21', '', 0, 'B', '', ''),
(199, 46, 'NYMEX', '', 0, '2021-02-03 09:17:16', '2021-02-03 09:17:16', 2, 2, '', '199', '', '0000-00-00', '0000-00-00', '2021-02-03', '', 0, 'PL', '', ''),
(200, 192, 'HKEX', '', 0, '2021-02-03 13:20:40', '2021-10-19 07:53:51', 2, 2, '', '200', '', '0000-00-00', '0000-00-00', '2021-02-03', '', 0, 'HTI', '', ''),
(201, 190, 'HKEX', '', 0, '2021-03-04 01:52:39', '2021-10-19 07:53:51', 2, 2, '', '201', '', '0000-00-00', '0000-00-00', '2021-03-04', '', 0, 'HSI', '', ''),
(202, 191, 'HKEX', '', 0, '2021-03-04 02:01:31', '2021-10-19 07:53:51', 2, 2, '', '202', '', '0000-00-00', '0000-00-00', '2021-03-04', '', 0, 'HHI', '', ''),
(203, 202, 'CME 期权', '', 1, '2021-03-04 02:05:21', '2022-03-09 02:43:28', 2, 2, '', '203', '', '0000-00-00', '0000-00-00', '2021-03-04', '', 0, 'ESW1,ESW2, ESW3,ESW4', '', ''),
(204, 204, 'CME 期权', '', 1, '2021-03-04 02:08:40', '2022-03-09 02:58:54', 2, 2, '', '204', '', '0000-00-00', '0000-00-00', '2021-03-04', '', 0, 'QNW1,QNW2, QNW3,QNW4', '', ''),
(205, 52, 'HKEX', '', 0, '2021-04-28 03:07:31', '2021-04-28 03:07:31', 2, 2, '', '205', '', '0000-00-00', '0000-00-00', '2021-04-28', '', 0, 'MCS', '', ''),
(206, 214, 'SGX', '', 0, '2021-04-28 03:21:37', '2022-03-09 03:38:01', 2, 2, '', '206', '', '0000-00-00', '0000-00-00', '2021-04-28', '', 0, 'FCH', '', ''),
(207, 182, 'INE', '', 0, '2021-05-21 08:50:28', '2021-10-19 07:53:51', 2, 2, '', '207', '', '0000-00-00', '0000-00-00', '2021-05-21', '', 0, 'SC', '', ''),
(208, 183, 'INE', '', 0, '2021-05-21 08:55:30', '2021-10-19 07:53:51', 2, 2, '', '208', '', '0000-00-00', '0000-00-00', '2021-05-21', '', 0, 'NR', '', ''),
(209, 184, 'INE', '', 0, '2021-05-21 08:59:10', '2021-10-19 07:53:51', 2, 2, '', '209', '', '0000-00-00', '0000-00-00', '2021-05-21', '', 0, 'LU', '', ''),
(210, 185, 'INE', '', 0, '2021-05-21 09:01:37', '2021-10-19 07:53:51', 2, 2, '', '210', '', '0000-00-00', '0000-00-00', '2021-05-21', '', 0, 'BC', '', ''),
(211, 126, 'HKEX', '', 0, '2021-10-19 07:53:51', '2021-10-19 07:53:51', 2, 2, '', '211', '', '0000-00-00', '0000-00-00', '2021-10-19', '', 0, 'MCA', '', ''),
(212, 196, 'COMEX', '', 0, '2022-03-09 02:15:02', '2022-03-09 02:15:02', 2, 2, '', '212', '', '0000-00-00', '0000-00-00', '2022-03-09', '', 0, 'SI', '', ''),
(213, 199, 'CME', '', 0, '2022-03-09 02:36:57', '2022-03-09 02:36:57', 2, 2, '', '213', '', '0000-00-00', '0000-00-00', '2022-03-09', '', 0, 'MES', '', ''),
(214, 201, 'CME', '', 0, '2022-03-09 02:43:28', '2022-03-09 02:43:28', 2, 2, '', '214', '', '0000-00-00', '0000-00-00', '2022-03-09', '', 0, 'MNQ', '', ''),
(215, 203, 'CME', '', 0, '2022-03-09 02:58:54', '2022-03-09 02:58:54', 2, 2, '', '215', '', '0000-00-00', '0000-00-00', '2022-03-09', '', 0, 'AD', '', ''),
(216, 212, 'CBOT', '', 0, '2022-03-09 03:38:01', '2022-03-09 03:38:01', 2, 2, '', '216', '', '0000-00-00', '0000-00-00', '2022-03-09', '', 0, 'ZF', '', ''),
(217, 216, 'ICUS', '', 0, '2022-03-09 03:41:18', '2022-03-09 03:41:18', 2, 2, '', '217', '', '0000-00-00', '0000-00-00', '2022-03-09', '', 0, 'CT', '', ''),
(218, 217, 'ICUS', '', 0, '2022-03-09 03:44:11', '2022-03-09 03:44:11', 2, 2, '', '218', '', '0000-00-00', '0000-00-00', '2022-03-09', '', 0, 'SB', '', '');

-- --------------------------------------------------------

--
-- 資料表結構 `tb_huatai_trading2`
--

CREATE TABLE IF NOT EXISTS `tb_huatai_trading2` (
  `id` bigint(20) unsigned NOT NULL,
  `sort_order` int(11) NOT NULL DEFAULT '0',
  `code` text CHARACTER SET utf8 COLLATE utf8_unicode_ci NOT NULL,
  `remark` text CHARACTER SET utf8 COLLATE utf8_unicode_ci NOT NULL,
  `disabled` tinyint(1) NOT NULL DEFAULT '0',
  `create_date` timestamp NOT NULL DEFAULT '0000-00-00 00:00:00',
  `last_update_date` timestamp NOT NULL DEFAULT CURRENT_TIMESTAMP ON UPDATE CURRENT_TIMESTAMP,
  `create_by` bigint(20) NOT NULL DEFAULT '0',
  `last_update_by` bigint(20) NOT NULL DEFAULT '0',
  `url_target` text NOT NULL,
  `seo_url` text NOT NULL,
  `seo_keyword` text NOT NULL,
  `start_date` date DEFAULT '0000-00-00',
  `end_date` date DEFAULT '0000-00-00',
  `display_date` date DEFAULT '0000-00-00',
  `youtube_id` text NOT NULL,
  `highlight` int(11) NOT NULL,
  `code2` text NOT NULL,
  `currency` text NOT NULL,
  `decimal_position` text NOT NULL
) ENGINE=MyISAM AUTO_INCREMENT=190 DEFAULT CHARSET=utf8;

--
-- 資料表的匯出資料 `tb_huatai_trading2`
--

INSERT INTO `tb_huatai_trading2` (`id`, `sort_order`, `code`, `remark`, `disabled`, `create_date`, `last_update_date`, `create_by`, `last_update_by`, `url_target`, `seo_url`, `seo_keyword`, `start_date`, `end_date`, `display_date`, `youtube_id`, `highlight`, `code2`, `currency`, `decimal_position`) VALUES
(1, 1, 'CBOT', '', 0, '2021-02-03 02:33:37', '2021-02-26 09:02:32', 1, 2, '', '1', '', '0000-00-00', '0000-00-00', '2021-02-03', '', 0, 'C', '', ''),
(2, 2, 'CBOT', '', 0, '2021-02-03 02:34:07', '2021-03-24 02:44:09', 1, 2, '', '2', '', '0000-00-00', '0000-00-00', '2021-02-03', '', 0, 'O', '', ''),
(3, 3, 'CBOT', '', 0, '2021-02-03 02:34:33', '2021-02-26 09:03:08', 1, 2, '', '3', '', '0000-00-00', '0000-00-00', '2021-02-03', '', 0, 'S', '', ''),
(4, 4, 'CBOT', '', 0, '2021-02-03 02:34:57', '2021-02-26 09:03:56', 1, 2, '', '4', '', '0000-00-00', '0000-00-00', '2021-02-03', '', 0, 'W', '', ''),
(5, 5, 'CBOT', '', 0, '2021-02-04 02:31:11', '2021-02-04 02:31:11', 2, 2, '', '5', '', '0000-00-00', '0000-00-00', '2021-02-04', '', 0, 'KW', '', ''),
(6, 6, 'CBOT', '', 0, '2021-02-04 02:32:07', '2021-02-04 02:32:07', 2, 2, '', '6', '', '0000-00-00', '0000-00-00', '2021-02-04', '', 0, 'ZL', '', ''),
(7, 7, 'CBOT', '', 0, '2021-02-04 02:33:47', '2021-02-04 02:33:47', 2, 2, '', '7', '', '0000-00-00', '0000-00-00', '2021-02-04', '', 0, 'ZM', '', ''),
(8, 8, 'CBOT', '', 0, '2021-02-04 02:34:36', '2021-02-04 02:34:36', 2, 2, '', '8', '', '0000-00-00', '0000-00-00', '2021-02-04', '', 0, 'ZR', '', ''),
(9, 9, 'CBOT', '', 0, '2021-02-04 02:35:22', '2021-02-04 02:35:22', 2, 2, '', '9', '', '0000-00-00', '0000-00-00', '2021-02-04', '', 0, 'ZB', '', ''),
(10, 10, 'CBOT', '', 0, '2021-02-04 02:36:02', '2021-02-04 02:36:02', 2, 2, '', '10', '', '0000-00-00', '0000-00-00', '2021-02-04', '', 0, 'ZN', '', ''),
(11, 11, 'CBOT', '', 0, '2021-02-04 02:36:59', '2021-02-04 02:36:59', 2, 2, '', '11', '', '0000-00-00', '0000-00-00', '2021-02-04', '', 0, 'ZF', '', ''),
(12, 12, 'CBOT', '', 0, '2021-02-04 02:37:43', '2021-02-04 02:37:43', 2, 2, '', '12', '', '0000-00-00', '0000-00-00', '2021-02-04', '', 0, 'ZT', '', ''),
(13, 13, 'CBOT', '', 0, '2021-02-04 02:38:27', '2021-02-04 02:38:27', 2, 2, '', '13', '', '0000-00-00', '0000-00-00', '2021-02-04', '', 0, 'YM', '', ''),
(14, 14, 'CBOT', '', 0, '2021-02-04 02:39:15', '2021-02-04 02:39:15', 2, 2, '', '14', '', '0000-00-00', '0000-00-00', '2021-02-04', '', 0, 'MYM', '', ''),
(15, 15, 'CME', '', 0, '2021-02-04 02:41:42', '2021-02-04 02:41:42', 2, 2, '', '15', '', '0000-00-00', '0000-00-00', '2021-02-04', '', 0, 'AD', '', ''),
(16, 16, 'CME', '', 0, '2021-02-04 02:43:33', '2021-02-04 02:43:33', 2, 2, '', '16', '', '0000-00-00', '0000-00-00', '2021-02-04', '', 0, 'BP', '', ''),
(17, 17, 'CME', '', 0, '2021-02-04 02:45:05', '2021-02-04 02:45:05', 2, 2, '', '17', '', '0000-00-00', '0000-00-00', '2021-02-04', '', 0, 'CD', '', ''),
(18, 18, 'CME', '', 0, '2021-02-04 02:47:10', '2021-02-04 02:47:10', 2, 2, '', '18', '', '0000-00-00', '0000-00-00', '2021-02-04', '', 0, 'EC', '', ''),
(19, 19, 'CME', '', 0, '2021-02-04 02:52:26', '2021-02-04 02:52:26', 2, 2, '', '19', '', '0000-00-00', '0000-00-00', '2021-02-04', '', 0, 'JY', '', ''),
(20, 20, 'CME', '', 0, '2021-02-04 02:53:06', '2021-02-04 02:53:06', 2, 2, '', '20', '', '0000-00-00', '0000-00-00', '2021-02-04', '', 0, 'NE', '', ''),
(21, 21, 'CME', '', 0, '2021-02-04 02:53:56', '2021-02-04 02:53:56', 2, 2, '', '21', '', '0000-00-00', '0000-00-00', '2021-02-04', '', 0, 'SF', '', ''),
(22, 22, 'CME', '', 1, '2021-02-04 02:55:40', '2022-08-11 08:42:14', 2, 2, '', '22', '', '0000-00-00', '0000-00-00', '2021-02-04', '', 0, 'BR', '', ''),
(23, 23, 'CME', '', 1, '2021-02-04 02:56:22', '2022-08-11 08:42:32', 2, 2, '', '23', '', '0000-00-00', '0000-00-00', '2021-02-04', '', 0, 'MP', '', ''),
(24, 24, 'CME', '', 1, '2021-02-04 02:57:17', '2022-08-11 08:43:43', 2, 2, '', '24', '', '0000-00-00', '0000-00-00', '2021-02-04', '', 0, 'CNH', '', ''),
(25, 25, 'CME', '', 1, '2021-02-04 02:58:17', '2022-08-11 08:44:06', 2, 2, '', '25', '', '0000-00-00', '0000-00-00', '2021-02-04', '', 0, 'ED', '', ''),
(26, 26, 'CME', '', 0, '2021-02-04 02:58:58', '2021-02-04 02:58:58', 2, 2, '', '26', '', '0000-00-00', '0000-00-00', '2021-02-04', '', 0, 'NKD', '', ''),
(27, 27, 'CME', '', 1, '2021-02-04 02:59:43', '2022-08-11 08:46:08', 2, 2, '', '27', '', '0000-00-00', '0000-00-00', '2021-02-04', '', 0, 'NIY', '', ''),
(28, 28, 'CME', '', 0, '2021-02-04 03:01:59', '2021-02-04 03:01:59', 2, 2, '', '28', '', '0000-00-00', '0000-00-00', '2021-02-04', '', 0, 'ES', '', ''),
(29, 29, 'CME', '', 0, '2021-02-04 03:02:39', '2021-02-04 03:02:39', 2, 2, '', '29', '', '0000-00-00', '0000-00-00', '2021-02-04', '', 0, 'NQ', '', ''),
(30, 30, 'CME', '', 0, '2021-02-04 03:03:19', '2021-02-04 03:03:19', 2, 2, '', '30', '', '0000-00-00', '0000-00-00', '2021-02-04', '', 0, 'RTY', '', ''),
(31, 31, 'CME', '', 0, '2021-02-04 03:04:05', '2021-02-04 03:04:05', 2, 2, '', '31', '', '0000-00-00', '0000-00-00', '2021-02-04', '', 0, 'MES', '', ''),
(32, 32, 'CME', '', 0, '2021-02-04 03:06:34', '2021-02-04 03:06:34', 2, 2, '', '32', '', '0000-00-00', '0000-00-00', '2021-02-04', '', 0, 'MNQ', '', ''),
(33, 33, 'CME', '', 0, '2021-02-04 03:07:18', '2021-02-04 03:07:18', 2, 2, '', '33', '', '0000-00-00', '0000-00-00', '2021-02-04', '', 0, 'M2K', '', ''),
(34, 34, 'CME', '', 0, '2021-02-04 03:08:01', '2021-02-04 03:08:01', 2, 2, '', '34', '', '0000-00-00', '0000-00-00', '2021-02-04', '', 0, 'FC', '', ''),
(35, 35, 'CME', '', 0, '2021-02-04 03:08:48', '2021-02-04 03:08:48', 2, 2, '', '35', '', '0000-00-00', '0000-00-00', '2021-02-04', '', 0, 'LC', '', ''),
(36, 36, 'CME', '', 0, '2021-02-04 03:09:26', '2021-02-04 03:09:26', 2, 2, '', '36', '', '0000-00-00', '0000-00-00', '2021-02-04', '', 0, 'LN', '', ''),
(37, 37, 'COMEX', '', 0, '2021-02-04 04:31:37', '2021-02-04 04:31:37', 2, 2, '', '37', '', '0000-00-00', '0000-00-00', '2021-02-04', '', 0, 'GC', '', ''),
(38, 38, 'COMEX', '', 0, '2021-02-04 04:32:24', '2021-02-04 04:32:24', 2, 2, '', '38', '', '0000-00-00', '0000-00-00', '2021-02-04', '', 0, 'SI', '', ''),
(39, 39, 'COMEX', '', 0, '2021-02-04 04:34:14', '2021-02-04 04:34:14', 2, 2, '', '39', '', '0000-00-00', '0000-00-00', '2021-02-04', '', 0, 'HG', '', ''),
(40, 40, 'COMEX', '', 0, '2021-02-04 04:35:35', '2021-02-04 04:35:35', 2, 2, '', '40', '', '0000-00-00', '0000-00-00', '2021-02-04', '', 0, 'QO', '', ''),
(41, 41, 'COMEX', '', 0, '2021-02-04 04:36:15', '2021-02-04 04:36:15', 2, 2, '', '41', '', '0000-00-00', '0000-00-00', '2021-02-04', '', 0, 'QI', '', ''),
(42, 43, 'NYMEX', '', 0, '2021-02-04 04:37:28', '2022-08-11 08:53:27', 2, 2, '', '42', '', '0000-00-00', '0000-00-00', '2021-02-04', '', 0, 'CL', '', ''),
(43, 44, 'NYMEX', '', 0, '2021-02-04 04:38:07', '2022-08-11 08:53:27', 2, 2, '', '43', '', '0000-00-00', '0000-00-00', '2021-02-04', '', 0, 'HO', '', ''),
(44, 45, 'NYMEX', '', 0, '2021-02-04 04:39:21', '2022-08-11 08:53:27', 2, 2, '', '44', '', '0000-00-00', '0000-00-00', '2021-02-04', '', 0, 'NG', '', ''),
(45, 46, 'NYMEX', '', 0, '2021-02-04 04:39:57', '2022-08-11 08:53:27', 2, 2, '', '45', '', '0000-00-00', '0000-00-00', '2021-02-04', '', 0, 'PA', '', ''),
(46, 47, 'NYMEX', '', 0, '2021-02-04 04:40:45', '2022-08-11 08:53:27', 2, 2, '', '46', '', '0000-00-00', '0000-00-00', '2021-02-04', '', 0, 'PL', '', ''),
(47, 48, 'NYMEX', '', 0, '2021-02-04 04:41:23', '2022-08-11 08:53:27', 2, 2, '', '47', '', '0000-00-00', '0000-00-00', '2021-02-04', '', 0, 'QG', '', ''),
(48, 49, 'NYMEX', '', 0, '2021-02-04 04:41:55', '2022-08-11 08:53:27', 2, 2, '', '48', '', '0000-00-00', '0000-00-00', '2021-02-04', '', 0, 'QM', '', ''),
(49, 51, 'NYMEX', '', 0, '2021-02-04 04:42:34', '2022-08-11 08:56:49', 2, 2, '', '49', '', '0000-00-00', '0000-00-00', '2021-02-04', '', 0, 'RB', '', ''),
(50, 52, 'NYMEX', '', 0, '2021-02-04 04:43:09', '2022-08-11 08:56:49', 2, 2, '', '50', '', '0000-00-00', '0000-00-00', '2021-02-04', '', 0, 'BZ', '', ''),
(51, 53, 'LME', '', 0, '2021-02-04 04:44:34', '2022-08-11 08:56:49', 2, 2, '', '51', '', '0000-00-00', '0000-00-00', '2021-02-04', '', 0, 'AH', '', ''),
(52, 54, 'LME', '', 0, '2021-02-04 04:45:11', '2022-08-11 08:56:49', 2, 2, '', '52', '', '0000-00-00', '0000-00-00', '2021-02-04', '', 0, 'CA', '', ''),
(53, 55, 'LME', '', 0, '2021-02-04 04:46:06', '2022-08-11 08:56:49', 2, 2, '', '53', '', '0000-00-00', '0000-00-00', '2021-02-04', '', 0, 'NI', '', ''),
(54, 56, 'LME', '', 0, '2021-02-04 04:46:39', '2022-08-11 08:56:49', 2, 2, '', '54', '', '0000-00-00', '0000-00-00', '2021-02-04', '', 0, 'PB', '', ''),
(55, 57, 'LME', '', 0, '2021-02-04 04:47:19', '2022-08-11 08:56:49', 2, 2, '', '55', '', '0000-00-00', '0000-00-00', '2021-02-04', '', 0, 'SN', '', ''),
(56, 58, 'LME', '', 0, '2021-02-04 04:52:34', '2022-08-11 08:56:49', 2, 2, '', '56', '', '0000-00-00', '0000-00-00', '2021-02-04', '', 0, 'ZS', '', ''),
(57, 59, 'EUREX', '', 0, '2021-02-04 05:59:32', '2022-08-11 08:56:49', 2, 2, '', '57', '', '0000-00-00', '0000-00-00', '2021-02-04', '', 0, 'DAX', '', ''),
(58, 60, 'EUREX', '', 0, '2021-02-04 06:00:18', '2022-08-11 08:56:49', 2, 2, '', '58', '', '0000-00-00', '0000-00-00', '2021-02-04', '', 0, 'DXM', '', ''),
(59, 61, 'EUREX', '', 0, '2021-02-04 06:01:57', '2022-08-11 08:56:49', 2, 2, '', '59', '', '0000-00-00', '0000-00-00', '2021-02-04', '', 0, 'ESX', '', ''),
(60, 62, 'EUREX', '', 1, '2021-02-04 06:02:43', '2022-08-15 03:28:40', 2, 2, '', '60', '', '0000-00-00', '0000-00-00', '2021-02-04', '', 0, 'SMI', '', ''),
(61, 63, 'EUREX', '', 1, '2021-02-04 06:03:19', '2022-08-15 03:30:17', 2, 2, '', '61', '', '0000-00-00', '0000-00-00', '2021-02-04', '', 0, 'VS', '', ''),
(62, 64, 'EUREX', '', 1, '2021-02-04 06:04:44', '2022-08-15 03:30:17', 2, 2, '', '62', '', '0000-00-00', '0000-00-00', '2021-02-04', '', 0, 'GBL', '', ''),
(63, 65, 'EUREX', '', 1, '2021-02-04 06:05:22', '2022-08-15 03:30:17', 2, 2, '', '63', '', '0000-00-00', '0000-00-00', '2021-02-04', '', 0, 'GBM', '', ''),
(64, 66, 'EUREX', '', 0, '2021-02-04 06:06:04', '2022-08-11 08:56:49', 2, 2, '', '64', '', '0000-00-00', '0000-00-00', '2021-02-04', '', 0, 'GBS', '', ''),
(65, 67, 'EUREX', '', 1, '2021-02-04 06:06:52', '2022-08-15 03:30:17', 2, 2, '', '65', '', '0000-00-00', '0000-00-00', '2021-02-04', '', 0, 'GBX', '', ''),
(66, 68, 'EUREX', '', 1, '2021-02-04 06:08:15', '2022-08-15 03:30:17', 2, 2, '', '66', '', '0000-00-00', '0000-00-00', '2021-02-04', '', 0, 'OAT', '', ''),
(67, 69, 'EUREX', '', 1, '2021-02-04 06:10:02', '2022-08-15 03:30:17', 2, 2, '', '67', '', '0000-00-00', '0000-00-00', '2021-02-04', '', 0, 'BTP', '', ''),
(68, 70, 'EUREX', '', 1, '2021-02-04 06:10:53', '2022-08-15 03:30:17', 2, 2, '', '68', '', '0000-00-00', '0000-00-00', '2021-02-04', '', 0, 'BON', '', ''),
(69, 71, 'EUREX', '', 1, '2021-02-04 06:11:37', '2022-08-15 03:30:17', 2, 2, '', '69', '', '0000-00-00', '0000-00-00', '2021-02-04', '', 0, 'BTS', '', ''),
(70, 72, 'SGX', '', 0, '2021-02-04 06:12:37', '2022-08-11 08:56:49', 2, 2, '', '70', '', '0000-00-00', '0000-00-00', '2021-02-04', '', 0, 'CN', '', ''),
(71, 73, 'SGX', '', 0, '2021-02-04 06:13:25', '2022-08-11 08:56:49', 2, 2, '', '71', '', '0000-00-00', '0000-00-00', '2021-02-04', '', 0, 'NK', '', ''),
(72, 74, 'SGX', '', 0, '2021-02-04 06:14:01', '2022-08-11 08:56:49', 2, 2, '', '72', '', '0000-00-00', '0000-00-00', '2021-02-04', '', 0, 'SG', '', ''),
(73, 73, 'SGX', '', 2, '2021-02-04 06:14:57', '2021-03-01 02:43:53', 2, 2, '', '73', '', '0000-00-00', '0000-00-00', '2021-02-04', '', 0, 'TW', '', ''),
(74, 75, 'SGX', '', 0, '2021-02-04 06:16:36', '2022-08-11 08:56:49', 2, 2, '', '74', '', '0000-00-00', '0000-00-00', '2021-02-04', '', 0, 'UC', '', ''),
(75, 77, 'SGX', '', 0, '2021-02-04 06:17:10', '2022-08-11 08:56:49', 2, 2, '', '75', '', '0000-00-00', '0000-00-00', '2021-02-04', '', 0, 'FE', '', ''),
(76, 78, 'SGX', '', 0, '2021-02-04 06:17:45', '2022-08-11 08:56:49', 2, 2, '', '76', '', '0000-00-00', '0000-00-00', '2021-02-04', '', 0, 'IN', '', ''),
(77, 77, 'SGX', '', 2, '2021-02-04 06:18:21', '2021-03-01 02:43:53', 2, 2, '', '77', '', '0000-00-00', '0000-00-00', '2021-02-04', '', 0, 'NCH', '', ''),
(78, 79, 'SGX', '', 0, '2021-02-04 06:30:13', '2022-08-11 08:56:49', 2, 2, '', '78', '', '0000-00-00', '0000-00-00', '2021-02-04', '', 0, 'TF', '', ''),
(79, 81, 'DCE', '', 0, '2021-02-04 06:31:49', '2022-08-11 08:56:49', 2, 2, '', '79', '', '0000-00-00', '0000-00-00', '2021-02-04', '', 0, 'I', '', ''),
(80, 82, 'ZCE', '', 0, '2021-02-04 06:32:29', '2022-08-11 08:56:49', 2, 2, '', '80', '', '0000-00-00', '0000-00-00', '2021-02-04', '', 0, 'TA', '', ''),
(81, 87, 'HKEX', '', 0, '2021-02-04 06:35:47', '2022-08-11 08:56:49', 2, 2, '', '81', '', '0000-00-00', '0000-00-00', '2021-02-04', '', 0, 'CUS', '', ''),
(82, 89, 'HKEX', '', 0, '2021-02-04 06:36:26', '2022-08-11 08:56:49', 2, 2, '', '82', '', '0000-00-00', '0000-00-00', '2021-02-04', '', 0, 'HTI', '', ''),
(83, 90, 'HKEX', '', 0, '2021-02-04 06:37:10', '2022-08-11 08:56:49', 2, 2, '', '83', '', '0000-00-00', '0000-00-00', '2021-02-04', '', 0, 'HHI', '', ''),
(84, 91, 'HKEX', '', 0, '2021-02-04 06:38:07', '2022-08-11 08:56:49', 2, 2, '', '84', '', '0000-00-00', '0000-00-00', '2021-02-04', '', 0, 'HSI', '', ''),
(85, 92, 'HKEX', '', 0, '2021-02-04 06:38:39', '2022-08-11 08:56:49', 2, 2, '', '85', '', '0000-00-00', '0000-00-00', '2021-02-04', '', 0, 'MCH', '', ''),
(86, 93, 'HKEX', '', 0, '2021-02-04 06:40:29', '2022-08-11 08:56:49', 2, 2, '', '86', '', '0000-00-00', '0000-00-00', '2021-02-04', '', 0, 'MHI', '', ''),
(87, 94, 'HKEX', '', 1, '2021-02-04 06:41:02', '2022-08-15 03:30:17', 2, 2, '', '87', '', '0000-00-00', '0000-00-00', '2021-02-04', '', 0, 'FEM', '', ''),
(88, 95, 'HKEX', '', 1, '2021-02-04 06:41:45', '2022-08-15 03:30:17', 2, 2, '', '88', '', '0000-00-00', '0000-00-00', '2021-02-04', '', 0, 'FEQ', '', ''),
(89, 96, 'HKEX', '', 1, '2021-02-04 06:42:37', '2022-08-15 03:30:17', 2, 2, '', '89', '', '0000-00-00', '0000-00-00', '2021-02-04', '', 0, 'CEU', '', ''),
(90, 97, 'HKEX', '', 1, '2021-02-04 06:43:19', '2022-08-15 03:30:17', 2, 2, '', '90', '', '0000-00-00', '0000-00-00', '2021-02-04', '', 0, 'CJP', '', ''),
(91, 98, 'HKEX', '', 1, '2021-02-04 06:47:51', '2022-08-15 03:30:17', 2, 2, '', '91', '', '0000-00-00', '0000-00-00', '2021-02-04', '', 0, 'CAU', '', ''),
(92, 99, 'HKEX', '', 1, '2021-02-04 06:48:27', '2022-08-15 03:30:17', 2, 2, '', '92', '', '0000-00-00', '0000-00-00', '2021-02-04', '', 0, 'UIN', '', ''),
(93, 100, 'HKEX', '', 1, '2021-02-04 06:49:59', '2022-08-15 03:30:17', 2, 2, '', '93', '', '0000-00-00', '0000-00-00', '2021-02-04', '', 0, 'CHH', '', ''),
(94, 101, 'HKEX', '', 0, '2021-02-04 06:50:41', '2022-08-11 08:56:49', 2, 2, '', '94', '', '0000-00-00', '0000-00-00', '2021-02-04', '', 0, 'CCB', '', ''),
(95, 102, 'HKEX', '', 0, '2021-02-04 06:51:50', '2022-08-11 08:56:49', 2, 2, '', '95', '', '0000-00-00', '0000-00-00', '2021-02-04', '', 0, 'CHT', '', ''),
(96, 103, 'HKEX', '', 0, '2021-02-04 07:52:52', '2022-08-11 08:56:49', 2, 2, '', '96', '', '0000-00-00', '0000-00-00', '2021-02-04', '', 0, 'HEX', '', ''),
(97, 104, 'HKEX', '', 0, '2021-02-04 07:54:42', '2022-08-11 08:56:49', 2, 2, '', '97', '', '0000-00-00', '0000-00-00', '2021-02-04', '', 0, 'HKB', '', ''),
(98, 105, 'HKEX', '', 0, '2021-02-04 07:55:20', '2022-08-11 08:56:49', 2, 2, '', '98', '', '0000-00-00', '0000-00-00', '2021-02-04', '', 0, 'ICB', '', ''),
(99, 106, 'HKEX', '', 0, '2021-02-04 07:57:07', '2022-08-11 08:56:49', 2, 2, '', '99', '', '0000-00-00', '0000-00-00', '2021-02-04', '', 0, 'PAI', '', ''),
(100, 107, 'HKEX', '', 0, '2021-02-04 07:57:46', '2022-08-11 08:56:49', 2, 2, '', '100', '', '0000-00-00', '0000-00-00', '2021-02-04', '', 0, 'TCH', '', ''),
(101, 108, 'HKEX', '', 0, '2021-02-04 08:01:01', '2022-08-11 08:56:49', 2, 2, '', '101', '', '0000-00-00', '0000-00-00', '2021-02-04', '', 0, 'MIU', '', ''),
(102, 109, 'HKEX', '', 0, '2021-02-04 08:01:36', '2022-08-11 08:56:49', 2, 2, '', '102', '', '0000-00-00', '0000-00-00', '2021-02-04', '', 0, 'MET', '', ''),
(103, 110, 'HKEX', '', 0, '2021-02-04 08:03:39', '2022-08-11 08:56:49', 2, 2, '', '103', '', '0000-00-00', '0000-00-00', '2021-02-04', '', 0, 'ALB', '', ''),
(104, 111, 'HKEX', '', 0, '2021-02-04 08:05:01', '2022-08-11 08:56:49', 2, 2, '', '104', '', '0000-00-00', '0000-00-00', '2021-02-04', '', 0, 'TWR', '', ''),
(105, 112, 'HKEX', '', 0, '2021-02-04 08:05:42', '2022-08-11 08:56:49', 2, 2, '', '105', '', '0000-00-00', '0000-00-00', '2021-02-04', '', 0, 'BUD', '', ''),
(106, 113, 'HKEX', '', 0, '2021-02-04 09:58:34', '2022-08-11 08:56:49', 2, 2, '', '106', '', '0000-00-00', '0000-00-00', '2021-02-04', '', 0, 'GWM', '', ''),
(107, 114, 'HKEX', '', 0, '2021-02-04 10:00:46', '2022-08-11 08:56:49', 2, 2, '', '107', '', '0000-00-00', '0000-00-00', '2021-02-04', '', 0, 'JDC', '', ''),
(108, 115, 'HKEX', '', 0, '2021-02-04 10:01:26', '2022-08-11 08:56:49', 2, 2, '', '108', '', '0000-00-00', '0000-00-00', '2021-02-04', '', 0, 'NTE', '', ''),
(109, 116, 'HKEX', '', 0, '2021-02-04 10:01:58', '2022-08-11 08:56:49', 2, 2, '', '109', '', '0000-00-00', '0000-00-00', '2021-02-04', '', 0, 'CPC', '', ''),
(110, 117, 'HKEX', '', 0, '2021-02-04 10:07:38', '2022-08-11 08:56:49', 2, 2, '', '110', '', '0000-00-00', '0000-00-00', '2021-02-04', '', 0, 'CTC', '', ''),
(111, 118, 'HKEX', '', 0, '2021-02-04 10:10:21', '2022-08-11 08:56:49', 2, 2, '', '111', '', '0000-00-00', '0000-00-00', '2021-02-04', '', 0, 'PEC', '', ''),
(112, 119, 'HKEX', '', 0, '2021-02-04 10:11:03', '2022-08-11 08:56:49', 2, 2, '', '112', '', '0000-00-00', '0000-00-00', '2021-02-04', '', 0, 'CNC', '', ''),
(113, 120, 'HKEX', '', 0, '2021-02-04 10:13:51', '2022-08-11 08:56:49', 2, 2, '', '113', '', '0000-00-00', '0000-00-00', '2021-02-04', '', 0, 'CCC', '', ''),
(114, 121, 'HKEX', '', 0, '2021-02-04 10:15:05', '2022-08-11 08:56:49', 2, 2, '', '114', '', '0000-00-00', '0000-00-00', '2021-02-04', '', 0, 'PIC', '', ''),
(115, 122, 'HKEX', '', 0, '2021-02-04 10:15:42', '2022-08-11 08:56:49', 2, 2, '', '115', '', '0000-00-00', '0000-00-00', '2021-02-04', '', 0, 'BOC', '', ''),
(116, 123, 'HKEX', '', 0, '2021-02-04 10:16:28', '2022-08-11 08:56:49', 2, 2, '', '116', '', '0000-00-00', '0000-00-00', '2021-02-04', '', 0, 'CLI', '', ''),
(117, 124, 'HKEX', '', 0, '2021-02-04 10:17:14', '2022-08-11 08:56:49', 2, 2, '', '117', '', '0000-00-00', '0000-00-00', '2021-02-04', '', 0, 'CMB', '', ''),
(118, 125, 'HKEX', '', 0, '2021-02-04 10:17:52', '2022-08-11 08:56:49', 2, 2, '', '118', '', '0000-00-00', '0000-00-00', '2021-02-04', '', 0, 'A50', '', ''),
(119, 126, 'HKEX', '', 0, '2021-02-04 10:18:43', '2022-08-11 08:56:49', 2, 2, '', '119', '', '0000-00-00', '0000-00-00', '2021-02-04', '', 0, 'AMC', '', ''),
(120, 127, 'HKEX', '', 0, '2021-02-04 10:19:27', '2022-08-11 08:56:49', 2, 2, '', '120', '', '0000-00-00', '0000-00-00', '2021-02-04', '', 0, 'CSA', '', ''),
(121, 128, 'HKEX', '', 1, '2021-02-04 10:20:27', '2022-08-15 03:32:19', 2, 2, '', '121', '', '0000-00-00', '0000-00-00', '2021-02-04', '', 0, 'MAN', '', ''),
(122, 129, 'HKEX', '', 1, '2021-02-04 10:22:39', '2022-08-15 03:32:19', 2, 2, '', '122', '', '0000-00-00', '0000-00-00', '2021-02-04', '', 0, 'MCN', '', ''),
(123, 130, 'HKEX', '', 1, '2021-02-04 10:23:22', '2022-08-15 03:32:19', 2, 2, '', '123', '', '0000-00-00', '0000-00-00', '2021-02-04', '', 0, 'EAN', '', ''),
(124, 131, 'HKEX', '', 1, '2021-02-04 10:24:16', '2022-08-15 03:32:19', 2, 2, '', '124', '', '0000-00-00', '0000-00-00', '2021-02-04', '', 0, 'MIN', '', ''),
(125, 132, 'HKEX', '', 1, '2021-02-04 10:25:06', '2022-08-15 03:32:19', 2, 2, '', '125', '', '0000-00-00', '0000-00-00', '2021-02-04', '', 0, 'MDN', '', ''),
(126, 133, 'HKEX', '', 1, '2021-02-04 10:25:37', '2022-08-15 03:32:19', 2, 2, '', '126', '', '0000-00-00', '0000-00-00', '2021-02-04', '', 0, 'MJU', '', ''),
(127, 134, 'HKEX', '', 1, '2021-02-04 10:26:21', '2022-08-15 03:32:19', 2, 2, '', '127', '', '0000-00-00', '0000-00-00', '2021-02-04', '', 0, 'MMN', '', ''),
(128, 135, 'HKEX', '', 0, '2021-02-04 10:27:06', '2022-08-11 08:56:49', 2, 2, '', '128', '', '0000-00-00', '0000-00-00', '2021-02-04', '', 0, 'MTW', '', ''),
(129, 136, 'HKEX', '', 1, '2021-02-04 12:30:58', '2022-08-15 03:32:19', 2, 2, '', '129', '', '0000-00-00', '0000-00-00', '2021-02-04', '', 0, 'MWN', '', ''),
(130, 137, 'HKEX', '', 1, '2021-02-04 12:31:46', '2022-08-15 03:32:19', 2, 2, '', '130', '', '0000-00-00', '0000-00-00', '2021-02-04', '', 0, 'MTN', '', ''),
(131, 138, 'HKEX', '', 1, '2021-02-04 12:32:24', '2022-08-15 03:32:19', 2, 2, '', '131', '', '0000-00-00', '0000-00-00', '2021-02-04', '', 0, 'MEI', '', ''),
(132, 139, 'HKEX', '', 1, '2021-02-04 12:33:18', '2022-08-15 03:32:19', 2, 2, '', '132', '', '0000-00-00', '0000-00-00', '2021-02-04', '', 0, 'EMN', '', ''),
(133, 140, 'HKEX', '', 1, '2021-02-04 12:34:05', '2022-08-15 03:32:19', 2, 2, '', '133', '', '0000-00-00', '0000-00-00', '2021-02-04', '', 0, 'MHN', '', ''),
(134, 141, 'HKEX', '', 1, '2021-02-04 12:35:08', '2022-08-15 03:32:19', 2, 2, '', '134', '', '0000-00-00', '0000-00-00', '2021-02-04', '', 0, 'MIA', '', ''),
(135, 142, 'HKEX', '', 1, '2021-02-04 12:35:54', '2022-08-15 03:32:19', 2, 2, '', '135', '', '0000-00-00', '0000-00-00', '2021-02-04', '', 0, 'MPN', '', ''),
(136, 143, 'HKEX', '', 1, '2021-02-04 12:36:30', '2022-08-15 03:32:19', 2, 2, '', '136', '', '0000-00-00', '0000-00-00', '2021-02-04', '', 0, 'MSN', '', ''),
(137, 144, 'HKEX', '', 1, '2021-02-04 12:37:48', '2022-08-15 03:32:19', 2, 2, '', '137', '', '0000-00-00', '0000-00-00', '2021-02-04', '', 0, 'MVN', '', ''),
(138, 145, 'HKEX', '', 1, '2021-02-04 12:38:21', '2022-08-15 03:32:19', 2, 2, '', '138', '', '0000-00-00', '0000-00-00', '2021-02-04', '', 0, 'MCF', '', ''),
(139, 146, 'HKEX', '', 1, '2021-02-04 12:39:00', '2022-08-15 03:32:19', 2, 2, '', '139', '', '0000-00-00', '0000-00-00', '2021-02-04', '', 0, 'MDI', '', ''),
(140, 147, 'HKEX', '', 1, '2021-02-04 12:39:50', '2022-08-15 03:32:19', 2, 2, '', '140', '', '0000-00-00', '0000-00-00', '2021-02-04', '', 0, 'MMA', '', ''),
(141, 148, 'HKEX', '', 1, '2021-02-04 12:40:28', '2022-08-15 03:32:19', 2, 2, '', '141', '', '0000-00-00', '0000-00-00', '2021-02-04', '', 0, 'MNZ', '', ''),
(142, 149, 'HKEX', '', 1, '2021-02-04 12:41:19', '2022-08-15 03:32:19', 2, 2, '', '142', '', '0000-00-00', '0000-00-00', '2021-02-04', '', 0, 'MPS', '', ''),
(143, 150, 'HKEX', '', 1, '2021-02-04 12:42:27', '2022-08-15 03:32:19', 2, 2, '', '143', '', '0000-00-00', '0000-00-00', '2021-02-04', '', 0, 'MGN', '', ''),
(144, 151, 'HKEX', '', 1, '2021-02-04 12:43:10', '2022-08-15 03:32:19', 2, 2, '', '144', '', '0000-00-00', '0000-00-00', '2021-02-04', '', 0, 'MTD', '', ''),
(145, 152, 'HKEX', '', 1, '2021-02-04 12:44:00', '2022-08-15 03:32:19', 2, 2, '', '145', '', '0000-00-00', '0000-00-00', '2021-02-04', '', 0, 'MVI', '', ''),
(146, 153, 'HKEX', '', 1, '2021-02-04 12:45:30', '2022-08-15 03:32:19', 2, 2, '', '146', '', '0000-00-00', '0000-00-00', '2021-02-04', '', 0, 'MXC', '', ''),
(147, 154, 'HKEX', '', 1, '2021-02-04 12:46:20', '2022-08-15 03:32:19', 2, 2, '', '147', '', '0000-00-00', '0000-00-00', '2021-02-04', '', 0, 'MXK', '', ''),
(148, 155, 'HKEX', '', 1, '2021-02-04 12:47:14', '2022-08-15 03:32:19', 2, 2, '', '148', '', '0000-00-00', '0000-00-00', '2021-02-04', '', 0, 'MAC', '', ''),
(149, 156, 'HKEX', '', 1, '2021-02-04 12:47:51', '2022-08-15 03:32:19', 2, 2, '', '149', '', '0000-00-00', '0000-00-00', '2021-02-04', '', 0, 'MAK', '', ''),
(150, 157, 'HKEX', '', 1, '2021-02-04 12:50:18', '2022-08-15 03:32:19', 2, 2, '', '150', '', '0000-00-00', '0000-00-00', '2021-02-04', '', 0, 'MEE', '', ''),
(151, 158, 'HKEX', '', 1, '2021-02-04 12:50:59', '2022-08-15 03:32:19', 2, 2, '', '151', '', '0000-00-00', '0000-00-00', '2021-02-04', '', 0, 'MEL', '', ''),
(152, 159, 'HKEX', '', 1, '2021-02-04 12:51:41', '2022-08-15 03:32:19', 2, 2, '', '152', '', '0000-00-00', '0000-00-00', '2021-02-04', '', 0, 'MPC', '', ''),
(153, 160, 'HKEX', '', 1, '2021-02-04 12:52:24', '2022-08-15 03:32:19', 2, 2, '', '153', '', '0000-00-00', '0000-00-00', '2021-02-04', '', 0, 'MPJ', '', ''),
(154, 162, 'ICUS', '', 0, '2021-02-04 12:54:47', '2022-08-11 08:56:49', 2, 2, '', '154', '', '0000-00-00', '0000-00-00', '2021-02-04', '', 0, 'DX', '', ''),
(155, 163, 'ICUS', '', 0, '2021-02-04 12:55:40', '2022-08-11 08:56:49', 2, 2, '', '155', '', '0000-00-00', '0000-00-00', '2021-02-04', '', 0, 'CC', '', ''),
(156, 164, 'ICUS', '', 0, '2021-02-04 12:56:34', '2022-08-11 08:56:49', 2, 2, '', '156', '', '0000-00-00', '0000-00-00', '2021-02-04', '', 0, 'CT', '', ''),
(157, 165, 'ICUS', '', 0, '2021-02-04 12:57:58', '2022-08-11 08:56:49', 2, 2, '', '157', '', '0000-00-00', '0000-00-00', '2021-02-04', '', 0, 'KC', '', ''),
(158, 166, 'ICUS', '', 0, '2021-02-04 12:59:15', '2022-08-11 08:56:49', 2, 2, '', '158', '', '0000-00-00', '0000-00-00', '2021-02-04', '', 0, 'OJ', '', ''),
(159, 167, 'ICUS', '', 0, '2021-02-04 12:59:52', '2022-08-11 08:56:49', 2, 2, '', '159', '', '0000-00-00', '0000-00-00', '2021-02-04', '', 0, 'SB', '', ''),
(160, 168, 'ICE_SG', '', 1, '2021-02-04 13:00:54', '2022-08-15 03:32:19', 2, 2, '', '160', '', '0000-00-00', '0000-00-00', '2021-02-04', '', 0, 'BM', '', ''),
(161, 169, 'ICE_SG', '', 1, '2021-02-04 13:01:45', '2022-08-15 03:32:19', 2, 2, '', '161', '', '0000-00-00', '0000-00-00', '2021-02-04', '', 0, 'SDX', '', ''),
(162, 170, 'ICEU', '', 0, '2021-02-04 13:02:20', '2022-08-11 08:56:49', 2, 2, '', '162', '', '0000-00-00', '0000-00-00', '2021-02-04', '', 0, 'B', '', ''),
(163, 171, 'ICEU', '', 0, '2021-02-04 13:02:52', '2022-08-11 08:56:49', 2, 2, '', '163', '', '0000-00-00', '0000-00-00', '2021-02-04', '', 0, 'G', '', ''),
(164, 172, 'ICEU', '', 0, '2021-02-04 13:03:19', '2022-08-11 08:56:49', 2, 2, '', '164', '', '0000-00-00', '0000-00-00', '2021-02-04', '', 0, 'T', '', ''),
(165, 173, 'ICEU', '', 0, '2021-02-04 13:04:26', '2022-08-11 08:56:49', 2, 2, '', '165', '', '0000-00-00', '0000-00-00', '2021-02-04', '', 0, 'Z', '', ''),
(166, 174, 'ICEU', '', 0, '2021-02-04 13:05:19', '2022-08-11 08:56:49', 2, 2, '', '166', '', '0000-00-00', '0000-00-00', '2021-02-04', '', 0, 'W', '', ''),
(167, 175, 'ICEU', '', 1, '2021-02-04 13:06:03', '2022-08-15 03:32:19', 2, 2, '', '167', '', '0000-00-00', '0000-00-00', '2021-02-04', '', 0, 'C', '', ''),
(168, 176, 'ICEU', '', 0, '2021-02-04 13:06:37', '2022-08-11 08:56:49', 2, 2, '', '168', '', '0000-00-00', '0000-00-00', '2021-02-04', '', 0, 'RC', '', ''),
(169, 177, 'BMD', '', 0, '2021-02-04 13:07:36', '2022-08-11 08:56:49', 2, 2, '', '169', '', '0000-00-00', '0000-00-00', '2021-02-04', '', 0, 'CPO', '', ''),
(170, 178, 'CBOE', '', 0, '2021-02-04 13:08:39', '2022-08-11 08:56:49', 2, 2, '', '170', '', '0000-00-00', '0000-00-00', '2021-02-04', '', 0, 'VX', '', ''),
(171, 179, 'APEX', '', 1, '2021-02-04 13:09:32', '2022-08-15 03:32:19', 2, 2, '', '171', '', '0000-00-00', '0000-00-00', '2021-02-04', '', 0, 'PF', '', ''),
(172, 180, 'APEX', '', 1, '2021-02-04 13:09:58', '2022-08-15 03:32:19', 2, 2, '', '172', '', '0000-00-00', '0000-00-00', '2021-02-04', '', 0, 'UC', '', ''),
(173, 181, 'TOCOM', '', 1, '2021-02-04 13:10:34', '2022-08-15 03:32:19', 2, 2, '', '173', '', '0000-00-00', '0000-00-00', '2021-02-04', '', 0, 'JCO', '', ''),
(174, 182, 'OSE', '', 1, '2021-02-04 13:11:21', '2022-08-15 03:32:19', 2, 2, '', '174', '', '0000-00-00', '0000-00-00', '2021-02-04', '', 0, 'JAU', '', ''),
(175, 183, 'OSE', '', 0, '2021-02-04 13:12:03', '2022-08-11 08:56:49', 2, 2, '', '175', '', '0000-00-00', '0000-00-00', '2021-02-04', '', 0, 'JRU', '', ''),
(176, 184, 'OSE', '', 1, '2021-02-04 13:12:37', '2022-08-15 03:32:19', 2, 2, '', '176', '', '0000-00-00', '0000-00-00', '2021-02-04', '', 0, 'NK225', '', ''),
(177, 185, 'OSE', '', 1, '2021-02-04 13:13:09', '2022-08-15 03:32:19', 2, 2, '', '177', '', '0000-00-00', '0000-00-00', '2021-02-04', '', 0, 'NK225M', '', ''),
(178, 186, 'OSE', '', 1, '2021-02-04 13:13:55', '2022-08-15 03:32:19', 2, 2, '', '178', '', '0000-00-00', '0000-00-00', '2021-02-04', '', 0, 'JGBL', '', ''),
(179, 187, 'OSE', '', 1, '2021-02-04 13:14:31', '2022-08-15 03:32:19', 2, 2, '', '179', '', '0000-00-00', '0000-00-00', '2021-02-04', '', 0, 'TOPIX', '', ''),
(180, 80, 'SGX', '', 0, '2021-04-07 08:17:40', '2022-08-11 08:56:49', 2, 2, '', '180', '', '0000-00-00', '0000-00-00', '2021-04-07', '', 0, 'FCH', '', ''),
(181, 88, 'HKEX', '', 0, '2021-04-28 05:21:32', '2022-08-11 08:56:49', 2, 2, '', '181', '', '0000-00-00', '0000-00-00', '2021-04-28', '', 0, 'MCS', '', ''),
(182, 76, 'SGX', '', 0, '2021-08-03 06:58:09', '2022-08-11 08:56:49', 2, 2, '', '182', '', '0000-00-00', '0000-00-00', '2021-08-03', '', 0, 'MUC', '', ''),
(183, 83, 'INE', '', 0, '2021-08-03 07:00:39', '2022-08-11 08:56:49', 2, 2, '', '183', '', '0000-00-00', '0000-00-00', '2021-08-03', '', 0, 'SC', '', ''),
(184, 84, 'INE', '', 0, '2021-08-03 07:01:40', '2022-08-11 08:56:49', 2, 2, '', '184', '', '0000-00-00', '0000-00-00', '2021-08-03', '', 0, 'NR', '', ''),
(185, 85, 'INE', '', 0, '2021-08-03 07:02:44', '2022-08-11 08:56:49', 2, 2, '', '185', '', '0000-00-00', '0000-00-00', '2021-08-03', '', 0, 'LU', '', ''),
(186, 86, 'INE', '', 0, '2021-08-03 07:03:41', '2022-08-11 08:56:49', 2, 2, '', '186', '', '0000-00-00', '0000-00-00', '2021-08-03', '', 0, 'BC', '', ''),
(187, 161, 'HKEX', '', 0, '2021-10-21 06:28:06', '2022-08-11 08:56:49', 2, 2, '', '187', '', '0000-00-00', '0000-00-00', '2021-10-21', '', 0, 'MCA', '', ''),
(188, 42, 'COMEX', '', 0, '2022-08-11 08:53:27', '2022-08-11 08:53:27', 2, 2, '', '188', '', '0000-00-00', '0000-00-00', '2022-08-11', '', 0, 'MGC', '', ''),
(189, 50, 'NYMEX', '', 0, '2022-08-11 08:56:49', '2022-08-11 08:56:49', 2, 2, '', '189', '', '0000-00-00', '0000-00-00', '2022-08-11', '', 0, 'MCL', '', '');

-- --------------------------------------------------------

--
-- 資料表結構 `tb_huatai_trading2_desc`
--

CREATE TABLE IF NOT EXISTS `tb_huatai_trading2_desc` (
  `language_id` int(11) NOT NULL DEFAULT '0',
  `trading2_id` int(11) NOT NULL DEFAULT '0',
  `name` text CHARACTER SET utf8 COLLATE utf8_unicode_ci NOT NULL,
  `detail` text CHARACTER SET utf8 COLLATE utf8_unicode_ci NOT NULL,
  `url` text NOT NULL,
  `seo_desc` text NOT NULL,
  `seo_title` text NOT NULL,
  `detail2` text NOT NULL,
  `seo_h1` text NOT NULL,
  `detail3` text NOT NULL,
  `detail4` text NOT NULL,
  `detail5` text NOT NULL,
  `detail6` text NOT NULL,
  `detail1` text NOT NULL,
  `detail7` text NOT NULL,
  `detail8` text NOT NULL
) ENGINE=MyISAM DEFAULT CHARSET=utf8;

--
-- 資料表的匯出資料 `tb_huatai_trading2_desc`
--

INSERT INTO `tb_huatai_trading2_desc` (`language_id`, `trading2_id`, `name`, `detail`, `url`, `seo_desc`, `seo_title`, `detail2`, `seo_h1`, `detail3`, `detail4`, `detail5`, `detail6`, `detail1`, `detail7`, `detail8`) VALUES
(3, 1, '美玉米', '', '', '', '', '3,300 ', '', '', '', '', '', 'USD', '3,000 ', ''),
(1, 2, 'Oats', '', '', '', '', '3,168', '', '', '', '', '', 'USD', '2,880', ''),
(1, 3, 'Soybean', '', '', '', '', '5,676 ', '', '', '', '', '', 'USD', '5,160 ', ''),
(3, 3, '美豆', '', '', '', '', '5,676 ', '', '', '', '', '', 'USD', '5,160 ', ''),
(1, 4, 'Chicago SRW Wheat', '', '', '', '', '4,356 ', '', '', '', '', '', 'USD', '3,960 ', ''),
(1, 5, 'KC HRW Wheat', '', '', '', '', '4,488 ', '', '', '', '', '', 'USD', '4,080 ', ''),
(3, 5, 'KS小麦', '', '', '', '', '4,488 ', '', '', '', '', '', 'USD', '4,080 ', ''),
(1, 6, 'Soybean Oil', '', '', '', '', '3,960 ', '', '', '', '', '', 'USD', '3,600 ', ''),
(1, 7, 'Soybean Meal', '', '', '', '', '3,696 ', '', '', '', '', '', 'USD', '3,360 ', ''),
(1, 8, 'Rough Rice', '', '', '', '', '1,584 ', '', '', '', '', '', 'USD', '1,440 ', ''),
(1, 9, 'U.S. Treasury Bond', '', '', '', '', '5,518', '', '', '', '', '', 'USD', '5,016', ''),
(3, 9, '长期美债', '', '', '', '', '5,518 ', '', '', '', '', '', 'USD', '5,016', ''),
(1, 10, '10-Year T-Note', '', '', '', '', '2,904 ', '', '', '', '', '', 'USD', '2,640 ', ''),
(1, 11, '5-Year T-Note', '', '', '', '', '2,178 ', '', '', '', '', '', 'USD', '1,980 ', ''),
(1, 12, '2-Year T-Note', '', '', '', '', '1,525 ', '', '', '', '', '', 'USD', '1,386 ', ''),
(3, 47, '小型天然气', '', '', '', '', '3,218 ', '', '', '', '', '', 'USD', '2,925 ', ''),
(1, 13, 'E-mini Dow ($5)', '', '', '', '', '9,900', '', '', '', '', '', 'USD', '9,000', ''),
(3, 13, '小型道琼斯指数', '', '', '', '', '9,900', '', '', '', '', '', 'USD', '9,000', ''),
(3, 14, '微型道琼斯指数', '', '', '', '', '990', '', '', '', '', '', 'USD', '900', ''),
(1, 14, 'Micro E-mini Dow Jones Industrial Average Index', '', '', '', '', '990', '', '', '', '', '', 'USD', '900', ''),
(1, 189, '微型美原油', '', '', '', '', '1,073 ', '', '', '', '', '', 'USD', '975 ', ''),
(1, 17, 'Canadian Dollar', '', '', '', '', '1,584 ', '', '', '', '', '', 'USD', '1,440 ', ''),
(1, 18, 'Euro FX', '', '', '', '', '3,498', '', '', '', '', '', 'USD', '3,180', ''),
(3, 18, '欧元', '', '', '', '', '3,498', '', '', '', '', '', 'USD', '3,180', ''),
(1, 19, 'Japanese Yen', '', '', '', '', '3,630', '', '', '', '', '', 'USD', '3,300', ''),
(3, 20, '纽元', '', '', '', '', '1,848 ', '', '', '', '', '', 'USD', '1,680 ', ''),
(1, 20, 'New Zealand Dollar', '', '', '', '', '1,848 ', '', '', '', '', '', 'USD', '1,680 ', ''),
(1, 21, 'Swiss Franc', '', '', '', '', '4,818', '', '', '', '', '', 'USD', '4,380', ''),
(3, 21, '瑞士法郎', '', '', '', '', '4,818', '', '', '', '', '', 'USD', '4,380', ''),
(3, 28, '小型标准普尔指数', '', '', '', '', '13,200', '', '', '', '', '', 'USD', '12,000', ''),
(1, 22, '巴西雷亚尔', '', '', '', '', '1,610', '', '', '', '', '', 'USD', '1,464', ''),
(3, 22, '巴西雷亚尔', '', '', '', '', '1,610', '', '', '', '', '', 'USD', '1,464', ''),
(1, 23, 'Mexican Peso', '', '', '', '', '1,716 ', '', '', '', '', '', 'USD', '1,560 ', ''),
(3, 23, '墨西哥比绍', '', '', '', '', '1,716 ', '', '', '', '', '', 'USD', '1,560 ', ''),
(3, 24, '美元/离岸人民币', '', '', '', '', ' 15,972 \r\n', '', '', '', '', '', 'CNH', ' 14,520 \r\n', ''),
(1, 24, 'Standard-Size USD/Offshore RMB (CNH)', '', '', '', '', ' 15,972 \r\n', '', '', '', '', '', 'CNH', ' 14,520 \r\n', ''),
(1, 25, 'Eurodollar', '', '', '', '', '1,089\r\n', '', '', '', '', '', 'USD', '990', ''),
(3, 26, '日经指数(USD)', '', '', '', '', '9,240 ', '', '', '', '', '', 'USD', '8,400', ''),
(1, 26, 'Nikkei/USD', '', '', '', '', '9,240 ', '', '', '', '', '', 'USD', '8,400', ''),
(1, 27, 'Nikkei/Y en', '', '', '', '', '924,000 ', '', '', '', '', '', 'JPY', '840,000', ''),
(1, 28, 'E-mini S&P 500', '', '', '', '', '13,200\r\n', '', '', '', '', '', 'USD', '12,000', ''),
(1, 29, 'E-mini Nasdaq-100', '', '', '', '', '19,800\r\n', '', '', '', '', '', 'USD', '18,000\r\n', ''),
(1, 30, 'E-mini Russell 2000 Index', '', '', '', '', '7,260', '', '', '', '', '', 'USD', '6,600', ''),
(1, 31, 'Micro E-mini S&P 500 Index', '', '', '', '', '1,320', '', '', '', '', '', 'USD', '1,200', ''),
(3, 32, '微型纳斯达克100指数', '', '', '', '', '1,980', '', '', '', '', '', 'USD', '1,800\r\n', ''),
(1, 33, 'Micro E-mini Russell 2000 Index', '', '', '', '', '726', '', '', '', '', '', 'USD', '660', ''),
(3, 33, '微型罗素2000指数期货', '', '', '', '', '726', '', '', '', '', '', 'USD', '660', ''),
(1, 34, 'Feeder Cattle', '', '', '', '', ' 3,762 \r\n', '', '', '', '', '', 'USD', ' 3,420 \r\n', ''),
(1, 35, 'Live Cattle', '', '', '', '', '2,112', '', '', '', '', '', 'USD', '1,920', ''),
(1, 36, 'Lean Hog', '', '', '', '', '2,310', '', '', '', '', '', 'USD', '2,100', ''),
(3, 36, '生猪', '', '', '', '', '2,310', '', '', '', '', '', 'USD', '2,100', ''),
(1, 37, 'Gold', '', '', '', '', '8,276', '', '', '', '', '', 'USD', '7,524', ''),
(1, 158, 'FCOJ-A', '', '', '', '', ' 3,564 \r\n', '', '', '', '', '', 'USD', ' 3,240 \r\n', ''),
(1, 38, 'Silver', '', '', '', '', '12,342 ', '', '', '', '', '', 'USD', '11,220 \r\n', ''),
(1, 188, '微型美黄金', '', '', '', '', '828', '', '', '', '', '', 'USD', '752', ''),
(3, 39, '美铜', '', '', '', '', '7,260', '', '', '', '', '', 'USD', '6,600', ''),
(1, 40, 'E-mini Gold', '', '', '', '', '4,138', '', '', '', '', '', 'USD', '3,762', ''),
(3, 40, '小型美黄金', '', '', '', '', '4,138', '', '', '', '', '', 'USD', '3,762', ''),
(1, 41, 'E-mini Silver', '', '', '', '', '6,171 ', '', '', '', '', '', 'USD', '5,610 ', ''),
(1, 42, 'Crude Oi', '', '', '', '', '10,725 ', '', '', '', '', '', 'USD', '9,750 ', ''),
(1, 43, 'NY Harbor ULSD', '', '', '', '', '17,518', '', '', '', '', '', 'USD', '15,925', ''),
(3, 44, '天然气', '', '', '', '', '12,870 ', '', '', '', '', '', 'USD', '11,700 \r\n', ''),
(1, 44, 'Henry Hub Natural Gas', '', '', '', '', '12,870 ', '', '', '', '', '', 'USD', '11,700 \r\n', ''),
(1, 45, 'Palladium', '', '', '', '', '33,396', '', '', '', '', '', 'USD', '30,360', ''),
(3, 46, '美铂金', '', '', '', '', '4,066', '', '', '', '', '', 'USD', '3,696\r\n', ''),
(3, 49, '无铅汽油', '', '', '', '', '12,441', '', '', '', '', '', 'USD', '11,310', ''),
(1, 48, 'E-mini Crude Oil', '', '', '', '', '5,363 ', '', '', '', '', '', 'USD', '4,875 ', ''),
(3, 189, '微型美原油', '', '', '', '', '1,073 ', '', '', '', '', '', 'USD', '975 ', ''),
(1, 49, 'RBOB Gasoline', '', '', '', '', '12,441', '', '', '', '', '', 'USD', '11,310', ''),
(1, 131, 'MSCI EM (USD) Index', '', '', '', '', ' 4,723 \r\n', '', '', '', '', '', 'USD', ' 3,779 \r\n', ''),
(3, 50, '布伦特原油最后结算', '', '', '', '', '10,725 ', '', '', '', '', '', 'USD', '9,750 ', ''),
(1, 51, 'Aluminium', '', '', '', '', '11,880', '', '', '', '', '', 'USD', '11,880', ''),
(1, 52, 'Copper', '', '', '', '', '34,870', '', '', '', '', '', 'USD', '34,870', ''),
(3, 52, '伦铜', '', '', '', '', '34,870', '', '', '', '', '', 'USD', '34,870', ''),
(1, 53, 'Nickel', '', '', '', '', '71,475', '', '', '', '', '', 'USD', '71,475', ''),
(3, 54, '伦铅', '', '', '', '', '9,900 ', '', '', '', '', '', 'USD', '9,900 ', ''),
(1, 56, 'Zinc', '', '', '', '', '18,315 ', '', '', '', '', '', 'USD', '18,315 ', ''),
(1, 57, 'Dax', '', '', '', '', '41,977 ', '', '', '', '', '', 'EUR', '41,977 ', ''),
(1, 112, 'CNOOC Limited', '', '', '', '', '1,052 \r\n', '', '', '', '', '', 'HKD', '842 ', ''),
(1, 58, 'Mini-Dax', '', '', '', '', '8,395 ', '', '', '', '', '', 'EUR', '8,395 ', ''),
(1, 16, 'British Pound', '', '', '', '', '3,366 ', '', '', '', '', '', 'USD', '3,060 ', ''),
(1, 59, 'EURO STOXX 50 Index', '', '', '', '', '4,503 ', '', '', '', '', '', 'EUR', '4,503 ', ''),
(3, 59, '欧盟50指数', '', '', '', '', '4,503 ', '', '', '', '', '', 'EUR', '4,503 ', ''),
(1, 60, 'SMI', '', '', '', '', ' 10,764 \r\n', '', '', '', '', '', 'CHF', ' 10,764 \r\n', ''),
(1, 61, 'VSTOXX', '', '', '', '', '657\r\n', '', '', '', '', '', 'EUR', '657', ''),
(1, 62, 'Euro-Bund', '', '', '', '', ' 4,685 \r\n', '', '', '', '', '', 'EUR', ' 4,685 \r\n', ''),
(1, 63, 'Euro-Bobl', '', '', '', '', ' 2,430 \r\n', '', '', '', '', '', 'EUR', ' 2,430 \r\n', ''),
(1, 64, 'Euro-Schatz', '', '', '', '', '1,351 ', '', '', '', '', '', 'EUR', '1,351 ', ''),
(1, 65, 'Euro-Buxl', '', '', '', '', '13,452', '', '', '', '', '', 'EUR', '13,452', ''),
(1, 66, 'Euro-OAT', '', '', '', '', '3,468 ', '', '', '', '', '', 'EUR', '3,468 ', ''),
(3, 66, '欧元法国10年国债 OAT', '', '', '', '', '3,468 ', '', '', '', '', '', 'EUR', '3,468 ', ''),
(1, 67, 'Long- term Euro-BTP', '', '', '', '', '4,119 ', '', '', '', '', '', 'EUR', '4,119 ', ''),
(3, 67, '欧元意大利10年国债 BTP', '', '', '', '', '4,119 ', '', '', '', '', '', 'EUR', '4,119 ', ''),
(1, 68, 'Euro-Bono', '', '', '', '', '3,815 ', '', '', '', '', '', 'EUR', '3,815 ', ''),
(1, 69, 'Short- term Euro-BTP', '', '', '', '', '2,424', '', '', '', '', '', 'EUR', '2,424', ''),
(3, 69, '短期意债', '', '', '', '', '2,424', '', '', '', '', '', 'EUR', '2,424', ''),
(1, 70, 'FTSE China A50 Index', '', '', '', '', '1,254', '', '', '', '', '', 'USD', '1,140', ''),
(1, 71, 'Nikkei 225 Index', '', '', '', '', '884,400', '', '', '', '', '', 'JPY', '804,000', ''),
(3, 71, '日经225指数', '', '', '', '', '884,400', '', '', '', '', '', 'JPY', '804,000', ''),
(1, 72, 'MSCI Singapore Index', '', '', '', '', '1,980', '', '', '', '', '', 'SGD', '1,800', ''),
(1, 180, 'FTSE China H50 Index', '', '', '', '', '2,508 ', '', '', '', '', '', 'USD', '2,280 ', ''),
(3, 72, '新加坡指数', '', '', '', '', '1,980', '', '', '', '', '', 'SGD', '1,800', ''),
(3, 73, '台湾指数', '', '', '', '', '3,300', '', '', '', '', '', 'USD', '3,000', ''),
(2, 73, '台湾指数', '', '', '', '', '3,300', '', '', '', '', '', 'USD', '3,000', ''),
(1, 73, '台湾指数', '', '', '', '', '3,300', '', '', '', '', '', 'USD', '3,000', ''),
(1, 74, 'USD/CNH FX', '', '', '', '', '18,876 ', '', '', '', '', '', 'CNH', '17,160 ', ''),
(1, 75, 'SGX TSI Iron Ore CFR China (62% Fe Fines) Index', '', '', '', '', '2,178 ', '', '', '', '', '', 'USD', '1,980 ', ''),
(3, 76, 'CNX Nifty 50 指數', '', '', '', '', '2,376 ', '', '', '', '', '', 'USD', '2,160 ', ''),
(3, 77, 'MSCI 中国指数', '', '', '', '', '5,544', '', '', '', '', '', 'USD', '5,040', ''),
(2, 77, 'MSCI 中国指数', '', '', '', '', '5,544', '', '', '', '', '', 'USD', '5,040', ''),
(1, 77, 'MSCI 中国指数', '', '', '', '', '5,544', '', '', '', '', '', 'USD', '5,040', ''),
(3, 180, '富時H50指數', '', '', '', '', '2,508 ', '', '', '', '', '', 'USD', '2,280 ', ''),
(1, 79, 'Iron Ore', '', '', '', '', '22%', '', '', '', '', '', 'CNY', '13%', ''),
(3, 79, '铁矿石', '', '', '', '', '22%', '', '', '', '', '', 'CNY', '13%', ''),
(1, 80, 'PTA', '', '', '', '', '16%', '', '', '', '', '', 'CNY', '7%', ''),
(3, 80, '精对苯二甲酸 PTA', '', '', '', '', '16%', '', '', '', '', '', 'CNY', '7%', ''),
(1, 81, 'USD/CNH', '', '', '', '', '22,699 ', '', '', '', '', '', 'CNH', '18,159 ', ''),
(3, 81, '美元兑人民币', '', '', '', '', '22,699 ', '', '', '', '', '', 'CNH', '18,159 ', ''),
(1, 82, 'Hang Seng Tech Index', '', '', '', '', '26,956 ', '', '', '', '', '', 'HKD', '21,564 ', ''),
(3, 82, '恒生科技指數', '', '', '', '', '26,956 ', '', '', '', '', '', 'HKD', '21,564 ', ''),
(1, 83, 'Hang Seng China Enterprises Index', '', '', '', '', '40,777 ', '', '', '', '', '', 'HKD', '32,622 ', ''),
(1, 84, 'Hang Seng Index', '', '', '', '', '102,463 ', '', '', '', '', '', 'HKD', '81,971 ', ''),
(1, 85, 'Mini Hang Seng China Enterprises Index', '', '', '', '', '8,155 ', '', '', '', '', '', 'HKD', '6,524 ', ''),
(1, 86, 'Mini Hang Seng Index', '', '', '', '', '20,492 ', '', '', '', '', '', 'HKD', '16,394 ', ''),
(3, 87, '铁矿石指数月合约', '', '', '', '', '2,334\r\n', '', '', '', '', '', 'USD', '1,867', ''),
(1, 87, 'TSI Iron Ore Fines 62% Fe CFR China Index (Monthly Contract)', '', '', '', '', '2,334', '', '', '', '', '', 'USD', '1,867', ''),
(1, 88, 'TSI Iron Ore Fines 62% Fe CFR China Index (Quarterly Contract', '', '', '', '', '2,071', '', '', '', '', '', 'USD', '1,657', ''),
(1, 89, 'EUR/CHN', '', '', '', '', ' 12,446 \r\n', '', '', '', '', '', 'CNH', ' 9,957 \r\n', ''),
(1, 90, 'JPY/CNH', '', '', '', '', ' 15,185 \r\n', '', '', '', '', '', 'CNH', ' 12,148 \r\n', ''),
(3, 90, '日元兑人民币', '', '', '', '', ' 15,185 \r\n', '', '', '', '', '', 'CNH', ' 12,148 \r\n', ''),
(1, 91, 'AUD/CNH', '', '', '', '', ' 17,450 \r\n', '', '', '', '', '', 'CNH', ' 13,960 \r\n', ''),
(1, 98, 'Industrial and Commercial Bank of China Limited', '', '', '', '', '347 ', '', '', '', '', '', 'HKD', '277 ', ''),
(1, 92, 'INR/USD', '', '', '', '', '626 ', '', '', '', '', '', 'USD', '501', ''),
(3, 92, '卢比兑美元', '', '', '', '', '626 ', '', '', '', '', '', 'USD', '501', ''),
(1, 93, 'CES China 120 Index', '', '', '', '', ' 32,622 \r\n', '', '', '', '', '', 'HKD', ' 26,098 \r\n', ''),
(3, 19, '日元', '', '', '', '', '3,630', '', '', '', '', '', 'USD', '3,300', ''),
(1, 94, 'China Construction Bank Corporation', '', '', '', '', '376 ', '', '', '', '', '', 'HKD', '300 \r\n', ''),
(1, 95, 'China Mobile Limited', '', '', '', '', '2,075 ', '', '', '', '', '', 'HKD', '1,660 \r\n', ''),
(3, 96, '香港交易所', '', '', '', '', '3,734 ', '', '', '', '', '', 'HKD', '2,988 ', ''),
(1, 97, 'HSBC Holdings Plc.', '', '', '', '', '2,537 ', '', '', '', '', '', 'HKD', '2,029 ', ''),
(1, 99, 'Ping An Insurance (Group) Company of China, Ltd.', '', '', '', '', '3,319 ', '', '', '', '', '', 'HKD', '2,655 \r\n', ''),
(1, 100, 'Tencent Holdings Ltd.', '', '', '', '', '3,511 ', '', '', '', '', '', 'HKD', '2,809 ', ''),
(1, 102, 'Meituan Dianping', '', '', '', '', '16,901 \r\n', '', '', '', '', '', 'HKD', '13,521 ', ''),
(1, 104, 'China Tower Corporation Limited ', '', '', '', '', '898 ', '', '', '', '', '', 'HKD', '718 \r\n', ''),
(1, 105, 'Budweiser Brewing Company APAC Limited', '', '', '', '', '2,441 ', '', '', '', '', '', 'HKD', '1,953 ', ''),
(1, 106, 'Great Wall Motor Co. Ltd.', '', '', '', '', '24,562 \r\n', '', '', '', '', '', 'HKD', '19,649 \r\n', ''),
(3, 117, '招商銀行', '', '', '', '', '2,888 \r\n', '', '', '', '', '', 'HKD', '2,311 ', ''),
(1, 108, 'NetEase, Inc. ', '', '', '', '', '9,432 ', '', '', '', '', '', 'HKD', '7,546 ', ''),
(1, 109, 'China Petroleum & Chemical Corporation', '', '', '', '', '566 ', '', '', '', '', '', 'HKD', '453 \r\n', ''),
(1, 110, 'China Telecom Corporation Limited', '', '', '', '', '467 ', '', '', '', '', '', 'HKD', '373 ', ''),
(1, 111, 'PetroChina Company Limited', '', '', '', '', '704 ', '', '', '', '', '', 'HKD', '564 \r\n', ''),
(3, 112, '中國海洋石油', '', '', '', '', '1,052 ', '', '', '', '', '', 'HKD', '842 ', ''),
(3, 113, '中國交通建設', '', '', '', '', '278 ', '', '', '', '', '', 'HKD', '223 ', ''),
(1, 115, 'BOC Hong Kong (Holdings) Limited', '', '', '', '', '1,100\r\n', '', '', '', '', '', 'HKD', '880 ', ''),
(1, 116, 'China Life Insurance Company Limited', '', '', '', '', '917 \r\n', '', '', '', '', '', 'HKD', '733 ', ''),
(1, 118, 'iShares FTSE A50 China Index ETF', '', '', '', '', '5,521 \r\n', '', '', '', '', '', 'HKD', '4,417 \r\n', ''),
(1, 119, 'China AMC CSI300 Index ETF', '', '', '', '', '6,942 ', '', '', '', '', '', 'HKD', '5,554 \r\n\r\n', ''),
(1, 155, 'Cocoa', '', '', '', '', '1,888 ', '', '', '', '', '', 'USD', '1,716 ', ''),
(1, 120, 'CSOP FTSE China A50 ETF', '', '', '', '', '5,186', '', '', '', '', '', 'HKD', '4,149 ', ''),
(3, 42, '美原油', '', '', '', '', '10,725 ', '', '', '', '', '', 'USD', '9,750 ', ''),
(1, 121, 'MSCI Australia Net Total Return (USD) Index', '', '', '', '', ' 3,623 \r\n', '', '', '', '', '', 'USD', ' 2,898 \r\n', ''),
(3, 121, 'MSCI澳洲净总回报指数', '', '', '', '', ' 3,623 \r\n', '', '', '', '', '', 'USD', ' 2,898 \r\n', ''),
(1, 122, 'MSCI China Free Net Total Return (USD) Index', '', '', '', '', ' 6,496 \r\n', '', '', '', '', '', 'USD', ' 5,196 \r\n', ''),
(3, 122, 'MSCI中国自由净总回报', '', '', '', '', ' 6,496 \r\n', '', '', '', '', '', 'USD', ' 5,196 \r\n', ''),
(1, 123, 'MSCI EM Asia Net Total Return (USD) Index', '', '', '', '', ' 6,144 \r\n', '', '', '', '', '', 'USD', ' 4,915 \r\n', ''),
(3, 123, 'MSCI新兴市场亚洲净总回报', '', '', '', '', ' 6,144 \r\n', '', '', '', '', '', 'USD', ' 4,915 \r\n', ''),
(1, 124, 'MSCI India Net Total Return (USD) Index', '', '', '', '', ' 8,203 \r\n', '', '', '', '', '', 'USD', ' 6,563 \r\n', ''),
(3, 124, 'MSCI印度净总回报指数', '', '', '', '', ' 8,203 \r\n', '', '', '', '', '', 'USD', ' 6,563 \r\n', ''),
(1, 125, 'MSCI Indonesia Net Total Return (USD) Index', '', '', '', '', ' 1,574 \r\n', '', '', '', '', '', 'USD', ' 1,260 \r\n', ''),
(3, 125, 'MSCI印尼净总回报指数', '', '', '', '', ' 1,574 \r\n', '', '', '', '', '', 'USD', ' 1,260 \r\n', ''),
(1, 126, 'MSCI Japan Net Total Return (USD) Index', '', '', '', '', ' 7,229 \r\n', '', '', '', '', '', 'USD', ' 5,783 \r\n', ''),
(3, 126, 'MSCI日本净总回报指数', '', '', '', '', ' 7,229 \r\n', '', '', '', '', '', 'USD', ' 5,783 \r\n', ''),
(1, 127, 'MSCI Malaysia Net Total Return (USD) Index', '', '', '', '', ' 1,898 \r\n', '', '', '', '', '', 'USD', ' 1,519 \r\n', ''),
(1, 128, 'MSCI Taiwan (USD) Index Futures', '', '', '', '', '4,675 ', '', '', '', '', '', 'USD', '3,740 ', ''),
(1, 154, 'US Dollar Index', '', '', '', '', '2,640 ', '', '', '', '', '', 'USD', '2,400 ', ''),
(1, 129, 'MSCI Taiwan Net Total Return (USD) Index Futures', '', '', '', '', ' 7,388 \r\n', '', '', '', '', '', 'USD', ' 5,911 \r\n', ''),
(3, 129, 'MSCI台湾净总回报指数', '', '', '', '', ' 7,388 \r\n', '', '', '', '', '', 'USD', ' 5,911 \r\n', ''),
(3, 130, 'MSCI泰国净总回报指数', '', '', '', '', ' 960 \r\n', '', '', '', '', '', 'USD', ' 768 \r\n', ''),
(1, 130, 'MSCI Thailand Net Total Return (USD) Index', '', '', '', '', ' 960 \r\n', '', '', '', '', '', 'USD', ' 768 \r\n', ''),
(3, 131, 'MSCI新兴市场指数', '', '', '', '', ' 4,723 \r\n', '', '', '', '', '', 'USD', ' 3,779 \r\n', ''),
(1, 132, 'MSCI EM Net Total Return (USD) Index', '', '', '', '', ' 4,692 \r\n', '', '', '', '', '', 'USD', ' 3,754 \r\n', ''),
(3, 132, 'MSCI新兴市场NTR', '', '', '', '', ' 4,692 \r\n', '', '', '', '', '', 'USD', ' 3,754 \r\n', ''),
(1, 133, 'MSCI Hong Kong Net Total Return (USD) Index', '', '', '', '', ' 5,410 \r\n', '', '', '', '', '', 'USD', ' 4,328 \r\n', ''),
(3, 133, 'MSCI香港NTR指数', '', '', '', '', ' 5,410 \r\n', '', '', '', '', '', 'USD', ' 4,328 \r\n', ''),
(1, 134, 'MSCI Indonesia Index (USD)', '', '', '', '', ' 1,196 \r\n', '', '', '', '', '', 'USD', ' 957 \r\n', ''),
(1, 135, 'MSCI Philippines (USD) Index', '', '', '', '', ' 1,802 \r\n', '', '', '', '', '', 'USD', ' 1,442 \r\n', ''),
(1, 136, 'MSCI Singapore Net Total Return (USD) Index', '', '', '', '', ' 5,394 \r\n', '', '', '', '', '', 'USD', ' 4,315 \r\n', ''),
(1, 137, 'MSCI Vietnam Net Total Return (USD) Index', '', '', '', '', ' 3,160 \r\n', '', '', '', '', '', 'USD', ' 2,528 \r\n', ''),
(1, 138, 'MSCI China Free (USD) Index', '', '', '', '', ' 5,490 \r\n', '', '', '', '', '', 'USD', ' 4,392 \r\n', ''),
(1, 139, 'MSCI India (USD) Index', '', '', '', '', ' 7,756 \r\n', '', '', '', '', '', 'USD', ' 6,204 \r\n', ''),
(1, 140, 'MSCI Malaysia (USD) Index', '', '', '', '', ' 559 \r\n', '', '', '', '', '', 'USD', ' 447 \r\n', ''),
(3, 141, 'MSCI新西兰净总回报', '', '', '', '', ' 5,027 \r\n', '', '', '', '', '', 'USD', ' 4,021 \r\n', ''),
(1, 142, 'MSCI Philippines (USD) Index', '', '', '', '', ' 919 \r\n', '', '', '', '', '', 'USD', ' 735 \r\n', ''),
(3, 142, 'MSCI菲律宾指数', '', '', '', '', ' 919 \r\n', '', '', '', '', '', 'USD', ' 735 \r\n', ''),
(1, 143, 'MSCI Singapore Free Net Total Return (USD) Index', '', '', '', '', ' 4,852 \r\n', '', '', '', '', '', 'USD', ' 3,881 \r\n', ''),
(1, 144, 'MSCI Thailand (USD) Index', '', '', '', '', ' 790 \r\n', '', '', '', '', '', 'USD', ' 632 \r\n', ''),
(1, 146, 'MSCI EM ex China Net Total Return (USD) Index', '', '', '', '', ' 3,958 \r\n', '', '', '', '', '', 'USD', ' 3,166 \r\n', ''),
(1, 147, 'MSCI EM ex Korea Net Total Return (USD) Index', '', '', '', '', ' 4,979 \r\n', '', '', '', '', '', 'USD', ' 3,983 \r\n', ''),
(3, 147, 'MSCI新兴市场除韩国NTR指数', '', '', '', '', ' 4,979 \r\n', '', '', '', '', '', 'USD', ' 3,983 \r\n', ''),
(1, 148, 'MSCI EM Asia ex China Net Total Return (USD) Inde', '', '', '', '', ' 6,288 \r\n', '', '', '', '', '', 'USD', ' 5,030 \r\n', ''),
(3, 148, 'MSCI新兴市场亚洲除中国NTR', '', '', '', '', ' 6,288 \r\n', '', '', '', '', '', 'USD', ' 5,030 \r\n', ''),
(3, 149, 'MSCI新兴市场亚洲除韩国NTR', '', '', '', '', ' 5,617 \r\n', '', '', '', '', '', 'USD', ' 4,494 \r\n', ''),
(1, 150, 'MSCI EM EMEA Net Total Return (USD) Index', '', '', '', '', ' 3,894 \r\n', '', '', '', '', '', 'USD', ' 3,115 \r\n', ''),
(1, 152, 'MSCI Pacific Net Total Return (USD) Index', '', '', '', '', ' 4,915 \r\n', '', '', '', '', '', 'USD', ' 3,932 \r\n', ''),
(3, 15, '澳元', '', '', '', '', '2,376 ', '', '', '', '', '', 'USD', '2,160 ', ''),
(3, 152, 'MSCI太平洋NTR指数', '', '', '', '', ' 4,915 \r\n', '', '', '', '', '', 'USD', ' 3,932 \r\n', ''),
(3, 153, 'MSCI太平洋除日本NTR', '', '', '', '', ' 4,596 \r\n', '', '', '', '', '', 'USD', ' 3,677 \r\n', ''),
(3, 154, '美元指数', '', '', '', '', '2,640 \r\n', '', '', '', '', '', 'USD', '2,400 ', ''),
(3, 155, '美可可', '', '', '', '', '1,888 ', '', '', '', '', '', 'USD', '1,716 ', ''),
(1, 156, 'Cotton No. 2', '', '', '', '', '4,620', '', '', '', '', '', 'USD', '4,200\r\n', ''),
(3, 157, '咖啡', '', '', '', '', '11,880', '', '', '', '', '', 'USD', '10,800', ''),
(3, 158, '冷冻橙汁', '', '', '', '', ' 3,564 \r\n', '', '', '', '', '', 'USD', ' 3,240 \r\n', ''),
(1, 159, 'Sugar No. 11', '', '', '', '', '1,331 \r\n', '', '', '', '', '', 'USD', '1,210 ', ''),
(3, 161, '迷你美元指数', '', '', '', '', '456 ', '', '', '', '', '', 'USD', '456 ', ''),
(1, 162, 'Brent Crude', '', '', '', '', '13,371', '', '', '', '', '', 'USD', '13,371', ''),
(1, 163, 'Low Sulphur Gasoil', '', '', '', '', '18,832', '', '', '', '', '', 'USD', '18,832', ''),
(1, 164, 'WTI Crude Oil', '', '', '', '', '14,300', '', '', '', '', '', 'USD', '14,300', ''),
(1, 165, 'FTSE 100 Index', '', '', '', '', '5,849', '', '', '', '', '', 'GBP', '5,849', ''),
(3, 165, '富时100指数', '', '', '', '', '5,849', '', '', '', '', '', 'GBP', '5,849', ''),
(1, 166, 'White Sugar', '', '', '', '', '2,444', '', '', '', '', '', 'USD', '2,444', ''),
(3, 166, '伦敦白糖', '', '', '', '', '2,444', '', '', '', '', '', 'USD', '2,444', ''),
(1, 167, 'London Cocoa', '', '', '', '', '1,320', '', '', '', '', '', 'GBP', '1,320', ''),
(3, 167, '伦敦可可', '', '', '', '', '1,320', '', '', '', '', '', 'GBP', '1,320', ''),
(1, 168, 'Robusta Coffee', '', '', '', '', '2,297', '', '', '', '', '', 'USD', '2,297 ', ''),
(3, 168, '罗博士特咖啡', '', '', '', '', '2,297', '', '', '', '', '', 'USD', '2,297', ''),
(1, 169, 'Crude Palm Oil', '', '', '', '', '14,520 ', '', '', '', '', '', 'MYR', '14,520 ', ''),
(3, 170, 'CBOE波动率指数 VIX', '', '', '', '', '13,200 ', '', '', '', '', '', 'USD', '12,000 ', ''),
(3, 171, '精炼棕榈油', '', '', '', '', '2,760', '', '', '', '', '', 'USD', '2,760', ''),
(1, 172, 'USD/CNH', '', '', '', '', '1,294', '', '', '', '', '', 'CNH', '1,294', ''),
(3, 172, '美元/离岸人民币', '', '', '', '', '1,294', '', '', '', '', '', 'CNH', '1,294', ''),
(3, 173, '東京原油', '', '', '', '', '772,200', '', '', '', '', '', 'JPY', '772,200', ''),
(1, 173, 'Platts Dubai Crude Oil', '', '', '', '', '772,200\r\n', '', '', '', '', '', 'JPY', '772,200\r\n', ''),
(3, 174, '日本黃金', '', '', '', '', '316,800', '', '', '', '', '', 'JPY', '316,800', ''),
(1, 174, 'Gold Standard', '', '', '', '', '316,800\r\n', '', '', '', '', '', 'JPY', '316,800', ''),
(1, 175, 'RSS3 Rubber', '', '', '', '', '54,600 \r\n', '', '', '', '', '', 'JPY', '54,600 ', ''),
(3, 16, '英镑', '', '', '', '', '3,366 ', '', '', '', '', '', 'USD', '3,060 ', ''),
(1, 176, 'Nikkei 225', '', '', '', '', '1,548,000', '', '', '', '', '', 'JPY', '1,548,000\r\n', ''),
(3, 176, '大板日經指數', '', '', '', '', '1,548,000\r\n', '', '', '', '', '', 'JPY', '1,548,000\r\n', ''),
(1, 177, 'Nikkei 225 mini', '', '', '', '', '154,800\r\n', '', '', '', '', '', 'JPY', '154,800', ''),
(3, 177, '大板小型日經指數', '', '', '', '', '154,800', '', '', '', '', '', 'JPY', '154,800\r\n', ''),
(1, 178, '10-year JGB', '', '', '', '', '2,178,000', '', '', '', '', '', 'JPY', '2,178,000', ''),
(1, 179, 'TOPIX', '', '', '', '', '972,000', '', '', '', '', '', 'JPY', '972,000', ''),
(3, 27, '日经指数(JPY)', '', '', '', '', '924,000 ', '', '', '', '', '', 'JPY', '840,000', ''),
(3, 55, '伦锡', '', '', '', '', '35,915 ', '', '', '', '', '', 'USD', '35,915 ', ''),
(3, 145, 'MSCI越南指数', '', '', '', '', ' 1,756 \r\n', '', '', '', '', '', 'USD', ' 1,404 \r\n', ''),
(3, 62, '欧元德国10年国债 BUND', '', '', '', '', ' 4,685 \r\n', '', '', '', '', '', 'EUR', ' 4,685 \r\n', ''),
(3, 63, '欧元德国5年国债 BOBL', '', '', '', '', ' 2,430 \r\n', '', '', '', '', '', 'EUR', ' 2,430 \r\n', ''),
(3, 65, '欧元债卷 BUXL', '', '', '', '', '13,452', '', '', '', '', '', 'EUR', '13,452', ''),
(3, 88, '铁矿石指数季合约', '', '', '', '', '2,071\r\n', '', '', '', '', '', 'USD', '1,657\r\n', ''),
(3, 89, '欧元兑人民币', '', '', '', '', ' 12,446 \r\n', '', '', '', '', '', 'CNH', ' 9,957 \r\n', ''),
(3, 106, '長城汽車', '', '', '', '', '24,562 ', '', '', '', '', '', 'HKD', '19,649 ', ''),
(3, 134, 'MSCI印尼指数', '', '', '', '', ' 1,196 \r\n', '', '', '', '', '', 'USD', ' 957 \r\n', ''),
(3, 144, 'MSCI泰国指数', '', '', '', '', ' 790 \r\n', '', '', '', '', '', 'USD', ' 632 \r\n', ''),
(1, 171, 'Crude Palm Oil', '', '', '', '', '2,760', '', '', '', '', '', 'USD', '2,760', ''),
(3, 178, '十年政府债券', '', '', '', '', '2,178,000', '', '', '', '', '', 'JPY', '2,178,000', ''),
(1, 181, 'Mini USD/CNH', '', '', '', '', '4,529 ', '', '', '', '', '', 'CNH', '3,623 ', ''),
(3, 114, '中國人民財產保險', '', '', '', '', '1,492 ', '', '', '', '', '', 'HKD', '1,193 ', ''),
(3, 25, '欧洲美元', '', '', '', '', '1,089', '', '', '', '', '', 'USD', '990\r\n', ''),
(3, 188, '微型美黄金', '', '', '', '', '828', '', '', '', '', '', 'USD', '752', ''),
(1, 182, 'USD/CNH (Mini)', '', '', '', '', '4,719 ', '', '', '', '', '', 'CNH', '4,290 ', ''),
(3, 182, '小型美元兑人民币', '', '', '', '', '4,719 ', '', '', '', '', '', 'CNH', '4,290 ', ''),
(3, 183, '原油', '', '', '', '', '29%', '', '', '', '', '', 'CNY', '15%', ''),
(3, 184, '20号胶', '', '', '', '', '18%', '', '', '', '', '', 'CNY', '10%', ''),
(1, 184, 'TSR 20', '', '', '', '', '18%', '', '', '', '', '', 'CNY', '10%', ''),
(3, 185, '低硫燃料油', '', '', '', '', '29% ', '', '', '', '', '', 'CNY', '15%', ''),
(1, 186, 'Copper(BC)', '', '', '', '', '23% ', '', '', '', '', '', 'CNY', '12%', ''),
(3, 186, '阴极铜', '', '', '', '', '23% ', '', '', '', '', '', 'CNY', '12%', ''),
(3, 10, '10年美债', '', '', '', '', '2,904 ', '', '', '', '', '', 'USD', '2,640 ', ''),
(1, 170, 'Cboe Volatility Index (VIX Index)', '', '', '', '', '13,200 ', '', '', '', '', '', 'USD', '12,000 ', ''),
(3, 2, '燕麦', '', '', '', '', '3,168', '', '', '', '', '', 'USD', '2,880', ''),
(3, 4, '美麦', '', '', '', '', '4,356 ', '', '', '', '', '', 'USD', '3,960 ', ''),
(1, 39, 'Copper', '', '', '', '', '7,260', '', '', '', '', '', 'USD', '6,600', ''),
(1, 55, 'Tin', '', '', '', '', '35,915 ', '', '', '', '', '', 'USD', '35,915 ', ''),
(3, 70, '富时中国指数', '', '', '', '', '1,254', '', '', '', '', '', 'USD', '1,140', ''),
(3, 75, '铁矿石', '', '', '', '', '2,178 ', '', '', '', '', '', 'USD', '1,980 ', ''),
(1, 78, 'SGX SICOM TSR20', '', '', '', '', '528 ', '', '', '', '', '', 'USD', '480 \r\n', ''),
(3, 93, '中华120指数', '', '', '', '', ' 32,622 \r\n', '', '', '', '', '', 'HKD', ' 26,098 \r\n', ''),
(3, 100, '腾讯控股', '', '', '', '', '3,511 ', '', '', '', '', '', 'HKD', '2,809 ', ''),
(1, 101, 'XiaoMi Corporation', '', '', '', '', '1,550 ', '', '', '', '', '', 'HKD', '1,240 \r\n', ''),
(3, 102, '美团点评', '', '', '', '', '16,901 \r\n', '', '', '', '', '', 'HKD', '13,521 ', ''),
(3, 103, '阿里巴巴', '', '', '', '', '7,421 ', '', '', '', '', '', 'HKD', '5,937 ', ''),
(3, 151, 'MSCI新兴市场拉丁美洲NTR', '', '', '', '', '5,538 ', '', '', '', '', '', 'USD', '4,430', ''),
(3, 107, '京東集團', '', '', '', '', '18,768 \r\n', '', '', '', '', '', 'HKD', '15,014 ', ''),
(3, 111, '中國石油天然氣', '', '', '', '', '704 \r\n', '', '', '', '', '', 'HKD', '564 ', ''),
(3, 118, '安硕A50', '', '', '', '', '5,521 \r\n', '', '', '', '', '', 'HKD', '4,417 \r\n', ''),
(3, 120, '南方A50', '', '', '', '', '5,186\r\n', '', '', '', '', '', 'HKD', '4,149 ', ''),
(3, 135, 'MSCI菲律宾NTR指数', '', '', '', '', ' 1,802 \r\n', '', '', '', '', '', 'USD', ' 1,442 \r\n', ''),
(3, 136, 'MSCI新加坡NTR指数', '', '', '', '', ' 5,394 \r\n', '', '', '', '', '', 'USD', ' 4,315 \r\n', ''),
(3, 138, 'MSCI中国自由指数', '', '', '', '', ' 5,490 \r\n', '', '', '', '', '', 'USD', ' 4,392 \r\n', ''),
(3, 140, 'MSCI马来西亚指数', '', '', '', '', ' 559 \r\n', '', '', '', '', '', 'USD', ' 447 \r\n', ''),
(3, 143, 'MSCI新加坡自由净NTR', '', '', '', '', ' 4,852 \r\n', '', '', '', '', '', 'USD', ' 3,881 \r\n', ''),
(3, 146, 'MSCI新兴市场除中国NTR指数', '', '', '', '', ' 3,958 \r\n', '', '', '', '', '', 'USD', ' 3,166 \r\n', ''),
(3, 29, '小型纳斯达克100指数', '', '', '', '', '19,800', '', '', '', '', '', 'USD', '18,000', ''),
(1, 153, 'MSCI Pacific ex Japan Net Total Return (USD) Index', '', '', '', '', ' 4,596 \r\n', '', '', '', '', '', 'USD', ' 3,677 \r\n', ''),
(1, 157, 'Coffee C', '', '', '', '', '11,880', '', '', '', '', '', 'USD', '10,800', ''),
(1, 1, 'Corn', '', '', '', '', '3,300 ', '', '', '', '', '', 'USD', '3,000 ', ''),
(3, 6, '美豆油', '', '', '', '', '3,960 ', '', '', '', '', '', 'USD', '3,600 ', ''),
(3, 7, '美豆粕', '', '', '', '', '3,696 ', '', '', '', '', '', 'USD', '3,360 ', ''),
(3, 8, '粗米', '', '', '', '', '1,584 ', '', '', '', '', '', 'USD', '1,440 ', ''),
(3, 17, '加元', '', '', '', '', '1,584 ', '', '', '', '', '', 'USD', '1,440 ', ''),
(3, 68, '西班牙国债 BONO', '', '', '', '', '3,815 ', '', '', '', '', '', 'EUR', '3,815 ', ''),
(1, 46, 'Platinum', '', '', '', '', '4,066\r\n', '', '', '', '', '', 'USD', '3,696\r\n', ''),
(3, 51, '伦铝', '', '', '', '', '11,880', '', '', '', '', '', 'USD', '11,880', ''),
(1, 183, 'Crude Oil', '', '', '', '', '29%', '', '', '', '', '', 'CNY', '15%', ''),
(3, 64, '欧元德国2年国债 SCHATZ', '', '', '', '', '1,351 ', '', '', '', '', '', 'EUR', '1,351 ', ''),
(1, 76, 'Nifty 50 Index', '', '', '', '', '2,376 ', '', '', '', '', '', 'USD', '2,160 ', ''),
(1, 185, 'LSFO', '', '', '', '', '29% ', '', '', '', '', '', 'CNY', '15%', ''),
(3, 91, '澳元兑人民币', '', '', '', '', ' 17,450 \r\n', '', '', '', '', '', 'CNH', ' 13,960 \r\n', ''),
(3, 97, '汇丰控股', '', '', '', '', '2,537 ', '', '', '', '', '', 'HKD', '2,029 \r\n', ''),
(3, 101, '小米集团', '', '', '', '', '1,550 ', '', '', '', '', '', 'HKD', '1,240 ', ''),
(1, 113, 'China Communications Construction Company Limited', '', '', '', '', '278 \r\n', '', '', '', '', '', 'HKD', '223 ', ''),
(3, 116, '中國人壽保險', '', '', '', '', '917 \r\n', '', '', '', '', '', 'HKD', '733 \r\n', ''),
(3, 127, 'MSCI马来西亚净总回报', '', '', '', '', ' 1,898 \r\n', '', '', '', '', '', 'USD', ' 1,519 \r\n', ''),
(3, 137, 'MSCI越南NTR指数', '', '', '', '', ' 3,160 \r\n', '', '', '', '', '', 'USD', ' 2,528 \r\n', ''),
(3, 139, 'MSCI印度指数', '', '', '', '', ' 7,756 \r\n', '', '', '', '', '', 'USD', ' 6,204 \r\n', ''),
(1, 141, 'MSCI New Zealand Net Total Return (USD) Index', '', '', '', '', ' 5,027 \r\n', '', '', '', '', '', 'USD', ' 4,021 \r\n', ''),
(1, 149, 'MSCI EM Asia ex Korea Net Total Return (USD) Index', '', '', '', '', ' 5,617 \r\n', '', '', '', '', '', 'USD', ' 4,494 \r\n', ''),
(3, 150, 'MSCI新兴市场欧非中东NTR', '', '', '', '', ' 3,894 \r\n', '', '', '', '', '', 'USD', ' 3,115 \r\n', ''),
(1, 151, 'MSCI EM LatAm Net Total Return (USD) Index', '', '', '', '', '5,538 ', '', '', '', '', '', 'USD', '4,430', ''),
(1, 187, 'MSCI China A 50 Connect (USD) Index', '', '', '', '', '4,644 ', '', '', '', '', '', 'USD', '3,715 ', ''),
(3, 187, 'MSCI中国A50互联互通(美元)指数', '', '', '', '', '4,644 ', '', '', '', '', '', 'USD', '3,715 ', ''),
(3, 163, '汽油', '', '', '', '', '18,832\r\n', '', '', '', '', '', 'USD', '18,832\r\n', ''),
(3, 169, '棕榈油', '', '', '', '', '14,520 ', '', '', '', '', '', 'MYR', '14,520 ', ''),
(1, 54, 'Lead', '', '', '', '', '9,900 ', '', '', '', '', '', 'USD', '9,900 ', ''),
(3, 86, '小型恒生指数', '', '', '', '', '20,492 ', '', '', '', '', '', 'HKD', '16,394 ', ''),
(3, 110, '中國電信', '', '', '', '', '467 ', '', '', '', '', '', 'HKD', '373 ', ''),
(3, 156, '美棉', '', '', '', '', '4,620', '', '', '', '', '', 'USD', '4,200\r\n', ''),
(1, 160, 'Mini Brent Crude', '', '', '', '', '1,550\r\n', '', '', '', '', '', 'USD', '1,550\r\n', ''),
(1, 161, 'Mini US Dollar Index', '', '', '', '', '456 ', '', '', '', '', '', 'USD', '456 ', ''),
(3, 11, '5年美债', '', '', '', '', '2,178 ', '', '', '', '', '', 'USD', '1,980 ', ''),
(3, 12, '2年美债', '', '', '', '', '1,525 ', '', '', '', '', '', 'USD', '1,386 ', ''),
(3, 43, '热燃油', '', '', '', '', '17,518', '', '', '', '', '', 'USD', '15,925\r\n', ''),
(3, 34, '饲牛', '', '', '', '', ' 3,762 \r\n', '', '', '', '', '', 'USD', ' 3,420 \r\n', ''),
(3, 35, '活牛', '', '', '', '', '2,112', '', '', '', '', '', 'USD', '1,920', ''),
(3, 30, '小型罗素2000指数期货', '', '', '', '', '7,260', '', '', '', '', '', 'USD', '6,600', ''),
(1, 15, 'Australian Dollar', '', '', '', '', '2,376 ', '', '', '', '', '', 'USD', '2,160 ', ''),
(3, 115, '中銀香港', '', '', '', '', '1,100', '', '', '', '', '', 'HKD', '880 ', ''),
(1, 32, 'Micro E-mini Nasdaq-100 Index', '', '', '', '', '1,980\r\n', '', '', '', '', '', 'USD', '1,800\r\n', ''),
(1, 117, 'China Merchants Bank Co., Ltd.  ', '', '', '', '', '2,888 \r\n\r\n', '', '', '', '', '', 'HKD', '2,311 ', ''),
(3, 31, '微型标准普尔指数', '', '', '', '', '1,320', '', '', '', '', '', 'USD', '1,200\r\n', ''),
(3, 37, '美黄金', '', '', '', '', '8,276', '', '', '', '', '', 'USD', '7,524', ''),
(3, 38, '美白银', '', '', '', '', '12,342 ', '', '', '', '', '', 'USD', '11,220 ', ''),
(3, 41, '小型美白银', '', '', '', '', '6,171 ', '', '', '', '', '', 'USD', '5,610 ', ''),
(3, 45, '美钯金', '', '', '', '', '33,396', '', '', '', '', '', 'USD', '30,360', ''),
(1, 47, 'E-mini Natural Gas', '', '', '', '', '3,218 ', '', '', '', '', '', 'USD', '2,925 ', ''),
(3, 48, '小型美原油', '', '', '', '', '5,363 ', '', '', '', '', '', 'USD', '4,875 ', ''),
(1, 50, 'Brent Last Day Financial Futures', '', '', '', '', '10,725 ', '', '', '', '', '', 'USD', '9,750 ', ''),
(3, 53, '伦镍', '', '', '', '', '71,475', '', '', '', '', '', 'USD', '71,475', ''),
(3, 56, '伦锌', '', '', '', '', '18,315 ', '', '', '', '', '', 'USD', '18,315 ', ''),
(3, 57, '德国DAX', '', '', '', '', '41,977 ', '', '', '', '', '', 'EUR', '41,977 ', ''),
(3, 58, '迷你DAX指数', '', '', '', '', '8,395 ', '', '', '', '', '', 'EUR', '8,395 ', ''),
(3, 60, '瑞士指数', '', '', '', '', ' 10,764 \r\n', '', '', '', '', '', 'CHF', ' 10,764 \r\n', ''),
(3, 61, '欧洲恐慌指数', '', '', '', '', '657', '', '', '', '', '', 'EUR', '657', ''),
(3, 74, '美元兑人民币', '', '', '', '', '18,876 ', '', '', '', '', '', 'CNH', '17,160 ', ''),
(3, 78, 'TSR20橡胶', '', '', '', '', '528 \r\n', '', '', '', '', '', 'USD', '480 ', ''),
(3, 181, '小型美元兑人民币', '', '', '', '', '4,529 ', '', '', '', '', '', 'CNH', '3,623 ', ''),
(3, 83, 'H股指数', '', '', '', '', '40,777 ', '', '', '', '', '', 'HKD', '32,622 ', ''),
(3, 84, '恒生指数', '', '', '', '', '102,463 ', '', '', '', '', '', 'HKD', '81,971 ', ''),
(3, 85, '小型H股指数', '', '', '', '', '8,155 ', '', '', '', '', '', 'HKD', '6,524 ', ''),
(3, 94, '建设银行', '', '', '', '', '376 ', '', '', '', '', '', 'HKD', '300 \r\n', ''),
(3, 95, '中国移动', '', '', '', '', '2,075 ', '', '', '', '', '', 'HKD', '1,660 ', ''),
(1, 96, 'Hong Kong Exchanges and Clearing Limited', '', '', '', '', '3,734 ', '', '', '', '', '', 'HKD', '2,988 \r\n', ''),
(3, 98, '工商银行', '', '', '', '', '347 ', '', '', '', '', '', 'HKD', '277 ', ''),
(3, 99, '中国平安', '', '', '', '', '3,319 ', '', '', '', '', '', 'HKD', '2,655 ', ''),
(1, 103, 'Alibaba Group Holding Ltd.', '', '', '', '', '7,421 \r\n', '', '', '', '', '', 'HKD', '5,937 ', ''),
(3, 104, '中國鐵塔', '', '', '', '', '898 ', '', '', '', '', '', 'HKD', '718 ', ''),
(3, 105, '百威亞太', '', '', '', '', '2,441 \r\n', '', '', '', '', '', 'HKD', '1,953 ', ''),
(1, 107, 'JD.com, Inc.', '', '', '', '', '18,768 \r\n', '', '', '', '', '', 'HKD', '15,014 ', ''),
(3, 108, '網易', '', '', '', '', '9,432 ', '', '', '', '', '', 'HKD', '7,546 ', ''),
(3, 109, '中國石油化工', '', '', '', '', '566 ', '', '', '', '', '', 'HKD', '453 ', ''),
(1, 114, 'PICC Property and Casualty Company Limited', '', '', '', '', '1,492 ', '', '', '', '', '', 'HKD', '1,193 ', ''),
(3, 119, '华夏沪深300', '', '', '', '', '6,942 ', '', '', '', '', '', 'HKD', '5,554 ', ''),
(3, 128, 'MSCI台湾指数', '', '', '', '', '4,675 ', '', '', '', '', '', 'USD', '3,740 ', ''),
(1, 145, 'MSCI Vietnam (USD) Index', '', '', '', '', ' 1,756 \r\n', '', '', '', '', '', 'USD', ' 1,404 \r\n', ''),
(3, 159, '原糖11号', '', '', '', '', '1,331 \r\n', '', '', '', '', '', 'USD', '1,210 \r\n', ''),
(3, 160, '迷你布伦特原油', '', '', '', '', '1,550', '', '', '', '', '', 'USD', '1,550\r\n', ''),
(3, 162, '布伦特原油', '', '', '', '', '13,371', '', '', '', '', '', 'USD', '13,371', ''),
(3, 164, 'WTI原油', '', '', '', '', '14,300', '', '', '', '', '', 'USD', '14,300', ''),
(3, 175, '日本橡胶', '', '', '', '', '54,600 ', '', '', '', '', '', 'JPY', '54,600 ', ''),
(3, 179, 'TOPIX', '', '', '', '', '972,000', '', '', '', '', '', 'JPY', '972,000', '');

-- --------------------------------------------------------

--
-- 資料表結構 `tb_huatai_trading_desc`
--

CREATE TABLE IF NOT EXISTS `tb_huatai_trading_desc` (
  `language_id` int(11) NOT NULL DEFAULT '0',
  `trading_id` int(11) NOT NULL DEFAULT '0',
  `name` text CHARACTER SET utf8 COLLATE utf8_unicode_ci NOT NULL,
  `detail` text CHARACTER SET utf8 COLLATE utf8_unicode_ci NOT NULL,
  `url` text NOT NULL,
  `seo_desc` text NOT NULL,
  `seo_title` text NOT NULL,
  `detail2` text NOT NULL,
  `seo_h1` text NOT NULL,
  `detail3` text NOT NULL,
  `detail4` text NOT NULL,
  `detail5` text NOT NULL,
  `detail6` text NOT NULL,
  `detail1` text NOT NULL,
  `detail7` text NOT NULL,
  `detail8` text NOT NULL
) ENGINE=MyISAM DEFAULT CHARSET=utf8;

--
-- 資料表的匯出資料 `tb_huatai_trading_desc`
--

INSERT INTO `tb_huatai_trading_desc` (`language_id`, `trading_id`, `name`, `detail`, `url`, `seo_desc`, `seo_title`, `detail2`, `seo_h1`, `detail3`, `detail4`, `detail5`, `detail6`, `detail1`, `detail7`, `detail8`) VALUES
(1, 1, 'Corn', '', '', '', '', '1/4 of one cent (0.0025)', '', '50cents, 75cents', '08:00-20:45, 21:30-02:20*\r\n(20:45-21:30 Trading Suspended)', '3, 5, 7, 9, 12', 'Deliverable', '5,000 bushels', 'USD', '12.50'),
(3, 1, '美玉米', '', '', '', '', '0.25美分', '', '50美分, 75美分', '08:00-20:45, 21:30-02:20*\r\n(20:45-21:30 暂停交易)', '3, 5, 7, 9, 12', '实物', '5,000蒲式耳', 'USD', '12.50'),
(3, 2, '美麦', '', '', '', '', '0.25美分', '', '70美分, 105美分', '08:00-20:45, 21:30-02:20*\r\n(20:45-21:30 暂停交易)', '3, 5, 7, 9, 12', '实物', '5,000蒲式耳', 'USD', '12.50'),
(1, 3, 'Oats', '', '', '', '', '0.25 of one cent (0.0025)', '', '45cents, 70cents', '08:00-20:45, 21:30-02:20*\r\n(20:45-21:30 Trading Suspended)', '3, 5, 7, 9, 12', 'Deliverable', '5,000 bushels', 'USD', '12.50'),
(3, 3, '燕麦', '', '', '', '', '0.25美分', '', '45美分, 70美分', '08:00-20:45, 21:30-02:20*\r\n(20:45-21:30 暂停交易)', '3, 5, 7, 9, 12', '实物', '5,000蒲式耳', 'USD', '12.50'),
(3, 4, '美豆', '', '', '', '', '0.25美分 ', '', '1.15美元, 1.75美元', '08:00-20:45, 21:30-02:20*\r\n(20:45-21:30 暂停交易)', '1, 3, 5, 7, 8, 9, 11', '实物', '5,000蒲式耳', 'USD', '12.50'),
(1, 5, 'KC HRW Wheat', '', '', '', '', '1/4 of one cent (0.0025)', '', '70 cents, 105 cents', '08:00-20:45, 21:30-02:20*\r\n(20:45-21:30 Trading Suspended)', '3, 5, 7, 9, 12', 'Deliverable', '5,000 bushels', 'USD', '12.50'),
(3, 5, 'KS 小麦 ', '', '', '', '', '0.25美分 ', '', '70美分, 105美分', '08:00-20:45, 21:30-02:20*\r\n(20:45-21:30 暂停交易)', '3, 5, 7, 9, 12', '实物', '5,000蒲式耳 ', 'USD', '12.50'),
(3, 6, '美豆油', '', '', '', '', '0.01美分', '', '5美分, 7.5美分', '08:00-20:45, 21:30-02:20*\r\n(20:45-21:30 暂停交易)', '1, 3, 5, 7, 8, 9, 10, 12', '实物', '60,000磅', 'USD', '6.00 '),
(1, 6, 'Soybean Oil', '', '', '', '', '0.01 cent', '', '5 cents, 7.5 cents', '08:00-20:45, 21:30-02:20*\r\n(20:45-21:30 Trading Suspended)', '1, 3, 5, 7, 8, 9, 10, 12', 'Deliverable', '60,000 pounds', 'USD', '6.00 '),
(1, 7, 'Soybean Meal', '', '', '', '', '0.1', '', '30USD, 45USD', '08:00-20:45, 21:30-02:20*\r\n(20:45-21:30 Trading Suspended)', '1, 3, 5, 7, 8, 9, 10, 12', 'Deliverable', '100 short tons ', 'USD', '10.00'),
(3, 7, '美豆粕', '', '', '', '', '0.1', '', '30美元, 45美元', '08:00-20:45, 21:30-02:20*\r\n(20:45-21:30 暂停交易)', '1, 3, 5, 7, 8, 9, 10, 12', '实物', '100短吨 ', 'USD', '10.00'),
(1, 8, 'Rough Rice', '', '', '', '', '0.005 ', '', '1.10USD, 1.65USD', '21:30-02:20*', '1, 3, 5, 7, 9, 11', 'Deliverable', '2,000 hundredweights (cwt)', 'USD', '10.00'),
(3, 8, '粗米', '', '', '', '', '0.005 ', '', '1.10美元, 1.65美元', '21:30-02:20*', '1, 3, 5, 7, 9, 11', '实物', '2,000英担', 'USD', '10.00'),
(1, 9, 'U.S. Treasury Bond', '', '', '', '', '1/32', '', '450bp', '06:00-05:00*', '3, 6, 9, 12', 'Deliberable', '100,000USD', 'USD', '31.25'),
(3, 9, '长期美债', '', '', '', '', '1/32', '', '450点子动态熔断', '06:00-05:00*', '3, 6, 9, 12', '实物', '100,000美元', 'USD', '31.25'),
(1, 10, '10-Year T-Note', '', '', '', '', '0.5/32', '', '200bp', '06:00-05:00*', '3, 6, 9, 12', 'Deliverable', '100,000USD', 'USD', '15.625'),
(3, 10, '10年美债', '', '', '', '', '0.5/32', '', '200点子动态熔断', '06:00-05:00*', '3, 6, 9, 12', '实物', '100,000美元', 'USD', '15.625'),
(1, 11, '5-Year T-Note', '', '', '', '', '0.25/32', '', '150bp', '06:00-05:00*', '3, 6, 9, 12', 'Deliverable', '100,000USD', 'USD', '7.8125 '),
(3, 11, '5年美债', '', '', '', '', '0.25/32', '', '150点子动态熔断', '06:00-05:00*', '3, 6, 9, 12', '实物', '100,000美元', 'USD', '7.8125 '),
(1, 12, '2-Year T-Note', '', '', '', '', '0.125/32', '', '75bp', '06:00-05:00* ', '3, 6, 9, 12', 'Deliverable', '200,000USD', 'USD', '7.8125'),
(3, 12, '2年美债', '', '', '', '', '0.125/32', '', '75点子动态熔断', '06:00-05:00* ', '3, 6, 9, 12', '实物', '200,000美元', 'USD', '7.8125'),
(1, 13, 'E-mini Dow ($5)', '', '', '', '', '1', '', '- 7%,13%, 20%\r\n(06:00-21:30 +-7%）', '06:00-04:15*, 04:30*-05:00*\r\n(04:15*-04:30* Trading Suspended)', '3, 6, 9, 12 ', 'Financially Settled', '5USD*Index', 'USD', '5.00'),
(3, 13, '小型道琼斯指数', '', '', '', '', '1', '', '下跌 7%,13%, 20% (06:00-21:30 涨跌7%)', '06:00-04:15*, 04:30*-05:00*\r\n(04:15*-04:30* 暂停交易)', '3, 6, 9, 12 ', '现金', '5美元*指数', 'USD', '5.00'),
(1, 14, 'Micro E-mini Dow Jones Industrial Average Index', '', '', '', '', '1', '', '- 7%,13%, 20%\r\n(06:00-21:30 +-7%）', '06:00-04:15*, 04:30*-05:00*\r\n(04:15*-04:30* Trading Suspended)', '3, 6, 9, 12 ', 'Deliverable', '0.5USD*Index', 'USD', '0.50'),
(3, 14, '微型道琼斯指数', '', '', '', '', '1', '', '下跌 7%,13%, 20% (06:00-21:30 涨跌7%)', '06:00-04:15*, 04:30*-05:00*\r\n(04:15*-04:30* 暂停交易)', '3, 6, 9, 12 ', '现金', '0.5美元*指数 ', 'USD', '0.50'),
(1, 15, 'Australian Dollar', '', '', '', '', '0.00005', '', '4000,8000,12000,16000bp, infinitely', '06:00-05:00*', '3, 6, 9, 12', 'Deliverable', '100,000Australian Dollar', 'USD ', '5.00'),
(3, 15, '澳元', '', '', '', '', '0.00005', '', '4000,8000,12000,16000点子,无限制', '06:00-05:00*', '3, 6, 9, 12', '实物', '100,000澳元', 'USD ', '5.00'),
(1, 16, 'Canadian Dollar', '', '', '', '', '0.00005', '', '400,800,1200,1600bp', '06:00-05:00*', '3, 6, 9, 12', 'Deliverable', '100,000Canadian Dollar', 'USD', '5.00'),
(3, 16, '加元', '', '', '', '', '0.00005', '', '400,800,1200,1600点子', '06:00-05:00*', '3, 6, 9, 12', '实物', '100,000加元', 'USD', '5.00'),
(1, 17, 'Euro FX', '', '', '', '', '0.00005', '', '400,800,1200,1600bp', '06:00-05:00*', '3, 6, 9, 12', 'Deliverable', '125,000Euro', 'USD', '6.25'),
(3, 17, '欧元 ', '', '', '', '', '0.00005', '', '400,800,1200,1600点子', '06:00-05:00*', '3, 6, 9, 12', '实物', '125,000欧元', 'USD', '6.25'),
(1, 18, 'British Pound', '', '', '', '', '0.0001 ', '', '400,800,1200,1600bp', '06:00-05:00*', '3, 6, 9, 12', 'Deliverable', '62,500British Pound', 'USD', '6.25'),
(3, 18, '英镑 ', '', '', '', '', '0.0001 ', '', '400,800,1200,1600点子', '06:00-05:00*', '3, 6, 9, 12', '实物', '62,500英镑', 'USD', '6.25'),
(1, 19, 'Japanese Yen', '', '', '', '', '0.0000005', '', '400,800,1200,1600bp', '06:00-05:00*', '3, 6, 9, 12', 'Deliverable', '12,500,000Japanese Yen', 'USD', '6.25'),
(3, 19, '日元 ', '', '', '', '', '0.0000005', '', '400,800,1200,1600点子', '06:00-05:00*', '3, 6, 9, 12', '实物', '12,500,000日元', 'USD', '6.25'),
(1, 20, 'New Zealand Dollar', '', '', '', '', '0.00005', '', '400,800,1200,1600bp', '06:00-05:00*', '3, 6, 9, 12', 'Deliverable', '100,000New Zealand Dollar', 'USD', '5.00'),
(3, 20, '纽元', '', '', '', '', '0.00005', '', '400,800,1200,1600点子', '06:00-05:00*', '3, 6, 9, 12', '实物', '100,000纽元 ', 'USD', '5.00'),
(1, 21, 'Swiss Franc', '', '', '', '', '0.0001', '', '400,800,1200,1600bp', '06:00-05:00*', '3, 6, 9, 12', 'Deliverable', '125,000Swiss Franc', 'USD', '12.50'),
(3, 21, '瑞士法郎', '', '', '', '', '0.0001', '', '400,800,1200,1600点子', '06:00-05:00*', '3, 6, 9, 12', '实物', '125,000瑞士法郎', 'USD', '12.50'),
(3, 22, '巴西雷亚尔 ', '', '', '', '', '0.00005', '', '200,400,600,800点子', '06:00-05:00*', '连续60个月', '现金', '100,000巴西雷亚尔 ', 'USD', '5.00'),
(1, 22, 'Brazilian Real', '', '', '', '', '0.00005', '', '200,400,600,800bp', '06:00-05:00*', '60 Consecutive Months', 'Financially Settled', '100,000Brazilian Real', 'USD', '5.00'),
(3, 23, '墨西哥比绍', '', '', '', '', '0.00001', '', '4000,8000,12000,16000点子 ', '06:00-05:00*', '连续的13个日历月加上所在月份后面的两个3月份的季月', '实物', '500,000墨西哥比绍 ', 'USD', '5.00'),
(1, 23, 'Mexican Peso', '', '', '', '', '0.00001', '', '4000,8000,12000,16000bp', '06:00-05:00*', 'Thirteen consecutive calendar months plus 2 deferred March quarterly cycle contract months', 'Deliverable', '500,000Mexican Peso', 'USD', '5.00'),
(1, 24, 'Standard-Size USD/Offshore RMB (CNH)', '', '', '', '', '0.0001 ', '', '3000,6000,9000,12000bp', '06:00-05:00*', 'Thirteen consecutive calendar months plus 2 deferred March quarterly cycle contract months', 'Financially Settled', '100,000USD', 'CNH', '10.00'),
(3, 24, '美元/离岸人民币', '', '', '', '', '0.0001 ', '', '3000,6000,9000,12000点子', '06:00-05:00*', '连续的13个日历月加上所在月份后面的两个3月份的季月', '现金', '100,000美元', 'CNH', '10.00'),
(1, 25, 'Eurodollar', '', '', '', '', '0.005 ', '', 'ETH: 50,100,150,200bp\r\nRTH: 150,200,250,300bp ', '06:00-05:00*', 'Nearest 40 months (i.e., 10 years) in the March Quarterly cycle (Mar, Jun, Sep, Dec) plus the nearest 4 “serial” months not in the March Quarterly cycle. The new March Quarterly contract month for delivery 10 years hence is listed on the expiration day of the nearby quarterly contract month. ', 'Financially Settled', '1,000,000USD', 'USD', '12.50'),
(3, 25, '欧洲美元', '', '', '', '', '0.005 ', '', 'ETH: 50,100,150,200点子\r\nRTH: 150,200,250,300点子 ', '06:00-05:00*', '10年内的季月(3, 6, 9, 12), 加上最近4个连月(不包季月）', '现金', '1,000,000美元 ', 'USD', '12.50'),
(3, 26, '日经指数(USD)', '', '', '', '', '5', '', '8%, 12%, 16%', '06:00-05:00*', '以3月季度周期的四个月（3月、6月、9月、12月） ', '现金', '5美元*指数 ', 'USD ', '25.00'),
(1, 26, 'Nikkei/USD', '', '', '', '', '5', '', '8%, 12%, 16%', '06:00-05:00*', 'Quarterly contracts (Mar, Jun, Sep, Dec) listed for 12 quarters, and 3 additional Dec contract months', 'Financially Settled', '5USD*Index', 'USD ', '25.00'),
(1, 27, 'Nikkei/Yen', '', '', '', '', '5', '', '8%, 12%, 16%', '06:00-05:00*', 'Quarterly contracts (Mar, Jun, Sep, Dec) listed for 12 quarters, serial contract listed for 3 months, and 3 additional Dec contract months', 'Financially Settled', '500Yen*Index', 'JPY', '2500.00'),
(3, 27, '日经指数(JPY)', '', '', '', '', '5', '', '8%, 12%, 16%', '06:00-05:00*', '3月季月周期（3月、6月、9月、12月）的12个月以及3个序列月 ', '现金', '500日元*指数', 'JPY', '2500.00'),
(1, 28, 'E-mini S&P 500', '', '', '', '', '0.25', '', '- 7%,13%, 20%\r\n (06:00-21:30 +-5%）', '06:00-05:00*\r\n(04:15*-04:30*Trading Suspended) ', '3, 6, 9, 12', 'Financially Settled', '50USD*Index', 'USD ', '12.50'),
(3, 28, '小型标准普尔500指数 ', '', '', '', '', '0.25', '', '下跌 7%,13%, 20%\r\n (06:00-21:30 涨跌5%）', '06:00-05:00*\r\n(04:15*-04:30*暂停交易) ', '3, 6, 9, 12', '现金', '50美元*指数 ', 'USD ', '12.50'),
(1, 29, 'E-mini Nasdaq-100', '', '', '', '', '0.25', '', '- 7%,13%, 20%\r\n (06:00-21:30 +-5%）', '06:00-05:00*\r\n(04:15*-04:30*Trading Suspended) ', '3, 6, 9, 12 ', 'Financially Settled', '20USD*Index', 'USD', '5.00'),
(3, 29, '小型纳斯达克100指数', '', '', '', '', '0.25', '', '下跌 7%,13%, 20%\r\n (06:00-21:30 涨跌5%）', '06:00-05:00*\r\n(04:15*-04:30*暂停交易) ', '3, 6, 9, 12 ', '现金', '20美元*指数', 'USD', '5.00'),
(1, 30, 'E-mini Russell 2000 Index', '', '', '', '', '0.1', '', '- 7%,13%, 20%\r\n (06:00-21:30 +-5%）', '06:00-05:00*\r\n(04:15*-04:30*Trading Suspended) ', '3, 6, 9, 12', 'Deliverable', '5USD Point* Index', 'USD', '5.00'),
(3, 30, '小型罗素2000指数期货', '', '', '', '', '0.1', '', '下跌 7%,13%, 20%\r\n (06:00-21:30 涨跌5%）', '06:00-05:00*\r\n(04:15*-04:30*暂停交易) ', '3, 6, 9, 12', '现金', '5美元点*指数', 'USD', '5.00'),
(1, 31, 'Micro E-mini S&P 500 Index', '', '', '', '', '0.25 ', '', '- 7%,13%, 20%\r\n (06:00-21:30 +-5%）', '06:00-05:00*\r\n(04:15*-04:30*Trading Suspended)', '3, 6, 9, 12', 'Financially Settled', '5USD*Index', 'USD', '1.25'),
(3, 31, '微型标准普尔500指数', '', '', '', '', '0.25 ', '', '下跌 7%,13%, 20%\r\n (06:00-21:30 涨跌5%）', '06:00-05:00*\r\n(04:15*-04:30*暂停交易)', '3, 6, 9, 12', '现金', '5美元*指数', 'USD', '1.25'),
(1, 32, 'Micro E-mini Nasdaq-100 Index', '', '', '', '', '0.25', '', '- 7%,13%, 20%\r\n (06:00-21:30 +-5%）', '06:00-05:00*\r\n(04:15*-04:30*Trading Suspended) ', '3, 6, 9, 12', 'Deliverable', '2USD* Index', 'USD', '0.50'),
(3, 32, '微型纳斯达克100指数', '', '', '', '', '0.25', '', '下跌 7%,13%, 20%\r\n (06:00-21:30 涨跌5%）', '06:00-05:00*\r\n(04:15*-04:30*暂停交易) ', '3, 6, 9, 12', '现金', '2美元*指数', 'USD', '0.50'),
(1, 33, 'Micro E-mini Russell 2000 Index', '', '', '', '', '0.1', '', '- 7%,13%, 20%\r\n (06:00-21:30 +-5%）', '06:00-05:00*\r\n(04:15*-04:30*Trading Suspended)', '3, 6, 9, 12', 'Financially Settled', '5USD*Index', 'USD', '0.50'),
(3, 33, '微型罗素2000指数期货', '', '', '', '', '0.1', '', '下跌 7%,13%, 20%\r\n (06:00-21:30 涨跌5%）', '06:00-05:00*\r\n(04:15*-04:30*暂停交易)', '3, 6, 9, 12', '现金', '5美元*指数', 'USD', '0.50'),
(1, 34, 'Feeder Cattle', '', '', '', '', '0.025cents', '', '4.5cents, 6.75cents', '21:30-02:05*', '1, 3, 4, 5, 8, 9, 10, 11', 'Financially Settled', '50,000Pounds', 'USD', '12.50'),
(3, 34, '饲牛', '', '', '', '', '0.025美分', '', '4.5美分, 6.75美分', '21:30-02:05*', '1, 3, 4, 5, 8, 9, 10, 11', '现金', '50,000磅', 'USD', '12.50'),
(1, 35, 'Live Cattle', '', '', '', '', '0.025cents', '', '4.5cents', '21:30-02:05*', '2, 4, 6, 8, 10, 12 ', 'Deliverable', '40,000pounds', 'USD', '10.00'),
(3, 35, '活牛', '', '', '', '', '0.025美分', '', '4.5美分', '21:30-02:05*', '2, 4, 6, 8, 10, 12 ', '实物', '40,000磅', 'USD', '10.00'),
(1, 42, 'Crude Oil', '', '', '', '', '0.01', '', '15% dynamic price limits and circuit breakers\r\nPlease refer to Exchange Notices', '06:00-05:00*', 'Monthly contracts listed for the current year and the next 10 calendar years and 2 additional contract months. List monthly contracts for a new calendar year and 2 additional contract months following the termination of trading in the December contract of the current year.', 'Deliverable', '1,000 barrels', 'USD', '10.00'),
(1, 36, 'Lean Hog', '', '', '', '', '0.025cents', '', '3.75cents, 5.5cents', '21:30-02:05*', '2, 4, 5, 6, 7, 8, 10, 12 ', 'Financially Settled', '40,000pounds', 'USD', '10.00'),
(3, 36, '生猪', '', '', '', '', '0.025美分', '', '3.75美分, 5.5美分', '21:30-02:05*', '2, 4, 5, 6, 7, 8, 10, 12 ', '现金', '40,000磅', 'USD', '10.00'),
(1, 37, 'Gold', '', '', '', '', '0.1', '', '10% dynamic price limits and circuit breakers\r\nPlease refer to Exchange Notices', '06:00-05:00*', 'Monthly contracts listed for 3 consecutive months, any Feb, Apr, Aug, Oct in the nearest 23 months and any Jun and Dec in the nearest 72 months', 'Deliverable', '100 troy ounces', 'USD', '10.00'),
(3, 37, '美黄金', '', '', '', '', '0.1', '', '10% 动态熔断 (详情依交易所公告) ', '06:00-05:00*', '近月连续3个月+双数月份 2,4,6,8,10,12', '实物', '100金衡制盎司', 'USD', '10.00'),
(1, 38, 'Silver', '', '', '', '', '0.005', '', '10% dynamic price limits and circuit breakers\r\nPlease refer to Exchange Notices', '06:00-05:00*', 'Monthly contracts listed for 3 consecutive months and any Jan, Mar, May, and Sep in the nearest 23 months and any Jul and Dec in the nearest 60 months', 'Deliverable', '5,000troy ounces', 'USD', '25.00 '),
(3, 38, '美白银', '', '', '', '', '0.005', '', '10% 动态熔断 (详情依交易所公告)', '06:00-05:00*', '近月连续3个月+5个期货月 3,5,7,9,12', '实物', '5,000金衡制盎司', 'USD', '25.00 '),
(1, 39, 'Copper', '', '', '', '', '0.0005', '', '10% dynamic price limits and circuit breakers\r\nPlease refer to Exchange Notices', '06:00-05:00*', 'Monthly contracts listed for 24 consecutive months and any March, May, July, September, and December in the nearest 63 months.', 'Deliverable', '25,000 pounds', 'USD', '12.50'),
(3, 39, '美铜', '', '', '', '', '0.0005', '', '10% 动态熔断 (详情依交易所公告)', '06:00-05:00*', '即月及其后23个月内任何月份', '实物', '25,000磅', 'USD', '12.50'),
(1, 40, 'E-mini Gold', '', '', '', '', '0.25', '', '10% dynamic price limits and circuit breakers\r\nPlease refer to Exchange Notices', '06:00-05:00*', '2, 4, 6, 8 , 10, 12', 'Financially Settled', '50 troy ounces', 'USD', '12.50'),
(3, 40, '小型美黄金', '', '', '', '', '0.25', '', '10% 动态熔断 (详情依交易所公告)', '06:00-05:00*', '2, 4, 6, 8 , 10, 12', '现金', '50金衡制盎司', 'USD', '12.50'),
(1, 41, 'E-mini Silver', '', '', '', '', '0.0125 ', '', '10% dynamic price limits and circuit breakers\r\nPlease refer to Exchange Notices', '06:00-05:00*', '1, 3, 5, 7, 9 , 12', 'Financially Settled', '2,500troy ounces', 'USD ', '31.25'),
(3, 41, '小型美白银', '', '', '', '', '0.0125 ', '', '10% 动态熔断 (详情依交易所公告)', '06:00-05:00*', '1, 3, 5, 7, 9 , 12', '现金', '2,500金衡制盎司', 'USD ', '31.25'),
(3, 42, '美原油', '', '', '', '', '0.01', '', '15% 动态熔断 (详情依交易所公告)', '06:00-05:00*', '最近72个月 ', '实物', '1,000桶', 'USD', '10.00'),
(1, 43, 'NY Harbor ULSD', '', '', '', '', '0.0001', '', '15% dynamic price limits and circuit breakers\r\nPlease refer to Exchange Notices', '06:00-05:00*', 'Monthly contracts listed for the current year and the next 3 calendar years and 1 additional month. List monthly contracts for a new calendar year and 1 additional month following the termination of trading in the December contract of the current year.', 'Deliverable', '42,000 gallons', 'USD', '4.20'),
(3, 43, '热燃油', '', '', '', '', '0.0001', '', '15% 动态熔断 (详情依交易所公告)', '06:00-05:00*', '最近38个月', '实物', '42,000加仑', 'USD', '4.20'),
(1, 44, 'Henry Hub Natural Gas', '', '', '', '', '0.001', '', '15% dynamic price limits and circuit breakers\r\nPlease refer to Exchange Notices', '06:00-05:00*', 'Monthly contracts listed for the current year and the next 12 calendar years. Add monthly contracts for a new calendar year following the termination of trading in the December contract of the current year.', 'Deliverable', '10,000mmBtu', 'USD', '10.00'),
(3, 44, '天然气', '', '', '', '', '0.001', '', '15% 动态熔断 (详情依交易所公告)', '06:00-05:00*', '最近144个月', '实物', '10,000mmBtu', 'USD', '10.00'),
(1, 45, 'Palladium', '', '', '', '', '0.5', '', '10% dynamic price limits and circuit breakers\r\nPlease refer to Exchange Notices', '06:00-05:00*', 'Monthly contracts listed for 3 consecutive months and  quarterly contracts (Mar, Jun, Sep, Dec) listed for 15 months.', 'Deliverable', '100 troy ounces', 'USD', '50.00'),
(3, 45, '美钯金', '', '', '', '', '0.5', '', '10% 动态熔断 (详情依交易所公告)', '06:00-05:00*', '最近3个月,及15个月之内的季月', '实物', '100金衡制盎司', 'USD', '50.00'),
(1, 46, 'E-mini Natural Gas', '', '', '', '', '0.005 ', '', '15% dynamic price limits and circuit breakers\r\nPlease refer to Exchange Notices', '06:00-05:00*', 'The listed months will include the remaining months in the current year and the next five (5) years. ', 'Financially Settled', '2,500mmBtu', 'USD ', '12.50 '),
(3, 46, '小型天然气 ', '', '', '', '', '0.005 ', '', '15% 动态熔断 (详情依交易所公告)', '06:00-05:00*', '今年剩下月份及即将到来的3年', '现金', '2,500mmBtu', 'USD ', '12.50 '),
(1, 47, 'E-mini Crude Oil', '', '', '', '', '0.025', '', '15% dynamic price limits and circuit breakers\r\nPlease refer to Exchange Notices', '06:00-05:00*', 'Monthly contracts listed for the current year and the next 5 calendar years. List monthly contracts for a new calendar year following the termination of trading in the December contract of the current year.', 'Financially Settled', '500 barrels', 'USD', '12.50 '),
(3, 47, '小型美原油', '', '', '', '', '0.025', '', '15% 动态熔断 (详情依交易所公告) ', '06:00-05:00*', '最近61个月', '现金', '500桶', 'USD', '12.50 '),
(1, 48, 'RBOB Gasoline', '', '', '', '', '0.01 ', '', '15% dynamic price limits and circuit breakers\r\nPlease refer to Exchange Notices', '06:00-05:00*', 'Monthly contracts listed for the current year and the next 3 calendar years and 1 additional month. ', 'Deliverable', '42,000 gallons', 'USD', '4.20'),
(3, 48, '无铅汽油', '', '', '', '', '0.01 ', '', '15% 动态熔断 (详情依交易所公告)', '06:00-05:00*', '最近38个月', '实物', '42,000加仑', 'USD', '4.20'),
(1, 49, 'Brent Last Day Financial Futures', '', '', '', '', '0.01', '', '15% dynamic price limits and circuit breakers\r\nPlease refer to Exchange Notices', '06:00-05:00*', 'Monthly contracts listed for the current year and the next 7 calendar years and 3 additional contract months. ', 'Financially Settled', '1,000 barrels', 'USD', '10.00'),
(3, 49, '布伦特原油最后结算', '', '', '', '', '0.01', '', '15% 动态熔断 (详情依交易所公告) ', '06:00-05:00*', '今年剩下月份及即将到来的7年', '现金', '1,000桶', 'USD', '10.00'),
(1, 50, 'USD/CNH', '', '', '', '', '0.0001', '', 'N.A.', '08:30-16:30,17:15-03:00*', 'Spot month, the next three calendar months and the next six calendar quarter months', 'Deliverable', '100,000USD', 'CNH', '10.00 '),
(3, 50, '美元兑人民币 ', '', '', '', '', '0.0001', '', 'N.A.', '08:30-16:30,17:15-03:00*', '即月,下三个历月及之后六个季月', '实物', '100,000美元', 'CNH', '10.00 '),
(1, 51, 'Hang Seng TECH Index', '', '', '', '', '1', '', 'N.A.', '09:15-12:00,13:00-16:30,\r\n17:15-03:00*', 'Spot, next calendar month & following 2 quarterly months', 'Financially Settled', '50HKD*Index', 'HKD', '50.00'),
(3, 51, '恒生科技指數', '', '', '', '', '1', '', 'N.A.', '09:15-12:00,13:00-16:30,\r\n17:15-03:00*', '现月、下月及之后两个季月', '现金', '50港元*指数', 'HKD', '50.00'),
(1, 52, 'Hang Seng China Enterprises Index ', '', '', '', '', '1', '', 'Applicable for futures for the upcoming two months\r\nWhen the transaction touches of ±5% of the reference price 5 minutes ago, it will enter the cooling-off period. The cooling-off period of 5 minutes is limited to trading within ±5% of the reference price, and then returns to normal.', '09:15-12:00,13:00-16:30,\r\n17:15-03:00*', 'Spot month, next calendar month, & next two calendar quarter months', 'Financially Settled', '50HKD*Index', 'HKD', '50.00'),
(3, 52, 'H股指数', '', '', '', '', '1', '', '适用期货近两个月份\r\n当成交触及5分钟前参考价之±5％价位时即进入冷静期, 冷静期5分钟限于该参考价±5％价位内交易, 其后恢复正常。', '09:15-12:00,13:00-16:30,\r\n17:15-03:00*', '现月、下月及之后两个季月', '现金', '50港元*指数', 'HKD', '50.00'),
(1, 53, 'Hang Seng Index', '', '', '', '', '1', '', 'Applicable for futures for the upcoming two months\r\nWhen the transaction touches of ±5% of the reference price 5 minutes ago, it will enter the cooling-off period. The cooling-off period of 5 minutes is limited to trading within ±5% of the reference price, and then returns to normal.', '09:15-12:00,13:00-16:30,\r\n17:15-03:00*', 'Spot month, next calendar month, & next two calendar quarter months', 'Financially Settled', '50HKD*Index', 'HKD', '50.00'),
(3, 53, '恒生指数 ', '', '', '', '', '1', '', '适用期货近两个月份\r\n当成交触及5分钟前参考价之±5％价位时即进入冷静期, 冷静期5分钟限于该参考价±5％价位内交易, 其后恢复正常。', '09:15-12:00,13:00-16:30,\r\n17:15-03:00*', '现月、下月及之后两个季月', '现金', '50港元*指数', 'HKD', '50.00'),
(1, 54, 'Mini Hang Seng China Enterprises Index', '', '', '', '', '1', '', 'Applicable for futures for the upcoming two months\r\nWhen the transaction touches of ±5% of the reference price 5 minutes ago, it will enter the cooling-off period. The cooling-off period of 5 minutes is limited to trading within ±5% of the reference price, and then returns to normal.', '09:15-12:00,13:00-16:30,\r\n17:15-03:00*', 'Spot month, next calendar month, & next two calendar quarter months', 'Financially Settled', '10HKD*Index', 'HKD', '10.00'),
(3, 54, '小型H股指数', '', '', '', '', '1', '', '适用期货近两个月份\r\n当成交触及5分钟前参考价之±5％价位时即进入冷静期, 冷静期5分钟限于该参考价±5％价位内交易, 其后恢复正常。', '09:15-12:00,13:00-16:30,\r\n17:15-03:00*', '现月、下月及之后两个季月', '现金', '10港元*指数', 'HKD', '10.00'),
(1, 55, 'Mini Hang Seng Index', '', '', '', '', '1', '', 'Applicable for futures for the upcoming two months\r\nWhen the transaction touches of ±5% of the reference price 5 minutes ago, it will enter the cooling-off period. The cooling-off period of 5 minutes is limited to trading within ±5% of the reference price, and then returns to normal.', '09:15-12:00,13:00-16:30,\r\n17:15-03:00*', 'Spot month, next calendar month, & next two calendar quarter months', 'Financially Settled', '10HKD*Index', 'HKD', '10.00'),
(3, 55, '小型恒生指数', '', '', '', '', '1', '', '适用期货近两个月份\r\n当成交触及5分钟前参考价之±5％价位时即进入冷静期, 冷静期5分钟限于该参考价±5％价位内交易, 其后恢复正常。', '09:15-12:00,13:00-16:30,\r\n17:15-03:00*', '现月、下月及之后两个季月', '现金', '10港元*指数', 'HKD', '10.00'),
(1, 56, 'TSI Iron Ore Fines 62% Fe CFR China Index (Monthly Contract)', '', '', '', '', '0.01 ', '', 'N.A.', 'Trading Hours (Hong Kong Time): 9:00 a.m. to 4:30 p.m. (day trading session) and 5:15 p.m. to 3:00 a.m. (after-hours trading session)\r\nTrading Hours on Last Trading Day (Hong Kong Time): 9:00 a.m. – 4:30 p.m. (day trading session) and 5:15 p.m. – 6:30 p.m. (after-hours trading session)', 'Spot Month and the next 23 calendar months', 'Financially Settled', '100ton', 'USD', '1.00'),
(3, 56, '中国铁矿石62%铁粉指数月合约 ', '', '', '', '', '0.01 ', '', 'N.A.', '09:00-16:30,17:15-03:00*\r\n(到期合约月份在最后交易日下午6时30分停止交易)', '现货月及后续23个历月', '现金', '100吨', 'USD', '1.00'),
(1, 57, 'TSI Iron Ore Fines 62% Fe CFR China Index (Quarterly Contract)', '', '', '', '', '0.01', '', 'N.A.', 'Trading Hours (Hong Kong Time): 9:00 a.m. to 4:30 p.m. (day trading session) and 5:15 p.m. to 3:00 a.m. (after-hours trading session)\r\nTrading Hours on Last Trading Day (Hong Kong Time): 9:00 a.m. – 4:30 p.m. (day trading session) and 5:15 p.m. – 6:30 p.m. (after-hours trading session)', 'Spot Quarter and the next seven calendar quarters (i.e. calendar quarters are January to March, April to June, July to September and October to December)', 'Financially Settled', '100ton', 'USD', '1.00'),
(3, 57, '中国铁矿石62%铁粉指数季合约 ', '', '', '', '', '0.01', '', 'N.A.', '09:00-16:30,17:15-03:00*\r\n(到期合约月份在最后交易日下午6时30分停止交易)', '现货季及后续7个历季(历季指1月至3月, 4月至6月, 7月至9月及10月至12月)', '现金', '100吨', 'USD', '1.00'),
(1, 58, 'EUR/CHN', '', '', '', '', '0.0001', '', 'N.A', '08:30-16:30,17:15-03:00*', 'Spot month, next calendar month, & next two calendar quarter months', 'Financially Settled', '50,000Euro', 'CNH ', '5.00'),
(3, 58, '欧元兑人民币 ', '', '', '', '', '0.0001', '', 'N.A', '08:30-16:30,17:15-03:00*', '即月、下一个历月及之后两个季月', '现金', '50,000欧元', 'CNH ', '5.00'),
(1, 59, 'JPY/CNH', '', '', '', '', '0.0001', '', 'N.A.', '08:30-16:30,17:15-03:00*', 'Spot month, next calendar month, & next two calendar quarter months', 'Financially Settled', '6,000,000Yen', 'CNH', '6.00'),
(3, 59, '日元兑人民币', '', '', '', '', '0.0001', '', 'N.A.', '08:30-16:30,17:15-03:00*', '即月、下一个历月及之后两个季月', '现金', '6,000,000日元', 'CNH', '6.00'),
(1, 60, 'AUD/CNH', '', '', '', '', '0.0001', '', 'N.A.', '08:30-16:30,17:15-03:00*', 'Spot month, next calendar month, & next two calendar quarter months', 'Financially Settled', '80,000Australian Dollar', 'CNH', '8.00'),
(3, 60, '澳元兑人民币', '', '', '', '', '0.0001', '', 'N.A.', '08:30-16:30,17:15-03:00*', '即月、下一个历月及之后两个季月', '现金', '80,000澳元', 'CNH', '8.00'),
(1, 61, 'INR/CNH', '', '', '', '', '0.01', '', 'N.A.', '08:30-16:30,17:15-03:00*', 'Spot month, the next five calendar months and the next two calendar quarter months', 'Financially Settled', '2,000,000INR ', 'CNH', '2.00'),
(3, 61, '卢比兑人民币', '', '', '', '', '0.01', '', 'N.A.', '08:30-16:30,17:15-03:00*', '即月、下一个历月及之后两个季月', '现金', '2,000,000印度卢比', 'CNH', '2.00'),
(1, 62, 'INR/USD', '', '', '', '', '0.01', '', 'N.A.', '08:30-16:30,17:15-03:00*', 'Spot month, the next  5 calendar months and the next two calendar quarter months', 'Financially Settled', '2,000,000INR ', 'USD', '2.00'),
(3, 62, '卢比兑美元', '', '', '', '', '0.01', '', 'N.A.', '08:30-16:30,17:15-03:00*', '即月、下一个历月及之后两个季月', '现金', '2,000,000印度卢比', 'USD', '2.00'),
(1, 63, 'CES China 120 Index', '', '', '', '', '0.5', '', 'N.A.', '9:15 a.m. - 12:00 noon & 1:00 p.m. - 4:30 p.m.\r\n (Expiring contract month closes at 3:00 p.m. on the Last Trading Day)', 'Spot month, the next calendar month and the next two calendar quarter months', 'Financially Settled', '50USD*Index', 'HKD', '50.00'),
(3, 63, '中华120指数', '', '', '', '', '0.5', '', 'N.A.', '09:15 -12:00,13:00-16:30\r\n(到期合约月份在最后交易日下午3时正停止交易)', '现月,下月,及之后两个季月 ', '现金', '50港元*指数', 'HKD', '50.00'),
(1, 64, 'China Construction Bank Corporation', '', '', '', '', '0.01', '', 'N.A.', '09:30 -12:00,13:00-16:00', 'Spot Month, the next two calendar months, & next two calendar quarter months', 'Financially Settled', '1,000 shares', 'HKD', '10.00'),
(3, 64, '建设银行', '', '', '', '', '0.01', '', 'N.A.', '09:30 -12:00,13:00-16:00', '现月，下两个月，及之后两个季月', '现金', '1,000 股', 'HKD', '10.00'),
(1, 65, 'China Mobile Limited', '', '', '', '', '0.01', '', 'N.A.', '09:30 -12:00,13:00-16:00', 'Spot Month, the next two calendar months, & next two calendar quarter months', 'Financially Settled', '500 shares', 'HKD', '5.00'),
(3, 65, '中国移动', '', '', '', '', '0.01', '', 'N.A.', '09:30 -12:00,13:00-16:00', '现月，下两个月，及之后两个季月', '现金', '500 股', 'HKD', '5.00'),
(1, 66, 'Hong Kong Exchanges and Clearing Limited', '', '', '', '', '0.01', '', 'N.A.', '09:30 -12:00,13:00-16:00', 'Spot Month, the next two calendar months, & next two calendar quarter months', 'Financially Settled', '100 shares', 'HKD', '1.00'),
(3, 66, '香港交易所', '', '', '', '', '0.01', '', 'N.A.', '09:30 -12:00,13:00-16:00', '现月，下两个月，及之后两个季月', '现金', '100 股', 'HKD', '1.00'),
(1, 67, 'HSBC Holdings Plc.', '', '', '', '', '0.01', '', 'N.A.', '09:30 -12:00,13:00-16:00', 'Spot Month, the next two calendar months, & next two calendar quarter months', 'Financially Settled', '400 shares', 'HKD', '4.00'),
(3, 67, '汇丰控股', '', '', '', '', '0.01', '', 'N.A.', '09:30 -12:00,13:00-16:00', '现月，下两个月，及之后两个季月', '现金', '400 股', 'HKD', '4.00'),
(1, 68, 'Industrial and Commercial Bank of China Limited', '', '', '', '', '0.01', '', 'N.A. ', '09:30 -12:00,13:00-16:00', 'Spot Month, the next two calendar months, & next two calendar quarter months', 'Financially Settled', '1,000 shares', 'HKD', '10.00'),
(1, 69, 'Ping An Insurance (Group) Company of China, Ltd.', '', '', '', '', '0.01', '', 'N.A.', '09:30 -12:00,13:00-16:00 ', 'Spot Month, the next two calendar months, & next two calendar quarter months', 'Financially Settled', '500 shares', 'HKD', '5.00'),
(3, 69, '中国平安', '', '', '', '', '0.01', '', 'N.A.', '09:30 -12:00,13:00-16:00 ', '现月，下两个月，及之后两个季月', '现金', '500 股', 'HKD', '5.00'),
(1, 70, 'Tencent Holdings Ltd.', '', '', '', '', '0.01', '', 'N.A.', '09:30 -12:00,13:00-16:00', 'Spot Month, the next two calendar months, & next two calendar quarter months', 'Financially Settled', '100 shares', 'HKD', '1.00'),
(3, 70, '腾讯控股', '', '', '', '', '0.01', '', 'N.A.', '09:30 -12:00,13:00-16:00', '现月，下两个月，及之后两个季月', '现金', '100 股', 'HKD', '1.00'),
(1, 71, 'XiaoMi Corporation', '', '', '', '', '0.01', '', 'N.A.', '09:30 -12:00,13:00-16:00', 'Spot Month, the next two calendar months, & next two calendar quarter months', 'Financially Settled', '1,000 shares', 'HKD', '10.00'),
(3, 71, '小米集团', '', '', '', '', '0.01', '', 'N.A.', '09:30 -12:00,13:00-16:00', '现月，下两个月，及之后两个季月', '现金', '1,000 股 ', 'HKD', '10.00'),
(1, 72, 'Meituan Dianping', '', '', '', '', '0.01', '', 'N.A. ', '09:30 -12:00,13:00-16:00', 'Spot Month, the next two calendar months, & next two calendar quarter months', 'Financially Settled', '500 shares', 'HKD', '5.00'),
(3, 72, '美团点评', '', '', '', '', '0.01', '', 'N.A. ', '09:30 -12:00,13:00-16:00', '现月，下两个月，及之后两个季月', '现金', '500 股', 'HKD', '5.00'),
(1, 73, 'Alibaba Group Holding Ltd.', '', '', '', '', '0.01', '', 'N.A.', '09:30 -12:00,13:00-16:00 ', 'Spot Month, the next two calendar months, & next two calendar quarter months', 'Financially Settled', '500shares', 'HKD', '5.00'),
(3, 73, '阿里巴巴', '', '', '', '', '0.01', '', 'N.A.', '09:30 -12:00,13:00-16:00 ', '现月，下两个月，及之后两个季月', '现金', '500股', 'HKD', '5.00'),
(1, 74, 'China Tower Corporation Limited ', '', '', '', '', '0.01', '', 'N.A.', '09:30 -12:00,13:00-16:00 ', 'Spot Month, the next two calendar months, & next two calendar quarter months', 'Financially Settled', '10,000 shares', 'HKD', '100.00'),
(3, 74, '中国铁塔', '', '', '', '', '0.01', '', 'N.A.', '09:30 -12:00,13:00-16:00 ', '现月，下两个月，及之后两个季月', '现金', '10,000 股', 'HKD', '100.00'),
(1, 75, 'Budweiser Brewing Company APAC Limited', '', '', '', '', '0.01', '', 'N.A. ', '09:30 -12:00,13:00-16:00', 'Spot Month, the next two calendar months, & next two calendar quarter months', 'Financially Settled', '1,000 shares', 'HKD', '10.00'),
(1, 76, 'Great Wall Motor Co. Ltd.', '', '', '', '', '0.01', '', 'N.A. ', '09:30 -12:00,13:00-16:00 ', 'Spot Month, the next two calendar months, & next two calendar quarter months', 'Financially Settled', '10,000 shares', 'HKD', '100.00'),
(3, 76, '长城汽车', '', '', '', '', '0.01', '', 'N.A. ', '09:30 -12:00,13:00-16:00 ', '现月，下两个月，及之后两个季月', '现金', '10,000 股', 'HKD', '100.00'),
(1, 77, 'JD.com, Inc.', '', '', '', '', '0.01', '', 'N.A. ', '09:30 -12:00,13:00-16:00', 'Spot Month, the next two calendar months, & next two calendar quarter months', 'Financially Settled', '500 shares', 'HKD', '5.00'),
(3, 77, '京东集团', '', '', '', '', '0.01', '', 'N.A. ', '09:30 -12:00,13:00-16:00', '现月，下两个月，及之后两个季月', '现金', '500 股', 'HKD', '5.00'),
(3, 75, '百威亚太', '', '', '', '', '0.01', '', 'N.A. ', '09:30 -12:00,13:00-16:00', '现月，下两个月，及之后两个季月', '现金', '1,000 股', 'HKD', '10.00'),
(1, 78, 'NetEase, Inc. ', '', '', '', '', '0.01', '', 'N.A.', '09:30 -12:00,13:00-16:00', 'Spot Month, the next two calendar months, & next two calendar quarter months', 'Financially Settled', '500 shares', 'HKD', '5.00'),
(3, 78, '网易', '', '', '', '', '0.01', '', 'N.A.', '09:30 -12:00,13:00-16:00', '现月，下两个月，及之后两个季月', '现金', '500 股', 'HKD', '5.00'),
(1, 79, 'China Petroleum & Chemical Corporation', '', '', '', '', '0.01', '', 'N.A.', '09:30 -12:00,13:00-16:00', 'Spot Month, the next two calendar months, & next two calendar quarter months', 'Financially Settled', '2,000 shares', 'HKD', '20.00'),
(3, 79, '中国石油化工', '', '', '', '', '0.01', '', 'N.A.', '09:30 -12:00,13:00-16:00', '现月，下两个月，及之后两个季月', '现金', '2,000 股', 'HKD', '20.00'),
(1, 80, 'China Telecom Corporation Limited', '', '', '', '', '0.01', '', 'N.A.', '09:30 -12:00,13:00-16:00', 'Spot Month, the next two calendar months, & next two calendar quarter months', 'Financially Settled', '2,000 shares', 'HKD', '20.00'),
(3, 80, '中国电信', '', '', '', '', '0.01', '', 'N.A.', '09:30 -12:00,13:00-16:00', '现月，下两个月，及之后两个季月', '现金', '2,000 股', 'HKD', '20.00'),
(1, 81, 'PetroChina Company Limited', '', '', '', '', '0.01', '', 'N.A.', '09:30 -12:00,13:00-16:00', 'Spot Month, the next two calendar months, & next two calendar quarter months', 'Financially Settled', '2,000 shares', 'HKD', '20.00'),
(3, 81, '中国石油天然气', '', '', '', '', '0.01', '', 'N.A.', '09:30 -12:00,13:00-16:00', '现月，下两个月，及之后两个季月', '现金', '2,000 股', 'HKD', '20.00'),
(1, 82, 'CNOOC Limited', '', '', '', '', '0.01', '', 'N.A.', '09:30 -12:00,13:00-16:00', 'Spot Month, the next two calendar months, & next two calendar quarter months', 'Financially Settled', '1,000 shares', 'HKD', '10.00'),
(3, 82, '中国海洋石油', '', '', '', '', '0.01', '', 'N.A.', '09:30 -12:00,13:00-16:00', '现月，下两个月，及之后两个季月', '现金', '1,000 股', 'HKD', '10.00'),
(1, 83, 'China Communications Construction Company Limited', '', '', '', '', '0.01', '', 'N.A. ', '09:30 -12:00,13:00-16:00', 'Spot Month, the next two calendar months, & next two calendar quarter months', 'Financially Settled', '1,000 shares', 'HKD', '10.00'),
(3, 83, '中国交通建设', '', '', '', '', '0.01', '', 'N.A. ', '09:30 -12:00,13:00-16:00', '现月，下两个月，及之后两个季月', '现金', '1,000 股', 'HKD', '10.00'),
(1, 84, 'PICC Property and Casualty Company Limited', '', '', '', '', '0.01', '', 'N.A. ', '09:30 -12:00,13:00-16:00 ', 'Spot Month, the next two calendar months, & next two calendar quarter months', 'Financially Settled', '2,000 shares', 'HKD', '20.00'),
(3, 84, '中国人民财产保险', '', '', '', '', '0.01', '', 'N.A. ', '09:30 -12:00,13:00-16:00 ', '现月，下两个月，及之后两个季月', '现金', '2,000 股', 'HKD', '20.00'),
(1, 85, 'BOC Hong Kong (Holdings) Limited', '', '', '', '', '0.01', '', 'N.A. ', '09:30 -12:00,13:00-16:00', 'Spot Month, the next two calendar months, & next two calendar quarter months', 'Financially Settled', '500 shares', 'HKD', '5.00'),
(3, 85, '中银香港', '', '', '', '', '0.01', '', 'N.A. ', '09:30 -12:00,13:00-16:00', '现月，下两个月，及之后两个季月', '现金', '500 股', 'HKD', '5.00'),
(1, 86, 'China Life Insurance Company Limited', '', '', '', '', '0.01', '', 'N.A.', '09:30 -12:00,13:00-16:00', 'Spot Month, the next two calendar months, & next two calendar quarter months', 'Financially Settled', '1,000 shares', 'HKD', '10.00'),
(3, 86, '中国人寿保险', '', '', '', '', '0.01', '', 'N.A.', '09:30 -12:00,13:00-16:00', '现月，下两个月，及之后两个季月', '现金', '1,000 股', 'HKD', '10.00'),
(1, 87, 'China Merchants Bank Co., Ltd. ', '', '', '', '', '0.01', '', 'N.A.', '09:30 -12:00,13:00-16:00', 'Spot Month, the next two calendar months, & next two calendar quarter months', 'Financially Settled', '500 shares', 'HKD', '5.00'),
(3, 87, '招商银行', '', '', '', '', '0.01', '', 'N.A.', '09:30 -12:00,13:00-16:00', '现月，下两个月，及之后两个季月', '现金', '500 股', 'HKD', '5.00'),
(1, 88, 'iShares FTSE A50 China Index ETF', '', '', '', '', '0.01', '', 'N.A. ', '09:30 -12:00,13:00-16:00', 'Spot Month, the next two calendar months, & next two calendar quarter months', 'Financially Settled', '5,000 shares', 'HKD', '50.00'),
(3, 88, '安硕A50 ', '', '', '', '', '0.01', '', 'N.A. ', '09:30 -12:00,13:00-16:00', '现月，下两个月，及之后两个季月', '现金', '5,000 股', 'HKD', '50.00'),
(1, 89, 'China AMC CSI300 Index ETF', '', '', '', '', '0.01', '', 'N.A. ', '09:30 -12:00,13:00-16:00 ', 'Spot Month, the next two calendar months, & next two calendar quarter months', 'Financially Settled', '2,000 shares', 'HKD', '20.00'),
(3, 89, '华夏沪深300', '', '', '', '', '0.01', '', 'N.A. ', '09:30 -12:00,13:00-16:00 ', '现月，下两个月，及之后两个季月', '现金', '2,000 股', 'HKD', '20.00'),
(1, 90, 'CSOP FTSE China A50 ETF', '', '', '', '', '0.01', '', 'N.A. ', '09:30 -12:00,13:00-16:00 ', 'Spot Month, the next two calendar months, & next two calendar quarter months', 'Financially Settled', '5,000 shares', 'HKD', '50.00'),
(3, 90, '南方A50', '', '', '', '', '0.01', '', 'N.A. ', '09:30 -12:00,13:00-16:00 ', '现月，下两个月，及之后两个季月', '现金', '5,000 股', 'HKD', '50.00'),
(1, 91, 'MSCI Australia Net Total Return (USD) Index', '', '', '', '', '0.01', '', 'N.A.', '9:00am-4:30pm (T); 5:15pm-3:00am (T+1)\r\n(Expiring contract month closes at 4:30 pm on the Last Trading Day)', '2 nearest serial months and the following 4 quarterly months', 'Financially Settled', '10USD*Index', 'USD', '0.10'),
(3, 91, 'MSCI澳洲净总回报指数', '', '', '', '', '0.01', '', 'N.A.', '09:00-16:30,17:15-03:00*\r\n(到期合约月份在最后交易日下午4时30分停止交易)', '现月、下月及之后的四个季月', '现金', '10美元*指数', 'USD', '0.10'),
(1, 92, 'MSCI China Free Net Total Return (USD) Index', '', '', '', '', '0.001', '', 'N.A.', '9:00am-4:30pm (T); 5:15pm-3:00am (T+1)\r\n(Expiring contract month closes at 4:30 pm on the Last Trading Day)', '2 nearest serial months and the following 4 quarterly months', 'Financially Settled', '50USD*Index', 'USD', '0.05'),
(3, 92, 'MSCI中国自由净总回报', '', '', '', '', '0.001', '', 'N.A.', '09:00-16:30,17:15-03:00*\r\n(到期合约月份在最后交易日下午4时30分停止交易)', '现月、下月及之后的四个季月', '现金', '50美元*指数', 'USD', '0.05'),
(1, 93, 'MSCI EM Asia Net Total Return (USD) Index', '', '', '', '', '0.001', '', 'N.A.', '9:00am-4:30pm (T); 5:15pm-3:00am (T+1)\r\n(Expiring contract month closes at 4:30 pm on the Last Trading Day)', '2 nearest serial months and the following 4 quarterly months', 'Financially Settled', '100USD*Index', 'USD', '0.10'),
(3, 93, 'MSCI新兴市场亚洲净总回报', '', '', '', '', '0.001', '', 'N.A.', '09:00-16:30,17:15-03:00*\r\n(到期合约月份在最后交易日下午4时30分停止交易)', '现月、下月及之后的四个季月', '现金', '100美元*指数', 'USD', '0.10'),
(1, 94, 'MSCI India Net Total Return (USD) Index', '', '', '', '', '0.001', '', 'N.A.', '9:00am-4:30pm (T); 5:15pm-3:00am (T+1)\r\n(Expiring contract month closes at 4:30 pm on the Last Trading Day)', '2 nearest serial months and the following 4 quarterly months', 'Financially Settled', '100USD*Index', 'USD', '0.10'),
(3, 94, 'MSCI印度净总回报指数', '', '', '', '', '0.001', '', 'N.A.', '09:00-16:30,17:15-03:00*\r\n(到期合约月份在最后交易日下午4时30分停止交易)', '现月、下月及之后的四个季月', '现金', '100美元*指数', 'USD', '0.10'),
(1, 95, 'MSCI Indonesia Net Total Return (USD) Index', '', '', '', '', '0.01', '', 'N.A.', '9:00am-4:30pm (T); 5:15pm-3:00am (T+1)\r\n(Expiring contract month closes at 4:30 pm on the Last Trading Day)', '2 nearest serial months and the following 4 quarterly months', 'Financially Settled', '10USD*Index', 'USD', '0.10'),
(3, 95, 'MSCI印尼净总回报指数', '', '', '', '', '0.01', '', 'N.A.', '09:00-16:30,17:15-03:00*\r\n(到期合约月份在最后交易日下午4时30分停止交易)', '现月、下月及之后的四个季月', '现金', '10美元*指数', 'USD', '0.10'),
(1, 96, 'MSCI Japan Net Total Return (USD) Index', '', '', '', '', '0.01', '', 'N.A.', '9:00am-4:30pm (T); 5:15pm-3:00am (T+1)\r\n(Expiring contract month closes at 4:30 pm on the Last Trading Day)', '2 nearest serial months and the following 4 quarterly months', 'Financially Settled', '10USD*Index', 'USD', '0.10'),
(3, 96, 'MSCI日本净总回报指数', '', '', '', '', '0.01', '', 'N.A.', '09:00-16:30,17:15-03:00*\r\n(到期合约月份在最后交易日下午4时30分停止交易)', '现月、下月及之后的四个季月', '现金', '10美元*指数', 'USD', '0.10'),
(1, 97, 'MSCI Malaysia Net Total Return (USD) Index', '', '', '', '', '0.001', '', 'N.A.', '9:00am-4:30pm (T); 5:15pm-3:00am (T+1)\r\n(Expiring contract month closes at 4:30 pm on the Last Trading Day)', '2 nearest serial months and the following 4 quarterly months', 'Financially Settled', '100USD*Index', 'USD', '0.10'),
(3, 97, 'MSCI马来西亚净总回报', '', '', '', '', '0.001', '', 'N.A.', '09:00-16:30,17:15-03:00*\r\n(到期合约月份在最后交易日下午4时30分停止交易)', '现月、下月及之后的四个季月', '现金', '100美元*指数', 'USD', '0.10'),
(1, 98, 'MSCI Taiwan (USD) Index Futures', '', '', '', '', '0.1', '', 'N.A.', '08:45-13:45,14:30-03:00（T+1）\r\n(Expiring contract month closes at 4:30 pm on the Last Trading Day)', '2 nearest serial months and the following 4 quarterly months', 'Financially Settled', '100USD*Index', 'USD', '10.00'),
(3, 98, 'MSCI台湾指数', '', '', '', '', '0.1', '', 'N.A.', '08:45-13:45,14:30-03:00*\r\n(到期合约月份在最后交易日下午1时45分停止交易)', '现月、下月及之后的四个季月', '现金', '100美元*指数', 'USD', '10.00'),
(1, 99, 'MSCI Taiwan Net Total Return (USD) Index Futures', '', '', '', '', '0.001 ', '', 'N.A.', '9:00am-4:30pm (T); 5:15pm-3:00am (T+1)\r\n(Expiring contract month closes at 4:30 pm on the Last Trading Day)', '2 nearest serial months and the following 4 quarterly months', 'Financially Settled', '100USD*Index', 'USD', '0.10'),
(3, 99, 'MSCI台湾净总回报指数', '', '', '', '', '0.001 ', '', 'N.A.', '09:00-16:30,17:15-03:00*\r\n(到期合约月份在最后交易日下午4时30分停止交易)', '现月、下月及之后的四个季月', '现金', '100美元*指数', 'USD', '0.10'),
(1, 100, 'MSCI Thailand Net Total Return (USD) Index', '', '', '', '', '0.001', '', 'N.A.', '9:00am-4:30pm (T); 5:15pm-3:00am (T+1)\r\n(Expiring contract month closes at 4:30 pm on the Last Trading Day)', '2 nearest serial months and the following 4 quarterly months', 'Financially Settled', '10USD*Index', 'USD', '0.01'),
(3, 100, 'MSCI泰国净总回报指数', '', '', '', '', '0.001', '', 'N.A.', '09:00-16:30,17:15-03:00*\r\n(到期合约月份在最后交易日下午4时30分停止交易)', '现月、下月及之后的四个季月', '现金', '10美元*指数', 'USD', '0.01'),
(1, 101, 'MSCI EM (USD) Index', '', '', '', '', '0.1', '', 'N.A.', '9:00am-4:30pm (T); 5:15pm-3:00am (T+1)\r\n(Expiring contract month closes at 4:30 pm on the Last Trading Day)', '2 nearest serial months and the following 4 quarterly months', 'Financially Settled', '50USD*Index', 'USD', '5.00'),
(3, 101, 'MSCI新兴市场(美元)指数', '', '', '', '', '0.1', '', 'N.A.', '09:00-16:30,17:15-03:00*\r\n(到期合约月份在最后交易日下午4时30分停止交易)', '现月、下月及之后的四个季月', '现金', '50美元*指数', 'USD', '5.00'),
(1, 102, 'MSCI EM Net Total Return (USD) Index', '', '', '', '', '0.001', '', 'N.A.', '9:00am-4:30pm (T); 5:15pm-3:00am (T+1)\r\n(Expiring contract month closes at 4:30 pm on the Last Trading Day)', '2 nearest serial months and the following 4 quarterly months', 'Financially Settled', '100USD*Index', 'USD', '0.10'),
(3, 102, 'MSCI新兴市场净总回报(美元)指数', '', '', '', '', '0.001', '', 'N.A.', '09:00-16:30,17:15-03:00*\r\n(到期合约月份在最后交易日下午4时30分停止交易)', '现月、下月及之后的四个季月', '现金', '100美元*指数', 'USD', '0.10'),
(1, 103, 'MSCI Hong Kong Net Total Return (USD) Index', '', '', '', '', '0.01', '', 'N.A.', '9:00am-4:30pm (T); 5:15pm-3:00am (T+1)\r\n(Expiring contract month closes at 4:30 pm on the Last Trading Day)', '2 nearest serial months and the following 4 quarterly months', 'Financially Settled', '1USD*Index', 'USD', '0.01'),
(3, 103, 'MSCI香港净总回报(美元)指数 ', '', '', '', '', '0.01', '', 'N.A.', '09:00-16:30,17:15-03:00*\r\n(到期合约月份在最后交易日下午4时30分停止交易)', '现月、下月及之后的四个季月', '现金', '1美元*指数', 'USD', '0.01'),
(3, 104, 'MSCI印尼(美元)指数', '', '', '', '', '5.00', '', 'N.A.', '09:00-16:30,17:15-03:00*\r\n(到期合约月份在最后交易日下午4时30分停止交易)', '现月、下月及之后的四个季月', '现金', '2美元*指数', 'USD', '10.00'),
(1, 104, 'MSCI Indonesia Index (USD)', '', '', '', '', '5.00', '', 'N.A.', '9:00am-4:30pm (T); 5:15pm-3:00am (T+1)\r\n(Expiring contract month closes at 4:30 pm on the Last Trading Day)', '2 nearest serial months and the following 4 quarterly months', 'Financially Settled', '2USD*Index', 'USD', '10.00'),
(1, 105, 'MSCI Philippines Net Total Return (USD) Index', '', '', '', '', '0.001', '', 'N.A.', '9:00am-4:30pm (T); 5:15pm-3:00am (T+1)\r\n(Expiring contract month closes at 4:30 pm on the Last Trading Day)', '2 nearest serial months and the following 4 quarterly months', 'Financially Settled', '50USD*Index', 'USD', '0.05'),
(3, 105, 'MSCI菲律宾净总回报(美元)指数', '', '', '', '', '0.001', '', 'N.A.', '09:00-16:30,17:15-03:00*\r\n(到期合约月份在最后交易日下午4时30分停止交易)', '现月、下月及之后的四个季月', '现金', '50美元*指数', 'USD', '0.05'),
(1, 106, 'MSCI Singapore Net Total Return (USD) Index', '', '', '', '', '0.01', '', 'N.A.', '9:00am-4:30pm (T); 5:15pm-3:00am (T+1)\r\n(Expiring contract month closes at 4:30 pm on the Last Trading Day)\r\n', '2 nearest serial months and the following 4 quarterly months', 'Financially Settled', '5USD*Index', 'USD', '0.05'),
(3, 106, 'MSCI新加坡净总回报(美元)指数', '', '', '', '', '0.01', '', 'N.A.', '09:00-16:30,17:15-03:00*\r\n(到期合约月份在最后交易日下午4时30分停止交易)\r\n', '现月、下月及之后的四个季月', '现金', '5美元*指数', 'USD', '0.05'),
(1, 107, 'MSCI Vietnam Net Total Return (USD) Index', '', '', '', '', '0.001', '', 'N.A.', '9:00am-4:30pm (T); 5:15pm-3:00am (T+1)\r\n(Expiring contract month closes at 4:30 pm on the Last Trading Day)', '2 nearest serial months and the following 4 quarterly months', 'Financially Settled', '50USD*Index', 'USD', '0.05'),
(3, 107, 'MSCI越南净总回报(美元)指数', '', '', '', '', '0.001', '', 'N.A.', '09:00-16:30,17:15-03:00*\r\n(到期合约月份在最后交易日下午4时30分停止交易)', '现月、下月及之后的四个季月', '现金', '50美元*指数', 'USD', '0.05'),
(1, 108, 'MSCI China Free (USD) Index', '', '', '', '', '2', '', 'N.A.', '9:00am-4:30pm (T); 5:15pm-3:00am (T+1)\r\n(Expiring contract month closes at 4:30 pm on the Last Trading Day)', '2 nearest serial months and the following 4 quarterly months', 'Financially Settled', '5USD*Index', 'USD', '10.00'),
(3, 108, 'MSCI中国自由(美元)指数期货', '', '', '', '', '2', '', 'N.A.', '09:00-16:30,17:15-03:00*\r\n(到期合约月份在最后交易日下午4时30分停止交易)', '现月、下月及之后的四个季月', '现金', '5美元*指数', 'USD', '10.00'),
(1, 109, 'MSCI India (USD) Index', '', '', '', '', '0.2', '', 'N.A.', '9:00am-4:30pm (T); 5:15pm-3:00am (T+1)\r\n(Expiring contract month closes at 4:30 pm on the Last Trading Day)', '2 nearest serial months and the following 4 quarterly months', 'Financially Settled', '50USD*Index', 'USD', '10.00'),
(3, 109, 'MSCI印度(美元)指数期货', '', '', '', '', '0.2', '', 'N.A.', '09:00-16:30,17:15-03:00*\r\n(到期合约月份在最后交易日下午4时30分停止交易)', '现月、下月及之后的四个季月', '现金', '50美元*指数', 'USD', '10.00'),
(1, 110, 'MSCI Malaysia (USD) Index', '', '', '', '', '0.25', '', 'N.A.', '9:00am-4:30pm (T); 5:15pm-3:00am (T+1)\r\n(Expiring contract month closes at 4:30 pm on the Last Trading Day)', '2 nearest serial months and the following 4 quarterly months', 'Financially Settled', '20USD*Index', 'USD', '5.00'),
(3, 110, 'MSCI马来西亚(美元)指数期货 ', '', '', '', '', '0.25', '', 'N.A.', '09:00-16:30,17:15-03:00*\r\n(到期合约月份在最后交易日下午4时30分停止交易)', '现月、下月及之后的四个季月', '现金', '20美元*指数', 'USD', '5.00'),
(1, 111, 'MSCI New Zealand Net Total Return (USD) Index', '', '', '', '', '0.001', '', 'N.A.', '9:00am-4:30pm (T); 5:15pm-3:00am (T+1)\r\n(Expiring contract month closes at 4:30 pm on the Last Trading Day)', '2 nearest serial months and the following 4 quarterly months', 'Financially Settled', '100USD*Index', 'USD', '0.10'),
(3, 111, 'MSCI新西兰净总回报(美元)指数期货', '', '', '', '', '0.001', '', 'N.A.', '09:00-16:30,17:15-03:00*\r\n(到期合约月份在最后交易日下午4时30分停止交易)', '现月、下月及之后的四个季月', '现金', '100美元*指数', 'USD', '0.10'),
(1, 112, 'MSCI Philippines (USD) Index', '', '', '', '', '1', '', 'N.A.', '9:00am-4:30pm (T); 5:15pm-3:00am (T+1)\r\n(Expiring contract month closes at 4:30 pm on the Last Trading Day)', '2 nearest serial months and the following 4 quarterly months', 'Financially Settled', '10USD*Index', 'USD', '10.00'),
(3, 112, 'MSCI菲律宾(美元)指数期货', '', '', '', '', '1', '', 'N.A.', '09:00-16:30,17:15-03:00*\r\n(到期合约月份在最后交易日下午4时30分停止交易)', '现月、下月及之后的四个季月', '现金', '10美元*指数', 'USD', '10.00'),
(1, 113, 'MSCI Singapore Free Net Total Return (USD) Index', '', '', '', '', '0.001', '', 'N.A.', '9:00am-4:30pm (T); 5:15pm-3:00am (T+1)\r\n(Expiring contract month closes at 4:30 pm on the Last Trading Day)', '2 nearest serial months and the following 4 quarterly months', 'Financially Settled', '50USD*Index', 'USD', '0.05'),
(3, 113, 'MSCI新加坡自由净总回报(美元)指数期货', '', '', '', '', '0.001', '', 'N.A.', '09:00-16:30,17:15-03:00*\r\n(到期合约月份在最后交易日下午4时30分停止交易)', '现月、下月及之后的四个季月', '现金', '50美元*指数', 'USD', '0.05'),
(1, 114, 'MSCI Thailand Net Total Return (USD) Index', '', '', '', '', '0.25', '', 'N.A.', '9:00am-4:30pm (T); 5:15pm-3:00am (T+1)\r\n(Expiring contract month closes at 4:30 pm on the Last Trading Day)', '2 nearest serial months and the following 4 quarterly months', 'Financially Settled', '20USD*Index', 'USD', '5.00'),
(3, 114, 'MSCI泰国(美元)指数期货', '', '', '', '', '0.25', '', 'N.A.', '09:00-16:30,17:15-03:00*\r\n(到期合约月份在最后交易日下午4时30分停止交易)', '现月、下月及之后的四个季月', '现金', '20美元*指数', 'USD', '5.00'),
(1, 115, 'MSCI Vietnam (USD) Index', '', '', '', '', '0.1', '', 'N.A.', '9:00am-4:30pm (T); 5:15pm-3:00am (T+1)\r\n(Expiring contract month closes at 4:30 pm on the Last Trading Day)', '2 nearest serial months and the following 4 quarterly months', 'Financially Settled', '20USD*Index', 'USD', '2.00'),
(3, 115, 'MSCI越南(美元)指数期货', '', '', '', '', '0.1', '', 'N.A.', '09:00-16:30,17:15-03:00*\r\n(到期合约月份在最后交易日下午4时30分停止交易)', '现月、下月及之后的四个季月', '现金', '20美元*指数', 'USD', '2.00'),
(1, 116, 'MSCI EM ex China Net Total Return (USD) Index', '', '', '', '', '0.01', '', 'N.A.', '9:00am-4:30pm (T); 5:15pm-3:00am (T+1)\r\n(Expiring contract month closes at 4:30 pm on the Last Trading Day)', '2 nearest serial months and the following 4 quarterly months', 'Financially Settled', '10USD*Index', 'USD', '0.10'),
(3, 116, 'MSCI新兴市场除中国净总回报(美元)指数期货', '', '', '', '', '0.01', '', 'N.A.', '09:00-16:30,17:15-03:00*\r\n(到期合约月份在最后交易日下午4时30分停止交易)', '现月、下月及之后的四个季月', '现金', '10美元*指数', 'USD', '0.10'),
(1, 117, 'MSCI EM ex Korea Net Total Return (USD) Index', '', '', '', '', '0.01', '', 'N.A.', '9:00am-4:30pm (T); 5:15pm-3:00am (T+1)\r\n(Expiring contract month closes at 4:30 pm on the Last Trading Day)', '2 nearest serial months and the following 4 quarterly months', 'Financially Settled', '10USD*Index', 'USD', '0.10'),
(3, 117, 'MSCI新兴市场除韩国净总回报(美元)指数期货 ', '', '', '', '', '0.01', '', 'N.A.', '09:00-16:30,17:15-03:00*\r\n(到期合约月份在最后交易日下午4时30分停止交易)', '现月、下月及之后的四个季月', '现金', '10美元*指数', 'USD', '0.10'),
(1, 118, 'MSCI EM Asia ex China Net Total Return (USD) Index', '', '', '', '', '0.01', '', 'N.A.', '9:00am-4:30pm (T); 5:15pm-3:00am (T+1)\r\n(Expiring contract month closes at 4:30 pm on the Last Trading Day)', '2 nearest serial months and the following 4 quarterly months', 'Financially Settled', '20USD*Index', 'USD', '0.20'),
(3, 118, 'MSCI新兴市场亚洲除中国净总回报(美元) 指数期货', '', '', '', '', '0.01', '', 'N.A.', '09:00-16:30,17:15-03:00*\r\n(到期合约月份在最后交易日下午4时30分停止交易)', '现月、下月及之后的四个季月', '现金', '20美元*指数', 'USD', '0.20');
INSERT INTO `tb_huatai_trading_desc` (`language_id`, `trading_id`, `name`, `detail`, `url`, `seo_desc`, `seo_title`, `detail2`, `seo_h1`, `detail3`, `detail4`, `detail5`, `detail6`, `detail1`, `detail7`, `detail8`) VALUES
(1, 119, 'MSCI EM Asia ex Korea Net Total Return (USD) Index', '', '', '', '', '0.01', '', 'N.A.', '9:00am-4:30pm (T); 5:15pm-3:00am (T+1)\r\n(Expiring contract month closes at 4:30 pm on the Last Trading Day)', '2 nearest serial months and the following 4 quarterly months', 'Financially Settled', '20USD*Index', 'USD', '0.20'),
(3, 119, 'MSCI新兴市场亚洲除韩国净总回报(美元)指数期货', '', '', '', '', '0.01', '', 'N.A.', '09:00-16:30,17:15-03:00*\r\n(到期合约月份在最后交易日下午4时30分停止交易)', '现月、下月及之后的四个季月', '现金', '20美元*指数', 'USD', '0.20'),
(1, 120, 'MSCI EM EMEA Net Total Return (USD) Index', '', '', '', '', '0.001', '', 'N.A.', '9:00am-4:30pm (T); 5:15pm-3:00am (T+1)\r\n(Expiring contract month closes at 4:30 pm on the Last Trading Day)', '2 nearest serial months and the following 4 quarterly months', 'Financially Settled', '100USD*Index', 'USD', '0.10'),
(3, 120, 'MSCI新兴市场欧非中东净总回报(美元)指数期货 ', '', '', '', '', '0.001', '', 'N.A.', '09:00-16:30,17:15-03:00*\r\n(到期合约月份在最后交易日下午4时30分停止交易)', '现月、下月及之后的四个季月', '现金', '100美元*指数', 'USD', '0.10'),
(1, 121, 'MSCI EM LatAm Net Total Return (USD) Index', '', '', '', '', '0.001', '', 'N.A.', '9:00am-4:30pm (T); 5:15pm-3:00am (T+1)\r\n(Expiring contract month closes at 4:30 pm on the Last Trading Day)', '2 nearest serial months and the following 4 quarterly months', 'Financially Settled', '100USD*Index', 'USD', '0.10'),
(3, 121, 'MSCI新兴市场拉丁美洲净总回报(美元)指数期货', '', '', '', '', '0.001', '', 'N.A.', '09:00-16:30,17:15-03:00*\r\n(到期合约月份在最后交易日下午4时30分停止交易)', '现月、下月及之后的四个季月', '现金', '100美元*指数', 'USD', '0.10'),
(1, 122, 'MSCI Pacific Net Total Return (USD) Index', '', '', '', '', '0.01', '', 'N.A.', '9:00am-4:30pm (T); 5:15pm-3:00am (T+1)\r\n(Expiring contract month closes at 4:30 pm on the Last Trading Day)', '2 nearest serial months and the following 4 quarterly months', 'Financially Settled', '10USD*Index', 'USD', '0.10'),
(3, 122, 'MSCI太平洋净总回报(美元)指数期货', '', '', '', '', '0.01', '', 'N.A.', '09:00-16:30,17:15-03:00*\r\n(到期合约月份在最后交易日下午4时30分停止交易)', '现月、下月及之后的四个季月', '现金', '10美元*指数', 'USD', '0.10'),
(1, 123, 'MSCI Pacific ex Japan Net Total Return (USD) Index', '', '', '', '', '0.01', '', 'N.A.', '9:00am-4:30pm (T); 5:15pm-3:00am (T+1)\r\n(Expiring contract month closes at 4:30 pm on the Last Trading Day)', '2 nearest serial months and the following 4 quarterly months', 'Financially Settled', '10USD*Index', 'USD', '0.10'),
(3, 123, 'MSCI太平洋除日本净总回报(美元)指数期货', '', '', '', '', '0.01', '', 'N.A.', '09:00-16:30,17:15-03:00*\r\n(到期合约月份在最后交易日下午4时30分停止交易)', '现月、下月及之后的四个季月', '现金', '10美元*指数', 'USD', '0.10'),
(1, 124, 'Aluminium', '', '', '', '', '0.5', '', 'N.A.', '08:00-02:00*', 'Prompt dates out to 3 months ', 'Deliverable', '25ton', 'USD', '12.50'),
(3, 124, '伦铝', '', '', '', '', '0.5', '', 'N.A.', '08:00-02:00*', '三个月到期', '实物', '25吨', 'USD', '12.50'),
(1, 125, 'Copper', '', '', '', '', '0.5', '', 'N.A.', '08:00-02:00* ', 'Prompt dates out to 3 months', 'Deliverable', '25ton', 'USD', '12.50'),
(3, 125, '伦铜', '', '', '', '', '0.5', '', 'N.A.', '08:00-02:00* ', '三个月到期', '实物', '25吨', 'USD', '12.50'),
(1, 126, 'Nickel', '', '', '', '', '5', '', 'N.A.', '08:00-02:00*', 'Prompt dates out to 3 months', 'Deliverable', '6ton', 'USD', '30.00'),
(3, 126, '伦镍', '', '', '', '', '5', '', 'N.A.', '08:00-02:00*', '三个月到期', '实物', '6吨', 'USD', '30.00'),
(1, 127, 'Lead', '', '', '', '', '0.5', '', 'N.A.', '08:00-02:00*', 'Prompt dates out to 3 months', 'Deliverable', '25ton', 'USD', '12.50'),
(3, 127, '伦铅', '', '', '', '', '0.5', '', 'N.A.', '08:00-02:00*', '三个月到期', '实物', '25吨', 'USD', '12.50'),
(1, 128, 'Tin', '', '', '', '', '5', '', 'N.A.', '08:00-02:00*', 'Prompt dates out to 3 months', 'Deliverable', '5ton', 'USD', '25.00'),
(3, 128, '伦锡', '', '', '', '', '5', '', 'N.A.', '08:00-02:00*', '三个月到期', '实物', '5吨', 'USD', '25.00'),
(1, 129, 'Zinc', '', '', '', '', '0.5', '', 'N.A.', '08:00-02:00*', 'Prompt dates out to 3 months', 'Deliverable', '25ton', 'USD', '12.50'),
(3, 129, '伦锌', '', '', '', '', '0.5', '', 'N.A.', '08:00-02:00*', '三个月到期', '实物', '25吨', 'USD', '12.50'),
(3, 130, '富时中国指数A50', '', '', '', '', '1.0', '', '±10%，±15%，熔断均为5分钟。此后在该交易日余下的时间内将 不再有价格限制。到期合约在最后交易日没有价格限制。', '09:00-16:35,17:00-05:15*', '最近2个月及4个季月 ', '现金', '1美元*指数', 'USD', '1.00'),
(1, 130, 'FTSE China A50 Index', '', '', '', '', '1.0', '', '±10% and ±15% from previous day’s settlement price (5 minutes cooling off period when limit is reached).\r\nThereafter no price limits for rest of the day. No price limits for expiring contract on its Last Trading Day.', '09:00-16:35,17:00-05:15*', '2 nearest serial months and Mar, Jun, Sep and Dec months on 1-year cycle.', 'Financially Settled', '1USD*Index', 'USD', '1.00'),
(3, 131, '日经225指数', '', '', '', '', '5', '', '±10%，±15%，熔断均为5分钟。此后在该交易日余下的时间内将 不再有价格限制。到期合约在最后交易日没有价格限制。', '07:30-14:30,14:55-05:15* ', '3, 6, 9, 12', '现金', '500日元*指数', 'JPY', '2500.00'),
(1, 131, 'Nikkei 225 Index', '', '', '', '', '5', '', '±10% and ±15% from previous day’s settlement price (5 minutes cooling off period when limit is reached).\r\nThereafter no price limits for rest of the day. No price limits for expiring contract on its Last Trading Day.', '07:30-14:30,14:55-05:15* ', '3, 6, 9, 12', 'Financially Settled', '500Yen*Index', 'JPY', '2500.00'),
(1, 132, 'MSCI Singapore Index', '', '', '', '', '0.05', '', '±10% and ±15% from previous day’s settlement price (5 minutes cooling off period when limit is reached).\r\nThereafter no price limits for rest of the day. No price limits for expiring contract on its Last Trading Day.', '08:30-17:15,17:40-05:15*', '2 nearest serial months and 4 quarterly months on March, June, September and December cycle.', 'Financially Settled', '100 Singapore Dollar*Index', 'SGD', '5.00'),
(3, 132, '新加坡指数', '', '', '', '', '0.05', '', '±10%，±15%，熔断均为5分钟。此后在该交易日余下的时间内将 不再有价格限制。到期合约在最后交易日没有价格限制。', '08:30-17:15,17:40-05:15*', '最近2个月及4个季月', '现金', '100坡币*指数', 'SGD', '5.00'),
(1, 133, 'FTSE China H50 Index', '', '', '', '', '2.50', '', '±10% and ±15% from previous day’s settlement price (5 minutes cooling off period when each limit is reached). Thereafter no price limits for rest of the day. No price limits for expiring contract on its LTD', '09:00-16:30, 17:00-05:15*', '2 nearest serial months and Mar, Jun, Sep and Dec months on a 2-year cycle', 'Financially Settled', '2USD*Index', 'USD', '5.00'),
(3, 133, '富時中國H50指數', '', '', '', '', '2.50', '', '±10%，±15%，熔断均为5分钟。此后在该交易日余下的时间内将 不再有价格限制。到期合约在最后交易日没有价格限制。', '09:00-16:30, 17:00-05:15*', '2 个最近的连续月及4个季月', '现金', '2美元*指数', 'USD', '5.00'),
(1, 134, 'USD/CNH FX', '', '', '', '', '0.0001', '', 'N.A.', '07:25-18:00,18:15-05:15*', '13 monthly followed by the next 8 quarterly months', 'Financially Settled', '100,000USD', 'CNH', '10.00'),
(3, 134, '美元兑人民币', '', '', '', '', '0.0001', '', 'N.A.', '07:25-18:00,18:15-05:15*', '13个连续月及之后8个季月', '现金', '100,000美元', 'CNH', '10.00'),
(1, 135, 'TSI Iron Ore CFR China (62% Fe Fines) Index', '', '', '', '', '0.01', '', 'N.A.', '07:25-20:00,20:15-05:15*', 'Up to 4 calendar years starting with current year, with 12 consecutive months added upon expiry in December.', 'Financially Settled', '100ton', 'USD', '1.00'),
(3, 135, '铁矿石', '', '', '', '', '0.01', '', 'N.A.', '07:25-20:00,20:15-05:15*', '最近48个月', '现金', '100吨', 'USD', '1.00'),
(1, 136, 'Nifty 50 Index', '', '', '', '', '0.5', '', '±10% and ±15% from previous day’s settlement price (5 minutes cooling off period when limit is reached). Thereafter no price limits for rest of the day. No price limits for expiring contract on its Last Trading Day.', '09:00-18:15,18:40-05:15*', '2 nearest serial months and 4 quarterly months on March, June, September and December cycle.', 'Financially Settled', '2USD*Index', 'USD', '1.00'),
(3, 136, 'CNX Nifty 50指数', '', '', '', '', '0.5', '', '±10%，±15%，±20%，熔断均为5分钟，第三层熔断冷静期后无限制，到期合约在最后交易日没有价格限制 ', '09:00-18:15,18:40-05:15*', '最近2个月及4个季月 ', '现金', '2美元*指数', 'USD', '1.00'),
(3, 137, 'MSCI中国指数', '', '', '', '', '0.1', '', '±10%, ±15% , 熔断均为10分钟,第二层熔断冷静期后无限制，到\r\n期合约在最后交易日没有价格限制 ', '07:25-18:35,19:00-05:15*', '最近8个月和3年周期中的4个季月', '现金', '50美元*指数', 'USD', '5.00'),
(2, 137, 'MSCI中国指数', '', '', '', '', '0.1', '', '±10%, ±15% , 熔断均为10分钟,第二层熔断冷静期后无限制，到\r\n期合约在最后交易日没有价格限制 ', '07:25-18:35,19:00-05:15*', '最近8个月和3年周期中的4个季月', '现金', '50美元*指数', 'USD', '5.00'),
(1, 137, 'MSCI中国指数', '', '', '', '', '0.1', '', '±10%, ±15% , 熔断均为10分钟,第二层熔断冷静期后无限制，到\r\n期合约在最后交易日没有价格限制 ', '07:25-18:35,19:00-05:15*', '最近8个月和3年周期中的4个季月', '现金', '50美元*指数', 'USD', '5.00'),
(1, 138, 'SICOM TSR20', '', '', '', '', '0.1', '', 'If the price of any contract month moves 10% above or below the previous day&#39;s settlement price, it will trigger a 15 minutes Cooling Off Period during which trading may only take place at or between the Upper Limit and Lower Limit.\r\nAfter the termination of the Cooling Off Period, there shall be no price limits for the remainder of the trading hours for the day.', '07:55-18:00', '12 months starting with current month, with next consecutive month added upon each month&#39;s expiry.', 'Financially Settled', '5ton', 'USD', '5.00'),
(3, 138, 'TSR20橡胶', '', '', '', '', '0.1', '', '上一交易日结算价±10%,将触发15分钟冷静期，期间仅可在价格\r\n上下限或之间发生。冷静期终止之后当日将无任何价格限制', '07:55-18:00', '现货月及后续12个月', '现金', '5吨', 'USD', '5.00'),
(1, 139, 'Dax', '', '', '', '', '1.0', '', 'N.A.', '08:00-04:00*', '3, 6, 9, 12', 'Financially Settled', '25Euro*Index', 'EUR', '25.00'),
(3, 139, '德国DAX', '', '', '', '', '1.0', '', 'N.A.', '08:00-04:00*', '3, 6, 9, 12', '现金', '25欧元*指数', 'EUR', '25.00'),
(1, 140, 'Mini-Dax', '', '', '', '', '1', '', 'N.A.', '08:00-04:00*', '3, 6, 9, 12', 'Financially Settled', '5Euro*Index', 'EUR', '5.00'),
(3, 140, '迷你DAX指数', '', '', '', '', '1', '', 'N.A.', '08:00-04:00*', '3, 6, 9, 12', '现金', '5欧元*指数', 'EUR', '5.00'),
(1, 141, 'EURO STOXX 50 Index', '', '', '', '', '1', '', 'N.A.', '08:00-04:00*', '3, 6, 9, 12', 'Financially Settled', '10Euro*Index', 'EUR', '10.00'),
(3, 141, '欧盟50指数', '', '', '', '', '1', '', 'N.A.', '08:00-04:00*', '3, 6, 9, 12', '现金', '10欧元*指数', 'EUR', '10.00'),
(1, 142, 'SMI', '', '', '', '', '1', '', 'N.A.', '13:50-04:00*', '3, 6, 9, 12', 'Financially Settled', '10Swiss Franc*Index', 'CHF', '10.00'),
(3, 142, '瑞士指数', '', '', '', '', '1', '', 'N.A.', '13:50-04:00*', '3, 6, 9, 12', '现金', '10瑞士法郎*指数', 'CHF', '10.00'),
(1, 143, 'VSTOXX', '', '', '', '', '0.05', '', 'N.A.', '13:50-04:00*', '9 consecutive months', 'Financially Settled', '100Euro*Index', 'EUR', '5.00'),
(3, 143, '欧洲恐慌指数', '', '', '', '', '0.05', '', 'N.A.', '13:50-04:00*', '九个连续月', '现金', '100欧元*指数', 'EUR', '5.00'),
(1, 144, 'Euro-Bund', '', '', '', '', '0.0001', '', 'N.A.', '08:00-04:00*', '3, 6, 9, 12', 'Deliverable', '100,000Euro', 'EUR', '10.00'),
(3, 144, '欧元德国10年国债BUND', '', '', '', '', '0.0001', '', 'N.A.', '08:00-04:00*', '3, 6, 9, 12', '实物', '100,000欧元', 'EUR', '10.00'),
(1, 145, 'Euro-Bobl', '', '', '', '', '0.0001', '', 'N.A.', '08:00-04:00*', '3, 6, 9, 12', 'Deliverable', '100,000Euro', 'EUR', '10.00'),
(3, 145, '欧元德国5年国债BOBL', '', '', '', '', '0.0001', '', 'N.A.', '08:00-04:00*', '3, 6, 9, 12', '实物', '100,000欧元', 'EUR', '10.00'),
(1, 146, 'Euro-Schatz', '', '', '', '', '0.00005', '', 'N.A.', '08:00-04:00*', '3, 6, 9, 12', 'Deliverable', '100,000Euro', 'EUR', '5.00'),
(3, 146, '欧元德国2年国债SCHATZ', '', '', '', '', '0.00005', '', 'N.A.', '08:00-04:00*', '3, 6, 9, 12', '实物', '100,000欧元', 'EUR', '5.00'),
(1, 147, 'Euro-Buxl', '', '', '', '', '0.02', '', 'N.A.', '08:00-04:00*', '3, 6, 9, 12', 'Deliverable', '100,000Euro', 'EUR', '20.00'),
(3, 147, '欧元债卷BUXL', '', '', '', '', '0.02', '', 'N.A.', '08:00-04:00*', '3, 6, 9, 12', '实物', '100,000欧元', 'EUR', '20.00'),
(1, 148, 'Euro-OAT', '', '', '', '', '0.01', '', 'N.A.', '14:00-01:00*', '3, 6, 9, 12', 'Deliverable', '100,000Euro', 'EUR', '10.00'),
(3, 148, '欧元法国10年国债 OAT', '', '', '', '', '0.01', '', 'N.A.', '14:00-01:00*', '3, 6, 9, 12', '实物', '100,000欧元', 'EUR', '10.00'),
(1, 149, 'Long- term Euro-BTP', '', '', '', '', '0.01', '', 'N.A.', '14:00-01:00*', '3, 6, 9, 12', 'Deliverable', '100,000Euro', 'EUR', '10.00'),
(3, 149, '欧元意大利10年国债 BTP', '', '', '', '', '0.01', '', 'N.A.', '14:00-01:00*', '3, 6, 9, 12', '实物', '100,000欧元', 'EUR', '10.00'),
(1, 150, 'Euro-Bono', '', '', '', '', '0.01', '', 'N.A.', '14:00-01:00*', '3, 6, 9, 12', 'Deliverable', '100,000Euro', 'EUR', '10.00'),
(3, 150, '西班牙国债 BONO', '', '', '', '', '0.01', '', 'N.A.', '14:00-01:00*', '3, 6, 9, 12', '实物', '100,000欧元', 'EUR', '10.00'),
(1, 151, 'Short- term Euro-BTP', '', '', '', '', '0.01', '', 'N.A.', '14:00-01:00*', '3, 6, 9, 12', 'Deliverable', '100,000Euro', 'EUR', '10.00'),
(3, 151, '短期意债', '', '', '', '', '0.01', '', 'N.A.', '14:00-01:00*', '3, 6, 9, 12', '实物', '100,000欧元', 'EUR', '10.00'),
(1, 152, 'US Dollar Index', '', '', '', '', '0.005 ', '', 'N.A.', 'Mon 06:00-05:00* Tue-Fri 08:00-05:00', '3, 6, 9, 12', 'Deliverable', '1,000USD*Index', 'USD', '5.00'),
(1, 153, 'Cocoa', '', '', '', '', '1', '', 'N.A.', '16:45-01:30*', '3, 5, 7, 9, 12', 'Deliverable', '10ton', 'USD', '10.00'),
(3, 153, '美可可', '', '', '', '', '1', '', 'N.A.', '16:45-01:30*', '3, 5, 7, 9, 12', '实物', '10吨', 'USD', '10.00'),
(1, 154, 'Cotton No. 2', '', '', '', '', '0.01', '', 'Up to 80.00 cents per pound- 3.00 cents per pound (300 points)\r\n80.01 up to 110.00 cents per pound- 4.00 cents per pound (400 points)\r\n110.01 up to 140.00 cents per pound- 5.00 cents per pound (500 points)\r\n140.01 up to 170.00 cents per pound- 6.00 cents per pound (600 points)\r\n170.01 cents per pound and above- 7.00 cents per pound (700 points)', '09:00-02:20*', '3, 5, 7, 10, 12', 'Deliverable', '50,000pounds', 'USD', '5.00 '),
(3, 154, '美棉', '', '', '', '', '0.01', '', '前结算价80以下:3美分；80-110:4美分； 110-140:5美分; 140-170: 6美分； 170以上:7美分', '09:00-02:20*', '3, 5, 7, 10, 12', '实物', '50,000磅', 'USD', '5.00 '),
(1, 155, 'Coffee C', '', '', '', '', '0.05', '', 'N.A.', '16:15-01:30*', '3, 5, 7, 9, 12', 'Deliverable', '37,500pounds', 'USD', '18.75'),
(3, 155, '咖啡', '', '', '', '', '0.05', '', 'N.A.', '16:15-01:30*', '3, 5, 7, 9, 12', '实物', '37,500磅', 'USD', '18.75'),
(1, 156, 'FCOJ-A', '', '', '', '', '0.05', '', '(i) 10¢ Move\r\n(A) The price limit for any month shall be ten cents (10¢) per pound above and below the Settlement Price for such month on the previous trading day.\r\n(ii) 20¢ Move\r\n(A) On the trading day following a Limit Move, the price limit for any month shall be twenty cents (20¢) per pound above and below the Settlement Price for such month on the day of the Limit Move.', '20:00-02:00*', '1, 3, 5, 7, 9, 11', 'Deliverable', '15,000pounds', 'USD', '7.50'),
(3, 156, '冷冻橙汁', '', '', '', '', '0.05', '', '首日:10美分; 次日:20美分', '20:00-02:00*', '1, 3, 5, 7, 9, 11', '实物', '15,000磅', 'USD', '7.50'),
(1, 157, 'Sugar No. 11', '', '', '', '', '0.01', '', 'N.A.', '15:30-01:00*', '3, 5, 7, 10', 'Deliverable', '112,000pounds', 'USD', '11.20'),
(3, 157, '原糖11号', '', '', '', '', '0.01', '', 'N.A.', '15:30-01:00*', '3, 5, 7, 10', '实物', '112,000磅', 'USD', '11.20'),
(1, 158, 'Mini Brent Crude', '', '', '', '', '0.01', '', 'N.A.', '08:00-06:00*', 'Recent 96 months', 'Financially Settled', '100barrels', 'USD', '1.00'),
(3, 158, '迷你布伦特原油', '', '', '', '', '0.01', '', 'N.A.', '08:00-06:00*', '最近96个月', '现金', '100桶', 'USD', '1.00'),
(1, 159, 'Mini US Dollar Index', '', '', '', '', '0.005', '', 'N.A.', '08:00-06:00*', 'Mar, June, Sep, Dec', 'Financially Settled', '200USD*Index', 'USD', '1.00'),
(3, 159, '迷你美元指数', '', '', '', '', '0.005', '', 'N.A.', '08:00-06:00*', '三月,六月,九月,十二月', '现金', '200美元*指数', 'USD', '1.00'),
(1, 160, 'Brent Crude', '', '', '', '', '0.01', '', 'N.A.', '8:00 PM - 6:00 PM*, Mon starts at 06:00', 'Up to 96 consecutive months', 'Financially Settled', '1,000 barrels', 'USD', '10.00'),
(3, 160, '布伦特原油', '', '', '', '', '0.01', '', 'N.A.', '08:00-06:00* 周1 06:00开盘', '最近96个月', '现金', '1,000桶', 'USD', '10.00'),
(1, 161, 'Low Sulphur Gasoil', '', '', '', '', '0.25', '', 'N.A.', '8:00 PM - 6:00 PM*, Mon starts at 06:00', 'Up to 9 consecutive months', 'Deliverable', '100ton', 'USD', '25.00'),
(3, 161, '汽油', '', '', '', '', '0.25', '', 'N.A.', '08:00-06:00* 周1 06:00开盘', '最近9个月', '实物', '100吨', 'USD', '25.00'),
(1, 162, 'WTI Crude Oil', '', '', '', '', '0.01', '', 'N.A.', '08:00-06:00*', 'Up to 9 consecutive months', 'Deliverable', '1,000 barrels', 'USD', '10.00'),
(3, 162, 'WTI原油', '', '', '', '', '0.01', '', 'N.A.', '08:00-06:00*', '最近9个月', '现金', '1,000桶', 'USD', '10.00'),
(1, 163, 'FTSE 100 Index', '', '', '', '', '0.5', '', 'N.A.', '08:00-04:00*', '4 Quarterly Months', 'Financially Settled', '10Pounds*Index', 'GBP', '5.00'),
(3, 163, '富时100指数', '', '', '', '', '0.5', '', 'N.A.', '08:00-04:00*', '四个季度月份', '现金', '10英镑*指数', 'GBP', '5.00'),
(1, 164, 'White Sugar', '', '', '', '', '0.01', '', 'N.A.', '15:45-01:00*', 'Mar, May, Aug, Oct, Dec', 'Deliverable', '50ton', 'USD', '5.00'),
(3, 164, '伦敦白糖', '', '', '', '', '0.01', '', 'N.A.', '15:45-01:00*', '三月、五月、八月、十月、十二月', '实物', '50吨', 'USD', '5.00'),
(1, 165, 'London Cocoa', '', '', '', '', '1', '', 'N.A.', '16:30-23:55', 'Mar, May, Jul, Sep, Dec', 'Deliverable', '10ton', 'GBP', '10.00'),
(3, 165, '伦敦可可', '', '', '', '', '1', '', 'N.A.', '16:30-23:55', '三月、五月、七月、九月、十二月', '实物', '10吨', 'GBP', '10.00'),
(1, 166, 'Robusta Coffee', '', '', '', '', '1', '', 'N.A.', '16:00-00:30*', 'Jan, Mar, May, Jul, Sep, Nov', 'Deliverable', '10ton', 'USD', '10.00'),
(3, 166, '罗博士特咖啡', '', '', '', '', '1', '', 'N.A.', '16:00-00:30*', '一月、三月、五月、七月、九月、十一月', '实物', '10吨', 'USD', '10.00'),
(1, 167, 'Crude Palm Oil', '', '', '', '', '1', '', '(a) When the 10% Limit is triggered (except for the current month),\r\n the Exchange will announce a 10-minute cooling off period\r\n (“the Cooling Off Period”) for Contracts of all contract months (except the current delivery month) during which trading may only take place within the 10% Limit\r\n (b) Following the Cooling Off Period, Contracts of all Contract months will be specified as reserved for a period of 5 minutes, after which the price limit will be expanded to 15%. The prices traded for Contracts of all Contract months (except the current month) must then not vary more than 15% above or below the settlement prices of the preceding Business Day  (“the 15% Limit”)\r\n (c) If the 10% Limit is triggered less than 30 minutes before the end of the first trading session, the 10% Limit will apply to Contracts of all Contract months (except the current month) for the rest of the first trading session  and the 15% Limit will apply to Contracts of all Contract months (except the current month) during the second trading session\r\n (d) If the 10% Limit is triggered less than 30 minutes before the end of the second trading session, the 10% Limit will apply to Contracts of all Contract months (except the current month) for the rest of the Business Day\r\n2. For the purposes of paragraph 1(a), the 10% Limit will be considered triggered in the manner as may be prescribed by the Exchange ', '10:30-12:30, 15:00-18:00，\r\nMon to Thu 21:00-23:30 ', 'Spot month and the next 11 succeeding months, and thereafter, alternate months up to 36 months ahead', 'Deliverable', '25ton', 'MYR', '25.00 '),
(1, 168, 'Cboe Volatility Index (VIX Index)', '', '', '', '', '0.05', '', 'N.A.', '06:00-04:15*', 'Recent 9 Months', 'Financially Settled', '1000USD*Index', 'USD', '50.00'),
(3, 168, 'CBOE波动率指数 VIX', '', '', '', '', '0.05', '', 'N.A.', '06:00-04:15*', '最近9个月', '现金', '1000美元*指数', 'USD', '50.00'),
(1, 169, 'Crude Palm Oil', '', '', '', '', '0.25', '', '±10% of the Settlement Price of the Trading Day Before', '09:00-12:30, 13:30-18:00,22:30-23:30', 'Recent 12 Months', 'Deliverable', '10ton', 'USD', '2.50'),
(3, 169, '精炼棕榈油', '', '', '', '', '0.25', '', '上一交易日结算价±10%', '09:00-12:30, 13:30-18:00,22:30-23:30', '最近12个月', '实物', '10吨', 'USD', '2.50'),
(1, 170, 'USD/CNH', '', '', '', '', '0.0001', '', 'N.A.', '07:00-18:00, 19:30-5:00*', 'The Exchange shall list 4 Contracts which shall expire in the next 4 near-term consecutive weeks, followed by another 3 Contracts which shall expire in the third week of each of the next 3 consecutive months, followed by another 3 Contracts which shall expire in the third week of each of the next 3 quarterly months (March, June, September and December).  \r\n\r\nUpon the expiration of a Contract, the Exchange shall list a new Contract for trading by the beginning of the next Trading Day.', 'Financially Settled', '10,000USD', 'CNH', '1.00'),
(3, 170, '美元/离岸人民币', '', '', '', '', '0.0001', '', 'N.A.', '07:00-18:00, 19:30-5:00*', '4个周合约、3个月合约、3个季合约组成。月合约在当月第3周，季合约在\r\n3、6、9及12', '现金', '10,000美元', 'CNH', '1.00'),
(1, 171, 'Platts Dubai Crude Oil', '', '', '', '', '10', '', 'Circuit price range (SCB): JPY 20,000\r\nPossible price range of upcoming trade (DCB): JPY1,000\r\nPlease refer to Exchange Notices', '07:45-14:15,15:30-04:30*', 'Six consecutive months (On the day when a new contract month is generated, there will be six consecutive months starting from the month which the day belongs to.)', 'Financially Settled', '50 kl', 'JPY', '500.00'),
(3, 211, 'MSCI 中国 A50 互联互通（美元）指数期\r\n货', '', '', '', '', '0.2', '', 'N.A.', '09:00-16:30,17:15-03:00*\r\n(到期合约月份在最后交易日下午4时30分停止交易)', '现月、下月及之后的四个季月', '现金', '25美元*指数', 'USD', '5.00'),
(3, 171, '東京原油', '', '', '', '', '10', '', '熔断价幅(SCB): JPY 20,000; 即时成交可能价幅(DCB):JPY 1,000\r\n(详情见交易所规定)', '07:45-14:15,15:30-04:30*', '最近6个月', '现金', '50千升', 'JPY', '500.00'),
(1, 172, 'Gold Standard', '', '', '', '', '1', '', 'JPY 400.00, JPY 600.00, JPY 800.00', '07:45-14:15,15:30-04:30*', 'Nearest 6 contract months (February, April, June, August, October and December)', 'Deliverable', '1,000g', 'JPY', '1000.00'),
(3, 172, '日黃金', '', '', '', '', '1', '', 'JPY 400.00, JPY 600.00, JPY 800.00', '07:45-14:15,15:30-04:30*', '2月、4月、6月、8月、10月、12月中最近6个合约月份 ', '实物', '1,000g', 'JPY', '1000.00'),
(1, 173, 'RSS3 Rubber', '', '', '', '', '0.1', '', 'Price limit (SCB): JPY 20.0\r\nPossible price range of upcoming trade (DCB): JPY5.0\r\nPlease refer to Exchange Notices', '07:45-14:15,15:30-18:00', 'Nearest 6 contract months', 'Deliverable', '5,000kg', 'JPY', '500.00'),
(3, 173, '日橡胶', '', '', '', '', '0.1', '', '限价范围:JPY 20.0; 即时成交可能价幅(DCB):JPY 5.0 (详情见交易所规定)', '07:45-14:15,15:30-18:00', '最近6个月', '实物', '5,000kg', 'JPY', '500.00'),
(1, 174, 'Nikkei 225', '', '', '', '', '10', '', '8%, 12%, 16% ', '07:45-14:15,15:30-04:30*', '3, 6, 9, 12', 'Financially Settled', '1000Yen*Index', 'JPY', '10000.00'),
(3, 174, '大板日经指数', '', '', '', '', '10', '', '8%, 12%, 16% ', '07:45-14:15,15:30-04:30*', '3, 6, 9, 12', '现金', '1000日元*指数', 'JPY', '10000.00'),
(1, 175, 'Nikkei 225 mini', '', '', '', '', '5', '', '8%, 12%, 16%', '07:45-14:15,15:30-04:30*', '(1) Quarterly Contract Months (Available for a period up to 5 years)\r\nJune and December: Nearest 10 contract months\r\nMarch and September: Nearest 3 contract months\r\n(2) Monthly Contract Months (Available for a period up to 5 months)\r\nnearest 3 contract months', 'Financially Settled', '100Yen*Index', 'JPY', '500.00'),
(3, 175, '大板小型日经指数', '', '', '', '', '5', '', '8%, 12%, 16%', '07:45-14:15,15:30-04:30*', '最近4个月和3个季月', '现金', '100日元*指数', 'JPY', '500.00'),
(1, 176, '10-year JGB', '', '', '', '', '0.01', '', 'JPY 2.00, JPY 3.00', '07:45-10:02, 11:30-14:02, 14:30-04:30*', '3, 6, 9, 12', 'Deliverable', '100,000,000Yen', 'JPY', '10000.00'),
(3, 176, '十年政府债券', '', '', '', '', '0.01', '', 'JPY 2.00, JPY 3.00', '07:45-10:02, 11:30-14:02, 14:30-04:30*', '3, 6, 9, 12', '实物', '100,000,000日元', 'JPY', '10000.00'),
(1, 177, 'TOPIX', '', '', '', '', '0.5', '', '8%, 12%, 16%', '07:45-14:15,15:30-04:30*', '5 months in the March quarterly cycle (March, June, September and December)', 'Financially Settled', '10000Yen*Index', 'JPY', '5000.00'),
(3, 177, '东证股价指数（TOPIX） ', '', '', '', '', '0.5', '', '8%, 12%, 16%', '07:45-14:15,15:30-04:30*', '3, 6, 9, 12之中最近的5个月份', '现金', '10000日元*指数 ', 'JPY', '5000.00'),
(1, 178, 'Iron Ore', '', '', '', '', '0.5', '', '±10%; ±13%; ±15% of the Settlement Price on the Trading Day Before', '09:00-10:15, 10:30-11:30, 13:30-15:00\r\nNight Trading Hours: 21:00-23:00', '12 Consecutive Months', 'Deliverable', '100ton', 'CNY', '50.00'),
(3, 178, '铁矿石', '', '', '', '', '0.5', '', '上一交易日结算价±10%; ±13%; ±15%', '09:00-10:15, 10:30-11:30, 13:30-15:00\r\n夜盘交易时间 21:00-23:00', '12个连续月', '实物', '100吨', 'CNY', '50.00'),
(1, 179, 'PTA', '', '', '', '', '2', '', '±5%; ±8%; ±11% of the Settlement Price on the Trading Day Before', '09:00-10:15, 10:30-11:30, 13:30-15:00\r\nNight Trading Hours: 21:00-23:00', '12 Consecutive Months', 'Deliverable', '5ton', 'CNY', '10.00'),
(3, 179, '精对苯二甲酸 PTA', '', '', '', '', '2', '', '上一交易日结算价±5%; ±8%; ±11%', '09:00-10:15, 10:30-11:30, 13:30-15:00\r\n夜盘交易时间 21:00-23:00', '12个连续月', '实物', '5吨', 'CNY', '10.00'),
(1, 180, 'Hang Seng Index Options', '', '', '', '', '1', '', 'N.A.', 'For standard Index Options:  9:15 am - 12:00 noon, 1:00 pm - 4:30 pm & 5:15 pm  -3:00 am\r\n(Expiring contract month closes at 4:00 pm on the Expiry Day)          ', 'Short-dated Options:- Spot, next three calendar months & next three calendar quarter months and\r\nLong-dated Options:- the next 3 months of June & December and the following 3 December months ', 'Financially Settled', '50HKD*Index', 'HKD', '50'),
(3, 180, '恒生指数期权', '', '', '', '', '1', '', 'N.A.', '09:15-12:00; 13:00-16:30; 17:15-03:00*\r\n(到期合约月份在合约到期日收市时间为16:00)', '短期期权：现月、下3个月及之后的3个季月\r\n长期期权：之后5个六月及十二月合约月份', '现金交割', '50港元*指数', 'HKD', '50'),
(1, 181, 'Hang Seng China Enterprises Index Options', '', '', '', '', '1', '', 'N.A.', 'For standard Index Options:  9:15 am - 12:00 noon, 1:00 pm - 4:30 pm & 5:15 pm  - 3:00 am\r\n(Expiring contract month closes at 4:00 pm on the Expiry Day)', 'Short-dated Options:-\r\nSpot, next three calendar months & next three calendar quarter months\r\nLong-dated Options:-\r\nthe next three months of June & December and the following 3 December months', 'Financially Settled', '50HKD*Index', 'HKD', '50'),
(3, 181, 'H股指数期权', '', '', '', '', '1', '', 'N.A.', '09:15-12:00; 13:00-16:30; 17:15-03:00*\r\n(到期合约月份在合约到期日收市时间为16:00)', '短期期权：现月，下3个月及之后的3个季月\r\n长期期权：之后3个六月及十二月合约月份', '现金交割', '50港元*指数', 'HKD', '50'),
(1, 182, 'Mini-Hang Seng Index Options', '', '', '', '', '1', '', 'N.A.', '9:15 am - 12:00 noon , 1:00 pm - 4:30 pm & 5:15 pm - 3:00 am  \r\n(Expiring contract month closes at 4:00 pm on the Expiry Day)', 'Spot, next calendar month, & next two calendar quarter months', 'Financially Settled', '10HKD*Index', 'HKD', '10'),
(3, 182, '小型恒生指数期权', '', '', '', '', '1', '', 'N.A.', '09:15-12:00; 13:00-16:30; 17:15-03:00*\r\n(到期合约月份在合约到期日收市时间为16:00)', '现月、下月及之后两个季月 ', '现金交割', '10港元*指数', 'HKD', '10'),
(1, 183, 'Mini-Hang Seng China Enterprises Index Options', '', '', '', '', '1', '', 'N.A.', '9:15 am - 12:00 noon, 1:00 pm - 4:30 pm & 5:15 pm -3:00 am (effective on 3 Dec 2018)\r\n(Expiring contract month closes at 4:00 pm on the Last Trading Day)            ', 'Spot month, next calendar month, & next two calendar quarter months', 'Financially Settled', '10HKD*Index', 'HKD', '10'),
(3, 183, '小型H股指数期权', '', '', '', '', '1', '', 'N.A.', '09:15-12:00; 13:00-16:30; 17:15-03:00*\r\n(到期合约月份在合约到期日收市时间为16:00)', '现月，下月，及之后的两个季月', '现金交割', '10港元*指数', 'HKD', '10'),
(1, 184, 'USD/CNH Options', '', '', '', '', '0.0001', '', 'N.A.', '8:30 a.m. to 4:30 p.m. (Trading hours on the Expiry Day are from 8:30 a.m. to 11:00 a.m.)', 'Spot month, the next three calendar months and the next six calendar quarter months', 'Deliverable', '100,000USD', 'CNH', '10'),
(3, 184, '美元兑人民币期权', '', '', '', '', '0.0001', '', 'N.A.', '09:15-16:30\r\n(最后交易日的交易时间为09:00-11:00)', '现月、下三个月及之后四个季月', '实物交割', '100,000美元', 'CNH', '10'),
(1, 185, 'Crude Oil Options', '', '', '', '', '$0.01/barrel', '', 'N.A.', 'Sunday - Friday 6:00 p.m. - 5:00 p.m. (5:00 p.m. - 4:00 p.m. CT) ', 'Monthly contracts listed for the current year and the next 10 calendar years and 2 additional contract months.  List monthly contracts for a new calendar year and 2 additional contract months following the termination of trading in the December contract of the current year.', 'Deliverable', 'Same as Crude Oil Futures', 'USD', '10.0'),
(3, 185, '纽约原油', '', '', '', '', '$0.01/桶', '', 'N.A.', '周一至周五 06:00-05:00*', '当年和之后5个日历年的每个月，以及第7、8、9年的六月和十二月', '实物交割\r\n(转为期货头寸)', '对应一张期货合约', 'USD', '10.0'),
(1, 186, 'Gold Options', '', '', '', '', '$0.1/troy ounces', '', 'N.A.', 'Sunday - Friday 6:00 p.m. - 5:00 p.m. (5:00 p.m. - 4:00 p.m. CT)', 'Monthly contracts listed for 20 consecutive months and any June in December in the nearest 72 months.', 'Deliverable', 'Same as Gold Futures', 'USD', '10.0'),
(3, 186, '美黄金', '', '', '', '', '$0.1/金制盎司', '', 'N.A.', '周一至周五 06:00-05:00*', '合约当月和之后连续20个月，以及合约当月之后的72个月中的所有六月和十二月', '实物交割\r\n(转为期货头寸)', '对应一张期货合约', 'USD', '10.0'),
(1, 187, 'E-mini S&P 500 Options', '', '', '', '', '0.25 index points', '', 'N.A. ', 'Sunday - Friday 6:00 p.m. - 5:00 p.m. ET (5:00 p.m. - 4:00 p.m. CT) ', 'Quarterly contracts (Mar, Jun, Sep, Dec) listed for 4 consecutive quarters', 'Deliverable', 'Same as E-mini S&P 500 Futures', 'USD', '12.5'),
(3, 187, '小型标准普尔500指数期权', '', '', '', '', '0.25个指数点', '', 'N.A. ', '周一至周五 06:00-05:00', '合约当月和之后的4个季月', '实物交割\r\n(转为期货头寸)', '对应一张期货合约', 'USD', '12.5'),
(1, 188, 'E-mini S&P 500 EOM Options', '', '', '', '', '0.25 index points', '', 'N.A. ', 'Sunday - Friday 6:00 p.m. - 5:00 p.m. ET (5:00 p.m. - 4:00 p.m. CT)', 'Monthly contracts listed for 6 consecutive months', 'Deliverable', 'Same as E-mini S&P 500 EOM Futures', 'USD', '12.5'),
(3, 188, '小型标准普尔500指数月末期权', '', '', '', '', '0.25个指数点', '', 'N.A. ', '周一至周五 06:00-05:00', '6个连续月', '实物交割\r\n(转为期货头寸)', '对应一张期货合约', 'USD', '12.5'),
(1, 189, 'E-mini Nasdaq-100 Options', '', '', '', '', '0.25', '', 'N.A. ', 'Sunday - Friday 6:00 p.m. - 5:00 p.m. ET (5:00 p.m. - 4:00 p.m. CT)', 'Monthly contracts listed for 4 consecutive months', 'Deliverable', 'Same as E-mini Nasdaq-100 Futures', 'USD', '5.00'),
(3, 189, '小型纳斯达克100指数期权', '', '', '', '', '0.25', '', 'N.A. ', '周一至周五 06:00-05:00', '3, 6, 9, 12月', '实物交割\r\n(转为期货头寸)', '20点*指数', 'USD', '5.00'),
(1, 190, 'Japanese Yen Options', '', '', '', '', '0.0000005', '', 'N.A.', 'Mon-Fri 06:00-05:00', 'Mar, Jun, Sep, Dec', 'Deliverable', '12,500,000Yen', 'USD', '6.25'),
(3, 190, '日元期权 ', '', '', '', '', '0.0000005', '', 'N.A.', '周一至周五 06:00-05:00', '3, 6, 9, 12月', '实物交割\r\n(转为期货头寸)', '12,500,000日元', 'USD', '6.25'),
(1, 191, 'Euro FX Options', '', '', '', '', '0.0000500', '', 'N.A.', 'Mon- Fri 06:00-05:00', 'Mar, Jun, Sep, Dec', 'Deliverable', '125,000Euro', 'USD', '6.25'),
(3, 191, '欧元期权', '', '', '', '', '0.0000500', '', 'N.A.', '周一至周五 06:00-05:00', '3, 6, 9, 12月', '实物交割\r\n(转为期货头寸)', '125,000欧元', 'USD', '6.25'),
(1, 192, 'Soybean Options', '', '', '', '', '1/8 of one cent (0.00125) per bushel', '', 'N.A.', 'Sunday – Friday, 7:00 p.m. – 7:45 a.m. CT and\r\nMonday – Friday, 8:30 a.m. – 1:20 p.m. CT', 'Monthly contracts listed for 3 consecutive months, 9 monthly contracts of Jan, Mar, May, Jul, Aug, Sep, Nov and an additional Nov contract month listed in August.', 'Deliverable', '1 futures contract for 5,000 bushels', 'USD', '6.25'),
(3, 192, '美大豆', '', '', '', '', '0.125美分/蒲式耳', '', 'N.A.', '周一至周五 08:00-20:45 & 21:30-02:15', '合约当月及接下来3个月，并且从合约当月开始计算包含1、3、5、7、8、\r\n9、11月的总共9个月，另外加之后的十一月。', '实物交割\r\n(转为期货头寸)', '5000蒲式耳', 'USD', '6.25'),
(1, 193, 'Corn Options', '', '', '', '', '1/8 of one cent (0.00125) per bushel', '', 'N.A.', 'Sunday – Friday, 7:00 p.m. – 7:45 a.m. CT and\r\nMonday – Friday, 8:30 a.m. – 1:20 p.m. CT', 'Mar, May, Jul, Sep, Dec', 'Deliverable', '5000bushels', 'USD', '6.25'),
(3, 193, '美玉米', '', '', '', '', '0.125美分/蒲式耳', '', 'N.A.', '周一至周五 08:00-20:45 & 21:30-02:15', '3、5、7、9、12月', '实物交割\r\n(转为期货头寸)', '5000蒲式耳', 'USD', '6.25'),
(1, 194, 'Chicago SRW Wheat Options', '', '', '', '', '1/8 of one cent (0.00125) per bushel', '', 'N.A.', 'Sunday – Friday, 7:00 p.m. – 7:45 a.m. CT and\r\nMonday – Friday, 8:30 a.m. – 1:20 p.m. CT', 'Mar, May, Jul, Sep, Dec', 'Deliverable', '5000bushels', 'USD', '6.25'),
(3, 194, '美小麦', '', '', '', '', '0.125美分/蒲式耳', '', 'N.A.', '周一至周五 08:00-20:45 & 21:30-02:15', '3、5、7、9、12月', '实物交割\r\n(转为期货头寸)', '5000蒲式耳 ', 'USD', '6.25'),
(1, 195, 'Soybean Meal Options', '', '', '', '', '0.05/short ton', '', 'N.A.', 'Sunday – Friday, 7:00 p.m. – 7:45 a.m. CT and\r\nMonday – Friday, 8:30 a.m. – 1:20 p.m. CT', 'Jan, Mar, May, Jul, Aug, Sep, Oct, Dec', 'Deliverable', '100 short tons', 'USD', '5.00'),
(3, 195, '美豆粕', '', '', '', '', '0.05/短吨', '', 'N.A.', '周一至周五 08:00-20:45 & 21:30-02:15', '1、3、5、7、8、9、10、12月', '实物交割\r\n(转为期货头寸)', '100短吨', 'USD', '5.00'),
(1, 196, '10-Year T-Note Options', '', '', '', '', '0.5/32', '', 'N.A.', '06:00-05:00*\r\n( ETH 06:00-20:00 RTH 20:20-05:00* )', 'Mar, Jun, Sep, Dec', 'Deliverable', '100,000USD', 'USD', '15.625'),
(3, 196, '10年美债', '', '', '', '', '0.5/32', '', 'N.A.', '06:00-05:00*\r\n( ETH 06:00-20:00 RTH 20:20-05:00* )', '3、6、9、12月', '实物交割\r\n(转为期货头寸)', '100,000美元', 'USD', '15.625'),
(1, 197, '2-Year T-Note Options', '', '', '', '', '0.5/32', '', 'N.A.', '06:00-05:00*\r\n( ETH 06:00-20:00 RTH 20:20-05:00* )', 'Mar, Jun, Sep, Dec', 'Deliverable', '200,000USD', 'USD', '15.625'),
(3, 197, '2年美债 ', '', '', '', '', '0.5/32', '', 'N.A.', '06:00-05:00*\r\n( ETH 06:00-20:00 RTH 20:20-05:00* )', '3、6、9、12月', '实物交割\r\n(转为期货头寸)', '200,000美元', 'USD', '15.625'),
(1, 198, 'Brent Crude Options', '', '', '', '', '$0.01/barrel', '', 'N.A.', 'Mon-Fri 08:00-06:00', 'Consecutive 96 Months', 'Deliverable', '1000barrels', 'USD', '10.0'),
(3, 198, '布兰特原油 ', '', '', '', '', '$0.01/桶', '', 'N.A.', '周一至周五 08:00-06:00', '连续96个月', '实物交割\r\n(转为期货头寸)', '1000桶', 'USD', '10.0'),
(1, 199, 'Platinum', '', '', '', '', '0.1', '', '10% dynamic price limits and circuit breakers\r\nPlease refer to Exchange Notices', '06:00-05:00*', 'Monthly contracts listed for 3 consecutive months and any January, April, July, and October in the nearest 15 months', 'Deliverable', '50 troy ounces', 'USD', '5.00'),
(3, 199, '美铂金', '', '', '', '', '0.1', '', '10% 动态熔断 (详情依交易所公告)', '06:00-05:00*', '最近3个月,及15个月之内的一月,四月,七月和十月', '实物', '50金衡制盎司', 'USD', '5.00'),
(3, 68, '工商银行', '', '', '', '', '0.01', '', 'N.A. ', '09:30 -12:00,13:00-16:00', '现月，下两个月，及之后两个季月', '现金', '1,000 股', 'HKD', '10.00'),
(3, 152, '美元指数', '', '', '', '', '0.005 ', '', 'N.A.', '周一06:00-05:00*周二至周五08:00-05:00', '3, 6, 9, 12', '实物', '1,000美元*指数', 'USD', '5.00'),
(1, 200, 'Hang Seng TECH Index Options', '', '', '', '', '1', '', 'N.A', '9:15 am - 12:00 noon, 1:00 pm - 4:30 pm\r\n(Expiring contract month closes at 4:00 pm on the Last Trading Day)', 'Spot, next calendar month & following 2 quarterly months', 'Financially Settled', '50HKD*Index', 'HKD', '50'),
(3, 200, '恒生科技指数期权', '', '', '', '', '1', '', 'N.A', '9:15-12:00，13:00-16:30 (到期合约月份在最后交易日收市时间为16:00)', '现月、下月及之后两个季月', '现金交割', '50港元*指数', 'HKD', '50'),
(1, 201, 'Weekly Hang Seng Index Options', '', '', '', '', '1', '', 'N.A.', 'T Session\r\n9:15 am - 12:00 noon (morning trading session)\r\n1:00 pm - 4:30 pm (afternoon trading session)\r\n(Expiring contract closes at 4:00 pm on the Expiry Day)\r\n\r\nT+1 Session\r\n5:15 pm – 3:00 am (after-hours trading session)', 'Spot Week and the next week, except where the Expiry Day of the Weekly Contract is the same as the Expiry Day of the Spot Month HSI Option Contract', 'Financially Settled', '50HKD*Index', 'HKD', '50'),
(3, 201, '每周恒生指数期权', '', '', '', '', '1', '', 'N.A.', '09:15-12:00; 13:00-16:30; 17:15-03:00* (到期合约月份在合约到期日收市时间为16:00)', '現周及下周(註: 一般情况下，每周指數期權由星期一開始交易及於下周五到期)', '现金交割', '50港元*指数', 'HKD', '50'),
(1, 202, 'Weekly Hang Seng China Enterprises Index Options', '', '', '', '', '1', '', 'N.A.', 'T Session\r\n9:15 am - 12:00 noon (morning trading session)\r\n1:00 pm - 4:30 pm (afternoon trading session)\r\n(Expiring contract closes at 4:00 pm on the Expiry Day)\r\n\r\nT+1 Session\r\n5:15 pm – 3:00 am (after-hours trading session)', 'Spot Week and the next week, except where the Expiry Day of the Weekly Contract is the same as the Expiry Day of the Spot Month HSCEI Option Contract', 'Financially Settled', '50HKD*Index', 'HKD', '50'),
(3, 202, '每周H股指数期权', '', '', '', '', '1', '', 'N.A.', '09:15-12:00; 13:00-16:30; 17:15-03:00* (到期合约月份在合约到期日收市时间为16:00)', '現周及下周(註: 一般情况下，每周指數期權由星期一開始交易及於下周五到期)', '现金交割', '50港元*指数', 'HKD', '50'),
(3, 203, '小型标准普尔500指数周期权', '', '', '', '', '0.25个指数点', '', 'N.A.', '周一至周五 06:00-05:00*', 'ESW1、ESW2和ESW4(第1週、第2週和第4週)的四個最近週以及ESW3(第3 週)的三個最近週', '实物交割 (转为期货头寸)', '对应一张期货合约', 'USD', '12.5'),
(2, 203, '小型标准普尔500指数周期权', '', '', '', '', '0.25个指数点', '', 'N.A.', '周一至周五 06:00-05:00*', 'ESW1、ESW2和ESW4(第1週、第2週和第4週)的四個最近週以及ESW3(第3 週)的三個最近週', '实物交割 (转为期货头寸)', '对应一张期货合约', 'USD', '12.5'),
(1, 203, '小型标准普尔500指数周期权', '', '', '', '', '0.25个指数点', '', 'N.A.', '周一至周五 06:00-05:00*', 'ESW1、ESW2和ESW4(第1週、第2週和第4週)的四個最近週以及ESW3(第3 週)的三個最近週', '实物交割 (转为期货头寸)', '对应一张期货合约', 'USD', '12.5'),
(3, 204, '小型纳斯达克100指数周期权', '', '', '', '', '0.25个指数点', '', 'N.A.', '周一至周五 06:00-05:00*', 'QNW1、QNW2和QNW4(第1週、第2週和第4週)的四個最近週以及QNW3(第3 週)的兩個最近週', '实物交割 (转为期货头寸)', '对应一张期货合约', 'USD', '5.00'),
(2, 204, '小型纳斯达克100指数周期权', '', '', '', '', '0.25个指数点', '', 'N.A.', '周一至周五 06:00-05:00*', 'QNW1、QNW2和QNW4(第1週、第2週和第4週)的四個最近週以及QNW3(第3 週)的兩個最近週', '实物交割 (转为期货头寸)', '对应一张期货合约', 'USD', '5.00'),
(1, 204, '小型纳斯达克100指数周期权', '', '', '', '', '0.25个指数点', '', 'N.A.', '周一至周五 06:00-05:00*', 'QNW1、QNW2和QNW4(第1週、第2週和第4週)的四個最近週以及QNW3(第3 週)的兩個最近週', '实物交割 (转为期货头寸)', '对应一张期货合约', 'USD', '5.00'),
(3, 205, '小型美元兑人民币', '', '', '', '', '0.0001', '', 'N.A.', '08:30-16:30,17:15-03:00*', '即月,下三个历月及之后六个季月', '现金', '20,000美元', 'CNH', '2.00'),
(1, 205, 'Mini USD/CNH Futures', '', '', '', '', '0.0001', '', 'N.A.', '8:30 am - 4:30 pm (Day Session)\r\n5:15 pm - 3:00 am (AHT Session) (Expiring contract month closes at 11:00 am on the Last Trading Day)', 'Spot month, the next three calendar months and the next six calendar quarter months', 'Financially Settled', 'USD 20,000', 'CNH', '2.00'),
(3, 206, '富時中國H50指數', '', '', '', '', '2.5', '', 'N.A.', '09:00-16:35; 17:00-05:15*', '2 个最近的连续月及2年周期4个季月', '现金交割', '对应一张期货合约', 'USD', '5.00'),
(1, 206, 'FTSE China H50 Index Futures', '', '', '', '', '2.5', '', 'N.A.', '09:00-16:35; 17:00-05:15*', '2 nearest serial months and Mar, Jun, Sep and Dec months on a 2-year cycle', 'Financially Settled', 'US$2 x SGX FTSE China H50 Index Futures Price	', 'USD', '5.00'),
(3, 207, '原油', '', '', '', '', '0.1', '', '上一交易日结算价±8%; ±11%; ±13%', '9:00-10:15, 10:30-11:30, 13:30-15:00 夜盘交易时间21:00-02:30', '12个连续月及之后8个季月', '实物', '1000桶', 'CNY', '100.00'),
(1, 207, 'Medium Sour Crude Oil', '', '', '', '', '0.1', '', '±8%; ±11%; ±13% from the settlement price of the previous trading day', '9:00-11:30 a.m., 1:30-3:00 p.m. (the Beijing Time), and other trading hours as prescribed by the Exchange', 'Monthly contracts of recent twelve (12) consecutive months followed by eight (8) quarterly contracts.', 'Deliverable', '1000 barrels', 'CNY', '100.00'),
(3, 208, '20号胶', '', '', '', '', '5.0', '', '上一交易日结算价±8%; ±11%; ±13%', '9:00-10:15, 10:30-11:30, 13:30-15:00 夜盘交易时间21:00-23:00', '12个连续月', '实物', '10吨', 'CNY', '50.00'),
(1, 208, 'TSR 20', '', '', '', '', '5.0', '', '±8%; ±11%; ±13% from the settlement price of the previous trading day', '9:00-11:30 a.m., 1:30-3:00 p.m. (the Beijing Time), and other trading hours as prescribed by the Exchange', 'January, February, March, April, May, June, July, August, September, October, November, and December', 'Deliverable', '10 metric tons', 'CNY', '50.00'),
(3, 209, '低硫燃料油', '', '', '', '', '1', '', '上一交易日结算价±8%; ±11%; ±13%', '9:00-10:15, 10:30-11:30, 13:30-15:00 夜盘交易时间21:00-23:00', '12个连续月', '实物', '10吨', 'CNY', '10.00'),
(1, 209, 'Low Sulfur Fuel Oil', '', '', '', '', '1', '', '±8%; ±11%; ±13% from the settlement price of the previous trading day', '9:00-11:30 a.m., 1:30-3:00 p.m. (Beijing Time), and other trading hours as prescribed by the Exchange', 'January, February, March, April, May, June, July, August, September, October, November, and December', 'Deliverable', '10 metric tons', 'CNY', '10.00'),
(3, 210, '国际阴极铜', '', '', '', '', '10 ', '', '上一交易日结算价±7%; ±10%; ±12%', '9:00-10:15, 10:30-11:30, 13:30-15:00 夜盘交易时间21:00-01:00', '12个连续月', '实物', '5吨', 'CNY', '50.00'),
(1, 210, 'Copper Cathode', '', '', '', '', '10 ', '', 'Within ±7%; ±10%; ±12% of the settlement price of the preceding trading day', '9:00–11:30 a.m., 1:30–3:00 p.m., and other trading hours prescribed by Shanghai International Energy Exchange (INE)', 'January, February, March, April, May, June, July, August, September, October, November, and December', 'Deliverable', '5 metric tons (MT)', 'CNY', '50.00'),
(1, 4, 'Soybean', '', '', '', '', '1/4 of one cent (0.0025)', '', '1.15USD, 1.75USD', '08:00-20:45, 21:30-02:20*\r\n(20:45-21:30 Trading Suspended)', '1, 3, 5, 7, 8, 9, 11', 'Deliverable', '5,000bushels', 'USD', '12.50'),
(1, 2, 'Chicago SRW Wheat', '', '', '', '', '1/4 of one cent (0.0025)', '', '70 cents, 105 cents', '08:00-20:45, 21:30-02:20*\r\n(20:45-21:30 Trading Suspended)', '3, 5, 7, 9, 12', 'Deliverable', '5,000 bushels', 'USD', '12.50'),
(1, 211, 'MSCI China A 50 Connect (USD) Index', '', '', '', '', '0.2', '', 'N.A.', '9:00 am – 4:30 pm (day trading session); \r\n5:15 pm – 3:00 am (after-hours trading session)', 'Spot month, next calendar month and the following 4 quarterly months', 'Financially Settled', 'US$25', 'USD', '5.00'),
(3, 167, '棕榈油', '', '', '', '', '1', '', '±10%, 10分钟冷静期过后再扩板到前结算价±15%(详情见交易 所规定)', '10:30-12:30, 15:00-18:00，\r\n周一至周四21:00-23:30', '即月, 之后连续5个月和及后连续24个相隔月 ', '实物', '25吨', 'MYR', '25.00 '),
(3, 212, '美白银', '', '', '', '', '$0.001/金制盎司', '', 'N.A.', '周一至周五 06:00-05:00*', '6个连续月，3个三月、五月和九月，以及最近60个月中的的所有七月和十二月', '实物交割\r\n(转为期货头寸)', '对应一张期货合约', 'USD', '5.0'),
(1, 212, 'Silver Option', '', '', '', '', '$0.001/troy ounces', '', 'N.A.', 'Sunday - Friday 6:00 p.m. - 5:00 p.m. (5:00 p.m. - 4:00 p.m. CT)', 'Monthly contracts listed for 3 consecutive months and any Jan, Mar, May, and Sep in the nearest 23 months and any Jul and Dec in the nearest 60 months', 'Deliverable', 'Same as Silver Futures', 'USD', '5.0'),
(3, 213, '微型标准普尔500指数期权', '', '', '', '', '0.25个指数点', '', 'N.A.', '周一至周五 06:00-05:00*', '2个季月合约（3月、6月、9月、12月）', '实物交割\r\n(转为期货头寸)', '对应一张期货合约', 'USD', '1.25'),
(1, 213, 'Micro E-mini S&P 500 Index Options', '', '', '', '', '0.25 index points', '', 'N.A.', 'Sunday 6:00 p.m. - Friday - 5:00 p.m. ET (5:00 p.m. - 4:00 p.m. CT)', 'Quarterly contracts (Mar, Jun, Sep, Dec) listed for 2 consecutive quarters', 'Deliverable', 'Same as Micro E-mini S&P 500 Index Futures', 'USD', '1.25'),
(3, 214, '微型纳斯达克100指数期权', '', '', '', '', '0.25个指数点', '', 'N.A.', '周一至周五 06:00-05:00*', '2个季月合约（3月、6月、9月、12月）', '实物交割\r\n(转为期货头寸)', '对应一张期货合约', 'USD', '0.5'),
(1, 214, 'Micro E-mini Nasdaq-100 Index Options', '', '', '', '', '0.25 index points', '', 'N.A.', 'Sunday 6:00 p.m. - Friday - 5:00 p.m. ET (5:00 p.m. - 4:00 p.m. CT)', 'Quarterly contracts (Mar, Jun, Sep, Dec) listed for 2 consecutive quarters', 'Deliverable', 'Same as Micro E-mini Nasdaq-100 Index Futures', 'USD', '0.5'),
(3, 215, '澳元', '', '', '', '', '0.0000500', '', 'N.A.', '周一至周五 06:00-05:00*', '4个季月合约（3, 6, 9, 12月）和8个非季月合约', '实物交割\r\n(转为期货头寸)', '100,000澳元', 'USD', '5.00'),
(1, 215, 'Australian Dollar Options', '', '', '', '', '0.0000500', '', 'N.A.', 'Sunday 5:00 p.m. - Friday - 4:00 p.m. CT', 'Quarterly contracts (Mar, Jun, Sep, Dec) listed for 8 consecutive quarters and serial contracts listed for 8  months', 'Deliverable', '100,000 Australian dollars', 'USD', '5.00'),
(3, 216, '5年美债', '', '', '', '', '0.5/64', '', 'N.A.', '06:00-05:00*\r\n( ETH 06:00-20:00 RTH 20:20-05:00* )', '3、6、9、12月', '实物交割\r\n(转为期货头寸)', '100,000美元', 'USD', '7.8125'),
(1, 216, '5-Year T-Note Options', '', '', '', '', '0.5/64', '', 'N.A.', '06:00-05:00*\r\n( ETH 06:00-20:00 RTH 20:20-05:00* )', 'Quarterly contracts (Mar, Jun, Sep, Dec) listed for 3 quarters and 3 serial contracts', 'Deliverable', '$100,000', 'USD', '7.8125'),
(3, 217, '美棉', '', '', '', '', '0.0100000', '', 'N.A.', '周一至周五 10:00-03:20', '常规期权3 月、5 月、7 月、10 月和 12 月; 系列期权1月、9 月和 11 月', '实物交割\r\n(转为期货头寸)', '50,000磅', 'USD', '5.0'),
(1, 217, 'Cotton No. 2 Options', '', '', '', '', '0.0100000', '', 'N.A.', '10:00 AM - 3:20 AM*', 'Regular Options: March, May, July, October and December; Serial Options: January, September and November. ', 'Deliverable', '50,000 pounds net weight', 'USD', '5.0'),
(3, 218, '原糖11号', '', '', '', '', '0.0100000', '', 'N.A.', '周一至周五 16:30-02:00', '常规期权：1 月、3 月、5 月、7 月和 10 月。\r\n系列期权：2 月、4 月、6 月、8 月、9 月、11 月和 12 月。', '实物交割\r\n(转为期货头寸)', '112,000磅', 'USD', '11.2'),
(1, 218, 'Sugar No. 11 Options', '', '', '', '', '0.0100000', '', 'N.A.', '4:30 PM - 2:00 AM\r\n16:30 - 02:00', 'Regular Options: January, March, May, July and October.\r\n\r\nSerial Options: February,April, June, August, September, November and December.', 'Deliverable', '112,000 pounds [50 long tons]', 'USD', '11.2');

-- --------------------------------------------------------

--
-- 資料表結構 `tb_huatai_trading_future`
--

CREATE TABLE IF NOT EXISTS `tb_huatai_trading_future` (
  `id` bigint(20) unsigned NOT NULL,
  `sort_order` int(11) NOT NULL DEFAULT '0',
  `code` text CHARACTER SET utf8 COLLATE utf8_unicode_ci NOT NULL,
  `remark` text CHARACTER SET utf8 COLLATE utf8_unicode_ci NOT NULL,
  `disabled` tinyint(1) NOT NULL DEFAULT '0',
  `create_date` timestamp NOT NULL DEFAULT '0000-00-00 00:00:00',
  `last_update_date` timestamp NOT NULL DEFAULT CURRENT_TIMESTAMP ON UPDATE CURRENT_TIMESTAMP,
  `create_by` bigint(20) NOT NULL DEFAULT '0',
  `last_update_by` bigint(20) NOT NULL DEFAULT '0',
  `url_target` text NOT NULL,
  `seo_url` text NOT NULL,
  `seo_keyword` text NOT NULL,
  `start_date` date DEFAULT '0000-00-00',
  `end_date` date DEFAULT '0000-00-00',
  `display_date` date DEFAULT '0000-00-00',
  `youtube_id` text NOT NULL,
  `other_link` text NOT NULL,
  `trading_future_category_id` int(11) NOT NULL DEFAULT '2'
) ENGINE=MyISAM AUTO_INCREMENT=2954 DEFAULT CHARSET=utf8;

--
-- 資料表的匯出資料 `tb_huatai_trading_future`
--

INSERT INTO `tb_huatai_trading_future` (`id`, `sort_order`, `code`, `remark`, `disabled`, `create_date`, `last_update_date`, `create_by`, `last_update_by`, `url_target`, `seo_url`, `seo_keyword`, `start_date`, `end_date`, `display_date`, `youtube_id`, `other_link`, `trading_future_category_id`) VALUES
(1, 1, '', '', 2, '2020-12-29 09:55:21', '2021-02-23 02:24:11', 1, 1, '', '', '', '0000-00-00', '0000-00-00', '2020-12-23', '', '', 2),
(2, 2, '', '', 2, '2020-12-29 09:55:28', '2021-02-23 02:24:11', 1, 1, '', '', '', '0000-00-00', '0000-00-00', '2020-12-23', '', '', 2),
(3, 3, '', '', 2, '2020-12-29 09:55:35', '2021-02-23 02:24:11', 1, 2, '', '蚝商所cme-最吞交易日-202011-选择权-英镑-bp', '', '0000-00-00', '0000-00-00', '2020-12-25', '', '', 2),
(4, 4, '', '', 2, '2021-02-02 02:14:04', '2021-02-23 02:24:11', 1, 1, '', 'testing', '', '0000-00-00', '0000-00-00', '2021-02-02', '', '', 2),
(5, 4, '', '', 2, '2021-02-02 04:13:44', '2021-02-23 02:24:11', 2, 2, '', 'aaaaa', '', '0000-00-00', '0000-00-00', '2019-02-02', '', '', 2),
(6, 2597, '', '', 0, '2021-02-05 03:09:20', '2022-04-26 03:16:34', 2, 2, '', 'cbot美豆202101合约', '', '0000-00-00', '0000-00-00', '2020-12-31', '', '', 2),
(7, 2598, '', '', 0, '2021-02-05 03:10:03', '2022-04-26 03:16:34', 2, 2, '', 'cbot美豆油202101合约', '', '0000-00-00', '0000-00-00', '2020-12-31', '', '', 2),
(8, 2599, '', '', 0, '2021-02-05 03:11:42', '2022-04-26 03:16:34', 2, 2, '', 'cbot美豆粕202101合约', '', '0000-00-00', '0000-00-00', '2020-12-31', '', '', 2),
(9, 2600, '', '', 0, '2021-02-05 03:12:19', '2022-04-26 03:16:34', 2, 2, '', 'cbot粗米202101合约', '', '0000-00-00', '0000-00-00', '2020-12-31', '', '', 2),
(10, 2601, '', '', 0, '2021-02-05 03:12:52', '2022-04-26 03:16:34', 2, 2, '', 'cbot30天联邦基金202101合约', '', '0000-00-00', '0000-00-00', '2021-01-29', '', '', 2),
(11, 2602, '', '', 0, '2021-02-05 08:56:40', '2022-04-26 03:16:34', 2, 2, '', 'cme澳元202101合约', '', '0000-00-00', '0000-00-00', '2021-01-15', '', '', 2),
(12, 2603, '', '', 0, '2021-02-05 08:57:24', '2022-04-26 03:16:34', 2, 2, '', 'cme英镑202101合约', '', '0000-00-00', '0000-00-00', '2021-01-15', '', '', 2),
(13, 2604, '', '', 0, '2021-02-05 08:58:13', '2022-04-26 03:16:34', 2, 2, '', 'cme加元202101合约', '', '0000-00-00', '0000-00-00', '2021-01-19', '', '', 2),
(14, 2605, '', '', 0, '2021-02-05 08:58:39', '2022-04-26 03:16:34', 2, 2, '', 'cme欧元202101合约', '', '0000-00-00', '0000-00-00', '2021-01-15', '', '', 2),
(15, 2606, '', '', 0, '2021-02-05 08:59:19', '2022-04-26 03:16:34', 2, 2, '', 'cme日元202101合约', '', '0000-00-00', '0000-00-00', '2021-01-15', '', '', 2),
(16, 2607, '', '', 0, '2021-02-05 09:01:12', '2022-04-26 03:16:34', 2, 2, '', 'cme巴西雷亚尔202101合约', '', '0000-00-00', '0000-00-00', '2020-12-30', '', '', 2),
(17, 2608, '', '', 0, '2021-02-05 09:01:39', '2022-04-26 03:16:34', 2, 2, '', 'cme卢布202101合约', '', '0000-00-00', '0000-00-00', '2021-01-15', '', '', 2),
(18, 2609, '', '', 0, '2021-02-05 09:02:17', '2022-04-26 03:16:34', 2, 2, '', 'cme欧元-英镑202101合约', '', '0000-00-00', '0000-00-00', '2021-01-15', '', '', 2),
(19, 2610, '', '', 0, '2021-02-05 09:02:45', '2022-04-26 03:16:34', 2, 2, '', 'cme南非兰特202101合约', '', '0000-00-00', '0000-00-00', '2021-01-15', '', '', 2),
(20, 2611, '', '', 0, '2021-02-05 09:03:18', '2022-04-26 03:16:34', 2, 2, '', 'cme墨西哥比索202101合约', '', '0000-00-00', '0000-00-00', '2021-01-15', '', '', 2),
(21, 2612, '', '', 0, '2021-02-05 09:03:43', '2022-04-26 03:16:34', 2, 2, '', 'cme美元-离岸人民币202101合约', '', '0000-00-00', '0000-00-00', '2021-01-18', '', '', 2),
(22, 2613, '', '', 0, '2021-02-05 09:04:08', '2022-04-26 03:16:34', 2, 2, '', 'cme欧洲美元202101合约', '', '0000-00-00', '0000-00-00', '2021-01-18', '', '', 2),
(23, 2614, '', '', 0, '2021-02-05 09:04:38', '2022-04-26 03:16:34', 2, 2, '', 'cme日经指数jpy202101合约', '', '0000-00-00', '0000-00-00', '2021-01-07', '', '', 2),
(24, 2615, '', '', 0, '2021-02-05 09:05:16', '2022-04-26 03:16:34', 2, 2, '', 'cme饲牛202101合约', '', '0000-00-00', '0000-00-00', '2021-01-28', '', '', 2),
(25, 2616, '', '', 0, '2021-02-05 09:06:47', '2022-04-26 03:16:34', 2, 2, '', 'comex美黄金202101合约', '', '0000-00-00', '0000-00-00', '2020-12-31', '', '', 2),
(26, 2617, '', '', 0, '2021-02-05 09:07:13', '2022-04-26 03:16:34', 2, 2, '', 'comex美白银202101合约', '', '0000-00-00', '0000-00-00', '2020-12-31', '', '', 2),
(27, 2618, '', '', 0, '2021-02-05 09:07:43', '2022-04-26 03:16:34', 2, 2, '', 'comex美铜202101合约', '', '0000-00-00', '0000-00-00', '2020-12-31', '', '', 2),
(28, 2619, '', '', 0, '2021-02-05 09:08:18', '2022-04-26 03:16:34', 2, 2, '', 'comex小型美白银202101合约', '', '0000-00-00', '0000-00-00', '2020-12-29', '', '', 2),
(29, 2620, '', '', 0, '2021-02-05 09:12:08', '2022-04-26 03:16:34', 2, 2, '', 'nymex美原油202101合约', '', '0000-00-00', '0000-00-00', '2020-12-21', '', '', 2),
(30, 2621, '', '', 0, '2021-02-05 09:13:04', '2022-04-26 03:16:34', 2, 2, '', 'nymex热燃油202101合约', '', '0000-00-00', '0000-00-00', '2020-12-31', '', '', 2),
(31, 2622, '', '', 0, '2021-02-05 09:13:47', '2022-04-26 03:16:34', 2, 2, '', 'nymex美钯金202101合约', '', '0000-00-00', '0000-00-00', '2020-12-31', '', '', 2),
(32, 2623, '', '', 0, '2021-02-05 09:15:24', '2022-04-26 03:16:34', 2, 2, '', 'nymex美铂金202101合约', '', '0000-00-00', '0000-00-00', '2020-12-31', '', '', 2),
(33, 2624, '', '', 0, '2021-02-05 09:16:00', '2022-04-26 03:16:34', 2, 2, '', 'nymex小型天然气202101合约', '', '0000-00-00', '0000-00-00', '2020-12-28', '', '', 2),
(34, 2625, '', '', 0, '2021-02-05 09:16:50', '2022-04-26 03:16:34', 2, 2, '', 'nymex小型美原油202101合约', '', '0000-00-00', '0000-00-00', '2020-12-18', '', '', 2),
(35, 2626, '', '', 0, '2021-02-05 09:18:05', '2022-04-26 03:16:34', 2, 2, '', 'nymex无铅汽油202101合约', '', '0000-00-00', '0000-00-00', '2020-12-31', '', '', 2),
(36, 2627, '', '', 0, '2021-02-05 09:19:06', '2022-04-26 03:16:34', 2, 2, '', 'nymex布伦特原油最后结算202101合约', '', '0000-00-00', '0000-00-00', '2020-11-30', '', '', 2),
(37, 2628, '', '', 0, '2021-02-05 09:20:35', '2022-04-26 03:16:34', 2, 2, '', 'hkex美元兑人民币202101合约', '', '0000-00-00', '0000-00-00', '2021-01-18', '', '', 2),
(38, 2629, '', '', 0, '2021-02-05 09:20:58', '2022-04-26 03:16:34', 2, 2, '', 'hkex恒生科技指數202101合约', '', '0000-00-00', '0000-00-00', '2021-01-28', '', '', 2),
(39, 2630, '', '', 0, '2021-02-05 09:22:27', '2022-04-26 03:16:34', 2, 2, '', 'hkex鐵礦石指數月合約202101合约', '', '0000-00-00', '0000-00-00', '2021-01-29', '', '', 2),
(40, 2631, '', '', 0, '2021-02-05 09:23:10', '2022-04-26 03:16:34', 2, 2, '', 'hkex美元黃金期貨202101合约', '', '0000-00-00', '0000-00-00', '2021-01-18', '', '', 2),
(41, 2632, '', '', 0, '2021-02-05 09:23:36', '2022-04-26 03:16:34', 2, 2, '', 'hkex人民幣香港黃金期貨202101合约', '', '0000-00-00', '0000-00-00', '2021-01-18', '', '', 2),
(42, 2633, '', '', 0, '2021-02-05 09:27:38', '2022-04-26 03:16:34', 2, 2, '', 'hkex欧元兑人民币202101合约', '', '0000-00-00', '0000-00-00', '2021-01-18', '', '', 2),
(43, 2634, '', '', 0, '2021-02-05 09:28:45', '2022-04-26 03:16:34', 2, 2, '', 'hkex日元兑人民币202101合约', '', '0000-00-00', '0000-00-00', '2021-01-18', '', '', 2),
(44, 2635, '', '', 0, '2021-02-05 09:30:56', '2022-04-26 03:16:34', 2, 2, '', 'hkex澳元人民币202101合约', '', '0000-00-00', '0000-00-00', '2021-01-18', '', '', 2),
(45, 2636, '', '', 0, '2021-02-05 09:31:21', '2022-04-26 03:16:34', 2, 2, '', 'hkex卢比兑美元202101合约', '', '0000-00-00', '0000-00-00', '2021-01-27', '', '', 2),
(46, 2637, '', '', 0, '2021-02-05 09:37:15', '2022-04-26 03:16:34', 2, 2, '', 'hkex建设银行202101合约', '', '0000-00-00', '0000-00-00', '2021-01-28', '', '', 2),
(47, 2638, '', '', 0, '2021-02-05 09:37:44', '2022-04-26 03:16:34', 2, 2, '', 'hkex中国移动202101合约', '', '0000-00-00', '0000-00-00', '2021-01-28', '', '', 2),
(48, 2639, '', '', 0, '2021-02-05 09:40:19', '2022-04-26 03:16:34', 2, 2, '', 'hkex香港交易所202101合约', '', '0000-00-00', '0000-00-00', '2021-01-28', '', '', 2),
(49, 2640, '', '', 0, '2021-02-05 09:41:01', '2022-04-26 03:16:34', 2, 2, '', 'hkex汇丰控股202101合约', '', '0000-00-00', '0000-00-00', '2021-01-28', '', '', 2),
(50, 2641, '', '', 0, '2021-02-05 09:41:20', '2022-04-26 03:16:34', 2, 2, '', 'hkex工商银行202101合约', '', '0000-00-00', '0000-00-00', '2021-01-28', '', '', 2),
(51, 2642, '', '', 0, '2021-02-05 09:42:51', '2022-04-26 03:16:34', 2, 2, '', 'hkex中国平安202101合约', '', '0000-00-00', '0000-00-00', '2021-01-28', '', '', 2),
(52, 2643, '', '', 0, '2021-02-05 09:43:12', '2022-04-26 03:16:34', 2, 2, '', 'hkex腾讯控股202101合约', '', '0000-00-00', '0000-00-00', '2021-01-28', '', '', 2),
(53, 2644, '', '', 0, '2021-02-05 09:43:54', '2022-04-26 03:16:34', 2, 2, '', 'hkex小米集团202101合约', '', '0000-00-00', '0000-00-00', '2021-01-28', '', '', 2),
(54, 2645, '', '', 0, '2021-02-05 09:45:24', '2022-04-26 03:16:34', 2, 2, '', 'hkex美团点评202101合约', '', '0000-00-00', '0000-00-00', '2021-01-28', '', '', 2),
(55, 2646, '', '', 0, '2021-02-05 09:45:45', '2022-04-26 03:16:34', 2, 2, '', 'hkex阿里巴巴202101合约', '', '0000-00-00', '0000-00-00', '2021-01-28', '', '', 2),
(56, 2647, '', '', 0, '2021-02-05 09:47:49', '2022-04-26 03:16:34', 2, 2, '', 'hkex中國鐵塔202101合约', '', '0000-00-00', '0000-00-00', '2021-01-28', '', '', 2),
(57, 2648, '', '', 0, '2021-02-05 09:48:36', '2022-04-26 03:16:34', 2, 2, '', 'hkex百威亞太202101合约', '', '0000-00-00', '0000-00-00', '2021-01-28', '', '', 2),
(58, 2649, '', '', 0, '2021-02-05 09:48:55', '2022-04-26 03:16:34', 2, 2, '', 'hkex長城汽車202101合约', '', '0000-00-00', '0000-00-00', '2021-01-28', '', '', 2),
(59, 2650, '', '', 0, '2021-02-05 09:49:18', '2022-04-26 03:16:34', 2, 2, '', 'hkex京東集團202101合约', '', '0000-00-00', '0000-00-00', '2021-01-28', '', '', 2),
(60, 2651, '', '', 0, '2021-02-05 10:20:58', '2022-04-26 03:16:34', 2, 2, '', 'hkex網易202101合约', '', '0000-00-00', '0000-00-00', '2021-01-28', '', '', 2),
(61, 2652, '', '', 0, '2021-02-05 10:21:26', '2022-04-26 03:16:34', 2, 2, '', 'hkex中國石油化工202101合约', '', '0000-00-00', '0000-00-00', '2021-01-28', '', '', 2),
(62, 2653, '', '', 0, '2021-02-05 10:21:53', '2022-04-26 03:16:34', 2, 2, '', 'hkex中國電信202101合约', '', '0000-00-00', '0000-00-00', '2021-01-28', '', '', 2),
(63, 2654, '', '', 0, '2021-02-05 10:22:56', '2022-04-26 03:16:34', 2, 2, '', 'hkex中國石油天然氣202101合约', '', '0000-00-00', '0000-00-00', '2021-01-28', '', '', 2),
(64, 2655, '', '', 0, '2021-02-05 10:23:27', '2022-04-26 03:16:34', 2, 2, '', 'hkex中國海洋石油202101合约', '', '0000-00-00', '0000-00-00', '2021-01-28', '', '', 2),
(65, 2656, '', '', 0, '2021-02-05 10:24:19', '2022-04-26 03:16:34', 2, 2, '', 'hkex中國交通建設202101合约', '', '0000-00-00', '0000-00-00', '2021-01-28', '', '', 2),
(66, 2657, '', '', 0, '2021-02-05 10:24:40', '2022-04-26 03:16:34', 2, 2, '', 'hkex中國人民財產保險202101合约', '', '0000-00-00', '0000-00-00', '2021-01-28', '', '', 2),
(67, 2658, '', '', 0, '2021-02-05 10:25:31', '2022-04-26 03:16:34', 2, 2, '', 'hkex中銀香港202101合约', '', '0000-00-00', '0000-00-00', '2021-01-28', '', '', 2),
(68, 2659, '', '', 0, '2021-02-05 10:25:50', '2022-04-26 03:16:34', 2, 2, '', 'hkex中國人壽保險202101合约', '', '0000-00-00', '0000-00-00', '2021-01-28', '', '', 2),
(69, 2660, '', '', 0, '2021-02-05 10:26:43', '2022-04-26 03:16:34', 2, 2, '', 'hkex招商銀行202101合约', '', '0000-00-00', '0000-00-00', '2021-01-28', '', '', 2),
(70, 2661, '', '', 0, '2021-02-05 10:27:10', '2022-04-26 03:16:34', 2, 2, '', 'hkex安硕a50202101合约', '', '0000-00-00', '0000-00-00', '2021-01-28', '', '', 2),
(71, 2662, '', '', 0, '2021-02-05 10:27:42', '2022-04-26 03:16:34', 2, 2, '', 'hkex华夏沪深300202101合约', '', '0000-00-00', '0000-00-00', '2021-01-28', '', '', 2),
(72, 2663, '', '', 0, '2021-02-05 10:28:17', '2022-04-26 03:16:34', 2, 2, '', 'hkex南方a50202101合约', '', '0000-00-00', '0000-00-00', '2021-01-28', '', '', 2),
(73, 2664, '', '', 0, '2021-02-07 03:19:42', '2022-04-26 03:16:34', 2, 2, '', 'hkexmsci澳洲净总回报指数202101合约', '', '0000-00-00', '0000-00-00', '2021-01-15', '', '', 2),
(74, 2665, '', '', 0, '2021-02-07 03:23:44', '2022-04-26 03:16:34', 2, 2, '', 'hkexmsci中国自由净总回报202101合约', '', '0000-00-00', '0000-00-00', '2021-01-15', '', '', 2),
(75, 2666, '', '', 0, '2021-02-07 03:24:03', '2022-04-26 03:16:34', 2, 2, '', 'hkexmsci新兴市场亚洲净总回报202101合约', '', '0000-00-00', '0000-00-00', '2021-01-15', '', '', 2),
(76, 2667, '', '', 0, '2021-02-07 03:24:23', '2022-04-26 03:16:34', 2, 2, '', 'hkexmsci印度净总回报指数202101合约', '', '0000-00-00', '0000-00-00', '2021-01-15', '', '', 2),
(77, 2668, '', '', 0, '2021-02-07 03:25:13', '2022-04-26 03:16:34', 2, 2, '', 'hkexmsci印尼净总回报指数202101合约', '', '0000-00-00', '0000-00-00', '2021-01-15', '', '', 2),
(78, 2669, '', '', 0, '2021-02-07 03:25:31', '2022-04-26 03:16:34', 2, 2, '', 'hkexmsci日本净总回报指数202101合约', '', '0000-00-00', '0000-00-00', '2021-01-15', '', '', 2),
(79, 2670, '', '', 0, '2021-02-07 03:25:49', '2022-04-26 03:16:34', 2, 2, '', 'hkexmsci马来西亚净总回报202101合约', '', '0000-00-00', '0000-00-00', '2021-01-15', '', '', 2),
(80, 2671, '', '', 0, '2021-02-07 03:26:12', '2022-04-26 03:16:34', 2, 2, '', 'hkexmsci台湾净总回报指数202101合约', '', '0000-00-00', '0000-00-00', '2021-01-15', '', '', 2),
(81, 2672, '', '', 0, '2021-02-07 03:26:36', '2022-04-26 03:16:34', 2, 2, '', 'hkexmsci泰国净总回报指数202101合约', '', '0000-00-00', '0000-00-00', '2021-01-15', '', '', 2),
(82, 2673, '', '', 0, '2021-02-07 03:27:13', '2022-04-26 03:16:34', 2, 2, '', 'hkexmsci新兴市场指数202101合约', '', '0000-00-00', '0000-00-00', '2021-01-15', '', '', 2),
(83, 2674, '', '', 0, '2021-02-07 03:27:31', '2022-04-26 03:16:34', 2, 2, '', 'hkexmsci新兴市场ntr202101合约', '', '0000-00-00', '0000-00-00', '2021-01-15', '', '', 2),
(84, 2675, '', '', 0, '2021-02-07 03:27:53', '2022-04-26 03:16:34', 2, 2, '', 'hkexmsci香港ntr指数202101合约', '', '0000-00-00', '0000-00-00', '2021-01-15', '', '', 2),
(85, 2676, '', '', 0, '2021-02-07 03:28:21', '2022-04-26 03:16:34', 2, 2, '', 'hkexmsci菲律宾ntr指数202101合约', '', '0000-00-00', '0000-00-00', '2021-01-15', '', '', 2),
(86, 2677, '', '', 0, '2021-02-07 03:28:43', '2022-04-26 03:16:34', 2, 2, '', 'hkexmsci新加坡ntr指数202101合约', '', '0000-00-00', '0000-00-00', '2021-01-15', '', '', 2),
(87, 2678, '', '', 0, '2021-02-07 03:29:06', '2022-04-26 03:16:34', 2, 2, '', 'hkexmsci越南ntr指数202101合约', '', '0000-00-00', '0000-00-00', '2021-01-15', '', '', 2),
(88, 2679, '', '', 0, '2021-02-07 03:29:24', '2022-04-26 03:16:34', 2, 2, '', 'hkexmsci新西蘭淨總回報指數202101合约', '', '0000-00-00', '0000-00-00', '2021-01-15', '', '', 2),
(89, 2680, '', '', 0, '2021-02-07 03:29:44', '2022-04-26 03:16:34', 2, 2, '', 'hkexmsci新加坡自由淨總回報指數202101合约', '', '0000-00-00', '0000-00-00', '2021-01-15', '', '', 2),
(90, 2681, '', '', 0, '2021-02-07 03:30:41', '2022-04-26 03:16:34', 2, 2, '', 'hkexmsci新兴市场除中国ntr指数202101合约', '', '0000-00-00', '0000-00-00', '2021-01-15', '', '', 2),
(91, 2682, '', '', 0, '2021-02-07 03:30:56', '2022-04-26 03:16:34', 2, 2, '', 'hkexmsci新兴市场除韩国ntr指数202101合约', '', '0000-00-00', '0000-00-00', '2021-01-15', '', '', 2),
(92, 2683, '', '', 0, '2021-02-07 03:31:15', '2022-04-26 03:16:34', 2, 2, '', 'hkexmsci新兴市场亚洲除中国ntr202101合约', '', '0000-00-00', '0000-00-00', '2021-01-15', '', '', 2),
(93, 2684, '', '', 0, '2021-02-07 03:31:44', '2022-04-26 03:16:34', 2, 2, '', 'hkexmsci新兴市场亚洲除韩国ntr202101合约', '', '0000-00-00', '0000-00-00', '2021-01-15', '', '', 2),
(94, 2685, '', '', 0, '2021-02-07 03:32:04', '2022-04-26 03:16:34', 2, 2, '', 'hkexmsci新兴市场欧非中东ntr202101合约', '', '0000-00-00', '0000-00-00', '2021-01-15', '', '', 2),
(95, 2686, '', '', 0, '2021-02-07 03:32:42', '2022-04-26 03:16:34', 2, 2, '', 'hkexmsci新兴市场拉丁美洲ntr202101合约', '', '0000-00-00', '0000-00-00', '2021-01-15', '', '', 2),
(96, 2687, '', '', 0, '2021-02-07 03:33:00', '2022-04-26 03:16:34', 2, 2, '', 'hkexmsci太平洋ntr指数202101合约', '', '0000-00-00', '0000-00-00', '2021-01-15', '', '', 2),
(97, 2688, '', '', 0, '2021-02-07 03:33:23', '2022-04-26 03:16:34', 2, 2, '', 'hkexmsci太平洋除日本ntr202101合约', '', '0000-00-00', '0000-00-00', '2021-01-15', '', '', 2),
(98, 2689, '', '', 0, '2021-02-07 03:34:16', '2022-04-26 03:16:34', 2, 2, '', 'sgx富时中国指数202101合约', '', '0000-00-00', '0000-00-00', '2021-01-28', '', '', 2),
(99, 2690, '', '', 0, '2021-02-07 03:34:41', '2022-04-26 03:16:34', 2, 2, '', 'sgx日经225指数202101合约', '', '0000-00-00', '0000-00-00', '2021-01-07', '', '', 2),
(100, 2691, '', '', 0, '2021-02-07 04:11:33', '2022-04-26 03:16:34', 2, 2, '', 'hkex新加坡指数202101合约', '', '0000-00-00', '0000-00-00', '2021-01-28', '', '', 2),
(101, 2692, '', '', 0, '2021-02-07 04:11:56', '2022-04-26 03:16:34', 2, 2, '', 'hkex台湾指数202101合约', '', '0000-00-00', '0000-00-00', '2021-01-28', '', '', 2),
(102, 2693, '', '', 0, '2021-02-07 04:12:17', '2022-04-26 03:16:34', 2, 2, '', 'hkex美元兑人民币202101合约', '', '0000-00-00', '0000-00-00', '2021-01-18', '', '', 2),
(103, 2694, '', '', 0, '2021-02-07 04:12:49', '2022-04-26 03:16:34', 2, 2, '', 'sgx铁矿石202101合约', '', '0000-00-00', '0000-00-00', '2021-01-29', '', '', 2),
(104, 2695, '', '', 0, '2021-02-07 04:16:20', '2022-04-26 03:16:34', 2, 2, '', 'sgx铁矿石202101合约', '', '0000-00-00', '0000-00-00', '2021-01-29', '', '', 2),
(105, 2696, '', '', 0, '2021-02-07 04:16:49', '2022-04-26 03:16:34', 2, 2, '', 'sgxnifty50指数202101合约', '', '0000-00-00', '0000-00-00', '2021-01-28', '', '', 2),
(106, 2697, '', '', 0, '2021-02-07 04:17:56', '2022-04-26 03:16:34', 2, 2, '', 'sgxmsci中国净总收益（美元）指数202101合约', '', '0000-00-00', '0000-00-00', '2021-01-15', '', '', 2),
(107, 2698, '', '', 0, '2021-02-07 04:18:30', '2022-04-26 03:16:34', 2, 2, '', 'sgxrss3橡胶202101合约', '', '0000-00-00', '0000-00-00', '2020-12-30', '', '', 2),
(108, 2699, '', '', 0, '2021-02-07 04:19:01', '2022-04-26 03:16:34', 2, 2, '', 'sgx橡胶202101合约', '', '0000-00-00', '0000-00-00', '2020-12-30', '', '', 2),
(109, 2700, '', '', 0, '2021-02-07 04:19:56', '2022-04-26 03:16:34', 2, 2, '', 'sgx马来西亚林吉特对美元202101合约', '', '0000-00-00', '0000-00-00', '2021-01-15', '', '', 2),
(110, 2701, '', '', 0, '2021-02-07 04:20:28', '2022-04-26 03:16:34', 2, 2, '', 'eurex欧洲恐慌指数202101合约', '', '0000-00-00', '0000-00-00', '2021-01-20', '', '', 2),
(111, 2702, '', '', 0, '2021-02-07 04:20:55', '2022-04-26 03:16:34', 2, 2, '', 'icus冷冻橙汁202101合约', '', '0000-00-00', '0000-00-00', '2021-01-04', '', '', 2),
(112, 2703, '', '', 0, '2021-02-07 04:23:40', '2022-04-26 03:16:34', 2, 2, '', 'ice-sg迷你布伦特原油202101合约', '', '0000-00-00', '0000-00-00', '2020-11-30', '', '', 2),
(113, 2704, '', '', 0, '2021-02-07 04:24:02', '2022-04-26 03:16:34', 2, 2, '', 'iceu布伦特原油202101合约', '', '0000-00-00', '0000-00-00', '2020-11-30', '', '', 2),
(114, 2705, '', '', 0, '2021-02-07 04:26:30', '2022-04-26 03:16:34', 2, 2, '', 'iceu汽油202101合约', '', '0000-00-00', '0000-00-00', '2021-01-12', '', '', 2),
(115, 2706, '', '', 0, '2021-02-07 04:27:04', '2022-04-26 03:16:34', 2, 2, '', 'iceu罗博士特咖啡202101合约', '', '0000-00-00', '0000-00-00', '2020-12-24', '', '', 2),
(116, 2707, '', '', 0, '2021-02-07 04:28:02', '2022-04-26 03:16:34', 2, 2, '', 'bmd棕榈油202101合约', '', '0000-00-00', '0000-00-00', '2021-01-04', '', '', 2),
(117, 2708, '', '', 0, '2021-02-07 04:29:19', '2022-04-26 03:16:34', 2, 2, '', 'cboecboe-vix202101合约', '', '0000-00-00', '0000-00-00', '2021-01-20', '', '', 2),
(118, 2709, '', '', 0, '2021-02-07 04:29:53', '2022-04-26 03:16:34', 2, 2, '', 'apex精炼棕榈油202101合约', '', '0000-00-00', '0000-00-00', '2020-12-15', '', '', 2),
(119, 2710, '', '', 0, '2021-02-07 04:30:38', '2022-04-26 03:16:34', 2, 2, '', 'tocom原油202101合约', '', '0000-00-00', '0000-00-00', '2021-01-29', '', '', 2),
(120, 2711, '', '', 0, '2021-02-07 04:31:16', '2022-04-26 03:16:34', 2, 2, '', 'ose日本橡胶202101合约', '', '0000-00-00', '0000-00-00', '2021-01-25', '', '', 2),
(121, 2712, '', '', 0, '2021-02-07 04:31:48', '2022-04-26 03:16:34', 2, 2, '', 'ose大板小型日經指數202101合约', '', '0000-00-00', '0000-00-00', '2021-01-07', '', '', 2),
(122, 2713, '', '', 0, '2021-02-07 04:32:18', '2022-04-26 03:16:34', 2, 2, '', 'dce铁矿石202101合约', '', '0000-00-00', '0000-00-00', '2021-01-15', '', '', 2),
(123, 2714, '', '', 0, '2021-02-07 04:32:46', '2022-04-26 03:16:34', 2, 2, '', 'zce精对苯二甲酸-pta202101合约', '', '0000-00-00', '0000-00-00', '2021-01-15', '', '', 2),
(124, 2715, '', '', 0, '2021-02-07 06:06:49', '2022-04-26 03:16:34', 2, 2, '', 'cbot30天联邦基金202102合约', '', '0000-00-00', '0000-00-00', '2021-02-26', '', '', 2),
(125, 2716, '', '', 0, '2021-02-07 06:07:24', '2022-04-26 03:16:34', 2, 2, '', 'cme澳元202102合约', '', '0000-00-00', '0000-00-00', '2021-02-12', '', '', 2),
(126, 2717, '', '', 0, '2021-02-07 06:08:03', '2022-04-26 03:16:34', 2, 2, '', 'cme英镑202102合约', '', '0000-00-00', '0000-00-00', '2021-02-12', '', '', 2),
(127, 2718, '', '', 0, '2021-02-07 06:08:26', '2022-04-26 03:16:34', 2, 2, '', 'cme加元202102合约', '', '0000-00-00', '0000-00-00', '2021-02-16', '', '', 2),
(128, 2719, '', '', 0, '2021-02-07 06:09:44', '2022-04-26 03:16:34', 2, 2, '', 'cme加元202102合约', '', '0000-00-00', '0000-00-00', '2021-02-12', '', '', 2),
(129, 2720, '', '', 0, '2021-02-07 06:10:45', '2022-04-26 03:16:34', 2, 2, '', 'cme日元202102合约', '', '0000-00-00', '0000-00-00', '2021-02-12', '', '', 2),
(130, 2721, '', '', 0, '2021-02-07 06:11:07', '2022-04-26 03:16:34', 2, 2, '', 'cme巴西雷亚尔202102合约', '', '0000-00-00', '0000-00-00', '2021-01-29', '', '', 2),
(131, 2722, '', '', 0, '2021-02-07 06:11:52', '2022-04-26 03:16:34', 2, 2, '', 'cme卢布202102合约', '', '0000-00-00', '0000-00-00', '2021-02-15', '', '', 2),
(132, 2723, '', '', 0, '2021-02-07 06:12:14', '2022-04-26 03:16:34', 2, 2, '', 'cme欧元-英镑202102合约', '', '0000-00-00', '0000-00-00', '2021-02-12', '', '', 2),
(133, 2724, '', '', 0, '2021-02-07 06:12:35', '2022-04-26 03:16:34', 2, 2, '', 'cme南非兰特202102合约', '', '0000-00-00', '0000-00-00', '2021-02-12', '', '', 2),
(134, 2725, '', '', 0, '2021-02-07 06:12:57', '2022-04-26 03:16:34', 2, 2, '', 'cme墨西哥比索202102合约', '', '0000-00-00', '0000-00-00', '2021-02-12', '', '', 2),
(135, 2726, '', '', 0, '2021-02-07 06:13:18', '2022-04-26 03:16:34', 2, 2, '', 'cme美元-离岸人民币202102合约', '', '0000-00-00', '0000-00-00', '2021-02-11', '', '', 2),
(136, 2727, '', '', 0, '2021-02-07 06:13:55', '2022-04-26 03:16:34', 2, 2, '', 'cme欧洲美元202102合约', '', '0000-00-00', '0000-00-00', '2021-02-15', '', '', 2),
(137, 2728, '', '', 0, '2021-02-07 06:14:18', '2022-04-26 03:16:34', 2, 2, '', 'cme日经指数jpy202102合约', '', '0000-00-00', '0000-00-00', '2021-02-11', '', '', 2),
(138, 2729, '', '', 0, '2021-02-07 06:14:49', '2022-04-26 03:16:34', 2, 2, '', 'cme活牛202102合约', '', '0000-00-00', '0000-00-00', '2021-02-08', '', '', 2),
(139, 2730, '', '', 0, '2021-02-07 06:15:06', '2022-04-26 03:16:34', 2, 2, '', 'cme生猪202102合约', '', '0000-00-00', '0000-00-00', '2021-02-12', '', '', 2),
(140, 2731, '', '', 0, '2021-02-07 06:15:35', '2022-04-26 03:16:34', 2, 2, '', 'comex美黄金202102合约', '', '0000-00-00', '0000-00-00', '2021-01-29', '', '', 2),
(141, 2732, '', '', 0, '2021-02-07 06:16:14', '2022-04-26 03:16:34', 2, 2, '', 'comex美铜202102合约', '', '0000-00-00', '0000-00-00', '2021-01-29', '', '', 2),
(142, 2733, '', '', 0, '2021-02-07 06:16:53', '2022-04-26 03:16:34', 2, 2, '', 'comex小型美黄金202102合约', '', '0000-00-00', '0000-00-00', '2021-01-27', '', '', 2),
(143, 2734, '', '', 0, '2021-02-07 06:18:20', '2022-04-26 03:16:34', 2, 2, '', 'nymex美原油202102合约', '', '0000-00-00', '0000-00-00', '2021-01-20', '', '', 2),
(144, 2735, '', '', 0, '2021-02-07 06:18:38', '2022-04-26 03:16:34', 2, 2, '', 'nymex热燃油202102合约', '', '0000-00-00', '0000-00-00', '2021-01-29', '', '', 2),
(145, 2736, '', '', 0, '2021-02-07 06:19:00', '2022-04-26 03:16:34', 2, 2, '', 'nymex天然气202102合约', '', '0000-00-00', '0000-00-00', '2021-01-27', '', '', 2),
(146, 2737, '', '', 0, '2021-02-07 06:19:26', '2022-04-26 03:16:34', 2, 2, '', 'nymex小型天然气202102合约', '', '0000-00-00', '0000-00-00', '2021-01-26', '', '', 2),
(147, 2738, '', '', 0, '2021-02-07 06:19:54', '2022-04-26 03:16:34', 2, 2, '', 'nymex小型美原油202102合约', '', '0000-00-00', '0000-00-00', '2021-01-19', '', '', 2),
(148, 2739, '', '', 0, '2021-02-07 06:20:17', '2022-04-26 03:16:34', 2, 2, '', 'nymex无铅汽油202102合约', '', '0000-00-00', '0000-00-00', '2021-01-29', '', '', 2),
(149, 2740, '', '', 0, '2021-02-07 06:21:10', '2022-04-26 03:16:34', 2, 2, '', 'nymex布伦特原油最后结算202102合约', '', '0000-00-00', '0000-00-00', '2020-12-30', '', '', 2),
(150, 2741, '', '', 0, '2021-02-07 06:21:38', '2022-04-26 03:16:34', 2, 2, '', 'hkex美元兑人民币202102合约', '', '0000-00-00', '0000-00-00', '2021-02-11', '', '', 2),
(151, 2742, '', '', 0, '2021-02-07 06:22:00', '2022-04-26 03:16:34', 2, 2, '', 'hkex鐵礦石指數月合約202102合约', '', '0000-00-00', '0000-00-00', '2021-02-26', '', '', 2),
(152, 2743, '', '', 0, '2021-02-07 06:22:28', '2022-04-26 03:16:34', 2, 2, '', 'hkex美元黃金期貨202102合约', '', '0000-00-00', '0000-00-00', '2021-02-16', '', '', 2),
(153, 2744, '', '', 0, '2021-02-07 06:22:51', '2022-04-26 03:16:34', 2, 2, '', 'hkex人民幣香港黃金期貨202102合约', '', '0000-00-00', '0000-00-00', '2021-02-16', '', '', 2),
(154, 2745, '', '', 0, '2021-02-07 06:23:14', '2022-04-26 03:16:34', 2, 2, '', 'hkex卢比兑美元202102合约', '', '0000-00-00', '0000-00-00', '2021-02-24', '', '', 2),
(155, 2746, '', '', 0, '2021-02-07 06:24:02', '2022-04-26 03:16:34', 2, 2, '', 'sgx日经225指数202102合约', '', '0000-00-00', '0000-00-00', '2021-02-10', '', '', 2),
(156, 2747, '', '', 0, '2021-02-07 06:27:01', '2022-04-26 03:16:34', 2, 2, '', 'sgx美元兑人民币202102合约', '', '0000-00-00', '0000-00-00', '2021-02-11', '', '', 2),
(157, 2748, '', '', 0, '2021-02-07 06:27:19', '2022-04-26 03:16:34', 2, 2, '', 'sgx铁矿石202102合约', '', '0000-00-00', '0000-00-00', '2021-02-26', '', '', 2),
(158, 2749, '', '', 0, '2021-02-07 06:28:16', '2022-04-26 03:16:34', 2, 2, '', 'sgxmsci中国净总收益（美元）指数202102合约', '', '0000-00-00', '0000-00-00', '2021-02-19', '', '', 2),
(159, 2750, '', '', 0, '2021-02-07 06:28:40', '2022-04-26 03:16:34', 2, 2, '', 'sgxrss3橡胶202102合约', '', '0000-00-00', '0000-00-00', '2021-01-29', '', '', 2),
(160, 2751, '', '', 0, '2021-02-07 06:28:59', '2022-04-26 03:16:34', 2, 2, '', 'sgx橡胶202102合约', '', '0000-00-00', '0000-00-00', '2021-01-29', '', '', 2),
(161, 2752, '', '', 0, '2021-02-07 06:29:42', '2022-04-26 03:16:34', 2, 2, '', 'sgx马来西亚林吉特对美元202102合约', '', '0000-00-00', '0000-00-00', '2021-02-15', '', '', 2),
(162, 2753, '', '', 0, '2021-02-07 06:30:11', '2022-04-26 03:16:34', 2, 2, '', 'eurex欧洲恐慌指数202102合约', '', '0000-00-00', '0000-00-00', '2021-02-17', '', '', 2),
(163, 2754, '', '', 0, '2021-02-07 06:31:00', '2022-04-26 03:16:34', 2, 2, '', 'ice-sg迷你布伦特原油202102合约', '', '0000-00-00', '0000-00-00', '2020-12-30', '', '', 2),
(164, 2755, '', '', 0, '2021-02-07 06:31:26', '2022-04-26 03:16:34', 2, 2, '', 'iceu布伦特原油202102合约', '', '0000-00-00', '0000-00-00', '2020-12-30', '', '', 2),
(165, 2756, '', '', 0, '2021-02-07 06:31:49', '2022-04-26 03:16:34', 2, 2, '', 'iceu汽油202102合约', '', '0000-00-00', '0000-00-00', '2021-02-11', '', '', 2),
(166, 2757, '', '', 0, '2021-02-07 06:32:54', '2022-04-26 03:16:34', 2, 2, '', 'bmd棕榈油202102合约', '', '0000-00-00', '0000-00-00', '2021-02-02', '', '', 2),
(167, 2758, '', '', 0, '2021-02-07 06:33:41', '2022-04-26 03:16:34', 2, 2, '', 'cboecboe-vix202102合约', '', '0000-00-00', '0000-00-00', '2021-02-17', '', '', 2),
(168, 2759, '', '', 0, '2021-02-07 06:34:10', '2022-04-26 03:16:34', 2, 2, '', 'apex精炼棕榈油202102合约', '', '0000-00-00', '0000-00-00', '2021-01-15', '', '', 2),
(169, 2760, '', '', 0, '2021-02-07 06:34:41', '2022-04-26 03:16:34', 2, 2, '', 'tocom原油202102合约', '', '0000-00-00', '0000-00-00', '2021-02-26', '', '', 2),
(170, 2761, '', '', 0, '2021-02-07 06:35:07', '2022-04-26 03:16:34', 2, 2, '', 'ose日本黃金202102合约', '', '0000-00-00', '0000-00-00', '2021-02-22', '', '', 2),
(171, 2762, '', '', 0, '2021-02-07 06:35:33', '2022-04-26 03:16:34', 2, 2, '', 'ose日本橡胶202102合约', '', '0000-00-00', '0000-00-00', '2021-02-19', '', '', 2),
(172, 2763, '', '', 0, '2021-02-07 06:36:28', '2022-04-26 03:16:34', 2, 2, '', 'ose大板小型日經指數202102合约', '', '0000-00-00', '0000-00-00', '2021-02-10', '', '', 2),
(173, 2764, '', '', 0, '2021-02-07 06:36:58', '2022-04-26 03:16:34', 2, 2, '', 'dce铁矿石202102合约', '', '0000-00-00', '0000-00-00', '2021-02-19', '', '', 2),
(174, 2765, '', '', 0, '2021-02-07 06:37:27', '2022-04-26 03:16:34', 2, 2, '', 'zce精对苯二甲酸-pta202102合约', '', '0000-00-00', '0000-00-00', '2021-02-19', '', '', 2),
(175, 2766, '', '', 0, '2021-02-18 07:31:57', '2022-04-26 03:16:34', 2, 2, '', 'cbot美玉米3月份合约', '', '0000-00-00', '0000-00-00', '2021-02-26', '', '', 2),
(176, 2767, '', '', 0, '2021-02-18 07:33:22', '2022-04-26 03:16:34', 2, 2, '', 'cbot燕麦202103合约', '', '0000-00-00', '0000-00-00', '2021-02-26', '', '', 2),
(177, 2768, '', '', 0, '2021-02-18 07:34:16', '2022-04-26 03:16:34', 2, 2, '', 'cbot美豆202103合约', '', '0000-00-00', '0000-00-00', '2021-02-26', '', '', 2),
(178, 2769, '', '', 0, '2021-02-18 07:34:33', '2022-04-26 03:16:34', 2, 2, '', 'cbot美麦202103合约', '', '0000-00-00', '0000-00-00', '2021-02-26', '', '', 2),
(179, 2770, '', '', 0, '2021-02-18 07:34:58', '2022-04-26 03:16:34', 2, 2, '', 'cbotks小米202103合约', '', '0000-00-00', '0000-00-00', '2021-02-26', '', '', 2),
(180, 2771, '', '', 0, '2021-02-18 07:42:25', '2022-04-26 03:16:34', 2, 2, '', 'cbot美豆油202103合约', '', '0000-00-00', '0000-00-00', '2021-02-26', '', '', 2),
(181, 2772, '', '', 0, '2021-02-18 07:42:44', '2022-04-26 03:16:34', 2, 2, '', 'cbot美豆粕202103合约', '', '0000-00-00', '0000-00-00', '2021-02-26', '', '', 2),
(182, 2773, '', '', 0, '2021-02-18 07:43:11', '2022-04-26 03:16:34', 2, 2, '', 'cbot粗米202103合约', '', '0000-00-00', '0000-00-00', '2021-02-26', '', '', 2),
(183, 2774, '', '', 0, '2021-02-18 07:43:38', '2022-04-26 03:16:34', 2, 2, '', 'cbot超長十年美債202103合约', '', '0000-00-00', '0000-00-00', '2021-02-26', '', '', 2),
(184, 2775, '', '', 0, '2021-02-19 02:06:17', '2022-04-26 03:16:34', 2, 2, '', 'cbot超長期美債202103合约', '', '0000-00-00', '0000-00-00', '2021-02-26', '', '', 2),
(185, 2776, '', '', 0, '2021-02-19 02:06:42', '2022-04-26 03:16:34', 2, 2, '', 'cbot长期美债202103合约', '', '0000-00-00', '0000-00-00', '2021-02-26', '', '', 2),
(186, 2777, '', '', 0, '2021-02-19 02:07:02', '2022-04-26 03:16:34', 2, 2, '', 'cbot10年美债202103合约', '', '0000-00-00', '0000-00-00', '2021-02-26', '', '', 2),
(187, 2778, '', '', 0, '2021-02-19 02:17:58', '2022-04-26 03:16:34', 2, 2, '', 'cbot5年美债202103合约', '', '0000-00-00', '0000-00-00', '2021-02-26', '', '', 2),
(188, 2779, '', '', 0, '2021-02-19 02:18:27', '2022-04-26 03:16:34', 2, 2, '', 'cbot2年美债202103合约', '', '0000-00-00', '0000-00-00', '2021-02-26', '', '', 2),
(189, 2780, '', '', 0, '2021-02-19 02:18:57', '2022-04-26 03:16:34', 2, 2, '', 'cbot微型道琼斯指数202103合约', '', '0000-00-00', '0000-00-00', '2021-03-19', '', '', 2),
(190, 2781, '', '', 0, '2021-02-19 02:19:18', '2022-04-26 03:16:34', 2, 2, '', 'cbot小型道琼斯指数202103合约', '', '0000-00-00', '0000-00-00', '2021-03-19', '', '', 2),
(191, 2782, '', '', 0, '2021-02-19 02:19:43', '2022-04-26 03:16:34', 2, 2, '', 'cbot30天联邦基金202103合约', '', '0000-00-00', '0000-00-00', '2021-03-31', '', '', 2),
(192, 2783, '', '', 0, '2021-02-19 02:21:08', '2022-04-26 03:16:34', 2, 2, '', 'cme澳元202103合约', '', '0000-00-00', '0000-00-00', '2021-03-15', '', '', 2),
(193, 2784, '', '', 0, '2021-02-19 02:21:29', '2022-04-26 03:16:34', 2, 2, '', 'cme英镑202103合约', '', '0000-00-00', '0000-00-00', '2021-03-15', '', '', 2),
(194, 2785, '', '', 0, '2021-02-19 02:22:06', '2022-04-26 03:16:34', 2, 2, '', 'cme加元202103合约', '', '0000-00-00', '0000-00-00', '2021-03-16', '', '', 2),
(195, 2786, '', '', 0, '2021-02-19 02:22:32', '2022-04-26 03:16:34', 2, 2, '', 'cme欧元202103合约', '', '0000-00-00', '0000-00-00', '2021-03-15', '', '', 2),
(196, 2787, '', '', 0, '2021-02-19 02:23:49', '2022-04-26 03:16:34', 2, 2, '', 'cme日元202103合约', '', '0000-00-00', '0000-00-00', '2021-03-15', '', '', 2),
(197, 2788, '', '', 0, '2021-02-19 02:24:21', '2022-04-26 03:16:34', 2, 2, '', 'cme纽元202103合约', '', '0000-00-00', '0000-00-00', '2021-03-15', '', '', 2),
(198, 2789, '', '', 0, '2021-02-19 02:24:46', '2022-04-26 03:16:34', 2, 2, '', 'cme瑞士法郎202103合约', '', '0000-00-00', '0000-00-00', '2021-03-15', '', '', 2),
(199, 2790, '', '', 0, '2021-02-19 02:25:15', '2022-04-26 03:16:34', 2, 2, '', 'cme巴西雷亚尔202103合约', '', '0000-00-00', '0000-00-00', '2021-02-26', '', '', 2),
(200, 2791, '', '', 0, '2021-02-19 02:25:56', '2022-04-26 03:16:34', 2, 2, '', 'cme波兰兹罗提202103合约', '', '0000-00-00', '0000-00-00', '2021-03-15', '', '', 2),
(201, 2792, '', '', 0, '2021-02-19 02:26:18', '2022-04-26 03:16:34', 2, 2, '', 'cme匈牙利福林202103合约', '', '0000-00-00', '0000-00-00', '2021-03-15', '', '', 2),
(202, 2793, '', '', 0, '2021-02-19 02:26:34', '2022-04-26 03:16:34', 2, 2, '', 'cme卢布202103合约', '', '0000-00-00', '0000-00-00', '2021-03-15', '', '', 2),
(203, 2794, '', '', 0, '2021-02-19 02:27:05', '2022-04-26 03:16:34', 2, 2, '', 'cme欧元-加元202103合约', '', '0000-00-00', '0000-00-00', '2021-03-15', '', '', 2),
(204, 2795, '', '', 0, '2021-02-19 02:27:31', '2022-04-26 03:16:34', 2, 2, '', 'cme欧元-瑞郎202103合约', '', '0000-00-00', '0000-00-00', '2021-03-15', '', '', 2),
(205, 2796, '', '', 0, '2021-02-19 02:28:40', '2022-04-26 03:16:34', 2, 2, '', 'cme欧元-英镑202103合约', '', '0000-00-00', '0000-00-00', '2021-03-15', '', '', 2),
(206, 2797, '', '', 0, '2021-02-19 02:29:01', '2022-04-26 03:16:34', 2, 2, '', 'cme欧元-日币202103合约', '', '0000-00-00', '0000-00-00', '2021-03-15', '', '', 2),
(207, 2798, '', '', 0, '2021-02-19 02:29:50', '2022-04-26 03:16:34', 2, 2, '', 'cme南非兰特202103合约', '', '0000-00-00', '0000-00-00', '2021-03-15', '', '', 2),
(208, 2799, '', '', 0, '2021-02-19 02:30:39', '2022-04-26 03:16:34', 2, 2, '', 'cme墨西哥比索202103合约', '', '0000-00-00', '0000-00-00', '2021-03-15', '', '', 2),
(209, 2800, '', '', 0, '2021-02-19 02:31:05', '2022-04-26 03:16:34', 2, 2, '', 'cme美元-离岸人民币202103合约', '', '0000-00-00', '0000-00-00', '2021-03-15', '', '', 2),
(210, 2801, '', '', 0, '2021-02-19 02:31:28', '2022-04-26 03:16:34', 2, 2, '', 'cme欧洲美元202103合约', '', '0000-00-00', '0000-00-00', '2021-03-15', '', '', 2),
(211, 2802, '', '', 0, '2021-02-19 02:32:12', '2022-04-26 03:16:34', 2, 2, '', 'cme日经指数usd202103合约', '', '0000-00-00', '0000-00-00', '2021-03-11', '', '', 2),
(212, 2803, '', '', 0, '2021-02-19 02:32:47', '2022-04-26 03:16:34', 2, 2, '', 'cme日经指数jpy202103合约', '', '0000-00-00', '0000-00-00', '2021-03-11', '', '', 2),
(213, 2804, '', '', 0, '2021-02-19 02:33:24', '2022-04-26 03:16:34', 2, 2, '', 'cme微型罗素2000指数期货202103合约', '', '0000-00-00', '0000-00-00', '2021-03-19', '', '', 2),
(214, 2805, '', '', 0, '2021-02-19 02:33:44', '2022-04-26 03:16:34', 2, 2, '', 'cme微型标准普尔指数202103合约', '', '0000-00-00', '0000-00-00', '2021-03-19', '', '', 2),
(215, 2806, '', '', 0, '2021-02-19 02:34:07', '2022-04-26 03:16:34', 2, 2, '', 'cme微型纳斯达克100指数202103合约', '', '0000-00-00', '0000-00-00', '2021-03-19', '', '', 2),
(216, 2807, '', '', 0, '2021-02-19 02:34:26', '2022-04-26 03:16:34', 2, 2, '', 'cme小型羅素2000指數期貨202103合约', '', '0000-00-00', '0000-00-00', '2021-03-19', '', '', 2),
(217, 2808, '', '', 0, '2021-02-19 02:34:49', '2022-04-26 03:16:34', 2, 2, '', 'cme小型标准普尔指数202103合约', '', '0000-00-00', '0000-00-00', '2021-03-19', '', '', 2),
(218, 2809, '', '', 0, '2021-02-19 02:35:09', '2022-04-26 03:16:34', 2, 2, '', 'cme小型纳斯达克100指数202103合约', '', '0000-00-00', '0000-00-00', '2021-03-19', '', '', 2),
(219, 2810, '', '', 0, '2021-02-19 02:36:10', '2022-04-26 03:16:34', 2, 2, '', 'cme饲牛202103合约', '', '0000-00-00', '0000-00-00', '2021-03-25', '', '', 2),
(220, 2811, '', '', 0, '2021-02-19 03:21:07', '2022-04-26 03:16:34', 2, 2, '', 'comex美白银202103合约', '', '0000-00-00', '0000-00-00', '2021-02-26', '', '', 2),
(221, 2812, '', '', 0, '2021-02-19 03:21:24', '2022-04-26 03:16:34', 2, 2, '', 'comex美铜202103合约', '', '0000-00-00', '0000-00-00', '2021-02-26', '', '', 2),
(222, 2813, '', '', 0, '2021-02-19 03:21:53', '2022-04-26 03:16:34', 2, 2, '', 'comex小型美白银202103合约', '', '0000-00-00', '0000-00-00', '2021-02-24', '', '', 2),
(223, 2814, '', '', 0, '2021-02-19 03:24:08', '2022-04-26 03:16:34', 2, 2, '', 'nymex美原油202103合约', '', '0000-00-00', '0000-00-00', '2021-02-22', '', '', 2),
(224, 2815, '', '', 0, '2021-02-19 03:24:41', '2022-04-26 03:16:34', 2, 2, '', 'nymex热燃油202103合约', '', '0000-00-00', '0000-00-00', '2021-02-26', '', '', 2),
(225, 2816, '', '', 0, '2021-02-19 03:26:05', '2022-04-26 03:16:34', 2, 2, '', 'nymex天然气202103合约', '', '0000-00-00', '0000-00-00', '2021-02-24', '', '', 2),
(226, 2817, '', '', 0, '2021-02-19 03:26:29', '2022-04-26 03:16:34', 2, 2, '', 'nymex美钯金202103合约', '', '0000-00-00', '0000-00-00', '2021-02-26', '', '', 2),
(227, 2818, '', '', 0, '2021-02-19 03:26:53', '2022-04-26 03:16:34', 2, 2, '', 'nymex小型天然气202103合约', '', '0000-00-00', '0000-00-00', '2021-02-23', '', '', 2),
(228, 2819, '', '', 0, '2021-02-19 03:27:18', '2022-04-26 03:16:34', 2, 2, '', 'nymex小型美原油202103合约', '', '0000-00-00', '0000-00-00', '2021-02-19', '', '', 2),
(229, 2820, '', '', 0, '2021-02-19 03:27:36', '2022-04-26 03:16:34', 2, 2, '', 'nymex无铅汽油202103合约', '', '0000-00-00', '0000-00-00', '2021-02-26', '', '', 2),
(230, 2821, '', '', 0, '2021-02-19 03:28:35', '2022-04-26 03:16:34', 2, 2, '', 'nymex布伦特原油最后结算202103合约', '', '0000-00-00', '0000-00-00', '2021-01-29', '', '', 2),
(231, 2822, '', '', 0, '2021-02-19 03:30:17', '2022-04-26 03:16:34', 2, 2, '', 'hkex美元兑人民币202103合约', '', '0000-00-00', '0000-00-00', '2021-03-15', '', '', 2),
(232, 2823, '', '', 0, '2021-02-19 03:30:39', '2022-04-26 03:16:34', 2, 2, '', 'hkex恒生科技指數202103合约', '', '0000-00-00', '0000-00-00', '2021-03-30', '', '', 2),
(233, 2824, '', '', 0, '2021-02-19 03:30:57', '2022-04-26 03:16:34', 2, 2, '', 'hkexh股指数202103合约', '', '0000-00-00', '0000-00-00', '2021-03-30', '', '', 2),
(234, 2825, '', '', 0, '2021-02-19 03:31:27', '2022-04-26 03:16:34', 2, 2, '', 'hkex恒生指数202103合约', '', '0000-00-00', '0000-00-00', '2021-03-30', '', '', 2),
(235, 2826, '', '', 0, '2021-02-19 03:31:48', '2022-04-26 03:16:34', 2, 2, '', 'hkex小型h股指数202103合约', '', '0000-00-00', '0000-00-00', '2021-03-30', '', '', 2),
(236, 2827, '', '', 0, '2021-02-19 03:32:11', '2022-04-26 03:16:34', 2, 2, '', 'hkex小型恒生指数202103合约', '', '0000-00-00', '0000-00-00', '2021-03-30', '', '', 2),
(237, 2828, '', '', 0, '2021-02-19 03:32:30', '2022-04-26 03:16:34', 2, 2, '', 'hkex鐵礦石指數月合約202103合约', '', '0000-00-00', '0000-00-00', '2021-03-31', '', '', 2),
(238, 2829, '', '', 0, '2021-02-19 03:32:48', '2022-04-26 03:16:34', 2, 2, '', 'hkex鐵礦石指數季合約202103合约', '', '0000-00-00', '0000-00-00', '2021-03-31', '', '', 2),
(239, 2830, '', '', 0, '2021-02-19 03:33:15', '2022-04-26 03:16:34', 2, 2, '', 'hkex美元黃金期貨202103合约', '', '0000-00-00', '0000-00-00', '2021-03-15', '', '', 2),
(240, 2831, '', '', 0, '2021-02-19 03:33:35', '2022-04-26 03:16:34', 2, 2, '', 'hkex人民幣香港黃金期貨202103合约', '', '0000-00-00', '0000-00-00', '2021-03-15', '', '', 2),
(241, 2832, '', '', 0, '2021-02-19 03:35:01', '2022-04-26 03:16:34', 2, 2, '', 'hkex欧元兑人民币202103合约', '', '0000-00-00', '0000-00-00', '2021-03-15', '', '', 2),
(242, 2833, '', '', 0, '2021-02-19 03:35:29', '2022-04-26 03:16:34', 2, 2, '', 'hkex日元兑人民币202103合约', '', '0000-00-00', '0000-00-00', '2021-03-15', '', '', 2),
(243, 2834, '', '', 0, '2021-02-19 03:35:49', '2022-04-26 03:16:34', 2, 2, '', 'hkex澳元人民币202103合约', '', '0000-00-00', '0000-00-00', '2021-03-15', '', '', 2),
(244, 2835, '', '', 0, '2021-02-19 03:36:11', '2022-04-26 03:16:34', 2, 2, '', 'hkex卢比兑美元202103合约', '', '0000-00-00', '0000-00-00', '2021-03-29', '', '', 2),
(245, 2836, '', '', 0, '2021-02-19 03:36:50', '2022-04-26 03:16:34', 2, 2, '', 'hkex中华120指数202103合约', '', '0000-00-00', '0000-00-00', '2021-03-30', '', '', 2),
(246, 2837, '', '', 0, '2021-02-19 03:37:09', '2022-04-26 03:16:34', 2, 2, '', 'hkex建设银行202103合约', '', '0000-00-00', '0000-00-00', '2021-03-30', '', '', 2),
(247, 2838, '', '', 0, '2021-02-19 03:38:29', '2022-04-26 03:16:34', 2, 2, '', 'hkex中国移动202103合约', '', '0000-00-00', '0000-00-00', '2021-03-30', '', '', 2),
(248, 2839, '', '', 0, '2021-02-19 03:39:46', '2022-04-26 03:16:34', 2, 2, '', 'hkex香港交易所202103合约', '', '0000-00-00', '0000-00-00', '2021-03-30', '', '', 2),
(249, 2840, '', '', 0, '2021-02-19 03:41:10', '2022-04-26 03:16:34', 2, 2, '', 'hkex汇丰控股202103合约', '', '0000-00-00', '0000-00-00', '2021-03-30', '', '', 2),
(250, 2841, '', '', 0, '2021-02-19 03:41:33', '2022-04-26 03:16:34', 2, 2, '', 'hkex工商银行202103合约', '', '0000-00-00', '0000-00-00', '2021-03-30', '', '', 2),
(251, 2842, '', '', 0, '2021-02-19 03:41:55', '2022-04-26 03:16:34', 2, 2, '', 'hkex中国平安202103合约', '', '0000-00-00', '0000-00-00', '2021-03-30', '', '', 2),
(252, 2843, '', '', 0, '2021-02-19 03:42:14', '2022-04-26 03:16:34', 2, 2, '', 'hkex腾讯控股202103合约', '', '0000-00-00', '0000-00-00', '2021-03-30', '', '', 2),
(253, 2844, '', '', 0, '2021-02-19 03:42:32', '2022-04-26 03:16:34', 2, 2, '', 'hkex小米集团202103合约', '', '0000-00-00', '0000-00-00', '2021-03-30', '', '', 2),
(254, 2845, '', '', 0, '2021-02-19 03:45:20', '2022-04-26 03:16:34', 2, 2, '', 'hkex美团点评202103合约', '', '0000-00-00', '0000-00-00', '2021-03-30', '', '', 2),
(255, 2846, '', '', 0, '2021-02-19 03:45:46', '2022-04-26 03:16:34', 2, 2, '', 'hkex阿里巴巴202103合约', '', '0000-00-00', '0000-00-00', '2021-03-30', '', '', 2),
(256, 2847, '', '', 0, '2021-02-19 06:12:38', '2022-04-26 03:16:34', 2, 2, '', 'hkex中國鐵塔202103合约', '', '0000-00-00', '0000-00-00', '2021-03-30', '', '', 2),
(257, 2848, '', '', 0, '2021-02-19 06:13:05', '2022-04-26 03:16:34', 2, 2, '', 'hkex百威亞太202103合约', '', '0000-00-00', '0000-00-00', '2021-03-30', '', '', 2),
(258, 2849, '', '', 0, '2021-02-19 06:13:27', '2022-04-26 03:16:34', 2, 2, '', 'hkex長城汽車202103合约', '', '0000-00-00', '0000-00-00', '2021-03-30', '', '', 2),
(259, 2850, '', '', 0, '2021-02-19 06:13:52', '2022-04-26 03:16:34', 2, 2, '', 'hkex京東集團202103合约', '', '0000-00-00', '0000-00-00', '2021-03-30', '', '', 2),
(260, 2851, '', '', 0, '2021-02-19 06:14:18', '2022-04-26 03:16:34', 2, 2, '', 'hkex網易202103合约', '', '0000-00-00', '0000-00-00', '2021-03-30', '', '', 2),
(261, 2852, '', '', 0, '2021-02-19 06:14:57', '2022-04-26 03:16:34', 2, 2, '', 'hkex中國石油化工202103合约', '', '0000-00-00', '0000-00-00', '2021-03-30', '', '', 2),
(262, 2853, '', '', 0, '2021-02-19 06:15:17', '2022-04-26 03:16:34', 2, 2, '', 'hkex中國電信202103合约', '', '0000-00-00', '0000-00-00', '2021-03-30', '', '', 2),
(263, 2854, '', '', 0, '2021-02-19 06:15:46', '2022-04-26 03:16:34', 2, 2, '', 'hkex中國石油天然氣202103合约', '', '0000-00-00', '0000-00-00', '2021-03-30', '', '', 2),
(264, 2855, '', '', 0, '2021-02-19 06:16:08', '2022-04-26 03:16:34', 2, 2, '', 'hkex中國海洋石油202103合约', '', '0000-00-00', '0000-00-00', '2021-03-30', '', '', 2),
(265, 2856, '', '', 0, '2021-02-19 06:16:36', '2022-04-26 03:16:34', 2, 2, '', 'hkex中國交通建設202103合约', '', '0000-00-00', '0000-00-00', '2021-03-30', '', '', 2),
(266, 2857, '', '', 0, '2021-02-19 06:16:58', '2022-04-26 03:16:34', 2, 2, '', 'hkex中國人民財產保險202103合约', '', '0000-00-00', '0000-00-00', '2021-03-30', '', '', 2),
(267, 2858, '', '', 0, '2021-02-19 06:17:25', '2022-04-26 03:16:34', 2, 2, '', 'hkex中銀香港202103合约', '', '0000-00-00', '0000-00-00', '2021-03-30', '', '', 2),
(268, 2859, '', '', 0, '2021-02-19 06:17:53', '2022-04-26 03:16:34', 2, 2, '', 'hkex中國人壽保險202103合约', '', '0000-00-00', '0000-00-00', '2021-03-30', '', '', 2),
(269, 2860, '', '', 0, '2021-02-19 06:18:15', '2022-04-26 03:16:34', 2, 2, '', 'hkex招商銀行202103合约', '', '0000-00-00', '0000-00-00', '2021-03-30', '', '', 2),
(270, 2861, '', '', 0, '2021-02-19 06:19:07', '2022-04-26 03:16:34', 2, 2, '', 'hkex安硕a50202103合约', '', '0000-00-00', '0000-00-00', '2021-03-30', '', '', 2),
(271, 2862, '', '', 0, '2021-02-19 06:19:30', '2022-04-26 03:16:34', 2, 2, '', 'hkex华夏沪深300202103合约', '', '0000-00-00', '0000-00-00', '2021-03-30', '', '', 2),
(272, 2863, '', '', 0, '2021-02-19 06:19:51', '2022-04-26 03:16:34', 2, 2, '', 'hkex南方a50202103合约', '', '0000-00-00', '0000-00-00', '2021-03-30', '', '', 2),
(273, 2864, '', '', 0, '2021-02-19 06:26:10', '2022-04-26 03:16:34', 2, 2, '', 'hkexmsci澳洲净总回报指数202103合约', '', '0000-00-00', '0000-00-00', '2021-03-19', '', '', 2),
(274, 2865, '', '', 0, '2021-02-19 06:26:37', '2022-04-26 03:16:34', 2, 2, '', 'hkexmsci中国自由净总回报202103合约', '', '0000-00-00', '0000-00-00', '2021-03-19', '', '', 2),
(275, 2866, '', '', 0, '2021-02-19 06:27:12', '2022-04-26 03:16:34', 2, 2, '', 'hkexmsci新兴市场亚洲净总回报202103合约', '', '0000-00-00', '0000-00-00', '2021-03-19', '', '', 2),
(276, 2867, '', '', 0, '2021-02-19 06:27:34', '2022-04-26 03:16:34', 2, 2, '', 'hkexmsci印度净总回报指数202103合约', '', '0000-00-00', '0000-00-00', '2021-03-19', '', '', 2),
(277, 2868, '', '', 0, '2021-02-19 06:27:57', '2022-04-26 03:16:34', 2, 2, '', 'hkexmsci印尼净总回报指数202103合约', '', '0000-00-00', '0000-00-00', '2021-03-19', '', '', 2),
(278, 2869, '', '', 0, '2021-02-19 06:28:17', '2022-04-26 03:16:34', 2, 2, '', 'hkexmsci日本净总回报指数202103合约', '', '0000-00-00', '0000-00-00', '2021-03-19', '', '', 2),
(279, 2870, '', '', 0, '2021-02-19 06:28:41', '2022-04-26 03:16:34', 2, 2, '', 'hkexmsci马来西亚净总回报202103合约', '', '0000-00-00', '0000-00-00', '2021-03-19', '', '', 2),
(280, 2871, '', '', 0, '2021-02-19 06:30:45', '2022-04-26 03:16:34', 2, 2, '', 'hkexmsci台湾指数202103合约', '', '0000-00-00', '0000-00-00', '2021-03-30', '', '', 2),
(281, 2872, '', '', 0, '2021-02-19 06:31:17', '2022-04-26 03:16:34', 2, 2, '', 'hkexmsci台湾净总回报指数202103合约', '', '0000-00-00', '0000-00-00', '2021-03-19', '', '', 2),
(282, 2873, '', '', 0, '2021-02-19 06:31:40', '2022-04-26 03:16:34', 2, 2, '', 'hkexmsci泰国净总回报指数202103合约', '', '0000-00-00', '0000-00-00', '2021-03-19', '', '', 2),
(283, 2874, '', '', 0, '2021-02-19 06:33:13', '2022-04-26 03:16:34', 2, 2, '', 'hkexmsci新兴市场指数202103合约', '', '0000-00-00', '0000-00-00', '2021-03-19', '', '', 2),
(284, 2875, '', '', 0, '2021-02-19 06:33:36', '2022-04-26 03:16:34', 2, 2, '', 'hkexmsci新兴市场ntr202103合约', '', '0000-00-00', '0000-00-00', '2021-03-19', '', '', 2),
(285, 2876, '', '', 0, '2021-02-19 06:34:16', '2022-04-26 03:16:34', 2, 2, '', 'hkexmsci香港ntr指数202103合约', '', '0000-00-00', '0000-00-00', '2021-03-19', '', '', 2),
(286, 2877, '', '', 0, '2021-02-19 06:34:39', '2022-04-26 03:16:34', 2, 2, '', 'hkexmsci印尼指数202103合约', '', '0000-00-00', '0000-00-00', '2021-03-30', '', '', 2),
(287, 2878, '', '', 0, '2021-02-19 06:35:02', '2022-04-26 03:16:34', 2, 2, '', 'hkexmsci菲律宾ntr指数202103合约', '', '0000-00-00', '0000-00-00', '2021-03-19', '', '', 2),
(288, 2879, '', '', 0, '2021-02-19 06:35:23', '2022-04-26 03:16:34', 2, 2, '', 'hkexmsci新加坡ntr指数202103合约', '', '0000-00-00', '0000-00-00', '2021-03-19', '', '', 2),
(289, 2880, '', '', 0, '2021-02-19 06:35:50', '2022-04-26 03:16:34', 2, 2, '', 'hkexmsci越南ntr指数202103合约', '', '0000-00-00', '0000-00-00', '2021-03-19', '', '', 2),
(290, 2881, '', '', 0, '2021-02-19 06:36:14', '2022-04-26 03:16:34', 2, 2, '', 'hkexmsci中國自由指數202103合约', '', '0000-00-00', '0000-00-00', '2021-03-30', '', '', 2),
(291, 2882, '', '', 0, '2021-02-19 06:36:34', '2022-04-26 03:16:34', 2, 2, '', 'hkexmsci印度指數202103合约', '', '0000-00-00', '0000-00-00', '2021-03-25', '', '', 2),
(292, 2883, '', '', 0, '2021-02-19 06:39:09', '2022-04-26 03:16:34', 2, 2, '', 'hkexmsci馬來西亞指數202103合约', '', '0000-00-00', '0000-00-00', '2021-03-31', '', '', 2),
(293, 2884, '', '', 0, '2021-02-19 06:39:32', '2022-04-26 03:16:34', 2, 2, '', 'hkexmsci新西蘭淨總回報指數202103合约', '', '0000-00-00', '0000-00-00', '2021-03-19', '', '', 2),
(294, 2885, '', '', 0, '2021-02-19 06:39:50', '2022-04-26 03:16:34', 2, 2, '', 'hkexmsci菲律賓指數202103合约', '', '0000-00-00', '0000-00-00', '2021-03-30', '', '', 2),
(295, 2886, '', '', 0, '2021-02-19 06:40:25', '2022-04-26 03:16:34', 2, 2, '', 'hkexmsci新加坡自由淨總回報指數202103合约', '', '0000-00-00', '0000-00-00', '2021-03-19', '', '', 2),
(296, 2887, '', '', 0, '2021-02-19 06:40:45', '2022-04-26 03:16:34', 2, 2, '', 'hkexmsci泰國指數202103合约', '', '0000-00-00', '0000-00-00', '2021-03-30', '', '', 2),
(297, 2888, '', '', 0, '2021-02-19 06:41:05', '2022-04-26 03:16:34', 2, 2, '', 'hkexmsci越南指數202103合约', '', '0000-00-00', '0000-00-00', '2021-03-30', '', '', 2),
(298, 2889, '', '', 0, '2021-02-19 06:41:37', '2022-04-26 03:16:34', 2, 2, '', 'hkexmsci新兴市场除中国ntr指数202103合约', '', '0000-00-00', '0000-00-00', '2021-03-19', '', '', 2),
(299, 2890, '', '', 0, '2021-02-19 06:41:54', '2022-04-26 03:16:34', 2, 2, '', 'hkexmsci新兴市场除韩国ntr指数202103合约', '', '0000-00-00', '0000-00-00', '2021-03-19', '', '', 2),
(300, 2891, '', '', 0, '2021-02-19 06:42:16', '2022-04-26 03:16:34', 2, 2, '', 'hkexmsci新兴市场亚洲除中国ntr202103合约', '', '0000-00-00', '0000-00-00', '2021-03-19', '', '', 2),
(301, 2892, '', '', 0, '2021-02-19 06:42:36', '2022-04-26 03:16:34', 2, 2, '', 'hkexmsci新兴市场亚洲除韩国ntr202103合约', '', '0000-00-00', '0000-00-00', '2021-03-19', '', '', 2),
(302, 2893, '', '', 0, '2021-02-19 06:43:01', '2022-04-26 03:16:34', 2, 2, '', 'hkexmsci新兴市场欧非中东ntr202103合约', '', '0000-00-00', '0000-00-00', '2021-03-19', '', '', 2),
(303, 2894, '', '', 0, '2021-02-19 06:43:23', '2022-04-26 03:16:34', 2, 2, '', 'hkexmsci新兴市场拉丁美洲ntr202103合约', '', '0000-00-00', '0000-00-00', '2021-03-19', '', '', 2),
(304, 2895, '', '', 0, '2021-02-19 06:43:41', '2022-04-26 03:16:34', 2, 2, '', 'hkexmsci太平洋ntr指数202103合约', '', '0000-00-00', '0000-00-00', '2021-03-19', '', '', 2),
(305, 2896, '', '', 0, '2021-02-19 06:44:01', '2022-04-26 03:16:34', 2, 2, '', 'hkexmsci太平洋除日本ntr202103合约', '', '0000-00-00', '0000-00-00', '2021-03-19', '', '', 2),
(306, 2897, '', '', 0, '2021-02-19 06:48:01', '2022-04-26 03:16:34', 2, 2, '', 'sgx富时中国指数202103合约', '', '0000-00-00', '0000-00-00', '2021-03-30', '', '', 2),
(307, 2898, '', '', 0, '2021-02-19 06:48:21', '2022-04-26 03:16:34', 2, 2, '', 'sgx日经225指数202103合约', '', '0000-00-00', '0000-00-00', '2021-03-11', '', '', 2),
(308, 2899, '', '', 0, '2021-02-19 06:48:40', '2022-04-26 03:16:34', 2, 2, '', 'sgx新加坡指数202103合约', '', '0000-00-00', '0000-00-00', '2021-03-30', '', '', 2),
(309, 2900, '', '', 0, '2021-02-19 06:48:58', '2022-04-26 03:16:34', 2, 2, '', 'sgx台湾指数202103合约', '', '0000-00-00', '0000-00-00', '2021-03-30', '', '', 2),
(310, 2901, '', '', 0, '2021-02-19 06:49:22', '2022-04-26 03:16:34', 2, 2, '', 'sgx美元兑人民币202103合约', '', '0000-00-00', '0000-00-00', '2021-03-15', '', '', 2),
(311, 2902, '', '', 0, '2021-02-19 06:49:45', '2022-04-26 03:16:34', 2, 2, '', 'sgx铁矿石202103合约', '', '0000-00-00', '0000-00-00', '2021-03-31', '', '', 2),
(312, 2903, '', '', 0, '2021-02-19 06:50:09', '2022-04-26 03:16:34', 2, 2, '', 'sgxnifty-50指数202103合约', '', '0000-00-00', '0000-00-00', '2021-03-25', '', '', 2),
(313, 2904, '', '', 0, '2021-02-19 06:51:00', '2022-04-26 03:16:34', 2, 2, '', 'sgxmsci中国净总收益（美元）指数202103合约', '', '0000-00-00', '0000-00-00', '2021-03-19', '', '', 2),
(314, 2905, '', '', 0, '2021-02-19 06:51:25', '2022-04-26 03:16:34', 2, 2, '', 'sgxrss3橡胶202103合约', '', '0000-00-00', '0000-00-00', '2021-02-26', '', '', 2),
(315, 2906, '', '', 0, '2021-02-19 06:51:45', '2022-04-26 03:16:34', 2, 2, '', 'sgx橡胶202103合约', '', '0000-00-00', '0000-00-00', '2021-02-26', '', '', 2),
(316, 2907, '', '', 0, '2021-02-19 06:52:26', '2022-04-26 03:16:34', 2, 2, '', 'sgx马来西亚林吉特对美元202103合约', '', '0000-00-00', '0000-00-00', '2021-03-15', '', '', 2),
(317, 2908, '', '', 0, '2021-02-19 06:53:46', '2022-04-26 03:16:34', 2, 2, '', 'eurex德国dax202103合约', '', '0000-00-00', '0000-00-00', '2021-03-19', '', '', 2);
INSERT INTO `tb_huatai_trading_future` (`id`, `sort_order`, `code`, `remark`, `disabled`, `create_date`, `last_update_date`, `create_by`, `last_update_by`, `url_target`, `seo_url`, `seo_keyword`, `start_date`, `end_date`, `display_date`, `youtube_id`, `other_link`, `trading_future_category_id`) VALUES
(318, 2909, '', '', 0, '2021-02-19 06:54:10', '2022-04-26 03:16:34', 2, 2, '', 'eurex迷你dax指数202103合约', '', '0000-00-00', '0000-00-00', '2021-03-19', '', '', 2),
(319, 2910, '', '', 0, '2021-02-19 06:54:38', '2022-04-26 03:16:34', 2, 2, '', 'eurex欧盟50指数202103合约', '', '0000-00-00', '0000-00-00', '2021-03-19', '', '', 2),
(320, 2911, '', '', 0, '2021-02-19 06:55:12', '2022-04-26 03:16:34', 2, 2, '', 'eurex瑞士指数202103合约', '', '0000-00-00', '0000-00-00', '2021-03-19', '', '', 2),
(321, 2912, '', '', 0, '2021-02-19 06:55:41', '2022-04-26 03:16:34', 2, 2, '', 'eurex欧洲恐慌指数202103合约', '', '0000-00-00', '0000-00-00', '2021-03-17', '', '', 2),
(322, 2913, '', '', 0, '2021-02-19 06:56:07', '2022-04-26 03:16:34', 2, 2, '', 'eurex欧元德国10年国债202103合约', '', '0000-00-00', '0000-00-00', '2021-03-08', '', '', 2),
(323, 2914, '', '', 0, '2021-02-19 07:51:37', '2022-04-26 03:16:34', 2, 2, '', 'eurex欧元德国2年国债202103合约', '', '0000-00-00', '0000-00-00', '2021-03-08', '', '', 2),
(324, 2915, '', '', 0, '2021-02-19 07:52:00', '2022-04-26 03:16:34', 2, 2, '', 'eurex欧元债buxl202103合约', '', '0000-00-00', '0000-00-00', '2021-03-08', '', '', 2),
(325, 2916, '', '', 0, '2021-02-19 07:52:31', '2022-04-26 03:16:34', 2, 2, '', 'eurex欧元法国10年国债202103合约', '', '0000-00-00', '0000-00-00', '2021-03-08', '', '', 2),
(326, 2917, '', '', 0, '2021-02-19 07:53:04', '2022-04-26 03:16:34', 2, 2, '', 'eurex欧元意大利10年国债202103合约', '', '0000-00-00', '0000-00-00', '2021-03-08', '', '', 2),
(327, 2918, '', '', 0, '2021-02-19 07:53:37', '2022-04-26 03:16:34', 2, 2, '', 'eurex西班牙国债bono202103合约', '', '0000-00-00', '0000-00-00', '2021-03-08', '', '', 2),
(328, 2919, '', '', 0, '2021-02-19 07:54:01', '2022-04-26 03:16:34', 2, 2, '', 'eurex短期意债202103合约', '', '0000-00-00', '0000-00-00', '2021-03-08', '', '', 2),
(329, 2920, '', '', 0, '2021-02-19 07:55:50', '2022-04-26 03:16:34', 2, 2, '', 'icus美元指数202103合约', '', '0000-00-00', '0000-00-00', '2021-03-15', '', '', 2),
(330, 2921, '', '', 0, '2021-02-19 07:56:27', '2022-04-26 03:16:34', 2, 2, '', 'icus美可可202103合约', '', '0000-00-00', '0000-00-00', '2021-02-12', '', '', 2),
(331, 2922, '', '', 0, '2021-02-19 07:56:46', '2022-04-26 03:16:34', 2, 2, '', 'icus美棉202103合约', '', '0000-00-00', '0000-00-00', '2021-02-22', '', '', 2),
(332, 2923, '', '', 0, '2021-02-19 07:57:09', '2022-04-26 03:16:34', 2, 2, '', 'icus咖啡202103合约', '', '0000-00-00', '0000-00-00', '2021-02-18', '', '', 2),
(333, 2924, '', '', 0, '2021-02-19 07:57:27', '2022-04-26 03:16:34', 2, 2, '', 'icus冷冻橙汁202103合约', '', '0000-00-00', '0000-00-00', '2021-03-01', '', '', 2),
(334, 2925, '', '', 0, '2021-02-19 07:57:55', '2022-04-26 03:16:34', 2, 2, '', 'icus原糖11号202103合约', '', '0000-00-00', '0000-00-00', '2021-02-26', '', '', 2),
(335, 2926, '', '', 0, '2021-02-19 07:59:45', '2022-04-26 03:16:34', 2, 2, '', 'ice-sg迷你布伦特原油202103合约', '', '0000-00-00', '0000-00-00', '2021-01-29', '', '', 2),
(336, 2927, '', '', 0, '2021-02-19 08:00:22', '2022-04-26 03:16:34', 2, 2, '', 'ice-sg迷你美元指数202103合约', '', '0000-00-00', '0000-00-00', '2021-03-15', '', '', 2),
(337, 2928, '', '', 0, '2021-02-19 08:00:45', '2022-04-26 03:16:34', 2, 2, '', 'iceu布伦特原油202103合约', '', '0000-00-00', '0000-00-00', '2021-01-29', '', '', 2),
(338, 2929, '', '', 0, '2021-02-19 08:01:24', '2022-04-26 03:16:34', 2, 2, '', 'iceu汽油202103合约', '', '0000-00-00', '0000-00-00', '2021-03-11', '', '', 2),
(339, 2930, '', '', 0, '2021-02-19 08:03:20', '2022-04-26 03:16:34', 2, 2, '', 'iceu富时100指数202103合约', '', '0000-00-00', '0000-00-00', '2021-03-19', '', '', 2),
(340, 2931, '', '', 0, '2021-02-19 08:03:50', '2022-04-26 03:16:34', 2, 2, '', 'iceu白糖202103合约', '', '0000-00-00', '0000-00-00', '2021-02-12', '', '', 2),
(341, 2932, '', '', 0, '2021-02-19 08:04:13', '2022-04-26 03:16:34', 2, 2, '', 'iceu可可202103合约', '', '0000-00-00', '0000-00-00', '2021-03-16', '', '', 2),
(342, 2933, '', '', 0, '2021-02-19 08:04:41', '2022-04-26 03:16:34', 2, 2, '', 'iceu罗博士特咖啡202103合约', '', '0000-00-00', '0000-00-00', '2021-02-23', '', '', 2),
(343, 2934, '', '', 0, '2021-02-19 08:05:15', '2022-04-26 03:16:34', 2, 2, '', 'bmd棕榈油202103合约', '', '0000-00-00', '0000-00-00', '2021-03-01', '', '', 2),
(344, 2935, '', '', 0, '2021-02-19 08:05:37', '2022-04-26 03:16:34', 2, 2, '', 'cboecboe-vix202103合约', '', '0000-00-00', '0000-00-00', '2021-03-17', '', '', 2),
(345, 2936, '', '', 0, '2021-02-19 08:05:58', '2022-04-26 03:16:34', 2, 2, '', 'apex精炼棕榈油202103合约', '', '0000-00-00', '0000-00-00', '2021-02-15', '', '', 2),
(346, 2596, '', '', 0, '2021-02-19 08:06:23', '2022-04-26 03:16:34', 2, 2, '', 'tocom原油202103合约', '', '0000-00-00', '0000-00-00', '2021-03-31', '', '', 2),
(347, 2937, '', '', 0, '2021-02-19 08:06:52', '2022-04-26 03:16:34', 2, 2, '', 'ose日本橡胶202103合约', '', '0000-00-00', '0000-00-00', '2021-03-25', '', '', 2),
(348, 2938, '', '', 0, '2021-02-19 08:07:16', '2022-04-26 03:16:34', 2, 2, '', 'ose大板日經指數202103合约', '', '0000-00-00', '0000-00-00', '2021-03-11', '', '', 2),
(349, 2939, '', '', 0, '2021-02-19 08:07:40', '2022-04-26 03:16:34', 2, 2, '', 'ose大板小型日經指數202103合约', '', '0000-00-00', '0000-00-00', '2021-03-11', '', '', 2),
(350, 2940, '', '', 0, '2021-02-19 08:08:44', '2022-04-26 03:16:34', 2, 2, '', 'ose十年政府债券202103合约', '', '0000-00-00', '0000-00-00', '2021-03-15', '', '', 2),
(351, 2941, '', '', 0, '2021-02-19 08:09:15', '2022-04-26 03:16:34', 2, 2, '', 'osetopix202103合约', '', '0000-00-00', '0000-00-00', '2021-03-11', '', '', 2),
(352, 2942, '', '', 0, '2021-02-19 08:09:39', '2022-04-26 03:16:34', 2, 2, '', 'dce铁矿石202103合约', '', '0000-00-00', '0000-00-00', '2021-03-12', '', '', 2),
(353, 2943, '', '', 0, '2021-02-19 08:10:13', '2022-04-26 03:16:34', 2, 2, '', 'zce精对苯二甲酸-pta202103合约', '', '0000-00-00', '0000-00-00', '2021-03-12', '', '', 2),
(354, 1, '', '', 2, '2021-02-23 03:51:45', '2021-02-23 09:34:04', 2, 2, '', '', '', '0000-00-00', '0000-00-00', '2021-02-23', '', '', 3),
(355, 1, '', '', 2, '2021-02-23 03:55:51', '2021-02-23 09:34:04', 2, 2, '', '', '', '0000-00-00', '0000-00-00', '2021-02-23', '', '', 1),
(356, 2595, '', '', 0, '2021-03-02 08:48:12', '2022-04-26 03:16:34', 2, 2, '', 'cbot30天联邦基金202104合约', '', '0000-00-00', '0000-00-00', '2021-04-30', '', '', 2),
(357, 2594, '', '', 0, '2021-03-02 08:48:56', '2022-04-26 03:16:34', 2, 2, '', 'cme澳元202104合约', '', '0000-00-00', '0000-00-00', '2021-04-19', '', '', 2),
(358, 2593, '', '', 0, '2021-03-02 08:50:37', '2022-04-26 03:16:34', 2, 2, '', 'cme英镑202104合约', '', '0000-00-00', '0000-00-00', '2021-04-19', '', '', 2),
(359, 2586, '', '', 0, '2021-03-02 08:51:03', '2022-04-26 03:16:34', 2, 2, '', 'cme加元202104合约', '', '0000-00-00', '0000-00-00', '2021-04-20', '', '', 2),
(360, 2585, '', '', 0, '2021-03-02 09:54:33', '2022-04-26 03:16:34', 2, 2, '', 'cme欧元202104合约', '', '0000-00-00', '0000-00-00', '2021-04-19', '', '', 2),
(361, 2592, '', '', 0, '2021-03-02 09:55:00', '2022-04-26 03:16:34', 2, 2, '', 'cme日元202104合约', '', '0000-00-00', '0000-00-00', '2021-04-19', '', '', 2),
(362, 2591, '', '', 0, '2021-03-02 09:55:27', '2022-04-26 03:16:34', 2, 2, '', 'cme巴西雷亚尔202104合约', '', '0000-00-00', '0000-00-00', '2021-03-31', '', '', 2),
(363, 2590, '', '', 0, '2021-03-02 10:02:31', '2022-04-26 03:16:34', 2, 2, '', 'cme卢布202104合约', '', '0000-00-00', '0000-00-00', '2021-04-15', '', '', 2),
(364, 2589, '', '', 0, '2021-03-02 10:02:57', '2022-04-26 03:16:34', 2, 2, '', 'cme欧元-英镑202104合约', '', '0000-00-00', '0000-00-00', '2021-04-19', '', '', 2),
(365, 2588, '', '', 0, '2021-03-02 10:03:47', '2022-04-26 03:16:34', 2, 2, '', 'cme南非兰特202104合约', '', '0000-00-00', '0000-00-00', '2021-04-19', '', '', 2),
(366, 2587, '', '', 0, '2021-03-02 10:04:19', '2022-04-26 03:16:34', 2, 2, '', 'cme墨西哥比索202104合约', '', '0000-00-00', '0000-00-00', '2021-04-19', '', '', 2),
(367, 2584, '', '', 0, '2021-03-02 10:05:04', '2022-04-26 03:16:34', 2, 2, '', 'cme美元-离岸人民币202104合约', '', '0000-00-00', '0000-00-00', '2021-04-19', '', '', 2),
(368, 2583, '', '', 0, '2021-03-02 10:05:28', '2022-04-26 03:16:34', 2, 2, '', 'cme欧洲美元202104合约', '', '0000-00-00', '0000-00-00', '2021-04-19', '', '', 2),
(369, 2582, '', '', 0, '2021-03-02 10:05:58', '2022-04-26 03:16:34', 2, 2, '', 'cme日经指数jpy202104合约', '', '0000-00-00', '0000-00-00', '2021-04-08', '', '', 2),
(370, 2581, '', '', 0, '2021-03-02 10:06:41', '2022-04-26 03:16:34', 2, 2, '', 'cme饲牛202104合约', '', '0000-00-00', '0000-00-00', '2021-04-29', '', '', 2),
(371, 2580, '', '', 0, '2021-03-02 10:07:20', '2022-04-26 03:16:34', 2, 2, '', 'cme活牛202104合约', '', '0000-00-00', '0000-00-00', '2021-04-05', '', '', 2),
(372, 2579, '', '', 0, '2021-03-02 10:07:52', '2022-04-26 03:16:34', 2, 2, '', 'cme生猪202104合约', '', '0000-00-00', '0000-00-00', '2021-04-15', '', '', 2),
(373, 2578, '', '', 0, '2021-03-02 10:08:15', '2022-04-26 03:16:34', 2, 2, '', 'cme比特币202104合约', '', '0000-00-00', '0000-00-00', '2021-04-30', '', '', 2),
(374, 2577, '', '', 0, '2021-03-02 10:08:47', '2022-04-26 03:16:34', 2, 2, '', 'comex美黄金202104合约', '', '0000-00-00', '0000-00-00', '2021-03-31', '', '', 2),
(375, 2576, '', '', 0, '2021-03-02 10:09:10', '2022-04-26 03:16:34', 2, 2, '', 'comex美白银202104合约', '', '0000-00-00', '0000-00-00', '2021-03-31', '', '', 2),
(376, 2575, '', '', 0, '2021-03-02 10:09:37', '2022-04-26 03:16:34', 2, 2, '', 'comex美铜202104合约', '', '0000-00-00', '0000-00-00', '2021-03-31', '', '', 2),
(377, 2574, '', '', 0, '2021-03-02 10:10:03', '2022-04-26 03:16:34', 2, 2, '', 'comex小型美黄金202104合约', '', '0000-00-00', '0000-00-00', '2021-03-29', '', '', 2),
(378, 2573, '', '', 0, '2021-03-02 10:10:57', '2022-04-26 03:16:34', 2, 2, '', 'nymex美原油202104合约', '', '0000-00-00', '0000-00-00', '2021-03-22', '', '', 2),
(379, 2572, '', '', 0, '2021-03-02 10:11:23', '2022-04-26 03:16:34', 2, 2, '', 'nymex热燃油202104合约', '', '0000-00-00', '0000-00-00', '2021-03-31', '', '', 2),
(380, 2571, '', '', 0, '2021-03-02 10:11:48', '2022-04-26 03:16:34', 2, 2, '', 'nymex天然气202104合约', '', '0000-00-00', '0000-00-00', '2021-03-29', '', '', 2),
(381, 2570, '', '', 0, '2021-03-02 10:12:13', '2022-04-26 03:16:34', 2, 2, '', 'nymex美钯金202104合约', '', '0000-00-00', '0000-00-00', '2021-03-31', '', '', 2),
(382, 2569, '', '', 0, '2021-03-02 10:12:37', '2022-04-26 03:16:34', 2, 2, '', 'nymex美铂金202104合约', '', '0000-00-00', '0000-00-00', '2021-03-31', '', '', 2),
(383, 2568, '', '', 0, '2021-03-02 10:13:01', '2022-04-26 03:16:34', 2, 2, '', 'nymex小型天然气202104合约', '', '0000-00-00', '0000-00-00', '2021-03-26', '', '', 2),
(384, 2567, '', '', 0, '2021-03-02 10:13:29', '2022-04-26 03:16:34', 2, 2, '', 'nymex小型美原油202104合约', '', '0000-00-00', '0000-00-00', '2021-03-19', '', '', 2),
(385, 2566, '', '', 0, '2021-03-02 10:14:01', '2022-04-26 03:16:34', 2, 2, '', 'nymex无铅汽油202104合约', '', '0000-00-00', '0000-00-00', '2021-03-31', '', '', 2),
(386, 2565, '', '', 0, '2021-03-02 10:14:22', '2022-04-26 03:16:34', 2, 2, '', 'nymex布伦特原油最后结算202104合约', '', '0000-00-00', '0000-00-00', '2021-02-26', '', '', 2),
(387, 2564, '', '', 0, '2021-03-02 10:19:08', '2022-04-26 03:16:34', 2, 2, '', 'hkex美元兑人民币202104合约', '', '0000-00-00', '0000-00-00', '2021-04-19', '', '', 2),
(388, 2563, '', '', 0, '2021-03-02 10:19:31', '2022-04-26 03:16:34', 2, 2, '', 'hkex恒生科技指數202104合约', '', '0000-00-00', '0000-00-00', '2021-04-29', '', '', 2),
(389, 2562, '', '', 0, '2021-03-02 10:19:53', '2022-04-26 03:16:34', 2, 2, '', 'hkexh股指数202104合约', '', '0000-00-00', '0000-00-00', '2021-04-29', '', '', 2),
(390, 2561, '', '', 0, '2021-03-02 10:20:19', '2022-04-26 03:16:34', 2, 2, '', 'hkex恒生指数202104合约', '', '0000-00-00', '0000-00-00', '2021-04-29', '', '', 2),
(391, 2560, '', '', 0, '2021-03-02 10:21:14', '2022-04-26 03:16:34', 2, 2, '', 'hkex小型h股指数202104合约', '', '0000-00-00', '0000-00-00', '2021-04-29', '', '', 2),
(392, 2559, '', '', 0, '2021-03-02 10:21:38', '2022-04-26 03:16:34', 2, 2, '', 'hkex小型恒生指数202104合约', '', '0000-00-00', '0000-00-00', '2021-04-29', '', '', 2),
(393, 2558, '', '', 0, '2021-03-02 10:22:02', '2022-04-26 03:16:34', 2, 2, '', 'hkex鐵礦石指數月合約202104合约', '', '0000-00-00', '0000-00-00', '2021-04-30', '', '', 2),
(394, 2557, '', '', 0, '2021-03-02 10:22:49', '2022-04-26 03:16:34', 2, 2, '', 'hkex美元黃金期貨202104合约', '', '0000-00-00', '0000-00-00', '2021-04-19', '', '', 2),
(395, 2556, '', '', 0, '2021-03-02 10:23:48', '2022-04-26 03:16:34', 2, 2, '', 'hkex人民幣香港黃金期貨202104合约', '', '0000-00-00', '0000-00-00', '2021-04-19', '', '', 2),
(396, 2555, '', '', 0, '2021-03-02 10:24:10', '2022-04-26 03:16:34', 2, 2, '', 'hkex欧元兑人民币202104合约', '', '0000-00-00', '0000-00-00', '2021-04-19', '', '', 2),
(397, 2554, '', '', 0, '2021-03-02 10:24:31', '2022-04-26 03:16:34', 2, 2, '', 'hkex日元兑人民币202104合约', '', '0000-00-00', '0000-00-00', '2021-04-19', '', '', 2),
(398, 2553, '', '', 0, '2021-03-02 10:24:57', '2022-04-26 03:16:34', 2, 2, '', 'hkex澳元人民币202104合约', '', '0000-00-00', '0000-00-00', '2021-04-19', '', '', 2),
(399, 2552, '', '', 0, '2021-03-02 10:25:30', '2022-04-26 03:16:34', 2, 2, '', 'hkex卢比兑美元202104合约', '', '0000-00-00', '0000-00-00', '2021-04-28', '', '', 2),
(400, 2551, '', '', 0, '2021-03-02 10:26:15', '2022-04-26 03:16:34', 2, 2, '', 'hkex中华120指数202104合约', '', '0000-00-00', '0000-00-00', '2021-04-29', '', '', 2),
(401, 2550, '', '', 0, '2021-03-02 10:26:42', '2022-04-26 03:16:34', 2, 2, '', 'hkex建设银行202104合约', '', '0000-00-00', '0000-00-00', '2021-04-29', '', '', 2),
(402, 2549, '', '', 0, '2021-03-03 02:32:39', '2022-04-26 03:16:34', 2, 2, '', 'hkex中国移动202104合约', '', '0000-00-00', '0000-00-00', '2021-04-29', '', '', 2),
(403, 2548, '', '', 0, '2021-03-03 02:33:08', '2022-04-26 03:16:34', 2, 2, '', 'hkex香港交易所202104合约', '', '0000-00-00', '0000-00-00', '2021-04-29', '', '', 2),
(404, 2547, '', '', 0, '2021-03-03 02:33:40', '2022-04-26 03:16:34', 2, 2, '', 'hkex汇丰控股202104合约', '', '0000-00-00', '0000-00-00', '2021-04-29', '', '', 2),
(405, 2546, '', '', 0, '2021-03-03 02:34:42', '2022-04-26 03:16:34', 2, 2, '', 'hkex工商银行202104合约', '', '0000-00-00', '0000-00-00', '2021-04-29', '', '', 2),
(406, 2545, '', '', 0, '2021-03-03 02:35:12', '2022-04-26 03:16:34', 2, 2, '', 'hkex中国平安202104合约', '', '0000-00-00', '0000-00-00', '2021-04-29', '', '', 2),
(407, 2544, '', '', 0, '2021-03-03 02:35:42', '2022-04-26 03:16:34', 2, 2, '', 'hkex腾讯控股202104合约', '', '0000-00-00', '0000-00-00', '2021-04-29', '', '', 2),
(408, 2543, '', '', 0, '2021-03-03 02:36:19', '2022-04-26 03:16:34', 2, 2, '', 'hkex小米集团202104合约', '', '0000-00-00', '0000-00-00', '2021-04-29', '', '', 2),
(409, 2542, '', '', 0, '2021-03-03 02:42:36', '2022-04-26 03:16:34', 2, 2, '', 'hkex美团点评202104合约', '', '0000-00-00', '0000-00-00', '2021-04-29', '', '', 2),
(410, 2541, '', '', 0, '2021-03-03 02:43:10', '2022-04-26 03:16:34', 2, 2, '', 'hkex阿里巴巴202104合约', '', '0000-00-00', '0000-00-00', '2021-04-29', '', '', 2),
(411, 2540, '', '', 0, '2021-03-03 02:43:40', '2022-04-26 03:16:34', 2, 2, '', 'hkex中國鐵塔202104合约', '', '0000-00-00', '0000-00-00', '2021-04-29', '', '', 2),
(412, 2539, '', '', 0, '2021-03-03 02:44:07', '2022-04-26 03:16:34', 2, 2, '', 'hkex百威亞太202104合约', '', '0000-00-00', '0000-00-00', '2021-04-29', '', '', 2),
(413, 2538, '', '', 0, '2021-03-03 02:44:54', '2022-04-26 03:16:34', 2, 2, '', 'hkex長城汽車202104合约', '', '0000-00-00', '0000-00-00', '2021-04-29', '', '', 2),
(414, 2537, '', '', 0, '2021-03-03 02:45:30', '2022-04-26 03:16:34', 2, 2, '', 'hkex京東集團202104合约', '', '0000-00-00', '0000-00-00', '2021-04-29', '', '', 2),
(415, 2536, '', '', 0, '2021-03-03 02:46:03', '2022-04-26 03:16:34', 2, 2, '', 'hkex網易202104合约', '', '0000-00-00', '0000-00-00', '2021-04-29', '', '', 2),
(416, 2535, '', '', 0, '2021-03-03 02:46:36', '2022-04-26 03:16:34', 2, 2, '', 'hkex中國石油化工202104合约', '', '0000-00-00', '0000-00-00', '2021-04-29', '', '', 2),
(417, 2534, '', '', 0, '2021-03-03 02:47:00', '2022-04-26 03:16:34', 2, 2, '', 'hkex中國電信202104合约', '', '0000-00-00', '0000-00-00', '2021-04-29', '', '', 2),
(418, 2533, '', '', 0, '2021-03-03 02:47:50', '2022-04-26 03:16:34', 2, 2, '', 'hkex中國石油天然氣202104合约', '', '0000-00-00', '0000-00-00', '2021-04-29', '', '', 2),
(419, 2532, '', '', 0, '2021-03-03 02:48:29', '2022-04-26 03:16:34', 2, 2, '', 'hkex中國海洋石油202104合约', '', '0000-00-00', '0000-00-00', '2021-04-29', '', '', 2),
(420, 2531, '', '', 0, '2021-03-03 02:49:48', '2022-04-26 03:16:34', 2, 2, '', 'hkex中國交通建設202104合约', '', '0000-00-00', '0000-00-00', '2021-04-29', '', '', 2),
(421, 2530, '', '', 0, '2021-03-03 02:50:13', '2022-04-26 03:16:34', 2, 2, '', 'hkex中國人民財產保險202104合约', '', '0000-00-00', '0000-00-00', '2021-04-29', '', '', 2),
(422, 2529, '', '', 0, '2021-03-03 02:54:14', '2022-04-26 03:16:34', 2, 2, '', 'hkex中銀香港202104合约', '', '0000-00-00', '0000-00-00', '2021-04-29', '', '', 2),
(423, 2528, '', '', 0, '2021-03-03 02:54:40', '2022-04-26 03:16:34', 2, 2, '', 'hkex中國人壽保險202104合约', '', '0000-00-00', '0000-00-00', '2021-04-29', '', '', 2),
(424, 2527, '', '', 0, '2021-03-03 02:55:07', '2022-04-26 03:16:34', 2, 2, '', 'hkex招商銀行202104合约', '', '0000-00-00', '0000-00-00', '2021-04-29', '', '', 2),
(425, 2526, '', '', 0, '2021-03-03 03:01:24', '2022-04-26 03:16:34', 2, 2, '', 'hkex安硕a50202104合约', '', '0000-00-00', '0000-00-00', '2021-04-29', '', '', 2),
(426, 2525, '', '', 0, '2021-03-03 03:02:03', '2022-04-26 03:16:34', 2, 2, '', 'hkex华夏沪深300202104合约', '', '0000-00-00', '0000-00-00', '2021-04-29', '', '', 2),
(427, 2524, '', '', 0, '2021-03-03 03:02:37', '2022-04-26 03:16:34', 2, 2, '', 'hkex南方a50202104合约', '', '0000-00-00', '0000-00-00', '2021-04-29', '', '', 2),
(428, 2523, '', '', 0, '2021-03-03 03:03:42', '2022-04-26 03:16:34', 2, 2, '', 'hkexmsci澳洲净总回报指数202104合约', '', '0000-00-00', '0000-00-00', '2021-04-16', '', '', 2),
(429, 2522, '', '', 0, '2021-03-03 03:04:24', '2022-04-26 03:16:34', 2, 2, '', 'hkexmsci中国自由净总回报202104合约', '', '0000-00-00', '0000-00-00', '2021-04-16', '', '', 2),
(430, 2521, '', '', 0, '2021-03-03 03:04:51', '2022-04-26 03:16:34', 2, 2, '', 'hkexmsci新兴市场亚洲净总回报202104合约', '', '0000-00-00', '0000-00-00', '2021-04-16', '', '', 2),
(431, 2520, '', '', 0, '2021-03-03 03:33:56', '2022-04-26 03:16:34', 2, 2, '', 'hkexmsci印度净总回报指数202104合约', '', '0000-00-00', '0000-00-00', '2021-04-16', '', '', 2),
(432, 2519, '', '', 0, '2021-03-03 03:34:22', '2022-04-26 03:16:34', 2, 2, '', 'hkexmsci印尼净总回报指数202104合约', '', '0000-00-00', '0000-00-00', '2021-04-16', '', '', 2),
(433, 2518, '', '', 0, '2021-03-03 03:35:01', '2022-04-26 03:16:34', 2, 2, '', 'hkexmsci日本净总回报指数202104合约', '', '0000-00-00', '0000-00-00', '2021-04-16', '', '', 2),
(434, 2517, '', '', 0, '2021-03-03 03:35:27', '2022-04-26 03:16:34', 2, 2, '', 'hkexmsci马来西亚净总回报202104合约', '', '0000-00-00', '0000-00-00', '2021-04-16', '', '', 2),
(435, 2516, '', '', 0, '2021-03-03 03:36:02', '2022-04-26 03:16:34', 2, 2, '', 'hkexmsci台湾指数202104合约', '', '0000-00-00', '0000-00-00', '2021-04-29', '', '', 2),
(436, 2515, '', '', 0, '2021-03-03 03:41:26', '2022-04-26 03:16:34', 2, 2, '', 'hkexmsci台湾净总回报指数202104合约', '', '0000-00-00', '0000-00-00', '2021-04-16', '', '', 2),
(437, 2514, '', '', 0, '2021-03-03 03:41:57', '2022-04-26 03:16:34', 2, 2, '', 'hkexmsci泰国净总回报指数202104合约', '', '0000-00-00', '0000-00-00', '2021-04-16', '', '', 2),
(438, 2513, '', '', 0, '2021-03-03 03:42:26', '2022-04-26 03:16:34', 2, 2, '', 'hkexmsci新兴市场指数202104合约', '', '0000-00-00', '0000-00-00', '2021-04-16', '', '', 2),
(439, 2512, '', '', 0, '2021-03-03 03:42:49', '2022-04-26 03:16:34', 2, 2, '', 'hkexmsci新兴市场ntr202104合约', '', '0000-00-00', '0000-00-00', '2021-04-16', '', '', 2),
(440, 2511, '', '', 0, '2021-03-03 03:43:22', '2022-04-26 03:16:34', 2, 2, '', 'hkexmsci香港ntr指数202104合约', '', '0000-00-00', '0000-00-00', '2021-04-16', '', '', 2),
(441, 2510, '', '', 0, '2021-03-03 03:43:53', '2022-04-26 03:16:34', 2, 2, '', 'hkexmsci印尼指数202104合约', '', '0000-00-00', '0000-00-00', '2021-04-29', '', '', 2),
(442, 2509, '', '', 0, '2021-03-03 03:44:34', '2022-04-26 03:16:34', 2, 2, '', 'hkexmsci新加坡ntr指数202104合约', '', '0000-00-00', '0000-00-00', '2021-04-16', '', '', 2),
(443, 2508, '', '', 0, '2021-03-03 03:45:01', '2022-04-26 03:16:34', 2, 2, '', 'hkexmsci越南ntr指数202104合约', '', '0000-00-00', '0000-00-00', '2021-04-16', '', '', 2),
(444, 2507, '', '', 0, '2021-03-03 03:45:25', '2022-04-26 03:16:34', 2, 2, '', 'hkexmsci中國自由指數202104合约', '', '0000-00-00', '0000-00-00', '2021-04-29', '', '', 2),
(445, 2506, '', '', 0, '2021-03-03 03:46:07', '2022-04-26 03:16:34', 2, 2, '', 'hkexmsci印度指數202104合约', '', '0000-00-00', '0000-00-00', '2021-04-29', '', '', 2),
(446, 2505, '', '', 0, '2021-03-03 03:46:40', '2022-04-26 03:16:34', 2, 2, '', 'hkexmsci馬來西亞指數202104合约', '', '0000-00-00', '0000-00-00', '2021-04-30', '', '', 2),
(447, 2504, '', '', 0, '2021-03-03 03:47:12', '2022-04-26 03:16:34', 2, 2, '', 'hkexmsci新西蘭淨總回報指數202104合约', '', '0000-00-00', '0000-00-00', '2021-04-16', '', '', 2),
(448, 2503, '', '', 0, '2021-03-03 03:47:46', '2022-04-26 03:16:34', 2, 2, '', 'hkexmsci菲律賓指數202104合约', '', '0000-00-00', '0000-00-00', '2021-04-29', '', '', 2),
(449, 2502, '', '', 0, '2021-03-03 03:48:14', '2022-04-26 03:16:34', 2, 2, '', 'hkexmsci新加坡自由淨總回報指數202104合约', '', '0000-00-00', '0000-00-00', '2021-04-16', '', '', 2),
(450, 2501, '', '', 0, '2021-03-03 03:48:43', '2022-04-26 03:16:34', 2, 2, '', 'hkexmsci泰國指數202104合约', '', '0000-00-00', '0000-00-00', '2021-04-29', '', '', 2),
(451, 2500, '', '', 0, '2021-03-03 03:49:10', '2022-04-26 03:16:34', 2, 2, '', 'hkexmsci越南指數202104合约', '', '0000-00-00', '0000-00-00', '2021-04-29', '', '', 2),
(452, 2499, '', '', 0, '2021-03-03 03:50:40', '2022-04-26 03:16:34', 2, 2, '', 'hkexmsci新兴市场除中国ntr指数202104合约', '', '0000-00-00', '0000-00-00', '2021-04-16', '', '', 2),
(453, 2498, '', '', 0, '2021-03-03 03:51:05', '2022-04-26 03:16:34', 2, 2, '', 'hkexmsci新兴市场除韩国ntr指数202104合约', '', '0000-00-00', '0000-00-00', '2021-04-16', '', '', 2),
(454, 2497, '', '', 0, '2021-03-03 03:51:33', '2022-04-26 03:16:34', 2, 2, '', 'hkexmsci新兴市场亚洲除中国ntr202104合约', '', '0000-00-00', '0000-00-00', '2021-04-16', '', '', 2),
(455, 2496, '', '', 0, '2021-03-03 03:52:08', '2022-04-26 03:16:34', 2, 2, '', 'hkexmsci新兴市场亚洲除韩国ntr202104合约', '', '0000-00-00', '0000-00-00', '2021-04-16', '', '', 2),
(456, 2495, '', '', 0, '2021-03-03 03:52:34', '2022-04-26 03:16:34', 2, 2, '', 'hkexmsci新兴市场欧非中东ntr202104合约', '', '0000-00-00', '0000-00-00', '2021-04-16', '', '', 2),
(457, 2494, '', '', 0, '2021-03-03 03:53:00', '2022-04-26 03:16:34', 2, 2, '', 'hkexmsci新兴市场拉丁美洲ntr202104合约', '', '0000-00-00', '0000-00-00', '2021-04-16', '', '', 2),
(458, 2493, '', '', 0, '2021-03-03 03:53:25', '2022-04-26 03:16:34', 2, 2, '', 'hkexmsci太平洋ntr指数202104合约', '', '0000-00-00', '0000-00-00', '2021-04-16', '', '', 2),
(459, 2492, '', '', 0, '2021-03-03 03:53:53', '2022-04-26 03:16:34', 2, 2, '', 'hkexmsci太平洋除日本ntr202104合约', '', '0000-00-00', '0000-00-00', '2021-04-16', '', '', 2),
(460, 2491, '', '', 0, '2021-03-03 06:17:20', '2022-04-26 03:16:34', 2, 2, '', 'sgx富时中国指数202104合约', '', '0000-00-00', '0000-00-00', '2021-04-29', '', '', 2),
(461, 2490, '', '', 0, '2021-03-03 06:17:49', '2022-04-26 03:16:34', 2, 2, '', 'sgx日经225指数202104合约', '', '0000-00-00', '0000-00-00', '2021-04-08', '', '', 2),
(462, 2489, '', '', 0, '2021-03-03 06:18:19', '2022-04-26 03:16:34', 2, 2, '', 'sgx新加坡指數202104合约', '', '0000-00-00', '0000-00-00', '2021-04-29', '', '', 2),
(463, 2488, '', '', 0, '2021-03-03 06:24:09', '2022-04-26 03:16:34', 2, 2, '', 'sgx美元兑人民币202104合约', '', '0000-00-00', '0000-00-00', '2021-04-19', '', '', 2),
(464, 2487, '', '', 0, '2021-03-03 06:24:30', '2022-04-26 03:16:34', 2, 2, '', 'sgx铁矿石202104合约', '', '0000-00-00', '0000-00-00', '2021-04-30', '', '', 2),
(465, 2486, '', '', 0, '2021-03-03 06:24:56', '2022-04-26 03:16:34', 2, 2, '', 'sgxnifty-50-指数202104合约', '', '0000-00-00', '0000-00-00', '2021-04-29', '', '', 2),
(466, 2485, '', '', 0, '2021-03-03 06:25:28', '2022-04-26 03:16:34', 2, 2, '', 'sgxmsci-中国净总收益美元指数202104合约', '', '0000-00-00', '0000-00-00', '2021-04-16', '', '', 2),
(467, 2484, '', '', 0, '2021-03-03 06:26:19', '2022-04-26 03:16:34', 2, 2, '', 'sgxrss3橡胶202104合约', '', '0000-00-00', '0000-00-00', '2021-03-31', '', '', 2),
(468, 2483, '', '', 0, '2021-03-03 06:26:52', '2022-04-26 03:16:34', 2, 2, '', 'sgx橡胶202104合约', '', '0000-00-00', '0000-00-00', '2021-03-31', '', '', 2),
(469, 2482, '', '', 0, '2021-03-03 06:27:29', '2022-04-26 03:16:34', 2, 2, '', 'sgx马来西亚林吉特对美元202104合约', '', '0000-00-00', '0000-00-00', '2021-04-15', '', '', 2),
(470, 2481, '', '', 0, '2021-03-03 06:28:12', '2022-04-26 03:16:34', 2, 2, '', 'eurex欧洲恐慌指数202104合约', '', '0000-00-00', '0000-00-00', '2021-04-21', '', '', 2),
(471, 2480, '', '', 0, '2021-03-03 06:29:05', '2022-04-26 03:16:34', 2, 2, '', 'ice-sg迷你布伦特原油202104合约', '', '0000-00-00', '0000-00-00', '2021-02-26', '', '', 2),
(472, 2479, '', '', 0, '2021-03-03 06:29:39', '2022-04-26 03:16:34', 2, 2, '', 'iceu布伦特原油202104合约', '', '0000-00-00', '0000-00-00', '2021-02-26', '', '', 2),
(473, 2478, '', '', 0, '2021-03-03 06:30:17', '2022-04-26 03:16:34', 2, 2, '', 'iceu汽油202104合约', '', '0000-00-00', '0000-00-00', '2021-04-12', '', '', 2),
(474, 2477, '', '', 0, '2021-03-03 06:30:47', '2022-04-26 03:16:34', 2, 2, '', 'iceuwti原油202104合约', '', '0000-00-00', '0000-00-00', '2021-03-19', '', '', 2),
(475, 2476, '', '', 0, '2021-03-03 06:33:44', '2022-04-26 03:16:34', 2, 2, '', 'bmd棕榈油202104合约', '', '0000-00-00', '0000-00-00', '2021-04-01', '', '', 2),
(476, 2475, '', '', 0, '2021-03-03 06:34:34', '2022-04-26 03:16:34', 2, 2, '', 'cboecboevix202104合约', '', '0000-00-00', '0000-00-00', '2021-04-21', '', '', 2),
(477, 2474, '', '', 0, '2021-03-03 06:35:01', '2022-04-26 03:16:34', 2, 2, '', 'dme阿曼原油202104合约', '', '0000-00-00', '0000-00-00', '2021-02-26', '', '', 2),
(478, 2473, '', '', 0, '2021-03-03 06:35:27', '2022-04-26 03:16:34', 2, 2, '', 'apex精炼棕榈油202104合约', '', '0000-00-00', '0000-00-00', '2021-03-15', '', '', 2),
(479, 2472, '', '', 0, '2021-03-03 06:35:58', '2022-04-26 03:16:34', 2, 2, '', 'tocom原油202104合约', '', '0000-00-00', '0000-00-00', '2021-04-30', '', '', 2),
(480, 2471, '', '', 0, '2021-03-03 06:36:37', '2022-04-26 03:16:34', 2, 2, '', 'ose日本黄金202104合约', '', '0000-00-00', '0000-00-00', '2021-04-26', '', '', 2),
(481, 2470, '', '', 0, '2021-03-03 06:37:05', '2022-04-26 03:16:34', 2, 2, '', 'ose日本橡胶202104合约', '', '0000-00-00', '0000-00-00', '2021-04-23', '', '', 2),
(482, 2469, '', '', 0, '2021-03-03 06:37:37', '2022-04-26 03:16:34', 2, 2, '', 'ose大阪小型日经指数202104合约', '', '0000-00-00', '0000-00-00', '2021-04-08', '', '', 2),
(483, 2468, '', '', 0, '2021-03-03 06:38:03', '2022-04-26 03:16:34', 2, 2, '', 'dce铁矿石202104合约', '', '0000-00-00', '0000-00-00', '2021-04-15', '', '', 2),
(484, 2467, '', '', 0, '2021-03-03 06:38:35', '2022-04-26 03:16:34', 2, 2, '', 'zce精对苯二甲酸pta202104合约', '', '0000-00-00', '0000-00-00', '2021-04-15', '', '', 2),
(485, 2466, '', '', 0, '2021-04-14 07:26:50', '2022-04-26 03:16:34', 2, 2, '', '', '', '0000-00-00', '0000-00-00', '2021-04-30', '', '', 2),
(486, 2465, '', '', 0, '2021-04-14 07:27:18', '2022-04-26 03:16:34', 2, 2, '', '', '', '0000-00-00', '0000-00-00', '2021-04-30', '', '', 2),
(487, 2464, '', '', 0, '2021-04-14 07:27:39', '2022-04-26 03:16:34', 2, 2, '', '', '', '0000-00-00', '0000-00-00', '2021-04-30', '', '', 2),
(488, 2463, '', '', 0, '2021-04-14 07:27:55', '2022-04-26 03:16:34', 2, 2, '', '', '', '0000-00-00', '0000-00-00', '2021-04-30', '', '', 2),
(489, 2462, '', '', 0, '2021-04-14 07:28:16', '2022-04-26 03:16:34', 2, 2, '', '', '', '0000-00-00', '0000-00-00', '2021-04-30', '', '', 2),
(490, 2461, '', '', 0, '2021-04-14 07:28:37', '2022-04-26 03:16:34', 2, 2, '', '', '', '0000-00-00', '0000-00-00', '2021-04-30', '', '', 2),
(491, 2460, '', '', 0, '2021-04-14 07:28:57', '2022-04-26 03:16:34', 2, 2, '', '', '', '0000-00-00', '0000-00-00', '2021-04-30', '', '', 2),
(492, 2459, '', '', 0, '2021-04-14 07:29:19', '2022-04-26 03:16:34', 2, 2, '', '', '', '0000-00-00', '0000-00-00', '2021-04-30', '', '', 2),
(493, 2458, '', '', 0, '2021-04-14 07:30:05', '2022-04-26 03:16:34', 2, 2, '', '', '', '0000-00-00', '0000-00-00', '2021-05-28', '', '', 2),
(494, 2457, '', '', 0, '2021-04-14 07:33:36', '2022-04-26 03:16:34', 2, 2, '', '', '', '0000-00-00', '0000-00-00', '2021-05-17', '', '', 2),
(495, 2456, '', '', 0, '2021-04-14 07:33:52', '2022-04-26 03:16:34', 2, 2, '', '', '', '0000-00-00', '0000-00-00', '2021-05-17', '', '', 2),
(496, 2455, '', '', 0, '2021-04-14 07:34:07', '2022-04-26 03:16:34', 2, 2, '', '', '', '0000-00-00', '0000-00-00', '2021-05-18', '', '', 2),
(497, 2454, '', '', 0, '2021-04-14 07:34:41', '2022-04-26 03:16:34', 2, 2, '', '', '', '0000-00-00', '0000-00-00', '2021-05-17', '', '', 2),
(498, 2453, '', '', 0, '2021-04-14 07:35:00', '2022-04-26 03:16:34', 2, 2, '', '', '', '0000-00-00', '0000-00-00', '2021-05-17', '', '', 2),
(499, 2452, '', '', 0, '2021-04-14 07:35:40', '2022-04-26 03:16:34', 2, 2, '', '', '', '0000-00-00', '0000-00-00', '2021-04-30', '', '', 2),
(500, 2451, '', '', 0, '2021-04-14 07:35:56', '2022-04-26 03:16:34', 2, 2, '', '', '', '0000-00-00', '0000-00-00', '2021-05-17', '', '', 2),
(501, 2450, '', '', 0, '2021-04-14 07:36:20', '2022-04-26 03:16:34', 2, 2, '', '', '', '0000-00-00', '0000-00-00', '2021-05-17', '', '', 2),
(502, 2449, '', '', 0, '2021-04-14 07:36:44', '2022-04-26 03:16:34', 2, 2, '', '', '', '0000-00-00', '0000-00-00', '2021-05-17', '', '', 2),
(503, 2448, '', '', 0, '2021-04-14 07:37:01', '2022-04-26 03:16:34', 2, 2, '', '', '', '0000-00-00', '0000-00-00', '2021-05-17', '', '', 2),
(504, 2447, '', '', 0, '2021-04-14 07:37:22', '2022-04-26 03:16:34', 2, 2, '', '', '', '0000-00-00', '0000-00-00', '2021-05-17', '', '', 2),
(505, 2446, '', '', 0, '2021-04-14 07:37:39', '2022-04-26 03:16:34', 2, 2, '', '', '', '0000-00-00', '0000-00-00', '2021-05-17', '', '', 2),
(506, 2445, '', '', 0, '2021-04-14 07:37:58', '2022-04-26 03:16:34', 2, 2, '', '', '', '0000-00-00', '0000-00-00', '2021-05-13', '', '', 2),
(507, 2444, '', '', 0, '2021-04-14 07:38:29', '2022-04-26 03:16:34', 2, 2, '', '', '', '0000-00-00', '0000-00-00', '2021-05-27', '', '', 2),
(508, 2443, '', '', 0, '2021-04-14 07:38:45', '2022-04-26 03:16:34', 2, 2, '', '', '', '0000-00-00', '0000-00-00', '2021-05-14', '', '', 2),
(509, 2442, '', '', 0, '2021-04-14 07:39:06', '2022-04-26 03:16:34', 2, 2, '', '', '', '0000-00-00', '0000-00-00', '2021-04-30', '', '', 2),
(510, 2441, '', '', 0, '2021-04-14 07:39:28', '2022-04-26 03:16:34', 2, 2, '', '', '', '0000-00-00', '0000-00-00', '2021-04-30', '', '', 2),
(511, 2440, '', '', 0, '2021-04-14 07:40:01', '2022-04-26 03:16:34', 2, 2, '', '', '', '0000-00-00', '0000-00-00', '2021-04-30', '', '', 2),
(512, 2439, '', '', 0, '2021-04-14 07:40:18', '2022-04-26 03:16:34', 2, 2, '', '', '', '0000-00-00', '0000-00-00', '2021-04-28', '', '', 2),
(513, 2438, '', '', 0, '2021-04-14 07:40:48', '2022-04-26 03:16:34', 2, 2, '', '', '', '0000-00-00', '0000-00-00', '2021-04-20', '', '', 2),
(514, 2437, '', '', 0, '2021-04-14 07:41:13', '2022-04-26 03:16:34', 2, 2, '', '', '', '0000-00-00', '0000-00-00', '2021-04-30', '', '', 2),
(515, 2436, '', '', 0, '2021-04-14 07:41:39', '2022-04-26 03:16:34', 2, 2, '', '', '', '0000-00-00', '0000-00-00', '2021-04-28', '', '', 2),
(516, 2435, '', '', 0, '2021-04-14 07:42:00', '2022-04-26 03:16:34', 2, 2, '', '', '', '0000-00-00', '0000-00-00', '2021-04-30', '', '', 2),
(517, 2434, '', '', 0, '2021-04-14 07:42:24', '2022-04-26 03:16:34', 2, 2, '', '', '', '0000-00-00', '0000-00-00', '2021-04-30', '', '', 2),
(518, 2433, '', '', 0, '2021-04-14 07:42:58', '2022-04-26 03:16:34', 2, 2, '', '', '', '0000-00-00', '0000-00-00', '2021-04-27', '', '', 2),
(519, 2432, '', '', 0, '2021-04-14 07:43:27', '2022-04-26 03:16:34', 2, 2, '', '', '', '0000-00-00', '0000-00-00', '2021-04-19', '', '', 2),
(520, 2431, '', '', 0, '2021-04-14 07:43:47', '2022-04-26 03:16:34', 2, 2, '', '', '', '0000-00-00', '0000-00-00', '2021-04-30', '', '', 2),
(521, 2430, '', '', 0, '2021-04-14 07:44:07', '2022-04-26 03:16:34', 2, 2, '', '', '', '0000-00-00', '0000-00-00', '2021-03-31', '', '', 2),
(522, 2429, '', '', 0, '2021-04-14 07:44:31', '2022-04-26 03:16:34', 2, 2, '', '', '', '0000-00-00', '0000-00-00', '2021-05-17', '', '', 2),
(523, 2428, '', '', 0, '2021-04-14 07:44:49', '2022-04-26 03:16:34', 2, 2, '', '', '', '0000-00-00', '0000-00-00', '2021-05-31', '', '', 2),
(524, 2427, '', '', 0, '2021-04-14 07:45:06', '2022-04-26 03:16:34', 2, 2, '', '', '', '0000-00-00', '0000-00-00', '2021-05-17', '', '', 2),
(525, 2426, '', '', 0, '2021-04-14 07:45:32', '2022-04-26 03:16:34', 2, 2, '', '', '', '0000-00-00', '0000-00-00', '2021-05-17', '', '', 2),
(526, 2425, '', '', 0, '2021-04-14 07:45:54', '2022-04-26 03:16:34', 2, 2, '', '', '', '0000-00-00', '0000-00-00', '2021-05-27', '', '', 2),
(527, 2424, '', '', 0, '2021-04-14 07:46:11', '2022-04-26 03:16:34', 2, 2, '', '', '', '0000-00-00', '0000-00-00', '2021-05-28', '', '', 2),
(528, 2423, '', '', 0, '2021-04-14 07:46:30', '2022-04-26 03:16:34', 2, 2, '', '', '', '0000-00-00', '0000-00-00', '2021-05-28', '', '', 2),
(529, 2422, '', '', 0, '2021-04-14 07:46:51', '2022-04-26 03:16:34', 2, 2, '', '', '', '0000-00-00', '0000-00-00', '2021-05-28', '', '', 2),
(530, 2421, '', '', 0, '2021-04-14 07:47:11', '2022-04-26 03:16:34', 2, 2, '', '', '', '0000-00-00', '0000-00-00', '2021-05-28', '', '', 2),
(531, 2420, '', '', 0, '2021-04-14 07:47:27', '2022-04-26 03:16:34', 2, 2, '', '', '', '0000-00-00', '0000-00-00', '2021-05-28', '', '', 2),
(532, 2419, '', '', 0, '2021-04-14 07:47:49', '2022-04-26 03:16:34', 2, 2, '', '', '', '0000-00-00', '0000-00-00', '2021-05-28', '', '', 2),
(533, 2418, '', '', 0, '2021-04-14 07:48:08', '2022-04-26 03:16:34', 2, 2, '', '', '', '0000-00-00', '0000-00-00', '2021-05-28', '', '', 2),
(534, 2417, '', '', 0, '2021-04-14 07:49:48', '2022-04-26 03:16:34', 2, 2, '', '', '', '0000-00-00', '0000-00-00', '2021-05-28', '', '', 2),
(535, 2416, '', '', 0, '2021-04-14 07:51:25', '2022-04-26 03:16:34', 2, 2, '', '', '', '0000-00-00', '0000-00-00', '2021-05-28', '', '', 2),
(536, 2415, '', '', 0, '2021-04-14 07:51:41', '2022-04-26 03:16:34', 2, 2, '', '', '', '0000-00-00', '0000-00-00', '2021-05-28', '', '', 2),
(537, 2414, '', '', 0, '2021-04-14 07:51:59', '2022-04-26 03:16:34', 2, 2, '', '', '', '0000-00-00', '0000-00-00', '2021-05-28', '', '', 2),
(538, 2413, '', '', 0, '2021-04-14 07:52:20', '2022-04-26 03:16:34', 2, 2, '', '', '', '0000-00-00', '0000-00-00', '2021-05-28', '', '', 2),
(539, 2412, '', '', 0, '2021-04-14 07:52:43', '2022-04-26 03:16:34', 2, 2, '', '', '', '0000-00-00', '0000-00-00', '2021-05-28', '', '', 2),
(540, 2411, '', '', 0, '2021-04-14 07:53:00', '2022-04-26 03:16:34', 2, 2, '', '', '', '0000-00-00', '0000-00-00', '2021-05-28', '', '', 2),
(541, 2410, '', '', 0, '2021-04-14 07:53:40', '2022-04-26 03:16:34', 2, 2, '', '', '', '0000-00-00', '0000-00-00', '2021-05-28', '', '', 2),
(542, 2409, '', '', 0, '2021-04-14 07:53:55', '2022-04-26 03:16:34', 2, 2, '', '', '', '0000-00-00', '0000-00-00', '2021-05-28', '', '', 2),
(543, 2408, '', '', 0, '2021-04-14 07:54:33', '2022-04-26 03:16:34', 2, 2, '', '', '', '0000-00-00', '0000-00-00', '2021-05-28', '', '', 2),
(544, 2407, '', '', 0, '2021-04-14 07:55:40', '2022-04-26 03:16:34', 2, 2, '', '', '', '0000-00-00', '0000-00-00', '2021-05-28', '', '', 2),
(545, 2406, '', '', 0, '2021-04-14 08:00:32', '2022-04-26 03:16:34', 2, 2, '', '', '', '0000-00-00', '0000-00-00', '2021-05-28', '', '', 2),
(546, 2405, '', '', 0, '2021-04-14 08:03:10', '2022-04-26 03:16:34', 2, 2, '', '', '', '0000-00-00', '0000-00-00', '2021-05-28', '', '', 2),
(547, 2404, '', '', 0, '2021-04-14 08:03:26', '2022-04-26 03:16:34', 2, 2, '', '', '', '0000-00-00', '0000-00-00', '2021-05-28', '', '', 2),
(548, 2403, '', '', 0, '2021-04-14 08:04:49', '2022-04-26 03:16:34', 2, 2, '', '', '', '0000-00-00', '0000-00-00', '2021-05-28', '', '', 2),
(549, 2402, '', '', 0, '2021-04-14 08:05:08', '2022-04-26 03:16:34', 2, 2, '', '', '', '0000-00-00', '0000-00-00', '2021-05-28', '', '', 2),
(550, 2401, '', '', 0, '2021-04-14 08:06:26', '2022-04-26 03:16:34', 2, 2, '', '', '', '0000-00-00', '0000-00-00', '2021-05-28', '', '', 2),
(551, 2400, '', '', 0, '2021-04-14 08:06:43', '2022-04-26 03:16:34', 2, 2, '', '', '', '0000-00-00', '0000-00-00', '2021-05-28', '', '', 2),
(552, 2399, '', '', 0, '2021-04-14 08:07:04', '2022-04-26 03:16:34', 2, 2, '', '', '', '0000-00-00', '0000-00-00', '2021-05-28', '', '', 2),
(553, 2398, '', '', 0, '2021-04-14 08:07:23', '2022-04-26 03:16:34', 2, 2, '', '', '', '0000-00-00', '0000-00-00', '2021-05-28', '', '', 2),
(554, 2397, '', '', 0, '2021-04-14 08:07:40', '2022-04-26 03:16:34', 2, 2, '', '', '', '0000-00-00', '0000-00-00', '2021-05-28', '', '', 2),
(555, 2396, '', '', 0, '2021-04-14 08:08:19', '2022-04-26 03:16:34', 2, 2, '', '', '', '0000-00-00', '0000-00-00', '2021-05-21', '', '', 2),
(556, 2395, '', '', 0, '2021-04-14 08:08:44', '2022-04-26 03:16:34', 2, 2, '', '', '', '0000-00-00', '0000-00-00', '2021-05-21', '', '', 2),
(557, 2394, '', '', 0, '2021-04-14 08:09:06', '2022-04-26 03:16:34', 2, 2, '', '', '', '0000-00-00', '0000-00-00', '2021-05-21', '', '', 2),
(558, 2393, '', '', 0, '2021-04-14 08:09:24', '2022-04-26 03:16:34', 2, 2, '', '', '', '0000-00-00', '0000-00-00', '2021-05-21', '', '', 2),
(559, 2392, '', '', 0, '2021-04-14 08:09:43', '2022-04-26 03:16:34', 2, 2, '', '', '', '0000-00-00', '0000-00-00', '2021-05-21', '', '', 2),
(560, 2391, '', '', 0, '2021-04-14 08:10:10', '2022-04-26 03:16:34', 2, 2, '', '', '', '0000-00-00', '0000-00-00', '2021-05-21', '', '', 2),
(561, 2390, '', '', 0, '2021-04-14 08:10:37', '2022-04-26 03:16:34', 2, 2, '', '', '', '0000-00-00', '0000-00-00', '2021-05-21', '', '', 2),
(562, 2389, '', '', 0, '2021-04-14 08:11:00', '2022-04-26 03:16:34', 2, 2, '', '', '', '0000-00-00', '0000-00-00', '2021-05-21', '', '', 2),
(563, 2388, '', '', 0, '2021-04-14 08:11:28', '2022-04-26 03:16:34', 2, 2, '', '', '', '0000-00-00', '0000-00-00', '2021-05-21', '', '', 2),
(564, 2387, '', '', 0, '2021-04-15 02:44:36', '2022-04-26 03:16:34', 2, 2, '', '', '', '0000-00-00', '0000-00-00', '2021-05-21', '', '', 2),
(565, 2386, '', '', 0, '2021-04-15 02:44:54', '2022-04-26 03:16:34', 2, 2, '', '', '', '0000-00-00', '0000-00-00', '2021-05-21', '', '', 2),
(566, 2385, '', '', 0, '2021-04-15 02:59:29', '2022-04-26 03:16:34', 2, 2, '', '', '', '0000-00-00', '0000-00-00', '2021-05-21', '', '', 2),
(567, 2384, '', '', 0, '2021-04-15 02:59:47', '2022-04-26 03:16:34', 2, 2, '', '', '', '0000-00-00', '0000-00-00', '2021-05-21', '', '', 2),
(568, 2383, '', '', 0, '2021-04-15 03:02:24', '2022-04-26 03:16:34', 2, 2, '', '', '', '0000-00-00', '0000-00-00', '2021-05-21', '', '', 2),
(569, 2382, '', '', 0, '2021-04-15 03:03:35', '2022-04-26 03:16:34', 2, 2, '', '', '', '0000-00-00', '0000-00-00', '2021-05-21', '', '', 2),
(570, 2381, '', '', 0, '2021-04-15 03:03:53', '2022-04-26 03:16:34', 2, 2, '', '', '', '0000-00-00', '0000-00-00', '2021-05-21', '', '', 2),
(571, 2380, '', '', 0, '2021-04-15 03:04:11', '2022-04-26 03:16:34', 2, 2, '', '', '', '0000-00-00', '0000-00-00', '2021-05-21', '', '', 2),
(572, 2379, '', '', 0, '2021-04-15 03:04:36', '2022-04-26 03:16:34', 2, 2, '', '', '', '0000-00-00', '0000-00-00', '2021-05-21', '', '', 2),
(573, 2378, '', '', 0, '2021-04-15 03:04:58', '2022-04-26 03:16:34', 2, 2, '', '', '', '0000-00-00', '0000-00-00', '2021-05-21', '', '', 2),
(574, 2377, '', '', 0, '2021-04-15 03:05:20', '2022-04-26 03:16:34', 2, 2, '', '', '', '0000-00-00', '0000-00-00', '2021-05-21', '', '', 2),
(575, 2376, '', '', 0, '2021-04-15 03:06:16', '2022-04-26 03:16:34', 2, 2, '', '', '', '0000-00-00', '0000-00-00', '2021-05-21', '', '', 2),
(576, 2375, '', '', 0, '2021-04-15 03:06:34', '2022-04-26 03:16:34', 2, 2, '', '', '', '0000-00-00', '0000-00-00', '2021-05-21', '', '', 2),
(577, 2374, '', '', 0, '2021-04-15 03:07:19', '2022-04-26 03:16:34', 2, 2, '', '', '', '0000-00-00', '0000-00-00', '2021-05-21', '', '', 2),
(578, 2373, '', '', 0, '2021-04-15 03:08:22', '2022-04-26 03:16:34', 2, 2, '', '', '', '0000-00-00', '0000-00-00', '2021-05-21', '', '', 2),
(579, 2372, '', '', 0, '2021-04-15 03:08:45', '2022-04-26 03:16:34', 2, 2, '', '', '', '0000-00-00', '0000-00-00', '2021-05-21', '', '', 2),
(580, 2371, '', '', 0, '2021-04-15 03:09:36', '2022-04-26 03:16:34', 2, 2, '', '', '', '0000-00-00', '0000-00-00', '2021-05-28', '', '', 2),
(581, 2370, '', '', 0, '2021-04-15 03:09:59', '2022-04-26 03:16:34', 2, 2, '', '', '', '0000-00-00', '0000-00-00', '2021-05-28', '', '', 2),
(582, 2369, '', '', 0, '2021-04-15 03:10:26', '2022-04-26 03:16:34', 2, 2, '', '', '', '0000-00-00', '0000-00-00', '2021-05-13', '', '', 2),
(583, 2368, '', '', 0, '2021-04-15 03:10:53', '2022-04-26 03:16:34', 2, 2, '', '', '', '0000-00-00', '0000-00-00', '2021-05-28', '', '', 2),
(584, 2367, '', '', 0, '2021-04-15 03:11:14', '2022-04-26 03:16:34', 2, 2, '', '', '', '0000-00-00', '0000-00-00', '2021-05-17', '', '', 2),
(585, 2366, '', '', 0, '2021-04-15 03:11:53', '2022-04-26 03:16:34', 2, 2, '', '', '', '0000-00-00', '0000-00-00', '2021-05-31', '', '', 2),
(586, 2365, '', '', 0, '2021-04-15 03:12:18', '2022-04-26 03:16:34', 2, 2, '', '', '', '0000-00-00', '0000-00-00', '2021-05-27', '', '', 2),
(587, 2364, '', '', 0, '2021-04-15 03:12:36', '2022-04-26 03:16:34', 2, 2, '', '', '', '0000-00-00', '0000-00-00', '2021-04-30', '', '', 2),
(588, 2363, '', '', 0, '2021-04-15 03:12:57', '2022-04-26 03:16:34', 2, 2, '', '', '', '0000-00-00', '0000-00-00', '2021-04-30', '', '', 2),
(589, 2362, '', '', 0, '2021-04-15 03:13:34', '2022-04-26 03:16:34', 2, 2, '', '', '', '0000-00-00', '0000-00-00', '2021-05-12', '', '', 2),
(590, 2361, '', '', 0, '2021-04-15 03:13:57', '2022-04-26 03:16:34', 2, 2, '', '', '', '0000-00-00', '0000-00-00', '2021-05-19', '', '', 2),
(591, 2360, '', '', 0, '2021-04-15 03:14:43', '2022-04-26 03:16:34', 2, 2, '', '', '', '0000-00-00', '0000-00-00', '2021-04-19', '', '', 2),
(592, 2359, '', '', 0, '2021-04-15 03:24:22', '2022-04-26 03:16:34', 2, 2, '', '', '', '0000-00-00', '0000-00-00', '2021-04-26', '', '', 2),
(593, 2358, '', '', 0, '2021-04-15 03:25:38', '2022-04-26 03:16:34', 2, 2, '', '', '', '0000-00-00', '0000-00-00', '2021-04-22', '', '', 2),
(594, 2357, '', '', 0, '2021-04-15 03:26:04', '2022-04-26 03:16:34', 2, 2, '', '', '', '0000-00-00', '0000-00-00', '2021-05-03', '', '', 2),
(595, 2356, '', '', 0, '2021-04-15 03:26:25', '2022-04-26 03:16:34', 2, 2, '', '', '', '0000-00-00', '0000-00-00', '2021-04-30', '', '', 2),
(596, 2355, '', '', 0, '2021-04-15 03:27:21', '2022-04-26 03:16:34', 2, 2, '', '', '', '0000-00-00', '0000-00-00', '2021-03-31', '', '', 2),
(597, 2354, '', '', 0, '2021-04-15 03:27:46', '2022-04-26 03:16:34', 2, 2, '', '', '', '0000-00-00', '0000-00-00', '2021-03-31', '', '', 2),
(598, 2353, '', '', 0, '2021-04-15 03:28:12', '2022-04-26 03:16:34', 2, 2, '', '', '', '0000-00-00', '0000-00-00', '2021-05-12', '', '', 2),
(599, 2352, '', '', 0, '2021-04-15 03:28:31', '2022-04-26 03:16:34', 2, 2, '', '', '', '0000-00-00', '0000-00-00', '2021-04-19', '', '', 2),
(600, 2351, '', '', 0, '2021-04-15 03:28:54', '2022-04-26 03:16:34', 2, 2, '', '', '', '0000-00-00', '0000-00-00', '2021-04-15', '', '', 2),
(601, 2350, '', '', 0, '2021-04-15 03:29:36', '2022-04-26 03:16:34', 2, 2, '', '', '', '0000-00-00', '0000-00-00', '2021-05-13', '', '', 2),
(602, 2349, '', '', 0, '2021-04-15 03:29:58', '2022-04-26 03:16:34', 2, 2, '', '', '', '0000-00-00', '0000-00-00', '2021-04-27', '', '', 2),
(603, 2348, '', '', 0, '2021-04-15 03:31:59', '2022-04-26 03:16:34', 2, 2, '', '', '', '0000-00-00', '0000-00-00', '2021-05-03', '', '', 2),
(604, 2347, '', '', 0, '2021-04-15 03:32:22', '2022-04-26 03:16:34', 2, 2, '', '', '', '0000-00-00', '0000-00-00', '2021-05-19', '', '', 2),
(605, 2346, '', '', 0, '2021-04-15 03:33:01', '2022-04-26 03:16:34', 2, 2, '', '', '', '0000-00-00', '0000-00-00', '2021-04-15', '', '', 2),
(606, 2345, '', '', 0, '2021-04-15 03:35:09', '2022-04-26 03:16:34', 2, 2, '', '', '', '0000-00-00', '0000-00-00', '2021-05-31', '', '', 2),
(607, 2344, '', '', 0, '2021-04-15 03:35:41', '2022-04-26 03:16:34', 2, 2, '', '', '', '0000-00-00', '0000-00-00', '2021-05-25', '', '', 2),
(608, 2343, '', '', 0, '2021-04-15 03:36:09', '2022-04-26 03:16:34', 2, 2, '', '', '', '0000-00-00', '0000-00-00', '2021-05-13', '', '', 2),
(609, 2342, '', '', 0, '2021-04-15 03:36:32', '2022-04-26 03:16:34', 2, 2, '', '', '', '0000-00-00', '0000-00-00', '2021-05-19', '', '', 2),
(610, 2341, '', '', 0, '2021-04-15 03:36:55', '2022-04-26 03:16:34', 2, 2, '', '', '', '0000-00-00', '0000-00-00', '2021-05-19', '', '', 2),
(611, 2340, '', '', 0, '2021-04-25 03:11:24', '2022-04-26 03:16:34', 2, 2, '', '', '', '0000-00-00', '0000-00-00', '2021-05-28', '', '', 2),
(612, 2339, '', '', 0, '2021-04-25 03:11:54', '2022-04-26 03:16:34', 2, 2, '', '', '', '0000-00-00', '0000-00-00', '2021-05-28', '', '', 2),
(613, 2338, '', '', 0, '2021-04-25 03:12:13', '2022-04-26 03:16:34', 2, 2, '', '', '', '0000-00-00', '0000-00-00', '2021-05-28', '', '', 2),
(614, 2337, '', '', 0, '2021-04-25 03:12:33', '2022-04-26 03:16:34', 2, 2, '', '', '', '0000-00-00', '0000-00-00', '2021-05-28', '', '', 2),
(615, 2336, '', '', 0, '2021-04-25 03:13:26', '2022-04-26 03:16:34', 2, 2, '', '', '', '0000-00-00', '0000-00-00', '2021-05-28', '', '', 2),
(616, 2335, '', '', 0, '2021-04-25 03:13:47', '2022-04-26 03:16:34', 2, 2, '', '', '', '0000-00-00', '0000-00-00', '2021-05-28', '', '', 2),
(617, 2334, '', '', 0, '2021-04-25 03:14:13', '2022-04-26 03:16:34', 2, 2, '', '', '', '0000-00-00', '0000-00-00', '2021-06-18', '', '', 2),
(618, 2333, '', '', 0, '2021-04-25 03:14:32', '2022-04-26 03:16:34', 2, 2, '', '', '', '0000-00-00', '0000-00-00', '2021-06-18', '', '', 2),
(619, 2332, '', '', 0, '2021-04-25 03:14:59', '2022-04-26 03:16:34', 2, 2, '', '', '', '0000-00-00', '0000-00-00', '2021-06-30', '', '', 2),
(620, 2331, '', '', 0, '2021-04-25 03:16:30', '2022-04-26 03:16:34', 2, 2, '', '', '', '0000-00-00', '0000-00-00', '2021-06-14', '', '', 2),
(621, 2330, '', '', 0, '2021-04-25 03:16:51', '2022-04-26 03:16:34', 2, 2, '', '', '', '0000-00-00', '0000-00-00', '2021-06-14', '', '', 2),
(622, 2329, '', '', 0, '2021-04-25 03:17:15', '2022-04-26 03:16:34', 2, 2, '', '', '', '0000-00-00', '0000-00-00', '2021-06-15', '', '', 2),
(623, 2328, '', '', 0, '2021-04-25 03:17:32', '2022-04-26 03:16:34', 2, 2, '', '', '', '0000-00-00', '0000-00-00', '2021-06-14', '', '', 2),
(624, 2327, '', '', 0, '2021-04-25 03:17:57', '2022-04-26 03:16:34', 2, 2, '', '', '', '0000-00-00', '0000-00-00', '2021-06-14', '', '', 2),
(625, 2326, '', '', 0, '2021-04-25 03:18:16', '2022-04-26 03:16:34', 2, 2, '', '', '', '0000-00-00', '0000-00-00', '2021-06-14', '', '', 2),
(626, 2325, '', '', 0, '2021-04-25 03:18:42', '2022-04-26 03:16:34', 2, 2, '', '', '', '0000-00-00', '0000-00-00', '2021-06-14', '', '', 2),
(627, 2324, '', '', 0, '2021-04-25 03:19:10', '2022-04-26 03:16:34', 2, 2, '', '', '', '0000-00-00', '0000-00-00', '2021-05-28', '', '', 2),
(628, 2323, '', '', 0, '2021-04-25 03:19:29', '2022-04-26 03:16:34', 2, 2, '', '', '', '0000-00-00', '0000-00-00', '2021-06-14', '', '', 2),
(629, 2322, '', '', 0, '2021-04-25 03:19:52', '2022-04-26 03:16:34', 2, 2, '', '', '', '0000-00-00', '0000-00-00', '2021-06-14', '', '', 2),
(630, 2321, '', '', 0, '2021-04-25 03:20:16', '2022-04-26 03:16:34', 2, 2, '', '', '', '0000-00-00', '0000-00-00', '2021-06-15', '', '', 2),
(631, 2320, '', '', 0, '2021-04-25 03:20:49', '2022-04-26 03:16:34', 2, 2, '', '', '', '0000-00-00', '0000-00-00', '2021-06-14', '', '', 2),
(632, 2319, '', '', 0, '2021-04-25 03:21:10', '2022-04-26 03:16:34', 2, 2, '', '', '', '0000-00-00', '0000-00-00', '2021-06-14', '', '', 2),
(633, 2318, '', '', 0, '2021-04-25 03:24:39', '2022-04-26 03:16:34', 2, 2, '', '', '', '0000-00-00', '0000-00-00', '2021-06-14', '', '', 2),
(634, 2317, '', '', 0, '2021-04-25 03:25:12', '2022-04-26 03:16:34', 2, 2, '', '', '', '0000-00-00', '0000-00-00', '2021-06-14', '', '', 2),
(635, 2316, '', '', 0, '2021-04-25 03:25:31', '2022-04-26 03:16:34', 2, 2, '', '', '', '0000-00-00', '0000-00-00', '2021-06-14', '', '', 2),
(636, 2315, '', '', 0, '2021-04-25 03:25:50', '2022-04-26 03:16:34', 2, 2, '', '', '', '0000-00-00', '0000-00-00', '2021-06-14', '', '', 2),
(637, 2314, '', '', 0, '2021-04-25 03:26:12', '2022-04-26 03:16:34', 2, 2, '', '', '', '0000-00-00', '0000-00-00', '2021-06-11', '', '', 2),
(638, 2313, '', '', 0, '2021-04-25 03:26:31', '2022-04-26 03:16:34', 2, 2, '', '', '', '0000-00-00', '0000-00-00', '2021-06-14', '', '', 2),
(639, 2312, '', '', 0, '2021-04-25 03:26:52', '2022-04-26 03:16:34', 2, 2, '', '', '', '0000-00-00', '0000-00-00', '2021-06-10', '', '', 2),
(640, 2311, '', '', 0, '2021-04-25 03:27:14', '2022-04-26 03:16:34', 2, 2, '', '', '', '0000-00-00', '0000-00-00', '2021-06-10', '', '', 2),
(641, 2310, '', '', 0, '2021-04-25 03:29:50', '2022-04-26 03:16:34', 2, 2, '', '', '', '0000-00-00', '0000-00-00', '2021-06-18', '', '', 2),
(642, 2309, '', '', 0, '2021-04-25 03:30:55', '2022-04-26 03:16:34', 2, 2, '', '', '', '0000-00-00', '0000-00-00', '2021-06-18', '', '', 2),
(643, 2308, '', '', 0, '2021-04-25 03:31:17', '2022-04-26 03:16:34', 2, 2, '', '', '', '0000-00-00', '0000-00-00', '2021-06-18', '', '', 2),
(644, 2307, '', '', 0, '2021-04-25 03:31:39', '2022-04-26 03:16:34', 2, 2, '', '', '', '0000-00-00', '0000-00-00', '2021-06-18', '', '', 2),
(645, 2306, '', '', 0, '2021-04-25 03:32:06', '2022-04-26 03:16:34', 2, 2, '', '', '', '0000-00-00', '0000-00-00', '2021-06-18', '', '', 2),
(646, 2305, '', '', 0, '2021-04-25 03:32:25', '2022-04-26 03:16:34', 2, 2, '', '', '', '0000-00-00', '0000-00-00', '2021-06-18', '', '', 2),
(647, 2304, '', '', 0, '2021-04-25 03:32:47', '2022-04-26 03:16:34', 2, 2, '', '', '', '0000-00-00', '0000-00-00', '2021-06-07', '', '', 2),
(648, 2303, '', '', 0, '2021-04-25 03:33:04', '2022-04-26 03:16:34', 2, 2, '', '', '', '0000-00-00', '0000-00-00', '2021-06-14', '', '', 2),
(649, 2302, '', '', 0, '2021-04-25 03:33:27', '2022-04-26 03:16:34', 2, 2, '', '', '', '0000-00-00', '0000-00-00', '2021-05-28', '', '', 2),
(650, 2301, '', '', 0, '2021-04-25 03:33:44', '2022-04-26 03:16:34', 2, 2, '', '', '', '0000-00-00', '0000-00-00', '2021-05-28', '', '', 2),
(651, 2300, '', '', 0, '2021-04-25 03:34:05', '2022-04-26 03:16:34', 2, 2, '', '', '', '0000-00-00', '0000-00-00', '2021-05-26', '', '', 2),
(652, 2299, '', '', 0, '2021-04-25 03:35:06', '2022-04-26 03:16:34', 2, 2, '', '', '', '0000-00-00', '0000-00-00', '2021-05-20', '', '', 2);
INSERT INTO `tb_huatai_trading_future` (`id`, `sort_order`, `code`, `remark`, `disabled`, `create_date`, `last_update_date`, `create_by`, `last_update_by`, `url_target`, `seo_url`, `seo_keyword`, `start_date`, `end_date`, `display_date`, `youtube_id`, `other_link`, `trading_future_category_id`) VALUES
(653, 2298, '', '', 0, '2021-04-25 03:35:23', '2022-04-26 03:16:34', 2, 2, '', '', '', '0000-00-00', '0000-00-00', '2021-05-28', '', '', 2),
(654, 2297, '', '', 0, '2021-04-25 03:35:38', '2022-04-26 03:16:34', 2, 2, '', '', '', '0000-00-00', '0000-00-00', '2021-05-26', '', '', 2),
(655, 2296, '', '', 0, '2021-04-25 03:35:54', '2022-04-26 03:16:34', 2, 2, '', '', '', '0000-00-00', '0000-00-00', '2021-05-28', '', '', 2),
(656, 2295, '', '', 0, '2021-04-25 03:36:54', '2022-04-26 03:16:34', 2, 2, '', '', '', '0000-00-00', '0000-00-00', '2021-05-25', '', '', 2),
(657, 2294, '', '', 0, '2021-04-25 03:37:24', '2022-04-26 03:16:34', 2, 2, '', '', '', '0000-00-00', '0000-00-00', '2021-05-19', '', '', 2),
(658, 2293, '', '', 0, '2021-04-25 03:43:30', '2022-04-26 03:16:34', 2, 2, '', '', '', '0000-00-00', '0000-00-00', '2021-05-28', '', '', 2),
(659, 2292, '', '', 0, '2021-04-25 03:43:51', '2022-04-26 03:16:34', 2, 2, '', '', '', '0000-00-00', '0000-00-00', '2021-04-30', '', '', 2),
(660, 2291, '', '', 0, '2021-04-25 03:45:25', '2022-04-26 03:16:34', 2, 2, '', '', '', '0000-00-00', '0000-00-00', '2021-06-11', '', '', 2),
(661, 2290, '', '', 0, '2021-04-25 03:45:42', '2022-04-26 03:16:34', 2, 2, '', '', '', '0000-00-00', '0000-00-00', '2021-06-29', '', '', 2),
(662, 2289, '', '', 0, '2021-04-25 03:46:00', '2022-04-26 03:16:34', 2, 2, '', '', '', '0000-00-00', '0000-00-00', '2021-06-29', '', '', 2),
(663, 2288, '', '', 0, '2021-04-25 03:46:38', '2022-04-26 03:16:34', 2, 2, '', '', '', '0000-00-00', '0000-00-00', '2021-06-29', '', '', 2),
(664, 2287, '', '', 0, '2021-04-25 03:47:20', '2022-04-26 03:16:34', 2, 2, '', '', '', '0000-00-00', '0000-00-00', '2021-06-29', '', '', 2),
(665, 2286, '', '', 0, '2021-04-25 03:47:39', '2022-04-26 03:16:34', 2, 2, '', '', '', '0000-00-00', '0000-00-00', '2021-06-29', '', '', 2),
(666, 2285, '', '', 0, '2021-04-25 03:48:11', '2022-04-26 03:16:34', 2, 2, '', '', '', '0000-00-00', '0000-00-00', '2021-06-30', '', '', 2),
(667, 2284, '', '', 0, '2021-04-25 03:49:21', '2022-04-26 03:16:34', 2, 2, '', '', '', '0000-00-00', '0000-00-00', '2021-06-30', '', '', 2),
(668, 2283, '', '', 0, '2021-04-25 03:49:46', '2022-04-26 03:16:34', 2, 2, '', '', '', '0000-00-00', '0000-00-00', '2021-06-21', '', '', 2),
(669, 2282, '', '', 0, '2021-04-25 03:50:36', '2022-04-26 03:16:34', 2, 2, '', '', '', '0000-00-00', '0000-00-00', '2021-06-21', '', '', 2),
(670, 2281, '', '', 0, '2021-04-25 03:50:51', '2022-04-26 03:16:34', 2, 2, '', '', '', '0000-00-00', '0000-00-00', '2021-06-11', '', '', 2),
(671, 2280, '', '', 0, '2021-04-25 03:51:13', '2022-04-26 03:16:34', 2, 2, '', '', '', '0000-00-00', '0000-00-00', '2021-06-11', '', '', 2),
(672, 2279, '', '', 0, '2021-04-25 03:51:45', '2022-04-26 03:16:34', 2, 2, '', '', '', '0000-00-00', '0000-00-00', '2021-06-11', '', '', 2),
(673, 2278, '', '', 0, '2021-04-25 03:52:22', '2022-04-26 03:16:34', 2, 2, '', '', '', '0000-00-00', '0000-00-00', '2021-06-28', '', '', 2),
(674, 2277, '', '', 0, '2021-04-25 03:52:42', '2022-04-26 03:16:34', 2, 2, '', '', '', '0000-00-00', '0000-00-00', '2021-06-29', '', '', 2),
(675, 2276, '', '', 0, '2021-04-25 03:53:24', '2022-04-26 03:16:34', 2, 2, '', '', '', '0000-00-00', '0000-00-00', '2021-06-29', '', '', 2),
(676, 2275, '', '', 0, '2021-04-25 05:41:08', '2022-04-26 03:16:34', 2, 2, '', '', '', '0000-00-00', '0000-00-00', '2021-06-29', '', '', 2),
(677, 2274, '', '', 0, '2021-04-25 05:43:59', '2022-04-26 03:16:34', 2, 2, '', '', '', '0000-00-00', '0000-00-00', '2021-06-29', '', '', 2),
(678, 2273, '', '', 0, '2021-04-25 05:44:23', '2022-04-26 03:16:34', 2, 2, '', '', '', '0000-00-00', '0000-00-00', '2021-06-29', '', '', 2),
(679, 2272, '', '', 0, '2021-04-25 05:44:45', '2022-04-26 03:16:34', 2, 2, '', '', '', '0000-00-00', '0000-00-00', '2021-06-29', '', '', 2),
(680, 2271, '', '', 0, '2021-04-25 05:45:03', '2022-04-26 03:16:34', 2, 2, '', '', '', '0000-00-00', '0000-00-00', '2021-06-29', '', '', 2),
(681, 2270, '', '', 0, '2021-04-25 05:45:18', '2022-04-26 03:16:34', 2, 2, '', '', '', '0000-00-00', '0000-00-00', '2021-06-29', '', '', 2),
(682, 2269, '', '', 0, '2021-04-25 05:45:40', '2022-04-26 03:16:34', 2, 2, '', '', '', '0000-00-00', '0000-00-00', '2021-06-29', '', '', 2),
(683, 2268, '', '', 0, '2021-04-25 05:47:11', '2022-04-26 03:16:34', 2, 2, '', '', '', '0000-00-00', '0000-00-00', '2021-06-29', '', '', 2),
(684, 2267, '', '', 0, '2021-04-25 05:48:48', '2022-04-26 03:16:34', 2, 2, '', '', '', '0000-00-00', '0000-00-00', '2021-06-29', '', '', 2),
(685, 2266, '', '', 0, '2021-04-25 05:49:25', '2022-04-26 03:16:34', 2, 2, '', '', '', '0000-00-00', '0000-00-00', '2021-06-29', '', '', 2),
(686, 2265, '', '', 0, '2021-04-25 05:51:02', '2022-04-26 03:16:34', 2, 2, '', '', '', '0000-00-00', '0000-00-00', '2021-06-29', '', '', 2),
(687, 2264, '', '', 0, '2021-04-25 05:51:30', '2022-04-26 03:16:34', 2, 2, '', '', '', '0000-00-00', '0000-00-00', '2021-06-29', '', '', 2),
(688, 2263, '', '', 0, '2021-04-25 05:52:12', '2022-04-26 03:16:34', 2, 2, '', '', '', '0000-00-00', '0000-00-00', '2021-06-29', '', '', 2),
(689, 2262, '', '', 0, '2021-04-25 05:52:35', '2022-04-26 03:16:34', 2, 2, '', '', '', '0000-00-00', '0000-00-00', '2021-06-29', '', '', 2),
(690, 2261, '', '', 0, '2021-04-25 05:52:55', '2022-04-26 03:16:34', 2, 2, '', '', '', '0000-00-00', '0000-00-00', '2021-06-29', '', '', 2),
(691, 2260, '', '', 0, '2021-04-25 05:53:16', '2022-04-26 03:16:34', 2, 2, '', '', '', '0000-00-00', '0000-00-00', '2021-06-29', '', '', 2),
(692, 2259, '', '', 0, '2021-04-25 05:53:58', '2022-04-26 03:16:34', 2, 2, '', '', '', '0000-00-00', '0000-00-00', '2021-06-29', '', '', 2),
(693, 2258, '', '', 0, '2021-04-25 05:54:21', '2022-04-26 03:16:34', 2, 2, '', '', '', '0000-00-00', '0000-00-00', '2021-06-29', '', '', 2),
(694, 2257, '', '', 0, '2021-04-25 05:54:44', '2022-04-26 03:16:34', 2, 2, '', '', '', '0000-00-00', '0000-00-00', '2021-06-29', '', '', 2),
(695, 2256, '', '', 0, '2021-04-25 05:55:02', '2022-04-26 03:16:34', 2, 2, '', '', '', '0000-00-00', '0000-00-00', '2021-06-29', '', '', 2),
(696, 2255, '', '', 0, '2021-04-25 05:55:38', '2022-04-26 03:16:34', 2, 2, '', '', '', '0000-00-00', '0000-00-00', '2021-06-29', '', '', 2),
(697, 2254, '', '', 0, '2021-04-25 05:55:52', '2022-04-26 03:16:34', 2, 2, '', '', '', '0000-00-00', '0000-00-00', '2021-06-29', '', '', 2),
(698, 2253, '', '', 0, '2021-04-25 05:56:10', '2022-04-26 03:16:34', 2, 2, '', '', '', '0000-00-00', '0000-00-00', '2021-06-29', '', '', 2),
(699, 2252, '', '', 0, '2021-04-25 05:56:27', '2022-04-26 03:16:34', 2, 2, '', '', '', '0000-00-00', '0000-00-00', '2021-06-29', '', '', 2),
(700, 2251, '', '', 0, '2021-04-25 05:56:48', '2022-04-26 03:16:34', 2, 2, '', '', '', '0000-00-00', '0000-00-00', '2021-06-29', '', '', 2),
(701, 2250, '', '', 0, '2021-04-25 05:57:12', '2022-04-26 03:16:34', 2, 2, '', '', '', '0000-00-00', '0000-00-00', '2021-06-29', '', '', 2),
(702, 2249, '', '', 0, '2021-04-25 05:57:45', '2022-04-26 03:16:34', 2, 2, '', '', '', '0000-00-00', '0000-00-00', '2021-06-18', '', '', 2),
(703, 2248, '', '', 0, '2021-04-25 05:58:03', '2022-04-26 03:16:34', 2, 2, '', '', '', '0000-00-00', '0000-00-00', '2021-06-18', '', '', 2),
(704, 2247, '', '', 0, '2021-04-25 05:58:20', '2022-04-26 03:16:34', 2, 2, '', '', '', '0000-00-00', '0000-00-00', '2021-06-18', '', '', 2),
(705, 2246, '', '', 0, '2021-04-25 05:58:43', '2022-04-26 03:16:34', 2, 2, '', '', '', '0000-00-00', '0000-00-00', '2021-06-18', '', '', 2),
(706, 2245, '', '', 0, '2021-04-25 05:59:00', '2022-04-26 03:16:34', 2, 2, '', '', '', '0000-00-00', '0000-00-00', '2021-06-18', '', '', 2),
(707, 2244, '', '', 0, '2021-04-25 05:59:16', '2022-04-26 03:16:34', 2, 2, '', '', '', '0000-00-00', '0000-00-00', '2021-06-18', '', '', 2),
(708, 2243, '', '', 0, '2021-04-25 05:59:32', '2022-04-26 03:16:34', 2, 2, '', '', '', '0000-00-00', '0000-00-00', '2021-06-18', '', '', 2),
(709, 2242, '', '', 0, '2021-04-25 05:59:56', '2022-04-26 03:16:34', 2, 2, '', '', '', '0000-00-00', '0000-00-00', '2021-06-29', '', '', 2),
(710, 2241, '', '', 0, '2021-04-25 06:00:17', '2022-04-26 03:16:34', 2, 2, '', '', '', '0000-00-00', '0000-00-00', '2021-06-18', '', '', 2),
(711, 2240, '', '', 0, '2021-04-25 06:00:41', '2022-04-26 03:16:34', 2, 2, '', '', '', '0000-00-00', '0000-00-00', '2021-06-18', '', '', 2),
(712, 2239, '', '', 0, '2021-04-25 06:01:56', '2022-04-26 03:16:34', 2, 2, '', '', '', '0000-00-00', '0000-00-00', '2021-06-18', '', '', 2),
(713, 2238, '', '', 0, '2021-04-25 06:02:27', '2022-04-26 03:16:34', 2, 2, '', '', '', '0000-00-00', '0000-00-00', '2021-06-18', '', '', 2),
(714, 2237, '', '', 0, '2021-04-25 06:45:19', '2022-04-26 03:16:34', 2, 2, '', '', '', '0000-00-00', '0000-00-00', '2021-06-18', '', '', 2),
(715, 2236, '', '', 0, '2021-04-25 06:48:56', '2022-04-26 03:16:34', 2, 2, '', '', '', '0000-00-00', '0000-00-00', '2021-06-29', '', '', 2),
(716, 2235, '', '', 0, '2021-04-25 06:49:27', '2022-04-26 03:16:34', 2, 2, '', '', '', '0000-00-00', '0000-00-00', '2021-06-18', '', '', 2),
(717, 2234, '', '', 0, '2021-04-25 06:49:53', '2022-04-26 03:16:34', 2, 2, '', '', '', '0000-00-00', '0000-00-00', '2021-06-18', '', '', 2),
(718, 2233, '', '', 0, '2021-04-25 06:50:23', '2022-04-26 03:16:34', 2, 2, '', '', '', '0000-00-00', '0000-00-00', '2021-06-18', '', '', 2),
(719, 2232, '', '', 0, '2021-04-25 06:50:43', '2022-04-26 03:16:34', 2, 2, '', '', '', '0000-00-00', '0000-00-00', '2021-06-29', '', '', 2),
(720, 2231, '', '', 0, '2021-04-25 06:51:02', '2022-04-26 03:16:34', 2, 2, '', '', '', '0000-00-00', '0000-00-00', '2021-06-24', '', '', 2),
(721, 2230, '', '', 0, '2021-04-25 06:53:50', '2022-04-26 03:16:34', 2, 2, '', '', '', '0000-00-00', '0000-00-00', '2021-06-30', '', '', 2),
(722, 2229, '', '', 0, '2021-04-25 06:54:15', '2022-04-26 03:16:34', 2, 2, '', '', '', '0000-00-00', '0000-00-00', '2021-06-18', '', '', 2),
(723, 2228, '', '', 0, '2021-04-25 06:54:41', '2022-04-26 03:16:34', 2, 2, '', '', '', '0000-00-00', '0000-00-00', '2021-06-29', '', '', 2),
(724, 2227, '', '', 0, '2021-04-25 06:55:12', '2022-04-26 03:16:34', 2, 2, '', '', '', '0000-00-00', '0000-00-00', '2021-06-18', '', '', 2),
(725, 2226, '', '', 0, '2021-04-25 06:55:53', '2022-04-26 03:16:34', 2, 2, '', '', '', '0000-00-00', '0000-00-00', '2021-06-29', '', '', 2),
(726, 2225, '', '', 0, '2021-04-25 06:56:20', '2022-04-26 03:16:34', 2, 2, '', '', '', '0000-00-00', '0000-00-00', '2021-06-29', '', '', 2),
(727, 2224, '', '', 0, '2021-04-25 06:56:40', '2022-04-26 03:16:34', 2, 2, '', '', '', '0000-00-00', '0000-00-00', '2021-06-18', '', '', 2),
(728, 2223, '', '', 0, '2021-04-25 06:57:30', '2022-04-26 03:16:34', 2, 2, '', '', '', '0000-00-00', '0000-00-00', '2021-06-18', '', '', 2),
(729, 2222, '', '', 0, '2021-04-25 06:57:50', '2022-04-26 03:16:34', 2, 2, '', '', '', '0000-00-00', '0000-00-00', '2021-06-18', '', '', 2),
(730, 2221, '', '', 0, '2021-04-25 06:58:14', '2022-04-26 03:16:34', 2, 2, '', '', '', '0000-00-00', '0000-00-00', '2021-06-18', '', '', 2),
(731, 2220, '', '', 0, '2021-04-25 06:58:41', '2022-04-26 03:16:34', 2, 2, '', '', '', '0000-00-00', '0000-00-00', '2021-06-18', '', '', 2),
(732, 2219, '', '', 0, '2021-04-25 06:59:06', '2022-04-26 03:16:34', 2, 2, '', '', '', '0000-00-00', '0000-00-00', '2021-06-18', '', '', 2),
(733, 2218, '', '', 0, '2021-04-25 06:59:29', '2022-04-26 03:16:34', 2, 2, '', '', '', '0000-00-00', '0000-00-00', '2021-06-18', '', '', 2),
(734, 2217, '', '', 0, '2021-04-25 07:00:01', '2022-04-26 03:16:34', 2, 2, '', '', '', '0000-00-00', '0000-00-00', '2021-06-18', '', '', 2),
(735, 2216, '', '', 0, '2021-04-25 07:01:18', '2022-04-26 03:16:34', 2, 2, '', '', '', '0000-00-00', '0000-00-00', '2021-06-29', '', '', 2),
(736, 2215, '', '', 0, '2021-04-25 07:01:47', '2022-04-26 03:16:34', 2, 2, '', '', '', '0000-00-00', '0000-00-00', '2021-06-29', '', '', 2),
(737, 2214, '', '', 0, '2021-04-25 07:02:21', '2022-04-26 03:16:34', 2, 2, '', '', '', '0000-00-00', '0000-00-00', '2021-06-10', '', '', 2),
(738, 2213, '', '', 0, '2021-04-25 07:02:50', '2022-04-26 03:16:34', 2, 2, '', '', '', '0000-00-00', '0000-00-00', '2021-06-29', '', '', 2),
(739, 2212, '', '', 0, '2021-04-25 07:03:21', '2022-04-26 03:16:34', 2, 2, '', '', '', '0000-00-00', '0000-00-00', '2021-06-11', '', '', 2),
(740, 2211, '', '', 0, '2021-04-25 07:03:53', '2022-04-26 03:16:34', 2, 2, '', '', '', '0000-00-00', '0000-00-00', '2021-06-30', '', '', 2),
(741, 2210, '', '', 0, '2021-04-25 07:04:25', '2022-04-26 03:16:34', 2, 2, '', '', '', '0000-00-00', '0000-00-00', '2021-06-24', '', '', 2),
(742, 2209, '', '', 0, '2021-04-25 07:04:51', '2022-04-26 03:16:34', 2, 2, '', '', '', '0000-00-00', '0000-00-00', '2021-05-31', '', '', 2),
(743, 2208, '', '', 0, '2021-04-25 07:05:22', '2022-04-26 03:16:34', 2, 2, '', '', '', '0000-00-00', '0000-00-00', '2021-05-31', '', '', 2),
(744, 2207, '', '', 0, '2021-04-25 07:06:06', '2022-04-26 03:16:34', 2, 2, '', '', '', '0000-00-00', '0000-00-00', '2021-06-15', '', '', 2),
(745, 2206, '', '', 0, '2021-04-25 07:07:31', '2022-04-26 03:16:34', 2, 2, '', '', '', '0000-00-00', '0000-00-00', '2021-06-18', '', '', 2),
(746, 2205, '', '', 0, '2021-04-25 07:07:58', '2022-04-26 03:16:34', 2, 2, '', '', '', '0000-00-00', '0000-00-00', '2021-06-18', '', '', 2),
(747, 2204, '', '', 0, '2021-04-25 07:08:29', '2022-04-26 03:16:34', 2, 2, '', '', '', '0000-00-00', '0000-00-00', '2021-06-18', '', '', 2),
(748, 2203, '', '', 0, '2021-04-25 07:08:56', '2022-04-26 03:16:34', 2, 2, '', '', '', '0000-00-00', '0000-00-00', '2021-06-18', '', '', 2),
(749, 2202, '', '', 0, '2021-04-25 07:09:44', '2022-04-26 03:16:34', 2, 2, '', '', '', '0000-00-00', '0000-00-00', '2021-06-16', '', '', 2),
(750, 2201, '', '', 0, '2021-04-25 07:10:18', '2022-04-26 03:16:34', 2, 2, '', '', '', '0000-00-00', '0000-00-00', '2021-06-08', '', '', 2),
(751, 2200, '', '', 0, '2021-04-25 07:11:23', '2022-04-26 03:16:34', 2, 2, '', '', '', '0000-00-00', '0000-00-00', '2021-06-08', '', '', 2),
(752, 2199, '', '', 0, '2021-04-25 07:11:47', '2022-04-26 03:16:34', 2, 2, '', '', '', '0000-00-00', '0000-00-00', '2021-06-08', '', '', 2),
(753, 2198, '', '', 0, '2021-04-25 07:12:23', '2022-04-26 03:16:34', 2, 2, '', '', '', '0000-00-00', '0000-00-00', '2021-06-08', '', '', 2),
(754, 2197, '', '', 0, '2021-04-25 07:12:56', '2022-04-26 03:16:34', 2, 2, '', '', '', '0000-00-00', '0000-00-00', '2021-06-08', '', '', 2),
(755, 2196, '', '', 0, '2021-04-25 07:13:20', '2022-04-26 03:16:34', 2, 2, '', '', '', '0000-00-00', '0000-00-00', '2021-06-08', '', '', 2),
(756, 2195, '', '', 0, '2021-04-25 07:13:42', '2022-04-26 03:16:34', 2, 2, '', '', '', '0000-00-00', '0000-00-00', '2021-06-08', '', '', 2),
(757, 2194, '', '', 0, '2021-04-25 07:14:06', '2022-04-26 03:16:34', 2, 2, '', '', '', '0000-00-00', '0000-00-00', '2021-06-08', '', '', 2),
(758, 2193, '', '', 0, '2021-04-25 07:14:32', '2022-04-26 03:16:34', 2, 2, '', '', '', '0000-00-00', '0000-00-00', '2021-06-14', '', '', 2),
(759, 2192, '', '', 0, '2021-04-25 07:15:36', '2022-04-26 03:16:34', 2, 2, '', '', '', '0000-00-00', '0000-00-00', '2021-04-30', '', '', 2),
(760, 2191, '', '', 0, '2021-04-25 07:16:04', '2022-04-26 03:16:34', 2, 2, '', '', '', '0000-00-00', '0000-00-00', '2021-06-14', '', '', 2),
(761, 2190, '', '', 0, '2021-04-25 07:16:39', '2022-04-26 03:16:34', 2, 2, '', '', '', '0000-00-00', '0000-00-00', '2021-04-30', '', '', 2),
(762, 2189, '', '', 0, '2021-04-25 07:17:11', '2022-04-26 03:16:34', 2, 2, '', '', '', '0000-00-00', '0000-00-00', '2021-06-10', '', '', 2),
(763, 2188, '', '', 0, '2021-04-25 07:17:43', '2022-04-26 03:16:34', 2, 2, '', '', '', '0000-00-00', '0000-00-00', '2021-05-19', '', '', 2),
(764, 2187, '', '', 0, '2021-04-25 07:18:25', '2022-04-26 03:16:34', 2, 2, '', '', '', '0000-00-00', '0000-00-00', '2021-06-18', '', '', 2),
(765, 2186, '', '', 0, '2021-04-25 07:19:36', '2022-04-26 03:16:34', 2, 2, '', '', '', '0000-00-00', '0000-00-00', '2021-06-01', '', '', 2),
(766, 2185, '', '', 0, '2021-04-25 07:20:04', '2022-04-26 03:16:34', 2, 2, '', '', '', '0000-00-00', '0000-00-00', '2021-06-16', '', '', 2),
(767, 2184, '', '', 0, '2021-04-25 07:20:34', '2022-04-26 03:16:34', 2, 2, '', '', '', '0000-00-00', '0000-00-00', '2021-05-14', '', '', 2),
(768, 2183, '', '', 0, '2021-04-25 07:22:14', '2022-04-26 03:16:34', 2, 2, '', '', '', '0000-00-00', '0000-00-00', '2021-06-30', '', '', 2),
(769, 2182, '', '', 0, '2021-04-25 07:23:02', '2022-04-26 03:16:34', 2, 2, '', '', '', '0000-00-00', '0000-00-00', '2021-06-25', '', '', 2),
(770, 2181, '', '', 0, '2021-04-25 07:23:34', '2022-04-26 03:16:34', 2, 2, '', '', '', '0000-00-00', '0000-00-00', '2021-06-24', '', '', 2),
(771, 2180, '', '', 0, '2021-04-25 07:24:13', '2022-04-26 03:16:34', 2, 2, '', '', '', '0000-00-00', '0000-00-00', '2021-06-10', '', '', 2),
(772, 2179, '', '', 0, '2021-04-25 07:24:46', '2022-04-26 03:16:34', 2, 2, '', '', '', '0000-00-00', '0000-00-00', '2021-06-10', '', '', 2),
(773, 2178, '', '', 0, '2021-04-25 07:25:17', '2022-04-26 03:16:34', 2, 2, '', '', '', '0000-00-00', '0000-00-00', '2021-06-14', '', '', 2),
(774, 2177, '', '', 0, '2021-04-25 07:25:47', '2022-04-26 03:16:34', 2, 2, '', '', '', '0000-00-00', '0000-00-00', '2021-06-10', '', '', 2),
(775, 2176, '', '', 0, '2021-04-25 07:26:16', '2022-04-26 03:16:34', 2, 2, '', '', '', '0000-00-00', '0000-00-00', '2021-06-15', '', '', 2),
(776, 2175, '', '', 0, '2021-04-25 07:26:53', '2022-04-26 03:16:34', 2, 2, '', '', '', '0000-00-00', '0000-00-00', '2021-06-15', '', '', 2),
(777, 2174, '', '', 0, '2021-04-28 05:40:23', '2022-04-26 03:16:34', 2, 2, '', '', '', '0000-00-00', '0000-00-00', '2021-05-17', '', '', 2),
(778, 2173, '', '', 0, '2021-04-28 05:40:58', '2022-04-26 03:16:34', 2, 2, '', '', '', '0000-00-00', '0000-00-00', '2021-05-28', '', '', 2),
(779, 2172, '', '', 0, '2021-04-28 05:41:59', '2022-04-26 03:16:34', 2, 2, '', '', '', '0000-00-00', '0000-00-00', '2021-05-28', '', '', 2),
(780, 2171, '', '', 0, '2021-04-28 05:42:43', '2022-04-26 03:16:34', 2, 2, '', '', '', '0000-00-00', '0000-00-00', '2021-05-28', '', '', 2),
(781, 2170, '', '', 0, '2021-04-28 05:43:07', '2022-04-26 03:16:34', 2, 2, '', '', '', '0000-00-00', '0000-00-00', '2021-05-28', '', '', 2),
(782, 2169, '', '', 0, '2021-04-28 05:43:38', '2022-04-26 03:16:34', 2, 2, '', '', '', '0000-00-00', '0000-00-00', '2021-05-28', '', '', 2),
(783, 2168, '', '', 0, '2021-04-28 05:44:21', '2022-04-26 03:16:34', 2, 2, '', '', '', '0000-00-00', '0000-00-00', '2021-05-17', '', '', 2),
(784, 2167, '', '', 0, '2021-04-28 05:44:44', '2022-04-26 03:16:34', 2, 2, '', '', '', '0000-00-00', '0000-00-00', '2021-05-17', '', '', 2),
(785, 2166, '', '', 0, '2021-04-28 05:45:10', '2022-04-26 03:16:34', 2, 2, '', '', '', '0000-00-00', '0000-00-00', '2021-05-17', '', '', 2),
(786, 2165, '', '', 0, '2021-04-28 05:46:09', '2022-04-26 03:16:34', 2, 2, '', '', '', '0000-00-00', '0000-00-00', '2021-05-28', '', '', 2),
(787, 2164, '', '', 0, '2021-04-28 05:47:59', '2022-04-26 03:16:34', 2, 2, '', '', '', '0000-00-00', '0000-00-00', '2021-05-21', '', '', 2),
(788, 2163, '', '', 0, '2021-04-28 05:48:37', '2022-04-26 03:16:34', 2, 2, '', '', '', '0000-00-00', '0000-00-00', '2021-05-21', '', '', 2),
(789, 2162, '', '', 0, '2021-04-28 05:49:33', '2022-04-26 03:16:34', 2, 2, '', '', '', '0000-00-00', '0000-00-00', '2021-05-28', '', '', 2),
(790, 2161, '', '', 0, '2021-04-28 05:50:50', '2022-04-26 03:16:34', 2, 2, '', '', '', '0000-00-00', '0000-00-00', '2021-05-27', '', '', 2),
(791, 2160, '', '', 0, '2021-04-28 05:51:22', '2022-04-26 03:16:34', 2, 2, '', '', '', '0000-00-00', '0000-00-00', '2021-05-31', '', '', 2),
(792, 2159, '', '', 0, '2021-04-28 05:52:13', '2022-04-26 03:16:34', 2, 2, '', '', '', '0000-00-00', '0000-00-00', '2021-05-28', '', '', 2),
(793, 2158, '', '', 0, '2021-04-28 05:52:49', '2022-04-26 03:16:34', 2, 2, '', '', '', '0000-00-00', '0000-00-00', '2021-05-28', '', '', 2),
(794, 2157, '', '', 0, '2021-04-28 05:53:17', '2022-04-26 03:16:34', 2, 2, '', '', '', '0000-00-00', '0000-00-00', '2021-05-28', '', '', 2),
(795, 2156, '', '', 0, '2021-04-28 05:57:16', '2022-04-26 03:16:34', 2, 2, '', '', '', '0000-00-00', '0000-00-00', '2021-05-28', '', '', 2),
(796, 2155, '', '', 0, '2021-04-28 05:57:54', '2022-04-26 03:16:34', 2, 2, '', '', '', '0000-00-00', '0000-00-00', '2021-05-28', '', '', 2),
(797, 2154, '', '', 0, '2021-07-11 08:02:37', '2022-04-26 03:16:34', 2, 2, '', '', '', '0000-00-00', '0000-00-00', '2021-06-30', '', '', 2),
(798, 2153, '', '', 0, '2021-07-11 08:02:53', '2022-04-26 03:16:34', 2, 2, '', '', '', '0000-00-00', '0000-00-00', '2021-06-30', '', '', 2),
(799, 2152, '', '', 0, '2021-07-11 08:04:28', '2022-04-26 03:16:34', 2, 2, '', '', '', '0000-00-00', '0000-00-00', '2021-06-30', '', '', 2),
(800, 2151, '', '', 0, '2021-07-11 08:04:53', '2022-04-26 03:16:34', 2, 2, '', '', '', '0000-00-00', '0000-00-00', '2021-06-30', '', '', 2),
(801, 2150, '', '', 0, '2021-07-11 08:05:07', '2022-04-26 03:16:34', 2, 2, '', '', '', '0000-00-00', '0000-00-00', '2021-06-30', '', '', 2),
(802, 2149, '', '', 0, '2021-07-11 08:05:24', '2022-04-26 03:16:34', 2, 2, '', '', '', '0000-00-00', '0000-00-00', '2021-06-30', '', '', 2),
(803, 2148, '', '', 0, '2021-07-11 08:05:37', '2022-04-26 03:16:34', 2, 2, '', '', '', '0000-00-00', '0000-00-00', '2021-06-30', '', '', 2),
(804, 2147, '', '', 0, '2021-07-11 08:09:03', '2022-04-26 03:16:34', 2, 2, '', '', '', '0000-00-00', '0000-00-00', '2021-06-30', '', '', 2),
(805, 2146, '', '', 0, '2021-07-11 08:09:56', '2022-04-26 03:16:34', 2, 2, '', '', '', '0000-00-00', '0000-00-00', '2021-07-30', '', '', 2),
(806, 2145, '', '', 0, '2021-07-11 08:10:31', '2022-04-26 03:16:34', 2, 2, '', '', '', '0000-00-00', '0000-00-00', '2021-07-19', '', '', 2),
(807, 2144, '', '', 0, '2021-07-11 08:11:02', '2022-04-26 03:16:34', 2, 2, '', '', '', '0000-00-00', '0000-00-00', '2021-07-19', '', '', 2),
(808, 2143, '', '', 0, '2021-07-11 08:11:53', '2022-04-26 03:16:34', 2, 2, '', '', '', '0000-00-00', '0000-00-00', '2021-07-20', '', '', 2),
(809, 2142, '', '', 0, '2021-07-11 08:12:13', '2022-04-26 03:16:34', 2, 2, '', '', '', '0000-00-00', '0000-00-00', '2021-07-19', '', '', 2),
(810, 2141, '', '', 0, '2021-07-11 08:12:36', '2022-04-26 03:16:34', 2, 2, '', '', '', '0000-00-00', '0000-00-00', '2021-07-19', '', '', 2),
(811, 2140, '', '', 0, '2021-07-11 08:13:01', '2022-04-26 03:16:34', 2, 2, '', '', '', '0000-00-00', '0000-00-00', '2021-06-30', '', '', 2),
(812, 2139, '', '', 0, '2021-07-11 08:14:00', '2022-04-26 03:16:34', 2, 2, '', '', '', '0000-00-00', '0000-00-00', '2021-07-15', '', '', 2),
(813, 2138, '', '', 0, '2021-07-11 08:14:23', '2022-04-26 03:16:34', 2, 2, '', '', '', '0000-00-00', '0000-00-00', '2021-07-19', '', '', 2),
(814, 2137, '', '', 0, '2021-07-11 08:15:10', '2022-04-26 03:16:34', 2, 2, '', '', '', '0000-00-00', '0000-00-00', '2021-07-19', '', '', 2),
(815, 2136, '', '', 0, '2021-07-11 08:15:55', '2022-04-26 03:16:34', 2, 2, '', '', '', '0000-00-00', '0000-00-00', '2021-07-19', '', '', 2),
(816, 2135, '', '', 0, '2021-07-11 08:16:11', '2022-04-26 03:16:34', 2, 2, '', '', '', '0000-00-00', '0000-00-00', '2021-07-19', '', '', 2),
(817, 2134, '', '', 0, '2021-07-11 08:16:28', '2022-04-26 03:16:34', 2, 2, '', '', '', '0000-00-00', '0000-00-00', '2021-07-19', '', '', 2),
(818, 2133, '', '', 0, '2021-07-11 08:16:49', '2022-04-26 03:16:34', 2, 2, '', '', '', '0000-00-00', '0000-00-00', '2021-07-08', '', '', 2),
(819, 2132, '', '', 0, '2021-07-11 08:17:10', '2022-04-26 03:16:34', 2, 2, '', '', '', '0000-00-00', '0000-00-00', '2021-07-15', '', '', 2),
(820, 2131, '', '', 0, '2021-07-11 08:17:45', '2022-04-26 03:16:34', 2, 2, '', '', '', '0000-00-00', '0000-00-00', '2021-06-30', '', '', 2),
(821, 2130, '', '', 0, '2021-07-11 08:18:56', '2022-04-26 03:16:34', 2, 2, '', '', '', '0000-00-00', '0000-00-00', '2021-06-30', '', '', 2),
(822, 2129, '', '', 0, '2021-07-11 08:19:21', '2022-04-26 03:16:34', 2, 2, '', '', '', '0000-00-00', '0000-00-00', '2021-06-30', '', '', 2),
(823, 2128, '', '', 0, '2021-07-11 08:20:12', '2022-04-26 03:16:34', 2, 2, '', '', '', '0000-00-00', '0000-00-00', '2021-06-28', '', '', 2),
(824, 2127, '', '', 0, '2021-07-11 08:22:25', '2022-04-26 03:16:34', 2, 2, '', '', '', '0000-00-00', '0000-00-00', '2021-06-22', '', '', 2),
(825, 2126, '', '', 0, '2021-07-11 08:22:44', '2022-04-26 03:16:34', 2, 2, '', '', '', '0000-00-00', '0000-00-00', '2021-06-30', '', '', 2),
(826, 2125, '', '', 0, '2021-07-11 08:23:05', '2022-04-26 03:16:34', 2, 2, '', '', '', '0000-00-00', '0000-00-00', '2021-06-28', '', '', 2),
(827, 2124, '', '', 0, '2021-07-11 08:23:52', '2022-04-26 03:16:34', 2, 2, '', '', '', '0000-00-00', '0000-00-00', '2021-06-30', '', '', 2),
(828, 2123, '', '', 0, '2021-07-11 08:24:12', '2022-04-26 03:16:34', 2, 2, '', '', '', '0000-00-00', '0000-00-00', '2021-06-30', '', '', 2),
(829, 2122, '', '', 0, '2021-07-11 08:24:30', '2022-04-26 03:16:34', 2, 2, '', '', '', '0000-00-00', '0000-00-00', '2021-06-25', '', '', 2),
(830, 2121, '', '', 0, '2021-07-11 08:24:45', '2022-04-26 03:16:34', 2, 2, '', '', '', '0000-00-00', '0000-00-00', '2021-06-21', '', '', 2),
(831, 2120, '', '', 0, '2021-07-11 08:25:02', '2022-04-26 03:16:34', 2, 2, '', '', '', '0000-00-00', '0000-00-00', '2021-06-30', '', '', 2),
(832, 2119, '', '', 0, '2021-07-11 08:25:23', '2022-04-26 03:16:34', 2, 2, '', '', '', '0000-00-00', '0000-00-00', '2021-05-28', '', '', 2),
(833, 2118, '', '', 0, '2021-07-11 08:25:51', '2022-04-26 03:16:34', 2, 2, '', '', '', '0000-00-00', '0000-00-00', '2021-07-19', '', '', 2),
(834, 2117, '', '', 0, '2021-07-11 08:26:10', '2022-04-26 03:16:34', 2, 2, '', '', '', '0000-00-00', '0000-00-00', '2021-07-19', '', '', 2),
(835, 2116, '', '', 0, '2021-07-11 08:26:34', '2022-04-26 03:16:34', 2, 2, '', '', '', '0000-00-00', '0000-00-00', '2021-07-30', '', '', 2),
(836, 2115, '', '', 0, '2021-07-11 08:26:56', '2022-04-26 03:16:34', 2, 2, '', '', '', '0000-00-00', '0000-00-00', '2021-07-19', '', '', 2),
(837, 2114, '', '', 0, '2021-07-11 08:27:15', '2022-04-26 03:16:34', 2, 2, '', '', '', '0000-00-00', '0000-00-00', '2021-07-19', '', '', 2),
(838, 2113, '', '', 0, '2021-07-11 08:27:37', '2022-04-26 03:16:34', 2, 2, '', '', '', '0000-00-00', '0000-00-00', '2021-07-28', '', '', 2),
(839, 2112, '', '', 0, '2021-07-11 08:28:15', '2022-04-26 03:16:34', 2, 2, '', '', '', '0000-00-00', '0000-00-00', '2021-07-29', '', '', 2),
(840, 2111, '', '', 0, '2021-07-11 08:28:31', '2022-04-26 03:16:34', 2, 2, '', '', '', '0000-00-00', '0000-00-00', '2021-07-29', '', '', 2),
(841, 2110, '', '', 0, '2021-07-11 08:28:53', '2022-04-26 03:16:34', 2, 2, '', '', '', '0000-00-00', '0000-00-00', '2021-07-29', '', '', 2),
(842, 2109, '', '', 0, '2021-08-02 02:00:16', '2022-04-26 03:16:34', 2, 2, '', '', '', '0000-00-00', '0000-00-00', '2021-07-29', '', '', 2),
(843, 2108, '', '', 0, '2021-08-02 02:01:06', '2022-04-26 03:16:34', 2, 2, '', '', '', '0000-00-00', '0000-00-00', '2021-07-29', '', '', 2),
(844, 2107, '', '', 0, '2021-08-02 02:01:42', '2022-04-26 03:16:34', 2, 2, '', '', '', '0000-00-00', '0000-00-00', '2021-07-29', '', '', 2),
(845, 2106, '', '', 0, '2021-08-02 02:02:02', '2022-04-26 03:16:34', 2, 2, '', '', '', '0000-00-00', '0000-00-00', '2021-07-29', '', '', 2),
(846, 2105, '', '', 0, '2021-08-02 02:02:26', '2022-04-26 03:16:34', 2, 2, '', '', '', '0000-00-00', '0000-00-00', '2021-07-29', '', '', 2),
(847, 2104, '', '', 0, '2021-08-02 02:36:45', '2022-04-26 03:16:34', 2, 2, '', '', '', '0000-00-00', '0000-00-00', '2021-07-29', '', '', 2),
(848, 2103, '', '', 0, '2021-08-02 02:38:57', '2022-04-26 03:16:34', 2, 2, '', '', '', '0000-00-00', '0000-00-00', '2021-07-29', '', '', 2),
(849, 2102, '', '', 0, '2021-08-02 02:39:35', '2022-04-26 03:16:34', 2, 2, '', '', '', '0000-00-00', '0000-00-00', '2021-07-29', '', '', 2),
(850, 2101, '', '', 0, '2021-08-02 02:39:55', '2022-04-26 03:16:34', 2, 2, '', '', '', '0000-00-00', '0000-00-00', '2021-07-29', '', '', 2),
(851, 2100, '', '', 0, '2021-08-02 02:48:18', '2022-04-26 03:16:34', 2, 2, '', '', '', '0000-00-00', '0000-00-00', '2021-07-29', '', '', 2),
(852, 2099, '', '', 0, '2021-08-02 02:48:47', '2022-04-26 03:16:34', 2, 2, '', '', '', '0000-00-00', '0000-00-00', '2021-07-29', '', '', 2),
(853, 2098, '', '', 0, '2021-08-02 02:50:24', '2022-04-26 03:16:34', 2, 2, '', '', '', '0000-00-00', '0000-00-00', '2021-07-29', '', '', 2),
(854, 2097, '', '', 0, '2021-08-02 02:51:35', '2022-04-26 03:16:34', 2, 2, '', '', '', '0000-00-00', '0000-00-00', '2021-07-29', '', '', 2),
(855, 2096, '', '', 0, '2021-08-02 03:04:05', '2022-04-26 03:16:34', 2, 2, '', '', '', '0000-00-00', '0000-00-00', '2021-07-29', '', '', 2),
(856, 2095, '', '', 0, '2021-08-02 03:04:38', '2022-04-26 03:16:34', 2, 2, '', '', '', '0000-00-00', '0000-00-00', '2021-07-29', '', '', 2),
(857, 2094, '', '', 0, '2021-08-02 03:04:59', '2022-04-26 03:16:34', 2, 2, '', '', '', '0000-00-00', '0000-00-00', '2021-07-29', '', '', 2),
(858, 2093, '', '', 0, '2021-08-02 03:05:22', '2022-04-26 03:16:34', 2, 2, '', '', '', '0000-00-00', '0000-00-00', '2021-07-29', '', '', 2),
(859, 2092, '', '', 0, '2021-08-02 03:05:39', '2022-04-26 03:16:34', 2, 2, '', '', '', '0000-00-00', '0000-00-00', '2021-07-29', '', '', 2),
(860, 2091, '', '', 0, '2021-08-02 03:06:08', '2022-04-26 03:16:34', 2, 2, '', '', '', '0000-00-00', '0000-00-00', '2021-07-29', '', '', 2),
(861, 2090, '', '', 0, '2021-08-02 03:12:42', '2022-04-26 03:16:34', 2, 2, '', '', '', '0000-00-00', '0000-00-00', '2021-07-29', '', '', 2),
(862, 2089, '', '', 0, '2021-08-02 03:13:01', '2022-04-26 03:16:34', 2, 2, '', '', '', '0000-00-00', '0000-00-00', '2021-07-29', '', '', 2),
(863, 2088, '', '', 0, '2021-08-02 03:13:34', '2022-04-26 03:16:34', 2, 2, '', '', '', '0000-00-00', '0000-00-00', '2021-07-29', '', '', 2),
(864, 2087, '', '', 0, '2021-08-02 03:14:08', '2022-04-26 03:16:34', 2, 2, '', '', '', '0000-00-00', '0000-00-00', '2021-07-29', '', '', 2),
(865, 2086, '', '', 0, '2021-08-02 03:14:37', '2022-04-26 03:16:34', 2, 2, '', '', '', '0000-00-00', '0000-00-00', '2021-07-29', '', '', 2),
(866, 2085, '', '', 0, '2021-08-02 03:15:17', '2022-04-26 03:16:34', 2, 2, '', '', '', '0000-00-00', '0000-00-00', '2021-07-16', '', '', 2),
(867, 2084, '', '', 0, '2021-08-02 03:15:51', '2022-04-26 03:16:34', 2, 2, '', '', '', '0000-00-00', '0000-00-00', '2021-07-16', '', '', 2),
(868, 2083, '', '', 0, '2021-08-02 03:17:05', '2022-04-26 03:16:34', 2, 2, '', '', '', '0000-00-00', '0000-00-00', '2021-07-16', '', '', 2),
(869, 2082, '', '', 0, '2021-08-02 03:17:29', '2022-04-26 03:16:34', 2, 2, '', '', '', '0000-00-00', '0000-00-00', '2021-07-16', '', '', 2),
(870, 2081, '', '', 0, '2021-08-02 03:17:58', '2022-04-26 03:16:34', 2, 2, '', '', '', '0000-00-00', '0000-00-00', '2021-07-16', '', '', 2),
(871, 2080, '', '', 0, '2021-08-02 03:18:25', '2022-04-26 03:16:34', 2, 2, '', '', '', '0000-00-00', '0000-00-00', '2021-07-16', '', '', 2),
(872, 2079, '', '', 0, '2021-08-02 03:18:55', '2022-04-26 03:16:34', 2, 2, '', '', '', '0000-00-00', '0000-00-00', '2021-07-16', '', '', 2),
(873, 2078, '', '', 0, '2021-08-02 03:19:25', '2022-04-26 03:16:34', 2, 2, '', '', '', '0000-00-00', '0000-00-00', '2021-07-29', '', '', 2),
(874, 2077, '', '', 0, '2021-08-02 03:19:50', '2022-04-26 03:16:34', 2, 2, '', '', '', '0000-00-00', '0000-00-00', '2021-07-16', '', '', 2),
(875, 2076, '', '', 0, '2021-08-02 03:21:56', '2022-04-26 03:16:34', 2, 2, '', '', '', '0000-00-00', '0000-00-00', '2021-07-16', '', '', 2),
(876, 2075, '', '', 0, '2021-08-02 03:22:24', '2022-04-26 03:16:34', 2, 2, '', '', '', '0000-00-00', '0000-00-00', '2021-07-16', '', '', 2),
(877, 2074, '', '', 0, '2021-08-02 03:23:34', '2022-04-26 03:16:34', 2, 2, '', '', '', '0000-00-00', '0000-00-00', '2021-07-16', '', '', 2),
(878, 2073, '', '', 0, '2021-08-02 03:25:29', '2022-04-26 03:16:34', 2, 2, '', '', '', '0000-00-00', '0000-00-00', '2021-07-16', '', '', 2),
(879, 2072, '', '', 0, '2021-08-02 03:25:49', '2022-04-26 03:16:34', 2, 2, '', '', '', '0000-00-00', '0000-00-00', '2021-07-29', '', '', 2),
(880, 2071, '', '', 0, '2021-08-02 03:26:10', '2022-04-26 03:16:34', 2, 2, '', '', '', '0000-00-00', '0000-00-00', '2021-07-16', '', '', 2),
(881, 2070, '', '', 0, '2021-08-02 03:38:27', '2022-04-26 03:16:34', 2, 2, '', '', '', '0000-00-00', '0000-00-00', '2021-07-16', '', '', 2),
(882, 2069, '', '', 0, '2021-08-02 03:39:07', '2022-04-26 03:16:34', 2, 2, '', '', '', '0000-00-00', '0000-00-00', '2021-07-16', '', '', 2),
(883, 2068, '', '', 0, '2021-08-02 03:39:43', '2022-04-26 03:16:34', 2, 2, '', '', '', '0000-00-00', '0000-00-00', '2021-07-29', '', '', 2),
(884, 2067, '', '', 0, '2021-08-02 03:40:05', '2022-04-26 03:16:34', 2, 2, '', '', '', '0000-00-00', '0000-00-00', '2021-07-29', '', '', 2),
(885, 2066, '', '', 0, '2021-08-02 03:40:54', '2022-04-26 03:16:34', 2, 2, '', '', '', '0000-00-00', '0000-00-00', '2021-07-16', '', '', 2),
(886, 2065, '', '', 0, '2021-08-02 03:43:45', '2022-04-26 03:16:34', 2, 2, '', '', '', '0000-00-00', '0000-00-00', '2021-07-29', '', '', 2),
(887, 2064, '', '', 0, '2021-08-02 03:44:08', '2022-04-26 03:16:34', 2, 2, '', '', '', '0000-00-00', '0000-00-00', '2021-07-16', '', '', 2),
(888, 2063, '', '', 0, '2021-08-02 03:45:09', '2022-04-26 03:16:34', 2, 2, '', '', '', '0000-00-00', '0000-00-00', '2021-07-29', '', '', 2),
(889, 2062, '', '', 0, '2021-08-02 03:45:38', '2022-04-26 03:16:34', 2, 2, '', '', '', '0000-00-00', '0000-00-00', '2021-07-29', '', '', 2),
(890, 2061, '', '', 0, '2021-08-02 03:46:05', '2022-04-26 03:16:34', 2, 2, '', '', '', '0000-00-00', '0000-00-00', '2021-07-16', '', '', 2),
(891, 2060, '', '', 0, '2021-08-02 03:46:30', '2022-04-26 03:16:34', 2, 2, '', '', '', '0000-00-00', '0000-00-00', '2021-07-16', '', '', 2),
(892, 2059, '', '', 0, '2021-08-02 03:46:57', '2022-04-26 03:16:34', 2, 2, '', '', '', '0000-00-00', '0000-00-00', '2021-07-16', '', '', 2),
(893, 2058, '', '', 0, '2021-08-02 03:47:15', '2022-04-26 03:16:34', 2, 2, '', '', '', '0000-00-00', '0000-00-00', '2021-07-16', '', '', 2),
(894, 2057, '', '', 0, '2021-08-02 03:47:39', '2022-04-26 03:16:34', 2, 2, '', '', '', '0000-00-00', '0000-00-00', '2021-07-16', '', '', 2),
(895, 2056, '', '', 0, '2021-08-02 03:48:31', '2022-04-26 03:16:34', 2, 2, '', '', '', '0000-00-00', '0000-00-00', '2021-07-16', '', '', 2),
(896, 2055, '', '', 0, '2021-08-02 03:48:50', '2022-04-26 03:16:34', 2, 2, '', '', '', '0000-00-00', '0000-00-00', '2021-07-16', '', '', 2),
(897, 2054, '', '', 0, '2021-08-02 03:49:05', '2022-04-26 03:16:34', 2, 2, '', '', '', '0000-00-00', '0000-00-00', '2021-07-16', '', '', 2),
(898, 2053, '', '', 0, '2021-08-02 03:49:38', '2022-04-26 03:16:34', 2, 2, '', '', '', '0000-00-00', '0000-00-00', '2021-07-29', '', '', 2),
(899, 2052, '', '', 0, '2021-08-02 03:49:55', '2022-04-26 03:16:34', 2, 2, '', '', '', '0000-00-00', '0000-00-00', '2021-07-29', '', '', 2),
(900, 2051, '', '', 0, '2021-08-02 03:50:14', '2022-04-26 03:16:34', 2, 2, '', '', '', '0000-00-00', '0000-00-00', '2021-07-08', '', '', 2),
(901, 2050, '', '', 0, '2021-08-02 03:50:53', '2022-04-26 03:16:34', 2, 2, '', '', '', '0000-00-00', '0000-00-00', '2021-07-29', '', '', 2),
(902, 2049, '', '', 0, '2021-08-02 03:51:14', '2022-04-26 03:16:34', 2, 2, '', '', '', '0000-00-00', '0000-00-00', '2021-07-19', '', '', 2),
(903, 2048, '', '', 0, '2021-08-02 03:51:33', '2022-04-26 03:16:34', 2, 2, '', '', '', '0000-00-00', '0000-00-00', '2021-07-19', '', '', 2),
(904, 2047, '', '', 0, '2021-08-02 03:51:59', '2022-04-26 03:16:34', 2, 2, '', '', '', '0000-00-00', '0000-00-00', '2021-07-30', '', '', 2),
(905, 2046, '', '', 0, '2021-08-02 03:52:24', '2022-04-26 03:16:34', 2, 2, '', '', '', '0000-00-00', '0000-00-00', '2021-07-29', '', '', 2),
(906, 2045, '', '', 0, '2021-08-02 03:52:54', '2022-04-26 03:16:34', 2, 2, '', '', '', '0000-00-00', '0000-00-00', '2021-06-30', '', '', 2),
(907, 2044, '', '', 0, '2021-08-02 03:53:12', '2022-04-26 03:16:34', 2, 2, '', '', '', '0000-00-00', '0000-00-00', '2021-06-30', '', '', 2),
(908, 2043, '', '', 0, '2021-08-02 03:53:34', '2022-04-26 03:16:34', 2, 2, '', '', '', '0000-00-00', '0000-00-00', '2021-07-15', '', '', 2),
(909, 2042, '', '', 0, '2021-08-02 03:53:56', '2022-04-26 03:16:34', 2, 2, '', '', '', '0000-00-00', '0000-00-00', '2021-07-21', '', '', 2),
(910, 2041, '', '', 0, '2021-08-02 06:11:54', '2022-04-26 03:16:34', 2, 2, '', '', '', '0000-00-00', '0000-00-00', '2021-06-17', '', '', 2),
(911, 2040, '', '', 0, '2021-08-02 06:14:22', '2022-04-26 03:16:34', 2, 2, '', '', '', '0000-00-00', '0000-00-00', '2021-06-17', '', '', 2),
(912, 2039, '', '', 0, '2021-08-02 06:14:37', '2022-04-26 03:16:34', 2, 2, '', '', '', '0000-00-00', '0000-00-00', '2021-06-24', '', '', 2),
(913, 2038, '', '', 0, '2021-08-02 06:14:59', '2022-04-26 03:16:34', 2, 2, '', '', '', '0000-00-00', '0000-00-00', '2021-06-22', '', '', 2),
(914, 2037, '', '', 0, '2021-08-02 06:15:14', '2022-04-26 03:16:34', 2, 2, '', '', '', '0000-00-00', '0000-00-00', '2021-07-01', '', '', 2),
(915, 2036, '', '', 0, '2021-08-02 06:16:23', '2022-04-26 03:16:34', 2, 2, '', '', '', '0000-00-00', '0000-00-00', '2021-06-30', '', '', 2),
(916, 2035, '', '', 0, '2021-08-02 06:16:51', '2022-04-26 03:16:34', 2, 2, '', '', '', '0000-00-00', '0000-00-00', '2021-05-28', '', '', 2),
(917, 2034, '', '', 0, '2021-08-02 06:17:08', '2022-04-26 03:16:34', 2, 2, '', '', '', '0000-00-00', '0000-00-00', '2021-05-28', '', '', 2),
(918, 2033, '', '', 0, '2021-08-02 06:22:26', '2022-04-26 03:16:34', 2, 2, '', '', '', '0000-00-00', '0000-00-00', '2021-07-12', '', '', 2),
(919, 2032, '', '', 0, '2021-08-02 06:22:50', '2022-04-26 03:16:34', 2, 2, '', '', '', '0000-00-00', '0000-00-00', '2021-06-21', '', '', 2),
(920, 2031, '', '', 0, '2021-08-02 06:23:07', '2022-04-26 03:16:34', 2, 2, '', '', '', '0000-00-00', '0000-00-00', '2021-07-15', '', '', 2),
(921, 2030, '', '', 0, '2021-08-02 06:23:27', '2022-04-26 03:16:34', 2, 2, '', '', '', '0000-00-00', '0000-00-00', '2021-06-25', '', '', 2),
(922, 2029, '', '', 0, '2021-08-02 06:26:25', '2022-04-26 03:16:34', 2, 2, '', '', '', '0000-00-00', '0000-00-00', '2021-07-01', '', '', 2),
(923, 2028, '', '', 0, '2021-08-02 06:26:41', '2022-04-26 03:16:34', 2, 2, '', '', '', '0000-00-00', '0000-00-00', '2021-07-21', '', '', 2),
(924, 2027, '', '', 0, '2021-08-02 06:27:03', '2022-04-26 03:16:34', 2, 2, '', '', '', '0000-00-00', '0000-00-00', '2021-06-15', '', '', 2),
(925, 2026, '', '', 0, '2021-08-02 06:27:22', '2022-04-26 03:16:34', 2, 2, '', '', '', '0000-00-00', '0000-00-00', '2021-07-30', '', '', 2),
(926, 2025, '', '', 0, '2021-08-02 06:27:49', '2022-04-26 03:16:34', 2, 2, '', '', '', '0000-00-00', '0000-00-00', '2021-07-26', '', '', 2),
(927, 2024, '', '', 0, '2021-08-02 06:28:34', '2022-04-26 03:16:34', 2, 2, '', '', '', '0000-00-00', '0000-00-00', '2021-07-08', '', '', 2),
(928, 2023, '', '', 0, '2021-08-02 06:29:26', '2022-04-26 03:16:34', 2, 2, '', '', '', '0000-00-00', '0000-00-00', '2021-07-14', '', '', 2),
(929, 2022, '', '', 0, '2021-08-02 07:06:36', '2022-04-26 03:16:34', 2, 2, '', '', '', '0000-00-00', '0000-00-00', '2021-07-14', '', '', 2),
(930, 2021, '', '', 0, '2021-08-02 07:06:59', '2022-04-26 03:16:34', 2, 2, '', '', '', '0000-00-00', '0000-00-00', '2021-06-30', '', '', 2),
(931, 2020, '', '', 0, '2021-08-02 07:07:34', '2022-04-26 03:16:34', 2, 2, '', '', '', '0000-00-00', '0000-00-00', '2021-06-18', '', '', 2),
(932, 2019, '', '', 0, '2021-08-02 07:07:58', '2022-04-26 03:16:34', 2, 2, '', '', '', '0000-00-00', '0000-00-00', '2021-07-15', '', '', 2),
(933, 2018, '', '', 0, '2021-08-02 07:08:21', '2022-04-26 03:16:34', 2, 2, '', '', '', '0000-00-00', '0000-00-00', '2021-06-30', '', '', 2),
(934, 2017, '', '', 0, '2021-08-02 07:08:44', '2022-04-26 03:16:34', 2, 2, '', '', '', '0000-00-00', '0000-00-00', '2021-07-15', '', '', 2),
(935, 2016, '', '', 0, '2021-08-03 02:04:06', '2022-04-26 03:16:34', 2, 2, '', '', '', '0000-00-00', '0000-00-00', '2021-07-30', '', '', 2),
(936, 2015, '', '', 0, '2021-08-03 02:04:34', '2022-04-26 03:16:34', 2, 2, '', '', '', '0000-00-00', '0000-00-00', '2021-07-30', '', '', 2),
(937, 2014, '', '', 0, '2021-08-03 02:04:56', '2022-04-26 03:16:34', 2, 2, '', '', '', '0000-00-00', '0000-00-00', '2021-07-30', '', '', 2),
(938, 2013, '', '', 0, '2021-08-03 02:06:18', '2022-04-26 03:16:34', 2, 2, '', '', '', '0000-00-00', '0000-00-00', '2021-08-31', '', '', 2),
(939, 2012, '', '', 0, '2021-08-03 02:07:54', '2022-04-26 03:16:34', 2, 2, '', '', '', '0000-00-00', '0000-00-00', '2021-08-16', '', '', 2),
(940, 2011, '', '', 0, '2021-08-03 02:08:18', '2022-04-26 03:16:34', 2, 2, '', '', '', '0000-00-00', '0000-00-00', '2021-08-16', '', '', 2),
(941, 2010, '', '', 0, '2021-08-03 02:09:37', '2022-04-26 03:16:34', 2, 2, '', '', '', '0000-00-00', '0000-00-00', '2021-08-17', '', '', 2),
(942, 2009, '', '', 0, '2021-08-03 02:10:08', '2022-04-26 03:16:34', 2, 2, '', '', '', '0000-00-00', '0000-00-00', '2021-08-16', '', '', 2),
(943, 2008, '', '', 0, '2021-08-03 02:10:28', '2022-04-26 03:16:34', 2, 2, '', '', '', '0000-00-00', '0000-00-00', '2021-08-16', '', '', 2),
(944, 2007, '', '', 0, '2021-08-03 02:11:01', '2022-04-26 03:16:34', 2, 2, '', '', '', '0000-00-00', '0000-00-00', '2021-07-30', '', '', 2),
(945, 2006, '', '', 0, '2021-08-03 02:21:45', '2022-04-26 03:16:34', 2, 2, '', '', '', '0000-00-00', '0000-00-00', '2021-08-16', '', '', 2),
(946, 2005, '', '', 0, '2021-08-03 02:22:08', '2022-04-26 03:16:34', 2, 2, '', '', '', '0000-00-00', '0000-00-00', '2021-08-16', '', '', 2),
(947, 2004, '', '', 0, '2021-08-03 02:22:57', '2022-04-26 03:16:34', 2, 2, '', '', '', '0000-00-00', '0000-00-00', '2021-08-16', '', '', 2),
(948, 2003, '', '', 0, '2021-08-03 02:24:11', '2022-04-26 03:16:34', 2, 2, '', '', '', '0000-00-00', '0000-00-00', '2021-08-16', '', '', 2),
(949, 2002, '', '', 0, '2021-08-03 02:24:33', '2022-04-26 03:16:34', 2, 2, '', '', '', '0000-00-00', '0000-00-00', '2021-08-16', '', '', 2),
(950, 2001, '', '', 0, '2021-08-03 02:25:14', '2022-04-26 03:16:34', 2, 2, '', '', '', '0000-00-00', '0000-00-00', '2021-08-16', '', '', 2),
(951, 2000, '', '', 0, '2021-08-03 02:25:40', '2022-04-26 03:16:34', 2, 2, '', '', '', '0000-00-00', '0000-00-00', '2021-08-12', '', '', 2),
(952, 1999, '', '', 0, '2021-08-03 02:26:11', '2022-04-26 03:16:34', 2, 2, '', '', '', '0000-00-00', '0000-00-00', '2021-08-26', '', '', 2),
(953, 1998, '', '', 0, '2021-08-03 02:26:41', '2022-04-26 03:16:34', 2, 2, '', '', '', '0000-00-00', '0000-00-00', '2021-08-09', '', '', 2),
(954, 1997, '', '', 0, '2021-08-03 02:27:02', '2022-04-26 03:16:34', 2, 2, '', '', '', '0000-00-00', '0000-00-00', '2021-08-13', '', '', 2),
(955, 1996, '', '', 0, '2021-08-03 02:27:51', '2022-04-26 03:16:34', 2, 2, '', '', '', '0000-00-00', '0000-00-00', '2021-07-30', '', '', 2),
(956, 1995, '', '', 0, '2021-08-03 02:28:06', '2022-04-26 03:16:34', 2, 2, '', '', '', '0000-00-00', '0000-00-00', '2021-07-30', '', '', 2),
(957, 1994, '', '', 0, '2021-08-03 02:29:35', '2022-04-26 03:16:34', 2, 2, '', '', '', '0000-00-00', '0000-00-00', '2021-07-30', '', '', 2),
(958, 1993, '', '', 0, '2021-08-03 02:29:50', '2022-04-26 03:16:34', 2, 2, '', '', '', '0000-00-00', '0000-00-00', '2021-07-30', '', '', 2),
(959, 1992, '', '', 0, '2021-08-03 02:32:42', '2022-04-26 03:16:34', 2, 2, '', '', '', '0000-00-00', '0000-00-00', '2021-07-30', '', '', 2),
(960, 1991, '', '', 0, '2021-08-03 02:33:07', '2022-04-26 03:16:34', 2, 2, '', '', '', '0000-00-00', '0000-00-00', '2021-07-30', '', '', 2),
(961, 1990, '', '', 0, '2021-08-03 02:33:31', '2022-04-26 03:16:34', 2, 2, '', '', '', '0000-00-00', '0000-00-00', '2021-07-30', '', '', 2),
(962, 1989, '', '', 0, '2021-08-03 02:34:55', '2022-04-26 03:16:34', 2, 2, '', '', '', '0000-00-00', '0000-00-00', '2021-08-16', '', '', 2),
(963, 1988, '', '', 0, '2021-08-03 02:35:18', '2022-04-26 03:16:34', 2, 2, '', '', '', '0000-00-00', '0000-00-00', '2021-08-16', '', '', 2),
(964, 1987, '', '', 0, '2021-08-03 02:35:50', '2022-04-26 03:16:34', 2, 2, '', '', '', '0000-00-00', '0000-00-00', '2021-08-30', '', '', 2),
(965, 1986, '', '', 0, '2021-08-03 02:40:50', '2022-04-26 03:16:34', 2, 2, '', '', '', '0000-00-00', '0000-00-00', '2021-08-30', '', '', 2),
(966, 1985, '', '', 0, '2021-08-03 02:41:20', '2022-04-26 03:16:34', 2, 2, '', '', '', '0000-00-00', '0000-00-00', '2021-08-30', '', '', 2),
(967, 1984, '', '', 0, '2021-08-03 02:41:58', '2022-04-26 03:16:34', 2, 2, '', '', '', '0000-00-00', '0000-00-00', '2021-08-30', '', '', 2),
(968, 1983, '', '', 0, '2021-08-03 02:42:38', '2022-04-26 03:16:34', 2, 2, '', '', '', '0000-00-00', '0000-00-00', '2021-08-30', '', '', 2),
(969, 1982, '', '', 0, '2021-08-03 02:43:10', '2022-04-26 03:16:34', 2, 2, '', '', '', '0000-00-00', '0000-00-00', '2021-08-31', '', '', 2),
(970, 1981, '', '', 0, '2021-08-03 02:44:10', '2022-04-26 03:16:34', 2, 2, '', '', '', '0000-00-00', '0000-00-00', '2021-08-16', '', '', 2),
(971, 1980, '', '', 0, '2021-08-03 02:44:27', '2022-04-26 03:16:34', 2, 2, '', '', '', '0000-00-00', '0000-00-00', '2021-08-16', '', '', 2),
(972, 1979, '', '', 0, '2021-08-03 02:44:43', '2022-04-26 03:16:34', 2, 2, '', '', '', '0000-00-00', '0000-00-00', '2021-08-16', '', '', 2),
(973, 1978, '', '', 0, '2021-08-03 02:45:02', '2022-04-26 03:16:34', 2, 2, '', '', '', '0000-00-00', '0000-00-00', '2021-08-16', '', '', 2),
(974, 1977, '', '', 0, '2021-08-03 02:45:29', '2022-04-26 03:16:34', 2, 2, '', '', '', '0000-00-00', '0000-00-00', '2021-08-16', '', '', 2),
(975, 1976, '', '', 0, '2021-08-03 02:46:01', '2022-04-26 03:16:34', 2, 2, '', '', '', '0000-00-00', '0000-00-00', '2021-08-27', '', '', 2),
(976, 1975, '', '', 0, '2021-08-03 02:46:26', '2022-04-26 03:16:34', 2, 2, '', '', '', '0000-00-00', '0000-00-00', '2021-08-30', '', '', 2),
(977, 1974, '', '', 0, '2021-08-03 02:46:58', '2022-04-26 03:16:34', 2, 2, '', '', '', '0000-00-00', '0000-00-00', '2021-08-30', '', '', 2),
(978, 1973, '', '', 0, '2021-08-03 02:47:49', '2022-04-26 03:16:34', 2, 2, '', '', '', '0000-00-00', '0000-00-00', '2021-08-30', '', '', 2),
(979, 1972, '', '', 0, '2021-08-03 02:48:06', '2022-04-26 03:16:34', 2, 2, '', '', '', '0000-00-00', '0000-00-00', '2021-08-30', '', '', 2),
(980, 1971, '', '', 0, '2021-08-03 03:31:33', '2022-04-26 03:16:34', 2, 2, '', '', '', '0000-00-00', '0000-00-00', '2021-08-30', '', '', 2),
(981, 1970, '', '', 0, '2021-08-03 03:34:58', '2022-04-26 03:16:34', 2, 2, '', '', '', '0000-00-00', '0000-00-00', '2021-08-30', '', '', 2),
(982, 1969, '', '', 0, '2021-08-03 03:35:24', '2022-04-26 03:16:34', 2, 2, '', '', '', '0000-00-00', '0000-00-00', '2021-08-30', '', '', 2),
(983, 1968, '', '', 0, '2021-08-03 03:36:14', '2022-04-26 03:16:34', 2, 2, '', '', '', '0000-00-00', '0000-00-00', '2021-08-30', '', '', 2),
(984, 1967, '', '', 0, '2021-08-03 03:36:38', '2022-04-26 03:16:34', 2, 2, '', '', '', '0000-00-00', '0000-00-00', '2021-08-30', '', '', 2),
(985, 1966, '', '', 0, '2021-08-03 03:37:02', '2022-04-26 03:16:34', 2, 2, '', '', '', '0000-00-00', '0000-00-00', '2021-08-30', '', '', 2),
(986, 1965, '', '', 0, '2021-08-03 03:37:18', '2022-04-26 03:16:34', 2, 2, '', '', '', '0000-00-00', '0000-00-00', '2021-08-30', '', '', 2),
(987, 1964, '', '', 0, '2021-08-03 03:37:35', '2022-04-26 03:16:34', 2, 2, '', '', '', '0000-00-00', '0000-00-00', '2021-08-30', '', '', 2),
(988, 1963, '', '', 0, '2021-08-03 03:38:00', '2022-04-26 03:16:34', 2, 2, '', '', '', '0000-00-00', '0000-00-00', '2021-08-30', '', '', 2),
(989, 1962, '', '', 0, '2021-08-03 03:38:20', '2022-04-26 03:16:34', 2, 2, '', '', '', '0000-00-00', '0000-00-00', '2021-08-30', '', '', 2),
(990, 1961, '', '', 0, '2021-08-03 03:38:32', '2022-04-26 03:16:34', 2, 2, '', '', '', '0000-00-00', '0000-00-00', '2021-08-30', '', '', 2),
(991, 1960, '', '', 0, '2021-08-03 03:38:51', '2022-04-26 03:16:34', 2, 2, '', '', '', '0000-00-00', '0000-00-00', '2021-08-30', '', '', 2),
(992, 1959, '', '', 0, '2021-08-03 03:39:16', '2022-04-26 03:16:34', 2, 2, '', '', '', '0000-00-00', '0000-00-00', '2021-08-30', '', '', 2),
(993, 1958, '', '', 0, '2021-08-03 03:39:32', '2022-04-26 03:16:34', 2, 2, '', '', '', '0000-00-00', '0000-00-00', '2021-08-30', '', '', 2),
(994, 1957, '', '', 0, '2021-08-03 03:39:48', '2022-04-26 03:16:34', 2, 2, '', '', '', '0000-00-00', '0000-00-00', '2021-08-30', '', '', 2),
(995, 1956, '', '', 0, '2021-08-03 03:40:11', '2022-04-26 03:16:34', 2, 2, '', '', '', '0000-00-00', '0000-00-00', '2021-08-30', '', '', 2),
(996, 1955, '', '', 0, '2021-08-03 03:40:27', '2022-04-26 03:16:34', 2, 2, '', '', '', '0000-00-00', '0000-00-00', '2021-08-30', '', '', 2),
(997, 1954, '', '', 0, '2021-08-03 03:40:43', '2022-04-26 03:16:34', 2, 2, '', '', '', '0000-00-00', '0000-00-00', '2021-08-30', '', '', 2),
(998, 1953, '', '', 0, '2021-08-03 03:41:02', '2022-04-26 03:16:34', 2, 2, '', '', '', '0000-00-00', '0000-00-00', '2021-08-30', '', '', 2),
(999, 1952, '', '', 0, '2021-08-03 03:41:53', '2022-04-26 03:16:34', 2, 2, '', '', '', '0000-00-00', '0000-00-00', '2021-08-30', '', '', 2),
(1000, 1951, '', '', 0, '2021-08-03 03:42:12', '2022-04-26 03:16:34', 2, 2, '', '', '', '0000-00-00', '0000-00-00', '2021-08-30', '', '', 2),
(1001, 1950, '', '', 0, '2021-08-03 03:42:31', '2022-04-26 03:16:34', 2, 2, '', '', '', '0000-00-00', '0000-00-00', '2021-08-30', '', '', 2),
(1002, 1949, '', '', 0, '2021-08-03 03:42:52', '2022-04-26 03:16:34', 2, 2, '', '', '', '0000-00-00', '0000-00-00', '2021-08-30', '', '', 2),
(1003, 1948, '', '', 0, '2021-08-03 03:43:19', '2022-04-26 03:16:34', 2, 2, '', '', '', '0000-00-00', '0000-00-00', '2021-08-30', '', '', 2),
(1004, 1947, '', '', 0, '2021-08-03 03:43:57', '2022-04-26 03:16:34', 2, 2, '', '', '', '0000-00-00', '0000-00-00', '2021-08-20', '', '', 2),
(1005, 1946, '', '', 0, '2021-08-03 03:44:14', '2022-04-26 03:16:34', 2, 2, '', '', '', '0000-00-00', '0000-00-00', '2021-08-20', '', '', 2),
(1006, 1945, '', '', 0, '2021-08-03 03:44:29', '2022-04-26 03:16:34', 2, 2, '', '', '', '0000-00-00', '0000-00-00', '2021-08-20', '', '', 2),
(1007, 1944, '', '', 0, '2021-08-03 03:44:48', '2022-04-26 03:16:34', 2, 2, '', '', '', '0000-00-00', '0000-00-00', '2021-08-20', '', '', 2),
(1008, 1943, '', '', 0, '2021-08-03 03:45:06', '2022-04-26 03:16:34', 2, 2, '', '', '', '0000-00-00', '0000-00-00', '2021-08-20', '', '', 2),
(1009, 1942, '', '', 0, '2021-08-03 03:45:28', '2022-04-26 03:16:34', 2, 2, '', '', '', '0000-00-00', '0000-00-00', '2021-08-20', '', '', 2);
INSERT INTO `tb_huatai_trading_future` (`id`, `sort_order`, `code`, `remark`, `disabled`, `create_date`, `last_update_date`, `create_by`, `last_update_by`, `url_target`, `seo_url`, `seo_keyword`, `start_date`, `end_date`, `display_date`, `youtube_id`, `other_link`, `trading_future_category_id`) VALUES
(1010, 1941, '', '', 0, '2021-08-03 03:45:43', '2022-04-26 03:16:34', 2, 2, '', '', '', '0000-00-00', '0000-00-00', '2021-08-20', '', '', 2),
(1011, 1940, '', '', 0, '2021-08-03 03:46:12', '2022-04-26 03:16:34', 2, 2, '', '', '', '0000-00-00', '0000-00-00', '2021-08-30', '', '', 2),
(1012, 1939, '', '', 0, '2021-08-03 03:46:43', '2022-04-26 03:16:34', 2, 2, '', '', '', '0000-00-00', '0000-00-00', '2021-08-20', '', '', 2),
(1013, 1938, '', '', 0, '2021-08-03 03:47:07', '2022-04-26 03:16:34', 2, 2, '', '', '', '0000-00-00', '0000-00-00', '2021-08-20', '', '', 2),
(1014, 1937, '', '', 0, '2021-08-03 03:47:26', '2022-04-26 03:16:34', 2, 2, '', '', '', '0000-00-00', '0000-00-00', '2021-08-20', '', '', 2),
(1015, 1936, '', '', 0, '2021-08-03 03:47:44', '2022-04-26 03:16:34', 2, 2, '', '', '', '0000-00-00', '0000-00-00', '2021-08-20', '', '', 2),
(1016, 1935, '', '', 0, '2021-08-03 03:48:37', '2022-04-26 03:16:34', 2, 2, '', '', '', '0000-00-00', '0000-00-00', '2021-08-20', '', '', 2),
(1017, 1934, '', '', 0, '2021-08-03 03:49:00', '2022-04-26 03:16:34', 2, 2, '', '', '', '0000-00-00', '0000-00-00', '2021-08-30', '', '', 2),
(1018, 1933, '', '', 0, '2021-08-03 03:49:26', '2022-04-26 03:16:34', 2, 2, '', '', '', '0000-00-00', '0000-00-00', '2021-08-20', '', '', 2),
(1019, 1932, '', '', 0, '2021-08-03 03:49:44', '2022-04-26 03:16:34', 2, 2, '', '', '', '0000-00-00', '0000-00-00', '2021-08-20', '', '', 2),
(1020, 1931, '', '', 0, '2021-08-03 03:50:01', '2022-04-26 03:16:34', 2, 2, '', '', '', '0000-00-00', '0000-00-00', '2021-08-20', '', '', 2),
(1021, 1930, '', '', 0, '2021-08-03 03:50:18', '2022-04-26 03:16:34', 2, 2, '', '', '', '0000-00-00', '0000-00-00', '2021-08-30', '', '', 2),
(1022, 1929, '', '', 0, '2021-08-03 03:50:55', '2022-04-26 03:16:34', 2, 2, '', '', '', '0000-00-00', '0000-00-00', '2021-08-26', '', '', 2),
(1023, 1928, '', '', 0, '2021-08-03 03:51:13', '2022-04-26 03:16:34', 2, 2, '', '', '', '0000-00-00', '0000-00-00', '2021-08-30', '', '', 2),
(1024, 1927, '', '', 0, '2021-08-03 03:51:46', '2022-04-26 03:16:34', 2, 2, '', '', '', '0000-00-00', '0000-00-00', '2021-08-20', '', '', 2),
(1025, 1926, '', '', 0, '2021-08-03 03:52:10', '2022-04-26 03:16:34', 2, 2, '', '', '', '0000-00-00', '0000-00-00', '2021-08-27', '', '', 2),
(1026, 1925, '', '', 0, '2021-08-03 03:52:36', '2022-04-26 03:16:34', 2, 2, '', '', '', '0000-00-00', '0000-00-00', '2021-08-20', '', '', 2),
(1027, 1924, '', '', 0, '2021-08-03 03:53:03', '2022-04-26 03:16:34', 2, 2, '', '', '', '0000-00-00', '0000-00-00', '2021-08-30', '', '', 2),
(1028, 1923, '', '', 0, '2021-08-03 03:53:27', '2022-04-26 03:16:34', 2, 2, '', '', '', '0000-00-00', '0000-00-00', '2021-08-30', '', '', 2),
(1029, 1922, '', '', 0, '2021-08-03 05:37:56', '2022-04-26 03:16:34', 2, 2, '', '', '', '0000-00-00', '0000-00-00', '2021-08-20', '', '', 2),
(1030, 1921, '', '', 0, '2021-08-03 05:38:17', '2022-04-26 03:16:34', 2, 2, '', '', '', '0000-00-00', '0000-00-00', '2021-08-20', '', '', 2),
(1031, 1920, '', '', 0, '2021-08-03 05:39:02', '2022-04-26 03:16:34', 2, 2, '', '', '', '0000-00-00', '0000-00-00', '2021-08-20', '', '', 2),
(1032, 1919, '', '', 0, '2021-08-03 05:39:27', '2022-04-26 03:16:34', 2, 2, '', '', '', '0000-00-00', '0000-00-00', '2021-08-20', '', '', 2),
(1033, 1918, '', '', 0, '2021-08-03 05:39:47', '2022-04-26 03:16:34', 2, 2, '', '', '', '0000-00-00', '0000-00-00', '2021-08-20', '', '', 2),
(1034, 1917, '', '', 0, '2021-08-03 05:40:14', '2022-04-26 03:16:34', 2, 2, '', '', '', '0000-00-00', '0000-00-00', '2021-08-20', '', '', 2),
(1035, 1916, '', '', 0, '2021-08-03 05:40:33', '2022-04-26 03:16:34', 2, 2, '', '', '', '0000-00-00', '0000-00-00', '2021-08-20', '', '', 2),
(1036, 1915, '', '', 0, '2021-08-03 05:40:51', '2022-04-26 03:16:34', 2, 2, '', '', '', '0000-00-00', '0000-00-00', '2021-08-20', '', '', 2),
(1037, 1914, '', '', 0, '2021-08-03 05:42:40', '2022-04-26 03:16:34', 2, 2, '', '', '', '0000-00-00', '0000-00-00', '2021-08-30', '', '', 2),
(1038, 1913, '', '', 0, '2021-08-03 05:43:14', '2022-04-26 03:16:34', 2, 2, '', '', '', '0000-00-00', '0000-00-00', '2021-08-30', '', '', 2),
(1039, 1912, '', '', 0, '2021-08-03 05:44:22', '2022-04-26 03:16:34', 2, 2, '', '', '', '0000-00-00', '0000-00-00', '2021-08-12', '', '', 2),
(1040, 1911, '', '', 0, '2021-08-03 05:44:46', '2022-04-26 03:16:34', 2, 2, '', '', '', '0000-00-00', '0000-00-00', '2021-08-30', '', '', 2),
(1041, 1910, '', '', 0, '2021-08-03 05:45:09', '2022-04-26 03:16:34', 2, 2, '', '', '', '0000-00-00', '0000-00-00', '2021-08-16', '', '', 2),
(1042, 1909, '', '', 0, '2021-08-03 05:45:49', '2022-04-26 03:16:34', 2, 2, '', '', '', '0000-00-00', '0000-00-00', '2021-08-16', '', '', 2),
(1043, 1908, '', '', 0, '2021-08-03 05:46:13', '2022-04-26 03:16:34', 2, 2, '', '', '', '0000-00-00', '0000-00-00', '2021-08-31', '', '', 2),
(1044, 1907, '', '', 0, '2021-08-03 05:46:49', '2022-04-26 03:16:34', 2, 2, '', '', '', '0000-00-00', '0000-00-00', '2021-08-26', '', '', 2),
(1045, 1906, '', '', 0, '2021-08-03 05:47:19', '2022-04-26 03:16:34', 2, 2, '', '', '', '0000-00-00', '0000-00-00', '2021-07-30', '', '', 2),
(1046, 1905, '', '', 0, '2021-08-03 05:47:54', '2022-04-26 03:16:34', 2, 2, '', '', '', '0000-00-00', '0000-00-00', '2021-07-30', '', '', 2),
(1047, 1904, '', '', 0, '2021-08-03 05:48:13', '2022-04-26 03:16:34', 2, 2, '', '', '', '0000-00-00', '0000-00-00', '2021-08-13', '', '', 2),
(1048, 1903, '', '', 0, '2021-08-03 05:48:31', '2022-04-26 03:16:34', 2, 2, '', '', '', '0000-00-00', '0000-00-00', '2021-08-18', '', '', 2),
(1049, 1902, '', '', 0, '2021-08-03 05:49:00', '2022-04-26 03:16:34', 2, 2, '', '', '', '0000-00-00', '0000-00-00', '2021-08-12', '', '', 2),
(1050, 1901, '', '', 0, '2021-08-03 05:54:09', '2022-04-26 03:16:34', 2, 2, '', '', '', '0000-00-00', '0000-00-00', '2021-08-02', '', '', 2),
(1051, 1900, '', '', 0, '2021-08-03 05:54:24', '2022-04-26 03:16:34', 2, 2, '', '', '', '0000-00-00', '0000-00-00', '2021-08-18', '', '', 2),
(1052, 1899, '', '', 0, '2021-08-03 05:54:47', '2022-04-26 03:16:34', 2, 2, '', '', '', '0000-00-00', '0000-00-00', '2021-08-31', '', '', 2),
(1053, 1898, '', '', 0, '2021-08-03 05:55:21', '2022-04-26 03:16:34', 2, 2, '', '', '', '0000-00-00', '0000-00-00', '2021-08-26', '', '', 2),
(1054, 1897, '', '', 0, '2021-08-03 05:55:50', '2022-04-26 03:16:34', 2, 2, '', '', '', '0000-00-00', '0000-00-00', '2021-08-25', '', '', 2),
(1055, 1896, '', '', 0, '2021-08-03 05:56:54', '2022-04-26 03:16:34', 2, 2, '', '', '', '0000-00-00', '0000-00-00', '2021-08-12', '', '', 2),
(1056, 1895, '', '', 0, '2021-08-03 05:57:13', '2022-04-26 03:16:34', 2, 2, '', '', '', '0000-00-00', '0000-00-00', '2021-08-13', '', '', 2),
(1057, 1894, '', '', 0, '2021-08-03 05:57:44', '2022-04-26 03:16:34', 2, 2, '', '', '', '0000-00-00', '0000-00-00', '2021-08-13', '', '', 2),
(1058, 1893, '', '', 0, '2021-08-03 05:58:16', '2022-04-26 03:16:34', 2, 2, '', '', '', '0000-00-00', '0000-00-00', '2021-08-16', '', '', 2),
(1059, 1892, '', '', 0, '2021-08-03 05:58:36', '2022-04-26 03:16:34', 2, 2, '', '', '', '0000-00-00', '0000-00-00', '2021-08-16', '', '', 2),
(1060, 1891, '', '', 0, '2021-08-12 04:35:16', '2022-04-26 03:16:34', 2, 2, '', '', '', '0000-00-00', '0000-00-00', '2021-08-31', '', '', 2),
(1061, 1890, '', '', 0, '2021-08-12 04:36:19', '2022-04-26 03:16:34', 2, 2, '', '', '', '0000-00-00', '0000-00-00', '2021-08-31', '', '', 2),
(1062, 1889, '', '', 0, '2021-08-12 04:36:43', '2022-04-26 03:16:34', 2, 2, '', '', '', '0000-00-00', '0000-00-00', '2021-08-31', '', '', 2),
(1063, 1888, '', '', 0, '2021-08-12 04:38:22', '2022-04-26 03:16:34', 2, 2, '', '', '', '0000-00-00', '0000-00-00', '2021-08-31', '', '', 2),
(1064, 1887, '', '', 0, '2021-08-12 04:38:47', '2022-04-26 03:16:34', 2, 2, '', '', '', '0000-00-00', '0000-00-00', '2021-08-31', '', '', 2),
(1065, 1886, '', '', 0, '2021-08-12 04:39:07', '2022-04-26 03:16:34', 2, 2, '', '', '', '0000-00-00', '0000-00-00', '2021-08-31', '', '', 2),
(1066, 1885, '', '', 0, '2021-08-12 04:39:28', '2022-04-26 03:16:34', 2, 2, '', '', '', '0000-00-00', '0000-00-00', '2021-08-31', '', '', 2),
(1067, 1884, '', '', 0, '2021-08-12 04:46:47', '2022-04-26 03:16:34', 2, 2, '', '', '', '0000-00-00', '0000-00-00', '2021-08-31', '', '', 2),
(1068, 1883, '', '', 0, '2021-08-12 04:47:12', '2022-04-26 03:16:34', 2, 2, '', '', '', '0000-00-00', '0000-00-00', '2021-08-31', '', '', 2),
(1069, 1882, '', '', 0, '2021-08-12 05:58:29', '2022-04-26 03:16:34', 2, 2, '', '', '', '0000-00-00', '0000-00-00', '2021-08-31', '', '', 2),
(1070, 1881, '', '', 0, '2021-08-12 05:58:58', '2022-04-26 03:16:34', 2, 2, '', '', '', '0000-00-00', '0000-00-00', '2021-08-31', '', '', 2),
(1071, 1880, '', '', 0, '2021-08-12 05:59:16', '2022-04-26 03:16:34', 2, 2, '', '', '', '0000-00-00', '0000-00-00', '2021-08-31', '', '', 2),
(1072, 1879, '', '', 0, '2021-08-12 06:05:19', '2022-04-26 03:16:34', 2, 2, '', '', '', '0000-00-00', '0000-00-00', '2021-08-31', '', '', 2),
(1073, 1878, '', '', 0, '2021-08-12 06:05:46', '2022-04-26 03:16:34', 2, 2, '', '', '', '0000-00-00', '0000-00-00', '2021-08-31', '', '', 2),
(1074, 1877, '', '', 0, '2021-08-12 06:07:52', '2022-04-26 03:16:34', 2, 2, '', '', '', '0000-00-00', '0000-00-00', '2021-09-17', '', '', 2),
(1075, 1876, '', '', 0, '2021-08-12 06:08:30', '2022-04-26 03:16:34', 2, 2, '', '', '', '0000-00-00', '0000-00-00', '2021-09-17', '', '', 2),
(1076, 1875, '', '', 0, '2021-08-12 06:09:05', '2022-04-26 03:16:34', 2, 2, '', '', '', '0000-00-00', '0000-00-00', '2021-09-30', '', '', 2),
(1077, 1874, '', '', 0, '2021-08-12 06:35:29', '2022-04-26 03:16:34', 2, 2, '', '', '', '0000-00-00', '0000-00-00', '2021-09-13', '', '', 2),
(1078, 1873, '', '', 0, '2021-08-12 06:36:35', '2022-04-26 03:16:34', 2, 2, '', '', '', '0000-00-00', '0000-00-00', '2021-09-13', '', '', 2),
(1079, 1872, '', '', 0, '2021-08-12 06:37:01', '2022-04-26 03:16:34', 2, 2, '', '', '', '0000-00-00', '0000-00-00', '2021-09-14', '', '', 2),
(1080, 1871, '', '', 0, '2021-08-12 06:37:27', '2022-04-26 03:16:34', 2, 2, '', '', '', '0000-00-00', '0000-00-00', '2021-09-13', '', '', 2),
(1081, 1870, '', '', 0, '2021-08-12 06:38:01', '2022-04-26 03:16:34', 2, 2, '', '', '', '0000-00-00', '0000-00-00', '2021-09-13', '', '', 2),
(1082, 1869, '', '', 0, '2021-08-12 06:38:28', '2022-04-26 03:16:34', 2, 2, '', '', '', '0000-00-00', '0000-00-00', '2021-09-13', '', '', 2),
(1083, 1868, '', '', 0, '2021-08-12 06:38:55', '2022-04-26 03:16:34', 2, 2, '', '', '', '0000-00-00', '0000-00-00', '2021-09-13', '', '', 2),
(1084, 1867, '', '', 0, '2021-08-12 06:39:14', '2022-04-26 03:16:34', 2, 2, '', '', '', '0000-00-00', '0000-00-00', '2021-08-31', '', '', 2),
(1085, 1866, '', '', 0, '2021-08-12 06:39:34', '2022-04-26 03:16:34', 2, 2, '', '', '', '0000-00-00', '0000-00-00', '2021-09-13', '', '', 2),
(1086, 1865, '', '', 0, '2021-08-12 06:40:10', '2022-04-26 03:16:34', 2, 2, '', '', '', '0000-00-00', '0000-00-00', '2021-09-13', '', '', 2),
(1087, 1864, '', '', 0, '2021-08-12 06:40:36', '2022-04-26 03:16:34', 2, 2, '', '', '', '0000-00-00', '0000-00-00', '2021-09-15', '', '', 2),
(1088, 1863, '', '', 0, '2021-08-12 06:40:59', '2022-04-26 03:16:34', 2, 2, '', '', '', '0000-00-00', '0000-00-00', '2021-09-13', '', '', 2),
(1089, 1862, '', '', 0, '2021-08-12 06:41:24', '2022-04-26 03:16:34', 2, 2, '', '', '', '0000-00-00', '0000-00-00', '2021-09-13', '', '', 2),
(1090, 1861, '', '', 0, '2021-08-12 06:41:45', '2022-04-26 03:16:34', 2, 2, '', '', '', '0000-00-00', '0000-00-00', '2021-09-13', '', '', 2),
(1091, 1860, '', '', 0, '2021-08-12 06:42:15', '2022-04-26 03:16:34', 2, 2, '', '', '', '0000-00-00', '0000-00-00', '2021-09-13', '', '', 2),
(1092, 1859, '', '', 0, '2021-08-12 06:43:14', '2022-04-26 03:16:34', 2, 2, '', '', '', '0000-00-00', '0000-00-00', '2021-09-13', '', '', 2),
(1093, 1858, '', '', 0, '2021-08-12 06:43:51', '2022-04-26 03:16:34', 2, 2, '', '', '', '0000-00-00', '0000-00-00', '2021-09-13', '', '', 2),
(1094, 1857, '', '', 0, '2021-08-12 06:44:12', '2022-04-26 03:16:34', 2, 2, '', '', '', '0000-00-00', '0000-00-00', '2021-09-13', '', '', 2),
(1095, 1856, '', '', 0, '2021-08-12 06:45:21', '2022-04-26 03:16:34', 2, 2, '', '', '', '0000-00-00', '0000-00-00', '2021-09-13', '', '', 2),
(1096, 1855, '', '', 0, '2021-08-12 06:45:38', '2022-04-26 03:16:34', 2, 2, '', '', '', '0000-00-00', '0000-00-00', '2021-09-09', '', '', 2),
(1097, 1854, '', '', 0, '2021-08-12 06:46:01', '2022-04-26 03:16:34', 2, 2, '', '', '', '0000-00-00', '0000-00-00', '2021-09-09', '', '', 2),
(1098, 1853, '', '', 0, '2021-08-12 06:46:22', '2022-04-26 03:16:34', 2, 2, '', '', '', '0000-00-00', '0000-00-00', '2021-09-17', '', '', 2),
(1099, 1852, '', '', 0, '2021-08-12 06:46:39', '2022-04-26 03:16:34', 2, 2, '', '', '', '0000-00-00', '0000-00-00', '2021-09-17', '', '', 2),
(1100, 1851, '', '', 0, '2021-08-12 06:46:56', '2022-04-26 03:16:34', 2, 2, '', '', '', '0000-00-00', '0000-00-00', '2021-09-17', '', '', 2),
(1101, 1850, '', '', 0, '2021-08-12 06:47:23', '2022-04-26 03:16:34', 2, 2, '', '', '', '0000-00-00', '0000-00-00', '2021-09-17', '', '', 2),
(1102, 1849, '', '', 0, '2021-08-12 06:47:42', '2022-04-26 03:16:34', 2, 2, '', '', '', '0000-00-00', '0000-00-00', '2021-09-17', '', '', 2),
(1103, 1848, '', '', 0, '2021-08-12 06:48:01', '2022-04-26 03:16:34', 2, 2, '', '', '', '0000-00-00', '0000-00-00', '2021-09-17', '', '', 2),
(1104, 1847, '', '', 0, '2021-08-12 06:48:22', '2022-04-26 03:16:34', 2, 2, '', '', '', '0000-00-00', '0000-00-00', '2021-09-30', '', '', 2),
(1105, 1846, '', '', 0, '2021-08-13 01:40:34', '2022-04-26 03:16:34', 2, 2, '', '', '', '0000-00-00', '0000-00-00', '2021-08-31', '', '', 2),
(1106, 1845, '', '', 0, '2021-08-13 01:40:56', '2022-04-26 03:16:34', 2, 2, '', '', '', '0000-00-00', '0000-00-00', '2021-08-31', '', '', 2),
(1107, 1844, '', '', 0, '2021-08-13 01:41:20', '2022-04-26 03:16:34', 2, 2, '', '', '', '0000-00-00', '0000-00-00', '2021-08-31', '', '', 2),
(1108, 1843, '', '', 0, '2021-08-13 01:41:47', '2022-04-26 03:16:34', 2, 2, '', '', '', '0000-00-00', '0000-00-00', '2021-08-27', '', '', 2),
(1109, 1842, '', '', 0, '2021-08-13 01:42:49', '2022-04-26 03:16:34', 2, 2, '', '', '', '0000-00-00', '0000-00-00', '2021-08-20', '', '', 2),
(1110, 1841, '', '', 0, '2021-08-13 01:43:07', '2022-04-26 03:16:34', 2, 2, '', '', '', '0000-00-00', '0000-00-00', '2021-08-31', '', '', 2),
(1111, 1840, '', '', 0, '2021-08-13 01:43:26', '2022-04-26 03:16:34', 2, 2, '', '', '', '0000-00-00', '0000-00-00', '2021-08-27', '', '', 2),
(1112, 1839, '', '', 0, '2021-08-13 01:43:45', '2022-04-26 03:16:34', 2, 2, '', '', '', '0000-00-00', '0000-00-00', '2021-08-31', '', '', 2),
(1113, 1838, '', '', 0, '2021-08-13 01:44:11', '2022-04-26 03:16:34', 2, 2, '', '', '', '0000-00-00', '0000-00-00', '2021-08-31', '', '', 2),
(1114, 1837, '', '', 0, '2021-08-13 01:44:32', '2022-04-26 03:16:34', 2, 2, '', '', '', '0000-00-00', '0000-00-00', '2021-08-26', '', '', 2),
(1115, 1836, '', '', 0, '2021-08-13 01:44:58', '2022-04-26 03:16:34', 2, 2, '', '', '', '0000-00-00', '0000-00-00', '2021-08-19', '', '', 2),
(1116, 1835, '', '', 0, '2021-08-13 01:45:21', '2022-04-26 03:16:34', 2, 2, '', '', '', '0000-00-00', '0000-00-00', '2021-08-31', '', '', 2),
(1117, 1834, '', '', 0, '2021-08-13 01:45:45', '2022-04-26 03:16:34', 2, 2, '', '', '', '0000-00-00', '0000-00-00', '2021-07-30', '', '', 2),
(1118, 1833, '', '', 0, '2021-08-13 02:17:38', '2022-04-26 03:16:34', 2, 2, '', '', '', '0000-00-00', '0000-00-00', '2021-09-13', '', '', 2),
(1119, 1832, '', '', 0, '2021-08-13 02:21:19', '2022-04-26 03:16:34', 2, 2, '', '', '', '0000-00-00', '0000-00-00', '2021-09-13', '', '', 2),
(1120, 1831, '', '', 0, '2021-08-13 02:22:11', '2022-04-26 03:16:34', 2, 2, '', '', '', '0000-00-00', '0000-00-00', '2021-09-29', '', '', 2),
(1121, 1830, '', '', 0, '2021-08-13 02:22:38', '2022-04-26 03:16:34', 2, 2, '', '', '', '0000-00-00', '0000-00-00', '2021-09-29', '', '', 2),
(1122, 1829, '', '', 0, '2021-08-13 02:23:04', '2022-04-26 03:16:34', 2, 2, '', '', '', '0000-00-00', '0000-00-00', '2021-09-29', '', '', 2),
(1123, 3, '', '', 2, '2021-08-13 02:31:28', '2021-08-13 02:33:18', 2, 2, '', '', '', '0000-00-00', '0000-00-00', '2021-09-29', '', '', 2),
(1124, 1828, '', '', 0, '2021-08-13 02:32:16', '2022-04-26 03:16:34', 2, 2, '', '', '', '0000-00-00', '0000-00-00', '2021-09-29', '', '', 2),
(1125, 1827, '', '', 0, '2021-08-13 02:32:36', '2022-04-26 03:16:34', 2, 2, '', '', '', '0000-00-00', '0000-00-00', '2021-09-29', '', '', 2),
(1126, 1826, '', '', 0, '2021-08-13 02:33:48', '2022-04-26 03:16:34', 2, 2, '', '', '', '0000-00-00', '0000-00-00', '2021-09-30', '', '', 2),
(1127, 1825, '', '', 0, '2021-08-13 02:34:07', '2022-04-26 03:16:34', 2, 2, '', '', '', '0000-00-00', '0000-00-00', '2021-09-30', '', '', 2),
(1128, 1824, '', '', 0, '2021-08-13 02:35:32', '2022-04-26 03:16:34', 2, 2, '', '', '', '0000-00-00', '0000-00-00', '2021-09-20', '', '', 2),
(1129, 1823, '', '', 0, '2021-08-13 02:35:56', '2022-04-26 03:16:34', 2, 2, '', '', '', '0000-00-00', '0000-00-00', '2021-09-20', '', '', 2),
(1130, 1822, '', '', 0, '2021-08-13 02:36:16', '2022-04-26 03:16:34', 2, 2, '', '', '', '0000-00-00', '0000-00-00', '2021-09-13', '', '', 2),
(1131, 1821, '', '', 0, '2021-08-13 02:37:18', '2022-04-26 03:16:34', 2, 2, '', '', '', '0000-00-00', '0000-00-00', '2021-09-13', '', '', 2),
(1132, 1820, '', '', 0, '2021-08-13 02:37:36', '2022-04-26 03:16:34', 2, 2, '', '', '', '0000-00-00', '0000-00-00', '2021-09-13', '', '', 2),
(1133, 1819, '', '', 0, '2021-08-13 02:38:12', '2022-04-26 03:16:34', 2, 2, '', '', '', '0000-00-00', '0000-00-00', '2021-09-28', '', '', 2),
(1134, 1818, '', '', 0, '2021-08-13 02:46:37', '2022-04-26 03:16:34', 2, 2, '', '', '', '0000-00-00', '0000-00-00', '2021-09-29', '', '', 2),
(1135, 1817, '', '', 0, '2021-08-13 02:47:02', '2022-04-26 03:16:34', 2, 2, '', '', '', '0000-00-00', '0000-00-00', '2021-09-29', '', '', 2),
(1136, 1816, '', '', 0, '2021-08-13 02:47:20', '2022-04-26 03:16:34', 2, 2, '', '', '', '0000-00-00', '0000-00-00', '2021-09-29', '', '', 2),
(1137, 1815, '', '', 0, '2021-08-13 02:47:40', '2022-04-26 03:16:34', 2, 2, '', '', '', '0000-00-00', '0000-00-00', '2021-09-29', '', '', 2),
(1138, 1814, '', '', 0, '2021-08-13 02:48:01', '2022-04-26 03:16:34', 2, 2, '', '', '', '0000-00-00', '0000-00-00', '2021-09-29', '', '', 2),
(1139, 1813, '', '', 0, '2021-08-13 02:48:22', '2022-04-26 03:16:34', 2, 2, '', '', '', '0000-00-00', '0000-00-00', '2021-09-29', '', '', 2),
(1140, 1812, '', '', 0, '2021-08-13 02:48:46', '2022-04-26 03:16:34', 2, 2, '', '', '', '0000-00-00', '0000-00-00', '2021-09-29', '', '', 2),
(1141, 1811, '', '', 0, '2021-08-13 02:49:26', '2022-04-26 03:16:34', 2, 2, '', '', '', '0000-00-00', '0000-00-00', '2021-09-29', '', '', 2),
(1142, 1810, '', '', 0, '2021-08-13 02:49:46', '2022-04-26 03:16:34', 2, 2, '', '', '', '0000-00-00', '0000-00-00', '2021-09-29', '', '', 2),
(1143, 1809, '', '', 0, '2021-08-13 02:50:28', '2022-04-26 03:16:34', 2, 2, '', '', '', '0000-00-00', '0000-00-00', '2021-09-29', '', '', 2),
(1144, 1808, '', '', 0, '2021-08-13 02:50:48', '2022-04-26 03:16:34', 2, 2, '', '', '', '0000-00-00', '0000-00-00', '2021-09-29', '', '', 2),
(1145, 1807, '', '', 0, '2021-08-13 02:52:21', '2022-04-26 03:16:34', 2, 2, '', '', '', '0000-00-00', '0000-00-00', '2021-09-29', '', '', 2),
(1146, 1806, '', '', 0, '2021-08-13 06:19:06', '2022-04-26 03:16:34', 2, 2, '', '', '', '0000-00-00', '0000-00-00', '2021-09-29', '', '', 2),
(1147, 1805, '', '', 0, '2021-08-13 06:19:30', '2022-04-26 03:16:34', 2, 2, '', '', '', '0000-00-00', '0000-00-00', '2021-09-29', '', '', 2),
(1148, 1804, '', '', 0, '2021-08-13 06:20:54', '2022-04-26 03:16:34', 2, 2, '', '', '', '0000-00-00', '0000-00-00', '2021-09-29', '', '', 2),
(1149, 1803, '', '', 0, '2021-08-13 06:21:15', '2022-04-26 03:16:34', 2, 2, '', '', '', '0000-00-00', '0000-00-00', '2021-09-29', '', '', 2),
(1150, 1802, '', '', 0, '2021-08-13 06:22:08', '2022-04-26 03:16:34', 2, 2, '', '', '', '0000-00-00', '0000-00-00', '2021-09-29', '', '', 2),
(1151, 1801, '', '', 0, '2021-08-13 06:24:03', '2022-04-26 03:16:34', 2, 2, '', '', '', '0000-00-00', '0000-00-00', '2021-09-29', '', '', 2),
(1152, 1800, '', '', 0, '2021-08-13 06:25:26', '2022-04-26 03:16:34', 2, 2, '', '', '', '0000-00-00', '0000-00-00', '2021-09-29', '', '', 2),
(1153, 1799, '', '', 0, '2021-08-13 06:25:50', '2022-04-26 03:16:34', 2, 2, '', '', '', '0000-00-00', '0000-00-00', '2021-09-29', '', '', 2),
(1154, 1798, '', '', 0, '2021-08-13 06:26:49', '2022-04-26 03:16:34', 2, 2, '', '', '', '0000-00-00', '0000-00-00', '2021-09-29', '', '', 2),
(1155, 1797, '', '', 0, '2021-08-13 06:27:07', '2022-04-26 03:16:34', 2, 2, '', '', '', '0000-00-00', '0000-00-00', '2021-09-29', '', '', 2),
(1156, 1796, '', '', 0, '2021-08-13 06:27:27', '2022-04-26 03:16:34', 2, 2, '', '', '', '0000-00-00', '0000-00-00', '2021-09-29', '', '', 2),
(1157, 1795, '', '', 0, '2021-08-13 06:27:50', '2022-04-26 03:16:34', 2, 2, '', '', '', '0000-00-00', '0000-00-00', '2021-09-29', '', '', 2),
(1158, 1794, '', '', 0, '2021-08-13 06:28:11', '2022-04-26 03:16:34', 2, 2, '', '', '', '0000-00-00', '0000-00-00', '2021-09-29', '', '', 2),
(1159, 1793, '', '', 0, '2021-08-13 06:28:31', '2022-04-26 03:16:34', 2, 2, '', '', '', '0000-00-00', '0000-00-00', '2021-09-29', '', '', 2),
(1160, 1792, '', '', 0, '2021-08-13 06:28:50', '2022-04-26 03:16:34', 2, 2, '', '', '', '0000-00-00', '0000-00-00', '2021-09-29', '', '', 2),
(1161, 1791, '', '', 0, '2021-08-13 06:29:20', '2022-04-26 03:16:34', 2, 2, '', '', '', '0000-00-00', '0000-00-00', '2021-09-29', '', '', 2),
(1162, 1790, '', '', 0, '2021-08-13 06:53:00', '2022-04-26 03:16:34', 2, 2, '', '', '', '0000-00-00', '0000-00-00', '2021-09-17', '', '', 2),
(1163, 1789, '', '', 0, '2021-08-13 06:53:46', '2022-04-26 03:16:34', 2, 2, '', '', '', '0000-00-00', '0000-00-00', '2021-09-17', '', '', 2),
(1164, 1788, '', '', 0, '2021-08-13 06:54:03', '2022-04-26 03:16:34', 2, 2, '', '', '', '0000-00-00', '0000-00-00', '2021-09-17', '', '', 2),
(1165, 1787, '', '', 0, '2021-08-13 06:54:57', '2022-04-26 03:16:34', 2, 2, '', '', '', '0000-00-00', '0000-00-00', '2021-09-17', '', '', 2),
(1166, 1786, '', '', 0, '2021-08-13 06:55:16', '2022-04-26 03:16:34', 2, 2, '', '', '', '0000-00-00', '0000-00-00', '2021-09-17', '', '', 2),
(1167, 1785, '', '', 0, '2021-08-13 06:55:36', '2022-04-26 03:16:34', 2, 2, '', '', '', '0000-00-00', '0000-00-00', '2021-09-17', '', '', 2),
(1168, 1784, '', '', 0, '2021-08-13 06:55:56', '2022-04-26 03:16:34', 2, 2, '', '', '', '0000-00-00', '0000-00-00', '2021-09-17', '', '', 2),
(1169, 1783, '', '', 0, '2021-08-13 06:56:30', '2022-04-26 03:16:34', 2, 2, '', '', '', '0000-00-00', '0000-00-00', '2021-09-29', '', '', 2),
(1170, 1782, '', '', 0, '2021-08-13 06:56:55', '2022-04-26 03:16:34', 2, 2, '', '', '', '0000-00-00', '0000-00-00', '2021-09-17', '', '', 2),
(1171, 1781, '', '', 0, '2021-08-13 06:57:14', '2022-04-26 03:16:34', 2, 2, '', '', '', '0000-00-00', '0000-00-00', '2021-09-17', '', '', 2),
(1172, 1780, '', '', 0, '2021-08-13 06:57:35', '2022-04-26 03:16:34', 2, 2, '', '', '', '0000-00-00', '0000-00-00', '2021-09-17', '', '', 2),
(1173, 1779, '', '', 0, '2021-08-13 06:58:43', '2022-04-26 03:16:34', 2, 2, '', '', '', '0000-00-00', '0000-00-00', '2021-09-17', '', '', 2),
(1174, 1778, '', '', 0, '2021-08-13 06:59:00', '2022-04-26 03:16:34', 2, 2, '', '', '', '0000-00-00', '0000-00-00', '2021-09-17', '', '', 2),
(1175, 1777, '', '', 0, '2021-08-13 06:59:20', '2022-04-26 03:16:34', 2, 2, '', '', '', '0000-00-00', '0000-00-00', '2021-09-29', '', '', 2),
(1176, 1776, '', '', 0, '2021-08-13 06:59:49', '2022-04-26 03:16:34', 2, 2, '', '', '', '0000-00-00', '0000-00-00', '2021-09-17', '', '', 2),
(1177, 1775, '', '', 0, '2021-08-13 07:00:46', '2022-04-26 03:16:34', 2, 2, '', '', '', '0000-00-00', '0000-00-00', '2021-09-17', '', '', 2),
(1178, 1774, '', '', 0, '2021-08-13 07:01:06', '2022-04-26 03:16:34', 2, 2, '', '', '', '0000-00-00', '0000-00-00', '2021-09-17', '', '', 2),
(1179, 1773, '', '', 0, '2021-08-13 07:08:11', '2022-04-26 03:16:34', 2, 2, '', '', '', '0000-00-00', '0000-00-00', '2021-09-29', '', '', 2),
(1180, 1772, '', '', 0, '2021-08-13 07:08:28', '2022-04-26 03:16:34', 2, 2, '', '', '', '0000-00-00', '0000-00-00', '2021-09-30', '', '', 2),
(1181, 1771, '', '', 0, '2021-08-13 07:08:48', '2022-04-26 03:16:34', 2, 2, '', '', '', '0000-00-00', '0000-00-00', '2021-09-30', '', '', 2),
(1182, 1770, '', '', 0, '2021-08-13 07:09:28', '2022-04-26 03:16:34', 2, 2, '', '', '', '0000-00-00', '0000-00-00', '2021-09-17', '', '', 2),
(1183, 1769, '', '', 0, '2021-08-13 07:09:46', '2022-04-26 03:16:34', 2, 2, '', '', '', '0000-00-00', '0000-00-00', '2021-09-29', '', '', 2),
(1184, 1768, '', '', 0, '2021-08-13 07:10:09', '2022-04-26 03:16:34', 2, 2, '', '', '', '0000-00-00', '0000-00-00', '2021-09-17', '', '', 2),
(1185, 1767, '', '', 0, '2021-08-13 07:11:24', '2022-04-26 03:16:34', 2, 2, '', '', '', '0000-00-00', '0000-00-00', '2021-09-29', '', '', 2),
(1186, 1766, '', '', 0, '2021-08-13 07:11:46', '2022-04-26 03:16:34', 2, 2, '', '', '', '0000-00-00', '0000-00-00', '2021-09-29', '', '', 2),
(1187, 1765, '', '', 0, '2021-08-13 07:12:40', '2022-04-26 03:16:34', 2, 2, '', '', '', '0000-00-00', '0000-00-00', '2021-09-17', '', '', 2),
(1188, 1764, '', '', 0, '2021-08-13 07:14:45', '2022-04-26 03:16:34', 2, 2, '', '', '', '0000-00-00', '0000-00-00', '2021-09-17', '', '', 2),
(1189, 1763, '', '', 0, '2021-08-13 07:15:03', '2022-04-26 03:16:34', 2, 2, '', '', '', '0000-00-00', '0000-00-00', '2021-09-17', '', '', 2),
(1190, 1762, '', '', 0, '2021-08-13 07:15:22', '2022-04-26 03:16:34', 2, 2, '', '', '', '0000-00-00', '0000-00-00', '2021-09-17', '', '', 2),
(1191, 1761, '', '', 0, '2021-08-13 07:15:38', '2022-04-26 03:16:34', 2, 2, '', '', '', '0000-00-00', '0000-00-00', '2021-09-17', '', '', 2),
(1192, 1760, '', '', 0, '2021-08-13 07:16:00', '2022-04-26 03:16:34', 2, 2, '', '', '', '0000-00-00', '0000-00-00', '2021-09-17', '', '', 2),
(1193, 1759, '', '', 0, '2021-08-13 07:16:21', '2022-04-26 03:16:34', 2, 2, '', '', '', '0000-00-00', '0000-00-00', '2021-09-17', '', '', 2),
(1194, 1758, '', '', 0, '2021-08-13 07:16:37', '2022-04-26 03:16:34', 2, 2, '', '', '', '0000-00-00', '0000-00-00', '2021-09-17', '', '', 2),
(1195, 1757, '', '', 0, '2021-08-13 07:17:18', '2022-04-26 03:16:34', 2, 2, '', '', '', '0000-00-00', '0000-00-00', '2021-09-29', '', '', 2),
(1196, 1756, '', '', 0, '2021-08-13 07:17:33', '2022-04-26 03:16:34', 2, 2, '', '', '', '0000-00-00', '0000-00-00', '2021-09-29', '', '', 2),
(1197, 1755, '', '', 0, '2021-08-13 07:18:00', '2022-04-26 03:16:34', 2, 2, '', '', '', '0000-00-00', '0000-00-00', '2021-09-09', '', '', 2),
(1198, 1754, '', '', 0, '2021-08-13 07:18:32', '2022-04-26 03:16:34', 2, 2, '', '', '', '0000-00-00', '0000-00-00', '2021-09-29', '', '', 2),
(1199, 1753, '', '', 0, '2021-08-13 07:18:48', '2022-04-26 03:16:34', 2, 2, '', '', '', '0000-00-00', '0000-00-00', '2021-09-13', '', '', 2),
(1200, 1752, '', '', 0, '2021-08-13 07:19:06', '2022-04-26 03:16:34', 2, 2, '', '', '', '0000-00-00', '0000-00-00', '2021-09-13', '', '', 2),
(1201, 1751, '', '', 0, '2021-08-13 07:19:24', '2022-04-26 03:16:34', 2, 2, '', '', '', '0000-00-00', '0000-00-00', '2021-09-30', '', '', 2),
(1202, 1750, '', '', 0, '2021-08-13 07:19:41', '2022-04-26 03:16:34', 2, 2, '', '', '', '0000-00-00', '0000-00-00', '2021-09-30', '', '', 2),
(1203, 1749, '', '', 0, '2021-08-13 07:19:58', '2022-04-26 03:16:34', 2, 2, '', '', '', '0000-00-00', '0000-00-00', '2021-08-31', '', '', 2),
(1204, 1748, '', '', 0, '2021-08-13 07:20:16', '2022-04-26 03:16:34', 2, 2, '', '', '', '0000-00-00', '0000-00-00', '2021-08-31', '', '', 2),
(1205, 1747, '', '', 0, '2021-08-13 07:20:36', '2022-04-26 03:16:34', 2, 2, '', '', '', '0000-00-00', '0000-00-00', '2021-09-15', '', '', 2),
(1206, 1746, '', '', 0, '2021-08-13 07:21:58', '2022-04-26 03:16:34', 2, 2, '', '', '', '0000-00-00', '0000-00-00', '2021-09-17', '', '', 2),
(1207, 1745, '', '', 0, '2021-08-13 07:22:31', '2022-04-26 03:16:34', 2, 2, '', '', '', '0000-00-00', '0000-00-00', '2021-09-17', '', '', 2),
(1208, 1744, '', '', 0, '2021-08-13 07:22:54', '2022-04-26 03:16:34', 2, 2, '', '', '', '0000-00-00', '0000-00-00', '2021-09-17', '', '', 2),
(1209, 1743, '', '', 0, '2021-08-13 07:34:12', '2022-04-26 03:16:34', 2, 2, '', '', '', '0000-00-00', '0000-00-00', '2021-09-17', '', '', 2),
(1210, 1742, '', '', 0, '2021-08-13 07:34:31', '2022-04-26 03:16:34', 2, 2, '', '', '', '0000-00-00', '0000-00-00', '2021-09-15', '', '', 2),
(1211, 1741, '', '', 0, '2021-08-13 07:34:54', '2022-04-26 03:16:34', 2, 2, '', '', '', '0000-00-00', '0000-00-00', '2021-09-08', '', '', 2),
(1212, 1740, '', '', 0, '2021-08-13 07:35:12', '2022-04-26 03:16:34', 2, 2, '', '', '', '0000-00-00', '0000-00-00', '2021-09-08', '', '', 2),
(1213, 1739, '', '', 0, '2021-08-13 07:35:29', '2022-04-26 03:16:34', 2, 2, '', '', '', '0000-00-00', '0000-00-00', '2021-09-08', '', '', 2),
(1214, 1738, '', '', 0, '2021-08-13 07:35:46', '2022-04-26 03:16:34', 2, 2, '', '', '', '0000-00-00', '0000-00-00', '2021-09-08', '', '', 2),
(1215, 1737, '', '', 0, '2021-08-13 07:36:05', '2022-04-26 03:16:34', 2, 2, '', '', '', '0000-00-00', '0000-00-00', '2021-09-08', '', '', 2),
(1216, 1736, '', '', 0, '2021-08-13 07:36:22', '2022-04-26 03:16:34', 2, 2, '', '', '', '0000-00-00', '0000-00-00', '2021-09-08', '', '', 2),
(1217, 1735, '', '', 0, '2021-08-13 07:37:39', '2022-04-26 03:16:34', 2, 2, '', '', '', '0000-00-00', '0000-00-00', '2021-09-08', '', '', 2),
(1218, 1734, '', '', 0, '2021-08-13 07:37:56', '2022-04-26 03:16:34', 2, 2, '', '', '', '0000-00-00', '0000-00-00', '2021-09-08', '', '', 2),
(1219, 1733, '', '', 0, '2021-08-13 07:38:22', '2022-04-26 03:16:34', 2, 2, '', '', '', '0000-00-00', '0000-00-00', '2021-09-13', '', '', 2),
(1220, 1732, '', '', 0, '2021-08-13 07:38:40', '2022-04-26 03:16:34', 2, 2, '', '', '', '0000-00-00', '0000-00-00', '2021-08-18', '', '', 2),
(1221, 1731, '', '', 0, '2021-08-13 07:38:57', '2022-04-26 03:16:34', 2, 2, '', '', '', '0000-00-00', '0000-00-00', '2021-08-23', '', '', 2),
(1222, 1730, '', '', 0, '2021-08-13 07:39:14', '2022-04-26 03:16:34', 2, 2, '', '', '', '0000-00-00', '0000-00-00', '2021-09-01', '', '', 2),
(1223, 1729, '', '', 0, '2021-08-13 07:45:50', '2022-04-26 03:16:34', 2, 2, '', '', '', '0000-00-00', '0000-00-00', '2021-07-30', '', '', 2),
(1224, 1728, '', '', 0, '2021-08-13 07:46:09', '2022-04-26 03:16:34', 2, 2, '', '', '', '0000-00-00', '0000-00-00', '2021-09-13', '', '', 2),
(1225, 1727, '', '', 0, '2021-08-13 07:47:18', '2022-04-26 03:16:34', 2, 2, '', '', '', '0000-00-00', '0000-00-00', '2021-09-10', '', '', 2),
(1226, 1726, '', '', 0, '2021-08-13 07:47:38', '2022-04-26 03:16:34', 2, 2, '', '', '', '0000-00-00', '0000-00-00', '2021-08-19', '', '', 2),
(1227, 1725, '', '', 0, '2021-08-13 07:48:06', '2022-04-26 03:16:34', 2, 2, '', '', '', '0000-00-00', '0000-00-00', '2021-09-17', '', '', 2),
(1228, 1724, '', '', 0, '2021-08-13 07:48:25', '2022-04-26 03:16:34', 2, 2, '', '', '', '0000-00-00', '0000-00-00', '2021-09-15', '', '', 2),
(1229, 1723, '', '', 0, '2021-08-13 07:48:51', '2022-04-26 03:16:34', 2, 2, '', '', '', '0000-00-00', '0000-00-00', '2021-08-25', '', '', 2),
(1230, 1722, '', '', 0, '2021-08-13 07:49:28', '2022-04-26 03:16:34', 2, 2, '', '', '', '0000-00-00', '0000-00-00', '2021-09-01', '', '', 2),
(1231, 1721, '', '', 0, '2021-08-13 07:49:45', '2022-04-26 03:16:34', 2, 2, '', '', '', '0000-00-00', '0000-00-00', '2021-09-15', '', '', 2),
(1232, 1720, '', '', 0, '2021-08-13 07:50:03', '2022-04-26 03:16:34', 2, 2, '', '', '', '0000-00-00', '0000-00-00', '2021-08-13', '', '', 2),
(1233, 1719, '', '', 0, '2021-08-13 07:50:21', '2022-04-26 03:16:34', 2, 2, '', '', '', '0000-00-00', '0000-00-00', '2021-09-30', '', '', 2),
(1234, 1718, '', '', 0, '2021-08-13 07:50:51', '2022-04-26 03:16:34', 2, 2, '', '', '', '0000-00-00', '0000-00-00', '2021-09-24', '', '', 2),
(1235, 1717, '', '', 0, '2021-08-13 07:52:36', '2022-04-26 03:16:34', 2, 2, '', '', '', '0000-00-00', '0000-00-00', '2021-09-09', '', '', 2),
(1236, 1716, '', '', 0, '2021-08-13 07:52:52', '2022-04-26 03:16:34', 2, 2, '', '', '', '0000-00-00', '0000-00-00', '2021-09-09', '', '', 2),
(1237, 1715, '', '', 0, '2021-08-13 07:53:31', '2022-04-26 03:16:34', 2, 2, '', '', '', '0000-00-00', '0000-00-00', '2021-09-13', '', '', 2),
(1238, 1714, '', '', 0, '2021-08-13 07:53:52', '2022-04-26 03:16:34', 2, 2, '', '', '', '0000-00-00', '0000-00-00', '2021-09-09', '', '', 2),
(1239, 1713, '', '', 0, '2021-08-13 07:54:15', '2022-04-26 03:16:34', 2, 2, '', '', '', '0000-00-00', '0000-00-00', '2021-09-14', '', '', 2),
(1240, 1712, '', '', 0, '2021-08-13 07:54:37', '2022-04-26 03:16:34', 2, 2, '', '', '', '0000-00-00', '0000-00-00', '2021-09-14', '', '', 2),
(1241, 1711, '', '', 0, '2021-08-13 07:54:57', '2022-04-26 03:16:34', 2, 2, '', '', '', '0000-00-00', '0000-00-00', '2021-08-31', '', '', 2),
(1242, 1710, '', '', 0, '2021-08-13 07:55:20', '2022-04-26 03:16:34', 2, 2, '', '', '', '0000-00-00', '0000-00-00', '2021-08-19', '', '', 2),
(1243, 1709, '', '', 0, '2021-08-13 07:55:43', '2022-04-26 03:16:34', 2, 2, '', '', '', '0000-00-00', '0000-00-00', '2021-09-15', '', '', 2),
(1244, 1708, '', '', 0, '2021-08-13 07:56:16', '2022-04-26 03:16:34', 2, 2, '', '', '', '0000-00-00', '0000-00-00', '2021-08-31', '', '', 2),
(1245, 1707, '', '', 0, '2021-08-13 07:56:38', '2022-04-26 03:16:34', 2, 2, '', '', '', '0000-00-00', '0000-00-00', '2021-09-15', '', '', 2),
(1246, 1706, '', '', 0, '2021-09-01 03:09:36', '2022-04-26 03:16:34', 2, 2, '', '', '', '0000-00-00', '0000-00-00', '2021-09-30', '', '', 2),
(1247, 1705, '', '', 0, '2021-09-01 03:16:29', '2022-04-26 03:16:34', 2, 2, '', '', '', '0000-00-00', '0000-00-00', '2021-09-30', '', '', 2),
(1248, 1704, '', '', 0, '2021-09-01 06:43:08', '2022-04-26 03:16:34', 2, 2, '', '', '', '0000-00-00', '0000-00-00', '2021-10-29', '', '', 2),
(1249, 1703, '', '', 0, '2021-09-01 06:47:37', '2022-04-26 03:16:34', 2, 2, '', '', '', '0000-00-00', '0000-00-00', '2021-10-18', '', '', 2),
(1250, 1702, '', '', 0, '2021-09-01 06:48:45', '2022-04-26 03:16:34', 2, 2, '', '', '', '0000-00-00', '0000-00-00', '2021-10-18', '', '', 2),
(1251, 1701, '', '', 0, '2021-09-01 06:49:01', '2022-04-26 03:16:34', 2, 2, '', '', '', '0000-00-00', '0000-00-00', '2021-10-19', '', '', 2),
(1252, 1700, '', '', 0, '2021-09-01 06:49:18', '2022-04-26 03:16:34', 2, 2, '', '', '', '0000-00-00', '0000-00-00', '2021-10-18', '', '', 2),
(1253, 1699, '', '', 0, '2021-09-01 07:01:17', '2022-04-26 03:16:34', 2, 2, '', '', '', '0000-00-00', '0000-00-00', '2021-10-18', '', '', 2),
(1254, 1698, '', '', 0, '2021-09-01 07:01:37', '2022-04-26 03:16:34', 2, 2, '', '', '', '0000-00-00', '0000-00-00', '2021-09-30', '', '', 2),
(1255, 1697, '', '', 0, '2021-09-01 07:01:57', '2022-04-26 03:16:34', 2, 2, '', '', '', '0000-00-00', '0000-00-00', '2021-10-15', '', '', 2),
(1256, 1696, '', '', 0, '2021-09-01 07:02:50', '2022-04-26 03:16:34', 2, 2, '', '', '', '0000-00-00', '0000-00-00', '2021-10-18', '', '', 2),
(1257, 1695, '', '', 0, '2021-09-01 07:03:14', '2022-04-26 03:16:34', 2, 2, '', '', '', '0000-00-00', '0000-00-00', '2021-10-18', '', '', 2),
(1258, 1694, '', '', 0, '2021-09-01 07:03:33', '2022-04-26 03:16:34', 2, 2, '', '', '', '0000-00-00', '0000-00-00', '2021-10-18', '', '', 2),
(1259, 1693, '', '', 0, '2021-09-01 07:04:00', '2022-04-26 03:16:34', 2, 2, '', '', '', '0000-00-00', '0000-00-00', '2021-10-18', '', '', 2),
(1260, 1692, '', '', 0, '2021-09-01 07:04:19', '2022-04-26 03:16:34', 2, 2, '', '', '', '0000-00-00', '0000-00-00', '2021-10-18', '', '', 2),
(1261, 1691, '', '', 0, '2021-09-01 07:04:44', '2022-04-26 03:16:34', 2, 2, '', '', '', '0000-00-00', '0000-00-00', '2021-10-07', '', '', 2),
(1262, 1690, '', '', 0, '2021-09-01 07:05:52', '2022-04-26 03:16:34', 2, 2, '', '', '', '0000-00-00', '0000-00-00', '2021-10-28', '', '', 2),
(1263, 1689, '', '', 0, '2021-09-01 07:06:11', '2022-04-26 03:16:34', 2, 2, '', '', '', '0000-00-00', '0000-00-00', '2021-10-04', '', '', 2),
(1264, 1688, '', '', 0, '2021-09-01 07:06:42', '2022-04-26 03:16:34', 2, 2, '', '', '', '0000-00-00', '0000-00-00', '2021-10-14', '', '', 2),
(1265, 1687, '', '', 0, '2021-09-01 07:07:17', '2022-04-26 03:16:34', 2, 2, '', '', '', '0000-00-00', '0000-00-00', '2021-09-30', '', '', 2),
(1266, 1686, '', '', 0, '2021-09-01 07:07:54', '2022-04-26 03:16:34', 2, 2, '', '', '', '0000-00-00', '0000-00-00', '2021-09-30', '', '', 2),
(1267, 1685, '', '', 0, '2021-09-01 07:09:13', '2022-04-26 03:16:34', 2, 2, '', '', '', '0000-00-00', '0000-00-00', '2021-09-30', '', '', 2),
(1268, 1684, '', '', 0, '2021-09-01 07:10:58', '2022-04-26 03:16:34', 2, 2, '', '', '', '0000-00-00', '0000-00-00', '2021-09-28', '', '', 2),
(1269, 1683, '', '', 0, '2021-09-01 07:13:22', '2022-04-26 03:16:34', 2, 2, '', '', '', '0000-00-00', '0000-00-00', '2021-09-21', '', '', 2),
(1270, 1682, '', '', 0, '2021-09-01 07:13:51', '2022-04-26 03:16:34', 2, 2, '', '', '', '0000-00-00', '0000-00-00', '2021-09-30', '', '', 2),
(1271, 1681, '', '', 0, '2021-09-01 07:14:15', '2022-04-26 03:16:34', 2, 2, '', '', '', '0000-00-00', '0000-00-00', '2021-09-28', '', '', 2),
(1272, 1680, '', '', 0, '2021-09-01 07:14:30', '2022-04-26 03:16:34', 2, 2, '', '', '', '0000-00-00', '0000-00-00', '2021-09-30', '', '', 2),
(1273, 1679, '', '', 0, '2021-09-01 07:15:35', '2022-04-26 03:16:34', 2, 2, '', '', '', '0000-00-00', '0000-00-00', '2021-09-30', '', '', 2),
(1274, 1678, '', '', 0, '2021-09-01 07:15:54', '2022-04-26 03:16:34', 2, 2, '', '', '', '0000-00-00', '0000-00-00', '2021-09-27', '', '', 2),
(1275, 1677, '', '', 0, '2021-09-01 07:16:10', '2022-04-26 03:16:34', 2, 2, '', '', '', '0000-00-00', '0000-00-00', '2021-09-20', '', '', 2),
(1276, 1676, '', '', 0, '2021-09-01 07:16:29', '2022-04-26 03:16:34', 2, 2, '', '', '', '0000-00-00', '0000-00-00', '2021-09-30', '', '', 2),
(1277, 1675, '', '', 0, '2021-09-01 07:16:53', '2022-04-26 03:16:34', 2, 2, '', '', '', '0000-00-00', '0000-00-00', '2021-08-31', '', '', 2),
(1278, 1674, '', '', 0, '2021-09-08 05:59:45', '2022-04-26 03:16:34', 2, 2, '', '', '', '0000-00-00', '0000-00-00', '2021-10-18', '', '', 2),
(1279, 1673, '', '', 0, '2021-09-08 06:00:10', '2022-04-26 03:16:34', 2, 2, '', '', '', '0000-00-00', '0000-00-00', '2021-10-18', '', '', 2),
(1280, 1672, '', '', 0, '2021-09-08 06:00:30', '2022-04-26 03:16:34', 2, 2, '', '', '', '0000-00-00', '0000-00-00', '2021-10-29', '', '', 2),
(1281, 1671, '', '', 0, '2021-09-08 06:00:55', '2022-04-26 03:16:34', 2, 2, '', '', '', '0000-00-00', '0000-00-00', '2021-10-18', '', '', 2),
(1282, 1670, '', '', 0, '2021-09-08 06:01:16', '2022-04-26 03:16:34', 2, 2, '', '', '', '0000-00-00', '0000-00-00', '2021-10-18', '', '', 2),
(1283, 1669, '', '', 0, '2021-09-08 06:01:59', '2022-04-26 03:16:34', 2, 2, '', '', '', '0000-00-00', '0000-00-00', '2021-10-18', '', '', 2),
(1284, 1668, '', '', 0, '2021-09-08 06:03:30', '2022-04-26 03:16:34', 2, 2, '', '', '', '0000-00-00', '0000-00-00', '2021-10-18', '', '', 2),
(1285, 1667, '', '', 0, '2021-09-08 06:19:56', '2022-04-26 03:16:34', 2, 2, '', '', '', '0000-00-00', '0000-00-00', '2021-10-18', '', '', 2),
(1286, 1666, '', '', 0, '2021-09-08 06:20:22', '2022-04-26 03:16:34', 2, 2, '', '', '', '0000-00-00', '0000-00-00', '2021-10-27', '', '', 2),
(1287, 1665, '', '', 0, '2021-09-08 06:20:41', '2022-04-26 03:16:34', 2, 2, '', '', '', '0000-00-00', '0000-00-00', '2021-10-28', '', '', 2),
(1288, 1664, '', '', 0, '2021-09-08 06:21:00', '2022-04-26 03:16:34', 2, 2, '', '', '', '0000-00-00', '0000-00-00', '2021-10-28', '', '', 2),
(1289, 1663, '', '', 0, '2021-09-08 06:21:34', '2022-04-26 03:16:34', 2, 2, '', '', '', '0000-00-00', '0000-00-00', '2021-10-28', '', '', 2),
(1290, 1662, '', '', 0, '2021-09-08 06:21:59', '2022-04-26 03:16:34', 2, 2, '', '', '', '0000-00-00', '0000-00-00', '2021-10-28', '', '', 2),
(1291, 1661, '', '', 0, '2021-09-08 06:22:33', '2022-04-26 03:16:34', 2, 2, '', '', '', '0000-00-00', '0000-00-00', '2021-10-28', '', '', 2),
(1292, 1660, '', '', 0, '2021-09-08 06:23:46', '2022-04-26 03:16:34', 2, 2, '', '', '', '0000-00-00', '0000-00-00', '2021-10-28', '', '', 2),
(1293, 1659, '', '', 0, '2021-09-08 06:24:18', '2022-04-26 03:16:34', 2, 2, '', '', '', '0000-00-00', '0000-00-00', '2021-10-28', '', '', 2),
(1294, 1658, '', '', 0, '2021-09-08 06:24:49', '2022-04-26 03:16:34', 2, 2, '', '', '', '0000-00-00', '0000-00-00', '2021-10-28', '', '', 2),
(1295, 1657, '', '', 0, '2021-09-08 06:25:29', '2022-04-26 03:16:34', 2, 2, '', '', '', '0000-00-00', '0000-00-00', '2021-10-28', '', '', 2),
(1296, 1656, '', '', 0, '2021-09-08 06:25:47', '2022-04-26 03:16:34', 2, 2, '', '', '', '0000-00-00', '0000-00-00', '2021-10-28', '', '', 2),
(1297, 1655, '', '', 0, '2021-09-08 06:26:10', '2022-04-26 03:16:34', 2, 2, '', '', '', '0000-00-00', '0000-00-00', '2021-10-28', '', '', 2),
(1298, 1654, '', '', 0, '2021-09-08 06:26:34', '2022-04-26 03:16:34', 2, 2, '', '', '', '0000-00-00', '0000-00-00', '2021-10-28', '', '', 2),
(1299, 1653, '', '', 0, '2021-09-08 06:26:57', '2022-04-26 03:16:34', 2, 2, '', '', '', '0000-00-00', '0000-00-00', '2021-10-28', '', '', 2),
(1300, 1652, '', '', 0, '2021-09-08 07:15:52', '2022-04-26 03:16:34', 2, 2, '', '', '', '0000-00-00', '0000-00-00', '2021-10-28', '', '', 2),
(1301, 1651, '', '', 0, '2021-09-08 07:16:11', '2022-04-26 03:16:34', 2, 2, '', '', '', '0000-00-00', '0000-00-00', '2021-10-28', '', '', 2),
(1302, 1650, '', '', 0, '2021-09-08 07:16:51', '2022-04-26 03:16:34', 2, 2, '', '', '', '0000-00-00', '0000-00-00', '2021-10-28', '', '', 2),
(1303, 1649, '', '', 0, '2021-09-08 07:17:10', '2022-04-26 03:16:34', 2, 2, '', '', '', '0000-00-00', '0000-00-00', '2021-10-28', '', '', 2),
(1304, 1648, '', '', 0, '2021-09-08 07:18:40', '2022-04-26 03:16:34', 2, 2, '', '', '', '0000-00-00', '0000-00-00', '2021-10-28', '', '', 2),
(1305, 1647, '', '', 0, '2021-09-08 07:19:58', '2022-04-26 03:16:34', 2, 2, '', '', '', '0000-00-00', '0000-00-00', '2021-10-28', '', '', 2),
(1306, 1646, '', '', 0, '2021-09-08 07:20:18', '2022-04-26 03:16:34', 2, 2, '', '', '', '0000-00-00', '0000-00-00', '2021-10-28', '', '', 2),
(1307, 1645, '', '', 0, '2021-09-08 07:21:01', '2022-04-26 03:16:34', 2, 2, '', '', '', '0000-00-00', '0000-00-00', '2021-10-28', '', '', 2),
(1308, 1644, '', '', 0, '2021-09-08 07:21:19', '2022-04-26 03:16:34', 2, 2, '', '', '', '0000-00-00', '0000-00-00', '2021-10-28', '', '', 2),
(1309, 1643, '', '', 0, '2021-09-08 07:21:53', '2022-04-26 03:16:34', 2, 2, '', '', '', '0000-00-00', '0000-00-00', '2021-10-28', '', '', 2),
(1310, 1642, '', '', 0, '2021-09-08 07:22:23', '2022-04-26 03:16:34', 2, 2, '', '', '', '0000-00-00', '0000-00-00', '2021-10-28', '', '', 2),
(1311, 1641, '', '', 0, '2021-09-08 07:22:47', '2022-04-26 03:16:34', 2, 2, '', '', '', '0000-00-00', '0000-00-00', '2021-10-28', '', '', 2),
(1312, 1640, '', '', 0, '2021-09-08 07:24:05', '2022-04-26 03:16:34', 2, 2, '', '', '', '0000-00-00', '0000-00-00', '2021-10-28', '', '', 2),
(1313, 1639, '', '', 0, '2021-09-08 07:24:31', '2022-04-26 03:16:34', 2, 2, '', '', '', '0000-00-00', '0000-00-00', '2021-10-28', '', '', 2),
(1314, 1638, '', '', 0, '2021-09-08 07:33:22', '2022-04-26 03:16:34', 2, 2, '', '', '', '0000-00-00', '0000-00-00', '2021-10-15', '', '', 2),
(1315, 1637, '', '', 0, '2021-09-08 07:33:39', '2022-04-26 03:16:34', 2, 2, '', '', '', '0000-00-00', '0000-00-00', '2021-10-15', '', '', 2),
(1316, 1636, '', '', 0, '2021-09-08 07:34:21', '2022-04-26 03:16:34', 2, 2, '', '', '', '0000-00-00', '0000-00-00', '2021-10-15', '', '', 2),
(1317, 1635, '', '', 0, '2021-09-08 07:35:34', '2022-04-26 03:16:34', 2, 2, '', '', '', '0000-00-00', '0000-00-00', '2021-10-15', '', '', 2),
(1318, 1634, '', '', 0, '2021-09-08 07:35:57', '2022-04-26 03:16:34', 2, 2, '', '', '', '0000-00-00', '0000-00-00', '2021-10-15', '', '', 2),
(1319, 1633, '', '', 0, '2021-09-08 07:36:56', '2022-04-26 03:16:34', 2, 2, '', '', '', '0000-00-00', '0000-00-00', '2021-10-15', '', '', 2),
(1320, 1632, '', '', 0, '2021-09-08 07:37:18', '2022-04-26 03:16:34', 2, 2, '', '', '', '0000-00-00', '0000-00-00', '2021-10-15', '', '', 2),
(1321, 1631, '', '', 0, '2021-09-08 07:38:16', '2022-04-26 03:16:34', 2, 2, '', '', '', '0000-00-00', '0000-00-00', '2021-10-15', '', '', 2),
(1322, 1630, '', '', 0, '2021-09-08 07:52:11', '2022-04-26 03:16:34', 2, 2, '', '', '', '0000-00-00', '0000-00-00', '2021-10-15', '', '', 2),
(1323, 1629, '', '', 0, '2021-09-08 07:52:30', '2022-04-26 03:16:34', 2, 2, '', '', '', '0000-00-00', '0000-00-00', '2021-10-15', '', '', 2),
(1324, 1628, '', '', 0, '2021-09-08 07:52:47', '2022-04-26 03:16:34', 2, 2, '', '', '', '0000-00-00', '0000-00-00', '2021-10-15', '', '', 2),
(1325, 1627, '', '', 0, '2021-09-08 07:54:02', '2022-04-26 03:16:34', 2, 2, '', '', '', '0000-00-00', '0000-00-00', '2021-10-15', '', '', 2),
(1326, 1626, '', '', 0, '2021-09-08 07:54:23', '2022-04-26 03:16:34', 2, 2, '', '', '', '0000-00-00', '0000-00-00', '2021-10-15', '', '', 2),
(1327, 1625, '', '', 0, '2021-09-08 07:54:56', '2022-04-26 03:16:34', 2, 2, '', '', '', '0000-00-00', '0000-00-00', '2021-10-15', '', '', 2),
(1328, 1624, '', '', 0, '2021-09-08 07:55:25', '2022-04-26 03:16:34', 2, 2, '', '', '', '0000-00-00', '0000-00-00', '2021-10-15', '', '', 2),
(1329, 1623, '', '', 0, '2021-09-08 07:56:03', '2022-04-26 03:16:34', 2, 2, '', '', '', '0000-00-00', '0000-00-00', '2021-10-15', '', '', 2),
(1330, 1622, '', '', 0, '2021-09-08 07:56:23', '2022-04-26 03:16:34', 2, 2, '', '', '', '0000-00-00', '0000-00-00', '2021-10-15', '', '', 2),
(1331, 1621, '', '', 0, '2021-09-08 07:59:55', '2022-04-26 03:16:34', 2, 2, '', '', '', '0000-00-00', '0000-00-00', '2021-10-15', '', '', 2),
(1332, 1620, '', '', 0, '2021-09-08 08:00:22', '2022-04-26 03:16:34', 2, 2, '', '', '', '0000-00-00', '0000-00-00', '2021-10-15', '', '', 2),
(1333, 1619, '', '', 0, '2021-09-08 08:00:46', '2022-04-26 03:16:34', 2, 2, '', '', '', '0000-00-00', '0000-00-00', '2021-10-15', '', '', 2),
(1334, 1618, '', '', 0, '2021-09-08 08:01:06', '2022-04-26 03:16:34', 2, 2, '', '', '', '0000-00-00', '0000-00-00', '2021-10-15', '', '', 2),
(1335, 1617, '', '', 0, '2021-09-08 08:01:26', '2022-04-26 03:16:34', 2, 2, '', '', '', '0000-00-00', '0000-00-00', '2021-10-15', '', '', 2),
(1336, 1616, '', '', 0, '2021-09-08 08:01:56', '2022-04-26 03:16:34', 2, 2, '', '', '', '0000-00-00', '0000-00-00', '2021-10-15', '', '', 2),
(1337, 1615, '', '', 0, '2021-09-08 08:02:26', '2022-04-26 03:16:34', 2, 2, '', '', '', '0000-00-00', '0000-00-00', '2021-10-15', '', '', 2),
(1338, 1614, '', '', 0, '2021-09-08 08:02:59', '2022-04-26 03:16:34', 2, 2, '', '', '', '0000-00-00', '0000-00-00', '2021-10-15', '', '', 2),
(1339, 1613, '', '', 0, '2021-09-08 08:03:50', '2022-04-26 03:16:34', 2, 2, '', '', '', '0000-00-00', '0000-00-00', '2021-10-28', '', '', 2),
(1340, 1612, '', '', 0, '2021-09-08 08:04:09', '2022-04-26 03:16:34', 2, 2, '', '', '', '0000-00-00', '0000-00-00', '2021-10-28', '', '', 2),
(1341, 1611, '', '', 0, '2021-09-08 08:04:38', '2022-04-26 03:16:34', 2, 2, '', '', '', '0000-00-00', '0000-00-00', '2021-10-07', '', '', 2),
(1342, 1610, '', '', 0, '2021-09-08 08:08:56', '2022-04-26 03:16:34', 2, 2, '', '', '', '0000-00-00', '0000-00-00', '2021-10-28', '', '', 2),
(1343, 1609, '', '', 0, '2021-09-08 08:09:14', '2022-04-26 03:16:34', 2, 2, '', '', '', '0000-00-00', '0000-00-00', '2021-10-18', '', '', 2),
(1344, 1608, '', '', 0, '2021-09-08 08:09:32', '2022-04-26 03:16:34', 2, 2, '', '', '', '0000-00-00', '0000-00-00', '2021-10-18', '', '', 2),
(1345, 1607, '', '', 0, '2021-09-08 08:09:55', '2022-04-26 03:16:34', 2, 2, '', '', '', '0000-00-00', '0000-00-00', '2021-10-29', '', '', 2),
(1346, 1606, '', '', 0, '2021-09-08 08:10:15', '2022-04-26 03:16:34', 2, 2, '', '', '', '0000-00-00', '0000-00-00', '2021-10-28', '', '', 2),
(1347, 1605, '', '', 0, '2021-09-08 08:10:38', '2022-04-26 03:16:34', 2, 2, '', '', '', '0000-00-00', '0000-00-00', '2021-09-30', '', '', 2),
(1348, 1604, '', '', 0, '2021-09-08 08:10:55', '2022-04-26 03:16:34', 2, 2, '', '', '', '0000-00-00', '0000-00-00', '2021-09-30', '', '', 2),
(1349, 1603, '', '', 0, '2021-09-08 08:11:19', '2022-04-26 03:16:34', 2, 2, '', '', '', '0000-00-00', '0000-00-00', '2021-10-15', '', '', 2),
(1350, 1602, '', '', 0, '2021-09-08 08:11:38', '2022-04-26 03:16:34', 2, 2, '', '', '', '0000-00-00', '0000-00-00', '2021-10-20', '', '', 2),
(1351, 1601, '', '', 0, '2021-09-08 08:12:00', '2022-04-26 03:16:34', 2, 2, '', '', '', '0000-00-00', '0000-00-00', '2021-09-24', '', '', 2),
(1352, 1600, '', '', 0, '2021-09-08 08:12:23', '2022-04-26 03:16:34', 2, 2, '', '', '', '0000-00-00', '0000-00-00', '2021-09-30', '', '', 2),
(1353, 1599, '', '', 0, '2021-09-08 08:12:55', '2022-04-26 03:16:34', 2, 2, '', '', '', '0000-00-00', '0000-00-00', '2021-08-31', '', '', 2),
(1354, 1598, '', '', 0, '2021-09-08 08:13:16', '2022-04-26 03:16:34', 2, 2, '', '', '', '0000-00-00', '0000-00-00', '2021-08-31', '', '', 2),
(1355, 1597, '', '', 0, '2021-09-08 08:13:33', '2022-04-26 03:16:34', 2, 2, '', '', '', '0000-00-00', '0000-00-00', '2021-10-12', '', '', 2),
(1356, 1596, '', '', 0, '2021-09-08 08:13:50', '2022-04-26 03:16:34', 2, 2, '', '', '', '0000-00-00', '0000-00-00', '2021-09-20', '', '', 2),
(1357, 1595, '', '', 0, '2021-09-08 08:15:13', '2022-04-26 03:16:34', 2, 2, '', '', '', '0000-00-00', '0000-00-00', '2021-09-15', '', '', 2),
(1358, 1594, '', '', 0, '2021-09-08 08:16:12', '2022-04-26 03:16:34', 2, 2, '', '', '', '0000-00-00', '0000-00-00', '2021-10-01', '', '', 2),
(1359, 1593, '', '', 0, '2021-09-08 08:16:27', '2022-04-26 03:16:34', 2, 2, '', '', '', '0000-00-00', '0000-00-00', '2021-10-20', '', '', 2),
(1360, 1592, '', '', 0, '2021-09-08 08:16:45', '2022-04-26 03:16:34', 2, 2, '', '', '', '0000-00-00', '0000-00-00', '2021-09-15', '', '', 2),
(1361, 1591, '', '', 0, '2021-09-08 08:17:06', '2022-04-26 03:16:34', 2, 2, '', '', '', '0000-00-00', '0000-00-00', '2021-10-29', '', '', 2),
(1362, 1590, '', '', 0, '2021-09-08 08:17:34', '2022-04-26 03:16:34', 2, 2, '', '', '', '0000-00-00', '0000-00-00', '2021-10-26', '', '', 2),
(1363, 1589, '', '', 0, '2021-09-08 08:17:56', '2022-04-26 03:16:34', 2, 2, '', '', '', '0000-00-00', '0000-00-00', '2021-10-25', '', '', 2),
(1364, 1588, '', '', 0, '2021-09-08 08:18:19', '2022-04-26 03:16:34', 2, 2, '', '', '', '0000-00-00', '0000-00-00', '2021-10-07', '', '', 2);
INSERT INTO `tb_huatai_trading_future` (`id`, `sort_order`, `code`, `remark`, `disabled`, `create_date`, `last_update_date`, `create_by`, `last_update_by`, `url_target`, `seo_url`, `seo_keyword`, `start_date`, `end_date`, `display_date`, `youtube_id`, `other_link`, `trading_future_category_id`) VALUES
(1365, 1587, '', '', 0, '2021-09-08 08:18:53', '2022-04-26 03:16:34', 2, 2, '', '', '', '0000-00-00', '0000-00-00', '2021-10-21', '', '', 2),
(1366, 1586, '', '', 0, '2021-09-08 08:19:47', '2022-04-26 03:16:34', 2, 2, '', '', '', '0000-00-00', '0000-00-00', '2021-10-21', '', '', 2),
(1367, 1585, '', '', 0, '2021-09-08 08:20:13', '2022-04-26 03:16:34', 2, 2, '', '', '', '0000-00-00', '0000-00-00', '2021-09-30', '', '', 2),
(1368, 1584, '', '', 0, '2021-09-08 08:20:35', '2022-04-26 03:16:34', 2, 2, '', '', '', '0000-00-00', '0000-00-00', '2021-09-16', '', '', 2),
(1369, 1583, '', '', 0, '2021-09-08 08:21:10', '2022-04-26 03:16:34', 2, 2, '', '', '', '0000-00-00', '0000-00-00', '2021-10-15', '', '', 2),
(1370, 1582, '', '', 0, '2021-09-08 08:21:32', '2022-04-26 03:16:34', 2, 2, '', '', '', '0000-00-00', '0000-00-00', '2021-09-30', '', '', 2),
(1371, 1581, '', '', 0, '2021-09-08 08:21:50', '2022-04-26 03:16:34', 2, 2, '', '', '', '0000-00-00', '0000-00-00', '2021-10-15', '', '', 2),
(1372, 1580, '', '', 0, '2021-09-28 08:14:45', '2022-04-26 03:16:34', 2, 2, '', '', '', '0000-00-00', '0000-00-00', '2021-10-28', '', '', 2),
(1373, 1579, '', '', 0, '2021-09-28 08:15:11', '2022-04-26 03:16:34', 2, 2, '', '', '', '0000-00-00', '0000-00-00', '2021-10-28', '', '', 2),
(1374, 1578, '', '', 0, '2021-09-28 08:15:29', '2022-04-26 03:16:34', 2, 2, '', '', '', '0000-00-00', '0000-00-00', '2021-10-28', '', '', 2),
(1375, 1577, '', '', 0, '2021-09-28 08:15:51', '2022-04-26 03:16:34', 2, 2, '', '', '', '0000-00-00', '0000-00-00', '2021-10-28', '', '', 2),
(1376, 1576, '', '', 0, '2021-09-28 08:16:37', '2022-04-26 03:16:34', 2, 2, '', '', '', '0000-00-00', '0000-00-00', '2021-10-28', '', '', 2),
(1377, 1575, '', '', 0, '2021-09-28 08:17:16', '2022-04-26 03:16:34', 2, 2, '', '', '', '0000-00-00', '0000-00-00', '2021-10-28', '', '', 2),
(1378, 1574, '', '', 0, '2021-09-28 08:17:48', '2022-04-26 03:16:34', 2, 2, '', '', '', '0000-00-00', '0000-00-00', '2021-10-28', '', '', 2),
(1379, 1573, '', '', 0, '2021-09-28 08:19:31', '2022-04-26 03:16:34', 2, 2, '', '', '', '0000-00-00', '0000-00-00', '2021-10-28', '', '', 2),
(1380, 1572, '', '', 0, '2021-09-28 08:24:11', '2022-04-26 03:16:34', 2, 2, '', '', '', '0000-00-00', '0000-00-00', '2021-10-28', '', '', 2),
(1381, 1571, '', '', 0, '2021-09-28 08:24:32', '2022-04-26 03:16:34', 2, 2, '', '', '', '0000-00-00', '0000-00-00', '2021-10-28', '', '', 2),
(1382, 1570, '', '', 0, '2021-09-28 08:24:56', '2022-04-26 03:16:34', 2, 2, '', '', '', '0000-00-00', '0000-00-00', '2021-10-29', '', '', 2),
(1383, 1569, '', '', 0, '2021-09-28 08:25:29', '2022-04-26 03:16:34', 2, 2, '', '', '', '0000-00-00', '0000-00-00', '2021-10-28', '', '', 2),
(1384, 1568, '', '', 0, '2021-09-28 09:05:06', '2022-04-26 03:16:34', 2, 2, '', '', '', '0000-00-00', '0000-00-00', '2021-10-28', '', '', 2),
(1385, 1567, '', '', 0, '2021-09-28 09:06:05', '2022-04-26 03:16:34', 2, 2, '', '', '', '0000-00-00', '0000-00-00', '2021-10-28', '', '', 2),
(1386, 1566, '', '', 0, '2021-11-01 08:58:22', '2022-04-26 03:16:34', 2, 2, '', '', '', '0000-00-00', '0000-00-00', '2021-10-29', '', '', 2),
(1387, 1565, '', '', 0, '2021-11-01 08:58:43', '2022-04-26 03:16:34', 2, 2, '', '', '', '0000-00-00', '0000-00-00', '2021-10-29', '', '', 2),
(1388, 1564, '', '', 0, '2021-11-01 08:59:00', '2022-04-26 03:16:34', 2, 2, '', '', '', '0000-00-00', '0000-00-00', '2021-11-30', '', '', 2),
(1389, 1563, '', '', 0, '2021-11-01 08:59:39', '2022-04-26 03:16:34', 2, 2, '', '', '', '0000-00-00', '0000-00-00', '2021-11-15', '', '', 2),
(1390, 1562, '', '', 0, '2021-11-01 09:00:02', '2022-04-26 03:16:34', 2, 2, '', '', '', '0000-00-00', '0000-00-00', '2021-11-15', '', '', 2),
(1391, 1561, '', '', 0, '2021-11-01 09:00:28', '2022-04-26 03:16:34', 2, 2, '', '', '', '0000-00-00', '0000-00-00', '2021-11-16', '', '', 2),
(1392, 1560, '', '', 0, '2021-11-02 03:25:44', '2022-04-26 03:16:34', 2, 2, '', '', '', '0000-00-00', '0000-00-00', '2021-11-15', '', '', 2),
(1393, 1559, '', '', 0, '2021-11-02 03:26:45', '2022-04-26 03:16:34', 2, 2, '', '', '', '0000-00-00', '0000-00-00', '2021-11-15', '', '', 2),
(1394, 1558, '', '', 0, '2021-11-02 03:27:17', '2022-04-26 03:16:34', 2, 2, '', '', '', '0000-00-00', '0000-00-00', '2021-10-29', '', '', 2),
(1395, 1557, '', '', 0, '2021-11-02 03:27:36', '2022-04-26 03:16:34', 2, 2, '', '', '', '0000-00-00', '0000-00-00', '2021-11-15', '', '', 2),
(1396, 1556, '', '', 0, '2021-11-02 03:36:10', '2022-04-26 03:16:34', 2, 2, '', '', '', '0000-00-00', '0000-00-00', '2021-11-15', '', '', 2),
(1397, 1555, '', '', 0, '2021-11-02 03:36:35', '2022-04-26 03:16:34', 2, 2, '', '', '', '0000-00-00', '0000-00-00', '2021-11-15', '', '', 2),
(1398, 1554, '', '', 0, '2021-11-02 03:36:54', '2022-04-26 03:16:34', 2, 2, '', '', '', '0000-00-00', '0000-00-00', '2021-11-15', '', '', 2),
(1399, 1553, '', '', 0, '2021-11-02 03:37:46', '2022-04-26 03:16:34', 2, 2, '', '', '', '0000-00-00', '0000-00-00', '2021-11-15', '', '', 2),
(1400, 1552, '', '', 0, '2021-11-02 03:38:02', '2022-04-26 03:16:34', 2, 2, '', '', '', '0000-00-00', '0000-00-00', '2021-11-15', '', '', 2),
(1401, 1551, '', '', 0, '2021-11-02 03:38:19', '2022-04-26 03:16:34', 2, 2, '', '', '', '0000-00-00', '0000-00-00', '2021-11-11', '', '', 2),
(1402, 1550, '', '', 0, '2021-11-02 03:38:58', '2022-04-26 03:16:34', 2, 2, '', '', '', '0000-00-00', '0000-00-00', '2021-11-15', '', '', 2),
(1403, 1549, '', '', 0, '2021-11-02 03:39:13', '2022-04-26 03:16:34', 2, 2, '', '', '', '0000-00-00', '0000-00-00', '2021-11-18', '', '', 2),
(1404, 1548, '', '', 0, '2021-11-02 03:39:41', '2022-04-26 03:16:34', 2, 2, '', '', '', '0000-00-00', '0000-00-00', '2021-10-29', '', '', 2),
(1405, 1547, '', '', 0, '2021-11-02 03:39:59', '2022-04-26 03:16:34', 2, 2, '', '', '', '0000-00-00', '0000-00-00', '2021-10-29', '', '', 2),
(1406, 1546, '', '', 0, '2021-11-02 03:40:16', '2022-04-26 03:16:34', 2, 2, '', '', '', '0000-00-00', '0000-00-00', '2021-10-29', '', '', 2),
(1407, 1545, '', '', 0, '2021-11-02 07:11:42', '2022-04-26 03:16:34', 2, 2, '', '', '', '0000-00-00', '0000-00-00', '2021-10-29', '', '', 2),
(1408, 1544, '', '', 0, '2021-11-02 07:13:31', '2022-04-26 03:16:34', 2, 2, '', '', '', '0000-00-00', '0000-00-00', '2021-10-29', '', '', 2),
(1409, 1543, '', '', 0, '2021-11-02 07:13:49', '2022-04-26 03:16:34', 2, 2, '', '', '', '0000-00-00', '0000-00-00', '2021-10-29', '', '', 2),
(1410, 1542, '', '', 0, '2021-11-02 07:14:17', '2022-04-26 03:16:34', 2, 2, '', '', '', '0000-00-00', '0000-00-00', '2021-10-20', '', '', 2),
(1411, 1541, '', '', 0, '2021-11-02 07:14:35', '2022-04-26 03:16:34', 2, 2, '', '', '', '0000-00-00', '0000-00-00', '2021-10-29', '', '', 2),
(1412, 1540, '', '', 0, '2021-11-02 07:14:52', '2022-04-26 03:16:34', 2, 2, '', '', '', '0000-00-00', '0000-00-00', '2021-10-27', '', '', 2),
(1413, 1539, '', '', 0, '2021-11-02 07:15:26', '2022-04-26 03:16:34', 2, 2, '', '', '', '0000-00-00', '0000-00-00', '2021-10-29', '', '', 2),
(1414, 1538, '', '', 0, '2021-11-02 07:16:49', '2022-04-26 03:16:34', 2, 2, '', '', '', '0000-00-00', '0000-00-00', '2021-10-29', '', '', 2),
(1415, 1537, '', '', 0, '2021-11-02 07:17:08', '2022-04-26 03:16:34', 2, 2, '', '', '', '0000-00-00', '0000-00-00', '2021-10-26', '', '', 2),
(1416, 1536, '', '', 0, '2021-11-02 07:17:34', '2022-04-26 03:16:34', 2, 2, '', '', '', '0000-00-00', '0000-00-00', '2021-10-19', '', '', 2),
(1417, 1535, '', '', 0, '2021-11-02 07:18:17', '2022-04-26 03:16:34', 2, 2, '', '', '', '0000-00-00', '0000-00-00', '2021-10-29', '', '', 2),
(1418, 1534, '', '', 0, '2021-11-02 07:18:58', '2022-04-26 03:16:34', 2, 2, '', '', '', '0000-00-00', '0000-00-00', '2021-09-30', '', '', 2),
(1419, 1533, '', '', 0, '2021-11-02 07:21:15', '2022-04-26 03:16:34', 2, 2, '', '', '', '0000-00-00', '0000-00-00', '2021-11-15', '', '', 2),
(1420, 1532, '', '', 0, '2021-11-02 07:21:30', '2022-04-26 03:16:34', 2, 2, '', '', '', '0000-00-00', '0000-00-00', '2021-11-15', '', '', 2),
(1421, 1531, '', '', 0, '2021-11-02 07:21:46', '2022-04-26 03:16:34', 2, 2, '', '', '', '0000-00-00', '0000-00-00', '2021-11-29', '', '', 2),
(1422, 1530, '', '', 0, '2021-11-02 07:22:01', '2022-04-26 03:16:34', 2, 2, '', '', '', '0000-00-00', '0000-00-00', '2021-11-29', '', '', 2),
(1423, 1529, '', '', 0, '2021-11-02 07:22:38', '2022-04-26 03:16:34', 2, 2, '', '', '', '0000-00-00', '0000-00-00', '2021-11-29', '', '', 2),
(1424, 1528, '', '', 0, '2021-11-02 07:22:58', '2022-04-26 03:16:34', 2, 2, '', '', '', '0000-00-00', '0000-00-00', '2021-11-29', '', '', 2),
(1425, 1527, '', '', 0, '2021-11-02 07:23:19', '2022-04-26 03:16:34', 2, 2, '', '', '', '0000-00-00', '0000-00-00', '2021-11-29', '', '', 2),
(1426, 1526, '', '', 0, '2021-11-02 07:23:36', '2022-04-26 03:16:34', 2, 2, '', '', '', '0000-00-00', '0000-00-00', '2021-11-30', '', '', 2),
(1427, 1525, '', '', 0, '2021-11-25 01:30:03', '2022-04-26 03:16:34', 2, 2, '', '', '', '0000-00-00', '0000-00-00', '2021-11-15', '', '', 2),
(1428, 1524, '', '', 0, '2021-11-25 01:31:16', '2022-04-26 03:16:34', 2, 2, '', '', '', '0000-00-00', '0000-00-00', '2021-11-15', '', '', 2),
(1429, 1523, '', '', 0, '2021-11-25 01:31:52', '2022-04-26 03:16:34', 2, 2, '', '', '', '0000-00-00', '0000-00-00', '2021-11-15', '', '', 2),
(1430, 1522, '', '', 0, '2021-11-25 01:32:14', '2022-04-26 03:16:34', 2, 2, '', '', '', '0000-00-00', '0000-00-00', '2021-11-15', '', '', 2),
(1431, 1521, '', '', 0, '2021-11-25 01:32:53', '2022-04-26 03:16:34', 2, 2, '', '', '', '0000-00-00', '0000-00-00', '2021-11-15', '', '', 2),
(1432, 1520, '', '', 0, '2021-11-25 01:33:19', '2022-04-26 03:16:34', 2, 2, '', '', '', '0000-00-00', '0000-00-00', '2021-11-26', '', '', 2),
(1433, 1519, '', '', 0, '2021-11-25 01:41:22', '2022-04-26 03:16:34', 2, 2, '', '', '', '0000-00-00', '0000-00-00', '2021-11-29', '', '', 2),
(1434, 1518, '', '', 0, '2021-11-25 01:41:46', '2022-04-26 03:16:34', 2, 2, '', '', '', '0000-00-00', '0000-00-00', '2021-11-29', '', '', 2),
(1435, 1517, '', '', 0, '2021-11-25 01:43:06', '2022-04-26 03:16:34', 2, 2, '', '', '', '0000-00-00', '0000-00-00', '2021-11-29', '', '', 2),
(1436, 1516, '', '', 0, '2021-11-25 01:43:29', '2022-04-26 03:16:34', 2, 2, '', '', '', '0000-00-00', '0000-00-00', '2021-11-29', '', '', 2),
(1437, 1515, '', '', 0, '2021-11-25 01:43:45', '2022-04-26 03:16:34', 2, 2, '', '', '', '0000-00-00', '0000-00-00', '2021-11-29', '', '', 2),
(1438, 1514, '', '', 0, '2021-11-25 01:44:09', '2022-04-26 03:16:34', 2, 2, '', '', '', '0000-00-00', '0000-00-00', '2021-11-29', '', '', 2),
(1439, 1513, '', '', 0, '2021-11-25 01:44:35', '2022-04-26 03:16:34', 2, 2, '', '', '', '0000-00-00', '0000-00-00', '2021-11-29', '', '', 2),
(1440, 1512, '', '', 0, '2021-11-25 01:51:58', '2022-04-26 03:16:34', 2, 2, '', '', '', '0000-00-00', '0000-00-00', '2021-11-29', '', '', 2),
(1441, 1511, '', '', 0, '2021-11-25 01:52:26', '2022-04-26 03:16:34', 2, 2, '', '', '', '0000-00-00', '0000-00-00', '2021-11-29', '', '', 2),
(1442, 1510, '', '', 0, '2021-11-25 01:52:47', '2022-04-26 03:16:34', 2, 2, '', '', '', '0000-00-00', '0000-00-00', '2021-11-29', '', '', 2),
(1443, 1509, '', '', 0, '2021-11-25 01:56:02', '2022-04-26 03:16:34', 2, 2, '', '', '', '0000-00-00', '0000-00-00', '2021-11-29', '', '', 2),
(1444, 1508, '', '', 0, '2021-11-25 01:56:41', '2022-04-26 03:16:34', 2, 2, '', '', '', '0000-00-00', '0000-00-00', '2021-11-29', '', '', 2),
(1445, 1507, '', '', 0, '2021-11-25 01:57:01', '2022-04-26 03:16:34', 2, 2, '', '', '', '0000-00-00', '0000-00-00', '2021-11-29', '', '', 2),
(1446, 1506, '', '', 0, '2021-11-25 01:58:00', '2022-04-26 03:16:34', 2, 2, '', '', '', '0000-00-00', '0000-00-00', '2021-11-29', '', '', 2),
(1447, 1505, '', '', 0, '2021-11-25 02:21:56', '2022-04-26 03:16:34', 2, 2, '', '', '', '0000-00-00', '0000-00-00', '2021-11-29', '', '', 2),
(1448, 1504, '', '', 0, '2021-11-25 02:22:25', '2022-04-26 03:16:34', 2, 2, '', '', '', '0000-00-00', '0000-00-00', '2021-11-29', '', '', 2),
(1449, 1503, '', '', 0, '2021-11-25 02:22:47', '2022-04-26 03:16:34', 2, 2, '', '', '', '0000-00-00', '0000-00-00', '2021-11-29', '', '', 2),
(1450, 1502, '', '', 0, '2021-11-25 02:23:09', '2022-04-26 03:16:34', 2, 2, '', '', '', '0000-00-00', '0000-00-00', '2021-11-29', '', '', 2),
(1451, 1501, '', '', 0, '2021-11-25 02:23:27', '2022-04-26 03:16:34', 2, 2, '', '', '', '0000-00-00', '0000-00-00', '2021-11-29', '', '', 2),
(1452, 1500, '', '', 0, '2021-11-25 02:23:51', '2022-04-26 03:16:34', 2, 2, '', '', '', '0000-00-00', '0000-00-00', '2021-11-29', '', '', 2),
(1453, 1499, '', '', 0, '2021-11-25 02:31:15', '2022-04-26 03:16:34', 2, 2, '', '', '', '0000-00-00', '0000-00-00', '2021-11-29', '', '', 2),
(1454, 1498, '', '', 0, '2021-11-25 02:31:39', '2022-04-26 03:16:34', 2, 2, '', '', '', '0000-00-00', '0000-00-00', '2021-11-29', '', '', 2),
(1455, 1497, '', '', 0, '2021-11-25 02:32:23', '2022-04-26 03:16:34', 2, 2, '', '', '', '0000-00-00', '0000-00-00', '2021-11-29', '', '', 2),
(1456, 1496, '', '', 0, '2021-11-25 02:32:49', '2022-04-26 03:16:34', 2, 2, '', '', '', '0000-00-00', '0000-00-00', '2021-11-29', '', '', 2),
(1457, 1495, '', '', 0, '2021-11-25 02:33:41', '2022-04-26 03:16:34', 2, 2, '', '', '', '0000-00-00', '0000-00-00', '2021-11-29', '', '', 2),
(1458, 1494, '', '', 0, '2021-11-25 02:34:00', '2022-04-26 03:16:34', 2, 2, '', '', '', '0000-00-00', '0000-00-00', '2021-11-29', '', '', 2),
(1459, 1493, '', '', 0, '2021-11-25 02:34:20', '2022-04-26 03:16:34', 2, 2, '', '', '', '0000-00-00', '0000-00-00', '2021-11-29', '', '', 2),
(1460, 1492, '', '', 0, '2021-11-25 02:34:38', '2022-04-26 03:16:34', 2, 2, '', '', '', '0000-00-00', '0000-00-00', '2021-11-29', '', '', 2),
(1461, 1491, '', '', 0, '2021-11-25 02:35:07', '2022-04-26 03:16:34', 2, 2, '', '', '', '0000-00-00', '0000-00-00', '2021-11-29', '', '', 2),
(1462, 1490, '', '', 0, '2021-11-25 02:36:41', '2022-04-26 03:16:34', 2, 2, '', '', '', '0000-00-00', '0000-00-00', '2021-11-19', '', '', 2),
(1463, 1489, '', '', 0, '2021-11-25 02:37:07', '2022-04-26 03:16:34', 2, 2, '', '', '', '0000-00-00', '0000-00-00', '2021-11-19', '', '', 2),
(1464, 1488, '', '', 0, '2021-11-25 02:37:35', '2022-04-26 03:16:34', 2, 2, '', '', '', '0000-00-00', '0000-00-00', '2021-11-19', '', '', 2),
(1465, 1487, '', '', 0, '2021-11-25 02:37:56', '2022-04-26 03:16:34', 2, 2, '', '', '', '0000-00-00', '0000-00-00', '2021-11-19', '', '', 2),
(1466, 1486, '', '', 0, '2021-11-25 02:40:45', '2022-04-26 03:16:34', 2, 2, '', '', '', '0000-00-00', '0000-00-00', '2021-11-19', '', '', 2),
(1467, 1485, '', '', 0, '2021-11-25 02:41:29', '2022-04-26 03:16:34', 2, 2, '', '', '', '0000-00-00', '0000-00-00', '2021-11-19', '', '', 2),
(1468, 1484, '', '', 0, '2021-11-25 02:41:46', '2022-04-26 03:16:34', 2, 2, '', '', '', '0000-00-00', '0000-00-00', '2021-11-19', '', '', 2),
(1469, 1483, '', '', 0, '2021-11-25 02:42:18', '2022-04-26 03:16:34', 2, 2, '', '', '', '0000-00-00', '0000-00-00', '2021-11-29', '', '', 2),
(1470, 1482, '', '', 0, '2021-11-25 02:46:38', '2022-04-26 03:16:34', 2, 2, '', '', '', '0000-00-00', '0000-00-00', '2021-11-19', '', '', 2),
(1471, 1481, '', '', 0, '2021-11-25 02:47:06', '2022-04-26 03:16:34', 2, 2, '', '', '', '0000-00-00', '0000-00-00', '2021-11-29', '', '', 2),
(1472, 1480, '', '', 0, '2021-11-25 02:47:26', '2022-04-26 03:16:34', 2, 2, '', '', '', '0000-00-00', '0000-00-00', '2021-11-19', '', '', 2),
(1473, 1479, '', '', 0, '2021-11-25 02:47:47', '2022-04-26 03:16:34', 2, 2, '', '', '', '0000-00-00', '0000-00-00', '2021-11-19', '', '', 2),
(1474, 1478, '', '', 0, '2021-11-25 03:01:50', '2022-04-26 03:16:34', 2, 2, '', '', '', '0000-00-00', '0000-00-00', '2021-11-19', '', '', 2),
(1475, 1477, '', '', 0, '2021-11-25 03:02:12', '2022-04-26 03:16:34', 2, 2, '', '', '', '0000-00-00', '0000-00-00', '2021-11-19', '', '', 2),
(1476, 1476, '', '', 0, '2021-11-25 03:02:35', '2022-04-26 03:16:34', 2, 2, '', '', '', '0000-00-00', '0000-00-00', '2021-11-29', '', '', 2),
(1477, 1475, '', '', 0, '2021-11-25 03:03:07', '2022-04-26 03:16:34', 2, 2, '', '', '', '0000-00-00', '0000-00-00', '2021-11-19', '', '', 2),
(1478, 1474, '', '', 0, '2021-11-25 03:03:25', '2022-04-26 03:16:34', 2, 2, '', '', '', '0000-00-00', '0000-00-00', '2021-11-19', '', '', 2),
(1479, 1473, '', '', 0, '2021-11-25 03:03:57', '2022-04-26 03:16:34', 2, 2, '', '', '', '0000-00-00', '0000-00-00', '2021-11-19', '', '', 2),
(1480, 1472, '', '', 0, '2021-11-25 03:04:22', '2022-04-26 03:16:34', 2, 2, '', '', '', '0000-00-00', '0000-00-00', '2021-11-29', '', '', 2),
(1481, 1471, '', '', 0, '2021-11-25 03:04:49', '2022-04-26 03:16:34', 2, 2, '', '', '', '0000-00-00', '0000-00-00', '2021-11-25', '', '', 2),
(1482, 1470, '', '', 0, '2021-11-25 03:05:08', '2022-04-26 03:16:34', 2, 2, '', '', '', '0000-00-00', '0000-00-00', '2021-11-30', '', '', 2),
(1483, 1469, '', '', 0, '2021-11-25 03:05:30', '2022-04-26 03:16:34', 2, 2, '', '', '', '0000-00-00', '0000-00-00', '2021-11-19', '', '', 2),
(1484, 1468, '', '', 0, '2021-11-25 03:05:49', '2022-04-26 03:16:34', 2, 2, '', '', '', '0000-00-00', '0000-00-00', '2021-11-29', '', '', 2),
(1485, 1467, '', '', 0, '2021-11-25 03:06:11', '2022-04-26 03:16:34', 2, 2, '', '', '', '0000-00-00', '0000-00-00', '2021-11-19', '', '', 2),
(1486, 1466, '', '', 0, '2021-11-25 03:06:30', '2022-04-26 03:16:34', 2, 2, '', '', '', '0000-00-00', '0000-00-00', '2021-11-29', '', '', 2),
(1487, 1465, '', '', 0, '2021-11-25 03:06:52', '2022-04-26 03:16:34', 2, 2, '', '', '', '0000-00-00', '0000-00-00', '2021-11-29', '', '', 2),
(1488, 1464, '', '', 0, '2021-11-25 03:07:16', '2022-04-26 03:16:34', 2, 2, '', '', '', '0000-00-00', '0000-00-00', '2021-11-19', '', '', 2),
(1489, 1463, '', '', 0, '2021-11-25 03:08:13', '2022-04-26 03:16:34', 2, 2, '', '', '', '0000-00-00', '0000-00-00', '2021-11-19', '', '', 2),
(1490, 1462, '', '', 0, '2021-11-25 03:08:36', '2022-04-26 03:16:34', 2, 2, '', '', '', '0000-00-00', '0000-00-00', '2021-11-19', '', '', 2),
(1491, 1461, '', '', 0, '2021-11-25 03:08:55', '2022-04-26 03:16:34', 2, 2, '', '', '', '0000-00-00', '0000-00-00', '2021-11-19', '', '', 2),
(1492, 1460, '', '', 0, '2021-11-25 03:09:17', '2022-04-26 03:16:34', 2, 2, '', '', '', '0000-00-00', '0000-00-00', '2021-11-19', '', '', 2),
(1493, 1459, '', '', 0, '2021-11-25 03:09:33', '2022-04-26 03:16:34', 2, 2, '', '', '', '0000-00-00', '0000-00-00', '2021-11-19', '', '', 2),
(1494, 1458, '', '', 0, '2021-11-25 03:10:08', '2022-04-26 03:16:34', 2, 2, '', '', '', '0000-00-00', '0000-00-00', '2021-11-19', '', '', 2),
(1495, 1457, '', '', 0, '2021-11-25 03:10:30', '2022-04-26 03:16:34', 2, 2, '', '', '', '0000-00-00', '0000-00-00', '2021-11-19', '', '', 2),
(1496, 1456, '', '', 0, '2021-11-25 03:10:46', '2022-04-26 03:16:34', 2, 2, '', '', '', '0000-00-00', '0000-00-00', '2021-11-19', '', '', 2),
(1497, 1455, '', '', 0, '2021-11-25 03:11:19', '2022-04-26 03:16:34', 2, 2, '', '', '', '0000-00-00', '0000-00-00', '2021-11-29', '', '', 2),
(1498, 1454, '', '', 0, '2021-11-25 03:11:37', '2022-04-26 03:16:34', 2, 2, '', '', '', '0000-00-00', '0000-00-00', '2021-11-29', '', '', 2),
(1499, 1453, '', '', 0, '2021-11-25 03:12:01', '2022-04-26 03:16:34', 2, 2, '', '', '', '0000-00-00', '0000-00-00', '2021-11-11', '', '', 2),
(1500, 1452, '', '', 0, '2021-11-25 03:12:18', '2022-04-26 03:16:34', 2, 2, '', '', '', '0000-00-00', '0000-00-00', '2021-11-29', '', '', 2),
(1501, 1451, '', '', 0, '2021-11-25 03:12:38', '2022-04-26 03:16:34', 2, 2, '', '', '', '0000-00-00', '0000-00-00', '2021-11-15', '', '', 2),
(1502, 1450, '', '', 0, '2021-11-25 03:12:58', '2022-04-26 03:16:34', 2, 2, '', '', '', '0000-00-00', '0000-00-00', '2021-11-15', '', '', 2),
(1503, 1449, '', '', 0, '2021-11-25 03:13:14', '2022-04-26 03:16:34', 2, 2, '', '', '', '0000-00-00', '0000-00-00', '2021-11-30', '', '', 2),
(1504, 1448, '', '', 0, '2021-11-25 03:13:28', '2022-04-26 03:16:34', 2, 2, '', '', '', '0000-00-00', '0000-00-00', '2021-11-25', '', '', 2),
(1505, 1447, '', '', 0, '2021-11-25 03:13:50', '2022-04-26 03:16:34', 2, 2, '', '', '', '0000-00-00', '0000-00-00', '2021-10-29', '', '', 2),
(1506, 1446, '', '', 0, '2021-11-25 03:14:06', '2022-04-26 03:16:34', 2, 2, '', '', '', '0000-00-00', '0000-00-00', '2021-10-29', '', '', 2),
(1507, 1445, '', '', 0, '2021-11-25 03:14:25', '2022-04-26 03:16:34', 2, 2, '', '', '', '0000-00-00', '0000-00-00', '2021-11-15', '', '', 2),
(1508, 1444, '', '', 0, '2021-11-25 03:14:45', '2022-04-26 03:16:34', 2, 2, '', '', '', '0000-00-00', '0000-00-00', '2021-11-17', '', '', 2),
(1509, 1443, '', '', 0, '2021-11-25 03:15:07', '2022-04-26 03:16:34', 2, 2, '', '', '', '0000-00-00', '0000-00-00', '2021-11-01', '', '', 2),
(1510, 1442, '', '', 0, '2021-11-25 03:15:27', '2022-04-26 03:16:34', 2, 2, '', '', '', '0000-00-00', '0000-00-00', '2021-09-30', '', '', 2),
(1511, 1441, '', '', 0, '2021-11-25 03:15:41', '2022-04-26 03:16:34', 2, 2, '', '', '', '0000-00-00', '0000-00-00', '2021-09-30', '', '', 2),
(1512, 1440, '', '', 0, '2021-11-25 03:15:56', '2022-04-26 03:16:34', 2, 2, '', '', '', '0000-00-00', '0000-00-00', '2021-09-30', '', '', 2),
(1513, 1439, '', '', 0, '2021-11-25 03:16:12', '2022-04-26 03:16:34', 2, 2, '', '', '', '0000-00-00', '0000-00-00', '2021-11-11', '', '', 2),
(1514, 1438, '', '', 0, '2021-11-25 03:16:32', '2022-04-26 03:16:34', 2, 2, '', '', '', '0000-00-00', '0000-00-00', '2021-10-19', '', '', 2),
(1515, 1437, '', '', 0, '2021-11-25 03:16:52', '2022-04-26 03:16:34', 2, 2, '', '', '', '0000-00-00', '0000-00-00', '2021-10-26', '', '', 2),
(1516, 1436, '', '', 0, '2021-11-25 03:17:24', '2022-04-26 03:16:34', 2, 2, '', '', '', '0000-00-00', '0000-00-00', '2021-11-01', '', '', 2),
(1517, 1435, '', '', 0, '2021-11-25 03:17:39', '2022-04-26 03:16:34', 2, 2, '', '', '', '0000-00-00', '0000-00-00', '2021-11-17', '', '', 2),
(1518, 1434, '', '', 0, '2021-11-25 03:17:57', '2022-04-26 03:16:34', 2, 2, '', '', '', '0000-00-00', '0000-00-00', '2021-10-15', '', '', 2),
(1519, 1433, '', '', 0, '2021-11-25 03:18:13', '2022-04-26 03:16:34', 2, 2, '', '', '', '0000-00-00', '0000-00-00', '2021-11-30', '', '', 2),
(1520, 1432, '', '', 0, '2021-11-25 03:18:40', '2022-04-26 03:16:34', 2, 2, '', '', '', '0000-00-00', '0000-00-00', '2021-11-24', '', '', 2),
(1521, 1431, '', '', 0, '2021-11-25 03:18:55', '2022-04-26 03:16:34', 2, 2, '', '', '', '0000-00-00', '0000-00-00', '2021-11-11', '', '', 2),
(1522, 1430, '', '', 0, '2021-11-25 03:19:15', '2022-04-26 03:16:34', 2, 2, '', '', '', '0000-00-00', '0000-00-00', '2021-11-12', '', '', 2),
(1523, 1429, '', '', 0, '2021-11-25 03:19:32', '2022-04-26 03:16:34', 2, 2, '', '', '', '0000-00-00', '0000-00-00', '2021-11-12', '', '', 2),
(1524, 1428, '', '', 0, '2021-11-25 03:24:23', '2022-04-26 03:16:34', 2, 2, '', '', '', '0000-00-00', '0000-00-00', '2021-10-29', '', '', 2),
(1525, 1427, '', '', 0, '2021-11-25 03:24:46', '2022-04-26 03:16:34', 2, 2, '', '', '', '0000-00-00', '0000-00-00', '2021-10-19', '', '', 2),
(1526, 1426, '', '', 0, '2021-11-25 03:25:27', '2022-04-26 03:16:34', 2, 2, '', '', '', '0000-00-00', '0000-00-00', '2021-11-15', '', '', 2),
(1527, 1425, '', '', 0, '2021-11-25 03:25:42', '2022-04-26 03:16:34', 2, 2, '', '', '', '0000-00-00', '0000-00-00', '2021-10-29', '', '', 2),
(1528, 1424, '', '', 0, '2021-11-25 03:26:08', '2022-04-26 03:16:34', 2, 2, '', '', '', '0000-00-00', '0000-00-00', '2021-10-29', '', '', 2),
(1529, 1423, '', '', 0, '2021-11-25 03:26:24', '2022-04-26 03:16:34', 2, 2, '', '', '', '0000-00-00', '0000-00-00', '2021-11-15', '', '', 2),
(1530, 1422, '', '', 0, '2021-11-30 00:58:42', '2022-04-26 03:16:34', 2, 2, '', '', '', '0000-00-00', '0000-00-00', '2021-11-30', '', '', 2),
(1531, 1421, '', '', 0, '2021-11-30 01:01:58', '2022-04-26 03:16:34', 2, 2, '', '', '', '0000-00-00', '0000-00-00', '2021-11-30', '', '', 2),
(1532, 1420, '', '', 0, '2021-11-30 01:02:17', '2022-04-26 03:16:34', 2, 2, '', '', '', '0000-00-00', '0000-00-00', '2021-11-30', '', '', 2),
(1533, 1419, '', '', 0, '2021-11-30 01:02:34', '2022-04-26 03:16:34', 2, 2, '', '', '', '0000-00-00', '0000-00-00', '2021-11-30', '', '', 2),
(1534, 1418, '', '', 0, '2021-11-30 01:02:47', '2022-04-26 03:16:34', 2, 2, '', '', '', '0000-00-00', '0000-00-00', '2021-11-30', '', '', 2),
(1535, 1417, '', '', 0, '2021-11-30 01:03:01', '2022-04-26 03:16:34', 2, 2, '', '', '', '0000-00-00', '0000-00-00', '2021-11-30', '', '', 2),
(1536, 1416, '', '', 0, '2021-11-30 01:03:19', '2022-04-26 03:16:34', 2, 2, '', '', '', '0000-00-00', '0000-00-00', '2021-12-30', '', '', 2),
(1537, 1415, '', '', 0, '2021-11-30 01:09:50', '2022-04-26 03:16:34', 2, 2, '', '', '', '0000-00-00', '0000-00-00', '2021-12-13', '', '', 2),
(1538, 1414, '', '', 0, '2021-11-30 01:10:14', '2022-04-26 03:16:34', 2, 2, '', '', '', '0000-00-00', '0000-00-00', '2021-12-13', '', '', 2),
(1539, 1413, '', '', 0, '2021-11-30 01:11:51', '2022-04-26 03:16:34', 2, 2, '', '', '', '0000-00-00', '0000-00-00', '2021-12-14', '', '', 2),
(1540, 1412, '', '', 0, '2021-11-30 01:13:04', '2022-04-26 03:16:34', 2, 2, '', '', '', '0000-00-00', '0000-00-00', '2021-12-13', '', '', 2),
(1541, 1411, '', '', 0, '2021-11-30 01:13:21', '2022-04-26 03:16:34', 2, 2, '', '', '', '0000-00-00', '0000-00-00', '2021-12-13', '', '', 2),
(1542, 1410, '', '', 0, '2021-11-30 01:13:37', '2022-04-26 03:16:34', 2, 2, '', '', '', '0000-00-00', '0000-00-00', '2021-12-13', '', '', 2),
(1543, 1409, '', '', 0, '2021-11-30 01:13:55', '2022-04-26 03:16:34', 2, 2, '', '', '', '0000-00-00', '0000-00-00', '2021-12-13', '', '', 2),
(1544, 1408, '', '', 0, '2021-11-30 01:14:21', '2022-04-26 03:16:34', 2, 2, '', '', '', '0000-00-00', '0000-00-00', '2021-11-30', '', '', 2),
(1545, 1407, '', '', 0, '2021-11-30 01:14:59', '2022-04-26 03:16:34', 2, 2, '', '', '', '0000-00-00', '0000-00-00', '2021-12-13', '', '', 2),
(1546, 1406, '', '', 0, '2021-11-30 01:15:15', '2022-04-26 03:16:34', 2, 2, '', '', '', '0000-00-00', '0000-00-00', '2021-12-13', '', '', 2),
(1547, 1405, '', '', 0, '2021-11-30 01:15:54', '2022-04-26 03:16:34', 2, 2, '', '', '', '0000-00-00', '0000-00-00', '2021-12-15', '', '', 2),
(1548, 1404, '', '', 0, '2021-11-30 01:16:15', '2022-04-26 03:16:34', 2, 2, '', '', '', '0000-00-00', '0000-00-00', '2021-12-13', '', '', 2),
(1549, 1403, '', '', 0, '2021-11-30 01:16:32', '2022-04-26 03:16:34', 2, 2, '', '', '', '0000-00-00', '0000-00-00', '2021-12-13', '', '', 2),
(1550, 1402, '', '', 0, '2021-11-30 01:16:50', '2022-04-26 03:16:34', 2, 2, '', '', '', '0000-00-00', '0000-00-00', '2021-12-13', '', '', 2),
(1551, 1401, '', '', 0, '2021-11-30 01:17:10', '2022-04-26 03:16:34', 2, 2, '', '', '', '0000-00-00', '0000-00-00', '2021-12-13', '', '', 2),
(1552, 1400, '', '', 0, '2021-11-30 01:17:27', '2022-04-26 03:16:34', 2, 2, '', '', '', '0000-00-00', '0000-00-00', '2021-12-13', '', '', 2),
(1553, 1399, '', '', 0, '2021-11-30 01:17:48', '2022-04-26 03:16:34', 2, 2, '', '', '', '0000-00-00', '0000-00-00', '2021-12-13', '', '', 2),
(1554, 1398, '', '', 0, '2021-11-30 01:18:04', '2022-04-26 03:16:34', 2, 2, '', '', '', '0000-00-00', '0000-00-00', '2021-12-13', '', '', 2),
(1555, 1397, '', '', 0, '2021-11-30 01:18:22', '2022-04-26 03:16:34', 2, 2, '', '', '', '0000-00-00', '0000-00-00', '2021-12-13', '', '', 2),
(1556, 1396, '', '', 0, '2021-11-30 01:18:38', '2022-04-26 03:16:34', 2, 2, '', '', '', '0000-00-00', '0000-00-00', '2021-12-09', '', '', 2),
(1557, 1395, '', '', 0, '2021-11-30 01:19:21', '2022-04-26 03:16:34', 2, 2, '', '', '', '0000-00-00', '0000-00-00', '2021-12-09', '', '', 2),
(1558, 1394, '', '', 0, '2021-11-30 01:22:24', '2022-04-26 03:16:34', 2, 2, '', '', '', '0000-00-00', '0000-00-00', '2021-12-17', '', '', 2),
(1559, 1393, '', '', 0, '2021-11-30 01:22:53', '2022-04-26 03:16:34', 2, 2, '', '', '', '0000-00-00', '0000-00-00', '2021-12-17', '', '', 2),
(1560, 1392, '', '', 0, '2021-11-30 01:23:13', '2022-04-26 03:16:34', 2, 2, '', '', '', '0000-00-00', '0000-00-00', '2021-12-17', '', '', 2),
(1561, 1391, '', '', 0, '2021-11-30 01:23:33', '2022-04-26 03:16:34', 2, 2, '', '', '', '0000-00-00', '0000-00-00', '2021-12-17', '', '', 2),
(1562, 1390, '', '', 0, '2021-11-30 01:23:50', '2022-04-26 03:16:34', 2, 2, '', '', '', '0000-00-00', '0000-00-00', '2021-12-17', '', '', 2),
(1563, 1389, '', '', 0, '2021-11-30 01:24:06', '2022-04-26 03:16:34', 2, 2, '', '', '', '0000-00-00', '0000-00-00', '2021-12-17', '', '', 2),
(1564, 1388, '', '', 0, '2021-11-30 01:24:24', '2022-04-26 03:16:34', 2, 2, '', '', '', '0000-00-00', '0000-00-00', '2021-12-06', '', '', 2),
(1565, 1387, '', '', 0, '2021-11-30 01:24:41', '2022-04-26 03:16:34', 2, 2, '', '', '', '0000-00-00', '0000-00-00', '2021-12-14', '', '', 2),
(1566, 1386, '', '', 0, '2021-11-30 01:25:04', '2022-04-26 03:16:34', 2, 2, '', '', '', '0000-00-00', '0000-00-00', '2021-11-30', '', '', 2),
(1567, 1385, '', '', 0, '2021-11-30 01:25:18', '2022-04-26 03:16:34', 2, 2, '', '', '', '0000-00-00', '0000-00-00', '2021-11-30', '', '', 2),
(1568, 1384, '', '', 0, '2021-11-30 01:25:32', '2022-04-26 03:16:34', 2, 2, '', '', '', '0000-00-00', '0000-00-00', '2021-11-30', '', '', 2),
(1569, 1383, '', '', 0, '2021-11-30 01:26:44', '2022-04-26 03:16:34', 2, 2, '', '', '', '0000-00-00', '0000-00-00', '2021-11-30', '', '', 2),
(1570, 1382, '', '', 0, '2021-11-30 01:29:34', '2022-04-26 03:16:34', 2, 2, '', '', '', '0000-00-00', '0000-00-00', '2021-11-30', '', '', 2),
(1571, 1381, '', '', 0, '2021-11-30 01:29:47', '2022-04-26 03:16:34', 2, 2, '', '', '', '0000-00-00', '0000-00-00', '2021-11-30', '', '', 2),
(1572, 1380, '', '', 0, '2021-11-30 01:30:02', '2022-04-26 03:16:34', 2, 2, '', '', '', '0000-00-00', '0000-00-00', '2021-11-30', '', '', 2),
(1573, 1379, '', '', 0, '2021-11-30 01:30:32', '2022-04-26 03:16:34', 2, 2, '', '', '', '0000-00-00', '0000-00-00', '2021-11-30', '', '', 2),
(1574, 1378, '', '', 0, '2021-11-30 01:30:45', '2022-04-26 03:16:34', 2, 2, '', '', '', '0000-00-00', '0000-00-00', '2021-11-30', '', '', 2),
(1575, 1377, '', '', 0, '2021-11-30 01:30:57', '2022-04-26 03:16:34', 2, 2, '', '', '', '0000-00-00', '0000-00-00', '2021-11-30', '', '', 2),
(1576, 1376, '', '', 0, '2021-11-30 01:31:14', '2022-04-26 03:16:34', 2, 2, '', '', '', '0000-00-00', '0000-00-00', '2021-12-17', '', '', 2),
(1577, 1375, '', '', 0, '2021-11-30 01:31:29', '2022-04-26 03:16:34', 2, 2, '', '', '', '0000-00-00', '0000-00-00', '2021-12-17', '', '', 2),
(1578, 1374, '', '', 0, '2021-11-30 01:31:48', '2022-04-26 03:16:34', 2, 2, '', '', '', '0000-00-00', '0000-00-00', '2021-12-31', '', '', 2),
(1579, 1373, '', '', 0, '2021-11-30 01:44:12', '2022-04-26 03:16:34', 2, 2, '', '', '', '0000-00-00', '0000-00-00', '2021-11-30', '', '', 2),
(1580, 1372, '', '', 0, '2021-11-30 01:44:26', '2022-04-26 03:16:34', 2, 2, '', '', '', '0000-00-00', '0000-00-00', '2021-11-30', '', '', 2),
(1581, 1371, '', '', 0, '2021-11-30 01:44:42', '2022-04-26 03:16:34', 2, 2, '', '', '', '0000-00-00', '0000-00-00', '2021-11-26', '', '', 2),
(1582, 1370, '', '', 0, '2021-11-30 01:44:59', '2022-04-26 03:16:34', 2, 2, '', '', '', '0000-00-00', '0000-00-00', '2021-11-26', '', '', 2),
(1583, 1369, '', '', 0, '2021-11-30 01:49:42', '2022-04-26 03:16:34', 2, 2, '', '', '', '0000-00-00', '0000-00-00', '2021-11-19', '', '', 2),
(1584, 1368, '', '', 0, '2021-11-30 01:49:59', '2022-04-26 03:16:34', 2, 2, '', '', '', '0000-00-00', '0000-00-00', '2021-11-30', '', '', 2),
(1585, 1367, '', '', 0, '2021-11-30 01:50:29', '2022-04-26 03:16:34', 2, 2, '', '', '', '0000-00-00', '0000-00-00', '2021-11-26', '', '', 2),
(1586, 1366, '', '', 0, '2021-11-30 01:50:46', '2022-04-26 03:16:34', 2, 2, '', '', '', '0000-00-00', '0000-00-00', '2021-11-30', '', '', 2),
(1587, 1365, '', '', 0, '2021-11-30 01:50:58', '2022-04-26 03:16:34', 2, 2, '', '', '', '0000-00-00', '0000-00-00', '2021-11-30', '', '', 2),
(1588, 1364, '', '', 0, '2021-11-30 01:51:15', '2022-04-26 03:16:34', 2, 2, '', '', '', '0000-00-00', '0000-00-00', '2021-11-24', '', '', 2),
(1589, 1363, '', '', 0, '2021-11-30 01:51:35', '2022-04-26 03:16:34', 2, 2, '', '', '', '0000-00-00', '0000-00-00', '2021-11-18', '', '', 2),
(1590, 1362, '', '', 0, '2021-11-30 01:51:49', '2022-04-26 03:16:34', 2, 2, '', '', '', '0000-00-00', '0000-00-00', '2021-11-30', '', '', 2),
(1591, 1361, '', '', 0, '2021-11-30 01:52:06', '2022-04-26 03:16:34', 2, 2, '', '', '', '0000-00-00', '0000-00-00', '2021-10-29', '', '', 2),
(1592, 1360, '', '', 0, '2021-11-30 06:15:42', '2022-04-26 03:16:34', 2, 2, '', '', '', '0000-00-00', '0000-00-00', '2021-12-13', '', '', 2),
(1593, 1359, '', '', 0, '2021-11-30 06:16:07', '2022-04-26 03:16:34', 2, 2, '', '', '', '0000-00-00', '0000-00-00', '2021-12-13', '', '', 2),
(1594, 1358, '', '', 0, '2021-11-30 06:16:23', '2022-04-26 03:16:34', 2, 2, '', '', '', '0000-00-00', '0000-00-00', '2021-12-30', '', '', 2),
(1595, 1357, '', '', 0, '2021-11-30 06:16:42', '2022-04-26 03:16:34', 2, 2, '', '', '', '0000-00-00', '0000-00-00', '2021-12-30', '', '', 2),
(1596, 1356, '', '', 0, '2021-11-30 06:17:01', '2022-04-26 03:16:34', 2, 2, '', '', '', '0000-00-00', '0000-00-00', '2021-12-30', '', '', 2),
(1597, 1355, '', '', 0, '2021-11-30 06:17:17', '2022-04-26 03:16:34', 2, 2, '', '', '', '0000-00-00', '0000-00-00', '2021-12-30', '', '', 2),
(1598, 1354, '', '', 0, '2021-11-30 06:17:38', '2022-04-26 03:16:34', 2, 2, '', '', '', '0000-00-00', '0000-00-00', '2021-12-30', '', '', 2),
(1599, 1353, '', '', 0, '2021-11-30 06:17:55', '2022-04-26 03:16:34', 2, 2, '', '', '', '0000-00-00', '0000-00-00', '2021-12-31', '', '', 2),
(1600, 1352, '', '', 0, '2021-11-30 06:18:16', '2022-04-26 03:16:34', 2, 2, '', '', '', '0000-00-00', '0000-00-00', '2021-12-31', '', '', 2),
(1601, 1351, '', '', 0, '2021-11-30 06:18:36', '2022-04-26 03:16:34', 2, 2, '', '', '', '0000-00-00', '0000-00-00', '2021-12-20', '', '', 2),
(1602, 1350, '', '', 0, '2021-11-30 06:18:52', '2022-04-26 03:16:34', 2, 2, '', '', '', '0000-00-00', '0000-00-00', '2021-12-20', '', '', 2),
(1603, 1349, '', '', 0, '2021-11-30 06:19:17', '2022-04-26 03:16:34', 2, 2, '', '', '', '0000-00-00', '0000-00-00', '2021-12-13', '', '', 2),
(1604, 1348, '', '', 0, '2021-11-30 06:19:37', '2022-04-26 03:16:34', 2, 2, '', '', '', '0000-00-00', '0000-00-00', '2021-12-13', '', '', 2),
(1605, 1347, '', '', 0, '2021-11-30 06:19:53', '2022-04-26 03:16:34', 2, 2, '', '', '', '0000-00-00', '0000-00-00', '2021-12-13', '', '', 2),
(1606, 1346, '', '', 0, '2021-11-30 06:20:15', '2022-04-26 03:16:34', 2, 2, '', '', '', '0000-00-00', '0000-00-00', '2021-12-29', '', '', 2),
(1607, 1345, '', '', 0, '2021-11-30 06:20:35', '2022-04-26 03:16:34', 2, 2, '', '', '', '0000-00-00', '0000-00-00', '2021-12-30', '', '', 2),
(1608, 1344, '', '', 0, '2021-11-30 06:22:21', '2022-04-26 03:16:34', 2, 2, '', '', '', '0000-00-00', '0000-00-00', '2021-12-30', '', '', 2),
(1609, 1343, '', '', 0, '2021-11-30 06:24:43', '2022-04-26 03:16:34', 2, 2, '', '', '', '0000-00-00', '0000-00-00', '2021-12-30', '', '', 2),
(1610, 1342, '', '', 0, '2021-11-30 06:25:03', '2022-04-26 03:16:34', 2, 2, '', '', '', '0000-00-00', '0000-00-00', '2021-12-30', '', '', 2),
(1611, 1341, '', '', 0, '2021-11-30 06:25:36', '2022-04-26 03:16:34', 2, 2, '', '', '', '0000-00-00', '0000-00-00', '2021-12-30', '', '', 2),
(1612, 1340, '', '', 0, '2021-11-30 06:31:34', '2022-04-26 03:16:34', 2, 2, '', '', '', '0000-00-00', '0000-00-00', '2021-12-30', '', '', 2),
(1613, 1339, '', '', 0, '2021-11-30 06:31:51', '2022-04-26 03:16:34', 2, 2, '', '', '', '0000-00-00', '0000-00-00', '2021-12-30', '', '', 2),
(1614, 1338, '', '', 0, '2021-11-30 06:32:14', '2022-04-26 03:16:34', 2, 2, '', '', '', '0000-00-00', '0000-00-00', '2021-12-30', '', '', 2),
(1615, 1337, '', '', 0, '2021-11-30 06:32:33', '2022-04-26 03:16:34', 2, 2, '', '', '', '0000-00-00', '0000-00-00', '2021-12-30', '', '', 2),
(1616, 1336, '', '', 0, '2021-11-30 06:32:53', '2022-04-26 03:16:34', 2, 2, '', '', '', '0000-00-00', '0000-00-00', '2021-12-30', '', '', 2),
(1617, 1335, '', '', 0, '2021-11-30 06:33:13', '2022-04-26 03:16:34', 2, 2, '', '', '', '0000-00-00', '0000-00-00', '2021-12-30', '', '', 2),
(1618, 1334, '', '', 0, '2021-11-30 06:33:31', '2022-04-26 03:16:34', 2, 2, '', '', '', '0000-00-00', '0000-00-00', '2021-12-30', '', '', 2),
(1619, 1333, '', '', 0, '2021-11-30 06:34:09', '2022-04-26 03:16:34', 2, 2, '', '', '', '0000-00-00', '0000-00-00', '2021-12-30', '', '', 2),
(1620, 1332, '', '', 0, '2021-11-30 06:34:27', '2022-04-26 03:16:34', 2, 2, '', '', '', '0000-00-00', '0000-00-00', '2021-12-30', '', '', 2),
(1621, 1331, '', '', 0, '2021-11-30 06:34:43', '2022-04-26 03:16:34', 2, 2, '', '', '', '0000-00-00', '0000-00-00', '2021-12-30', '', '', 2),
(1622, 1330, '', '', 0, '2021-11-30 06:36:29', '2022-04-26 03:16:34', 2, 2, '', '', '', '0000-00-00', '0000-00-00', '2021-12-30', '', '', 2),
(1623, 1329, '', '', 0, '2021-11-30 06:36:57', '2022-04-26 03:16:34', 2, 2, '', '', '', '0000-00-00', '0000-00-00', '2021-12-30', '', '', 2),
(1624, 1328, '', '', 0, '2021-11-30 06:37:12', '2022-04-26 03:16:34', 2, 2, '', '', '', '0000-00-00', '0000-00-00', '2021-12-30', '', '', 2),
(1625, 1327, '', '', 0, '2021-11-30 06:37:56', '2022-04-26 03:16:34', 2, 2, '', '', '', '0000-00-00', '0000-00-00', '2021-12-30', '', '', 2),
(1626, 1326, '', '', 0, '2021-11-30 06:38:31', '2022-04-26 03:16:34', 2, 2, '', '', '', '0000-00-00', '0000-00-00', '2021-12-30', '', '', 2),
(1627, 1325, '', '', 0, '2021-11-30 06:38:50', '2022-04-26 03:16:34', 2, 2, '', '', '', '0000-00-00', '0000-00-00', '2021-12-30', '', '', 2),
(1628, 1324, '', '', 0, '2021-11-30 06:39:09', '2022-04-26 03:16:34', 2, 2, '', '', '', '0000-00-00', '0000-00-00', '2021-12-30', '', '', 2),
(1629, 1323, '', '', 0, '2021-11-30 06:39:24', '2022-04-26 03:16:34', 2, 2, '', '', '', '0000-00-00', '0000-00-00', '2021-12-30', '', '', 2),
(1630, 1322, '', '', 0, '2021-11-30 06:39:44', '2022-04-26 03:16:34', 2, 2, '', '', '', '0000-00-00', '0000-00-00', '2021-12-30', '', '', 2),
(1631, 1321, '', '', 0, '2021-11-30 06:40:02', '2022-04-26 03:16:34', 2, 2, '', '', '', '0000-00-00', '0000-00-00', '2021-12-30', '', '', 2),
(1632, 1320, '', '', 0, '2021-11-30 06:40:26', '2022-04-26 03:16:34', 2, 2, '', '', '', '0000-00-00', '0000-00-00', '2021-12-30', '', '', 2),
(1633, 1319, '', '', 0, '2021-11-30 06:40:44', '2022-04-26 03:16:34', 2, 2, '', '', '', '0000-00-00', '0000-00-00', '2021-12-30', '', '', 2),
(1634, 1318, '', '', 0, '2021-11-30 06:53:40', '2022-04-26 03:16:34', 2, 2, '', '', '', '0000-00-00', '0000-00-00', '2021-12-30', '', '', 2),
(1635, 1317, '', '', 0, '2021-11-30 06:53:58', '2022-04-26 03:16:34', 2, 2, '', '', '', '0000-00-00', '0000-00-00', '2021-12-17', '', '', 2),
(1636, 1316, '', '', 0, '2021-11-30 06:54:43', '2022-04-26 03:16:34', 2, 2, '', '', '', '0000-00-00', '0000-00-00', '2021-12-17', '', '', 2),
(1637, 1315, '', '', 0, '2021-11-30 06:55:03', '2022-04-26 03:16:34', 2, 2, '', '', '', '0000-00-00', '0000-00-00', '2021-12-17', '', '', 2),
(1638, 1314, '', '', 0, '2021-11-30 06:55:21', '2022-04-26 03:16:34', 2, 2, '', '', '', '0000-00-00', '0000-00-00', '2021-12-17', '', '', 2),
(1639, 1313, '', '', 0, '2021-11-30 06:55:41', '2022-04-26 03:16:34', 2, 2, '', '', '', '0000-00-00', '0000-00-00', '2021-12-17', '', '', 2),
(1640, 1312, '', '', 0, '2021-11-30 06:56:15', '2022-04-26 03:16:34', 2, 2, '', '', '', '0000-00-00', '0000-00-00', '2021-12-17', '', '', 2),
(1641, 1311, '', '', 0, '2021-11-30 06:56:36', '2022-04-26 03:16:34', 2, 2, '', '', '', '0000-00-00', '0000-00-00', '2021-12-17', '', '', 2),
(1642, 1310, '', '', 0, '2021-11-30 06:56:51', '2022-04-26 03:16:34', 2, 2, '', '', '', '0000-00-00', '0000-00-00', '2021-12-30', '', '', 2),
(1643, 1309, '', '', 0, '2021-11-30 06:57:17', '2022-04-26 03:16:34', 2, 2, '', '', '', '0000-00-00', '0000-00-00', '2021-12-17', '', '', 2),
(1644, 1308, '', '', 0, '2021-11-30 06:57:40', '2022-04-26 03:16:34', 2, 2, '', '', '', '0000-00-00', '0000-00-00', '2021-12-17', '', '', 2),
(1645, 1307, '', '', 0, '2021-11-30 06:58:18', '2022-04-26 03:16:34', 2, 2, '', '', '', '0000-00-00', '0000-00-00', '2021-12-17', '', '', 2),
(1646, 1306, '', '', 0, '2021-11-30 06:58:36', '2022-04-26 03:16:34', 2, 2, '', '', '', '0000-00-00', '0000-00-00', '2021-12-17', '', '', 2),
(1647, 1305, '', '', 0, '2021-11-30 06:58:58', '2022-04-26 03:16:34', 2, 2, '', '', '', '0000-00-00', '0000-00-00', '2021-12-17', '', '', 2),
(1648, 1304, '', '', 0, '2021-11-30 06:59:59', '2022-04-26 03:16:34', 2, 2, '', '', '', '0000-00-00', '0000-00-00', '2021-12-30', '', '', 2),
(1649, 1303, '', '', 0, '2021-11-30 07:00:14', '2022-04-26 03:16:34', 2, 2, '', '', '', '0000-00-00', '0000-00-00', '2021-12-17', '', '', 2),
(1650, 1302, '', '', 0, '2021-11-30 07:00:31', '2022-04-26 03:16:34', 2, 2, '', '', '', '0000-00-00', '0000-00-00', '2021-12-17', '', '', 2),
(1651, 1301, '', '', 0, '2021-11-30 07:00:48', '2022-04-26 03:16:34', 2, 2, '', '', '', '0000-00-00', '0000-00-00', '2021-12-17', '', '', 2),
(1652, 1300, '', '', 0, '2021-11-30 07:01:03', '2022-04-26 03:16:34', 2, 2, '', '', '', '0000-00-00', '0000-00-00', '2021-12-30', '', '', 2),
(1653, 1299, '', '', 0, '2021-11-30 07:01:22', '2022-04-26 03:16:34', 2, 2, '', '', '', '0000-00-00', '0000-00-00', '2021-12-30', '', '', 2),
(1654, 1298, '', '', 0, '2021-11-30 07:01:47', '2022-04-26 03:16:34', 2, 2, '', '', '', '0000-00-00', '0000-00-00', '2021-12-31', '', '', 2),
(1655, 1297, '', '', 0, '2021-11-30 07:02:03', '2022-04-26 03:16:34', 2, 2, '', '', '', '0000-00-00', '0000-00-00', '2021-12-17', '', '', 2),
(1656, 1296, '', '', 0, '2021-11-30 07:02:21', '2022-04-26 03:16:34', 2, 2, '', '', '', '0000-00-00', '0000-00-00', '2021-12-29', '', '', 2),
(1657, 1295, '', '', 0, '2021-11-30 07:02:48', '2022-04-26 03:16:34', 2, 2, '', '', '', '0000-00-00', '0000-00-00', '2021-12-17', '', '', 2),
(1658, 1294, '', '', 0, '2021-11-30 07:03:07', '2022-04-26 03:16:34', 2, 2, '', '', '', '0000-00-00', '0000-00-00', '2021-12-30', '', '', 2),
(1659, 1293, '', '', 0, '2021-11-30 07:03:22', '2022-04-26 03:16:34', 2, 2, '', '', '', '0000-00-00', '0000-00-00', '2021-12-30', '', '', 2),
(1660, 1292, '', '', 0, '2021-11-30 07:03:51', '2022-04-26 03:16:34', 2, 2, '', '', '', '0000-00-00', '0000-00-00', '2021-12-17', '', '', 2),
(1661, 1291, '', '', 0, '2021-11-30 07:04:15', '2022-04-26 03:16:34', 2, 2, '', '', '', '0000-00-00', '0000-00-00', '2021-12-17', '', '', 2),
(1662, 1290, '', '', 0, '2021-11-30 07:04:33', '2022-04-26 03:16:34', 2, 2, '', '', '', '0000-00-00', '0000-00-00', '2021-12-17', '', '', 2),
(1663, 1289, '', '', 0, '2021-11-30 07:04:48', '2022-04-26 03:16:34', 2, 2, '', '', '', '0000-00-00', '0000-00-00', '2021-12-17', '', '', 2),
(1664, 1288, '', '', 0, '2021-11-30 07:05:04', '2022-04-26 03:16:34', 2, 2, '', '', '', '0000-00-00', '0000-00-00', '2021-12-17', '', '', 2),
(1665, 1287, '', '', 0, '2021-11-30 07:05:22', '2022-04-26 03:16:34', 2, 2, '', '', '', '0000-00-00', '0000-00-00', '2021-12-17', '', '', 2),
(1666, 1286, '', '', 0, '2021-11-30 07:05:37', '2022-04-26 03:16:34', 2, 2, '', '', '', '0000-00-00', '0000-00-00', '2021-12-17', '', '', 2),
(1667, 1285, '', '', 0, '2021-11-30 07:05:52', '2022-04-26 03:16:34', 2, 2, '', '', '', '0000-00-00', '0000-00-00', '2021-12-17', '', '', 2),
(1668, 1284, '', '', 0, '2021-11-30 07:06:15', '2022-04-26 03:16:34', 2, 2, '', '', '', '0000-00-00', '0000-00-00', '2021-12-17', '', '', 2),
(1669, 1283, '', '', 0, '2021-12-01 01:02:28', '2022-04-26 03:16:34', 2, 2, '', '', '', '0000-00-00', '0000-00-00', '2021-12-30', '', '', 2),
(1670, 1282, '', '', 0, '2021-12-01 01:02:44', '2022-04-26 03:16:34', 2, 2, '', '', '', '0000-00-00', '0000-00-00', '2021-12-30', '', '', 2),
(1671, 1281, '', '', 0, '2021-12-01 01:03:34', '2022-04-26 03:16:34', 2, 2, '', '', '', '0000-00-00', '0000-00-00', '2021-12-09', '', '', 2),
(1672, 1280, '', '', 0, '2021-12-01 01:03:50', '2022-04-26 03:16:34', 2, 2, '', '', '', '0000-00-00', '0000-00-00', '2021-12-30', '', '', 2),
(1673, 1279, '', '', 0, '2021-12-01 01:08:39', '2022-04-26 03:16:34', 2, 2, '', '', '', '0000-00-00', '0000-00-00', '2021-12-13', '', '', 2),
(1674, 1278, '', '', 0, '2021-12-01 01:08:54', '2022-04-26 03:16:34', 2, 2, '', '', '', '0000-00-00', '0000-00-00', '2021-12-13', '', '', 2),
(1675, 1277, '', '', 0, '2021-12-01 01:09:07', '2022-04-26 03:16:34', 2, 2, '', '', '', '0000-00-00', '0000-00-00', '2021-12-31', '', '', 2),
(1676, 1276, '', '', 0, '2021-12-01 01:09:32', '2022-04-26 03:16:34', 2, 2, '', '', '', '0000-00-00', '0000-00-00', '2021-12-30', '', '', 2),
(1677, 1275, '', '', 0, '2021-12-01 01:09:50', '2022-04-26 03:16:34', 2, 2, '', '', '', '0000-00-00', '0000-00-00', '2021-11-30', '', '', 2),
(1678, 1274, '', '', 0, '2021-12-01 01:10:10', '2022-04-26 03:16:34', 2, 2, '', '', '', '0000-00-00', '0000-00-00', '2021-11-30', '', '', 2),
(1679, 1273, '', '', 0, '2021-12-01 01:10:37', '2022-04-26 03:16:34', 2, 2, '', '', '', '0000-00-00', '0000-00-00', '2021-12-15', '', '', 2),
(1680, 1272, '', '', 0, '2021-12-01 01:11:32', '2022-04-26 03:16:34', 2, 2, '', '', '', '0000-00-00', '0000-00-00', '2021-12-17', '', '', 2),
(1681, 1271, '', '', 0, '2021-12-01 01:11:46', '2022-04-26 03:16:34', 2, 2, '', '', '', '0000-00-00', '0000-00-00', '2021-12-17', '', '', 2),
(1682, 1270, '', '', 0, '2021-12-01 01:12:06', '2022-04-26 03:16:34', 2, 2, '', '', '', '0000-00-00', '0000-00-00', '2021-12-17', '', '', 2),
(1683, 1269, '', '', 0, '2021-12-01 01:12:25', '2022-04-26 03:16:34', 2, 2, '', '', '', '0000-00-00', '0000-00-00', '2021-12-17', '', '', 2),
(1684, 1268, '', '', 0, '2021-12-01 01:12:40', '2022-04-26 03:16:34', 2, 2, '', '', '', '0000-00-00', '0000-00-00', '2021-12-22', '', '', 2),
(1685, 1267, '', '', 0, '2021-12-01 01:12:55', '2022-04-26 03:16:34', 2, 2, '', '', '', '0000-00-00', '0000-00-00', '2021-12-08', '', '', 2),
(1686, 1266, '', '', 0, '2021-12-01 01:13:11', '2022-04-26 03:16:34', 2, 2, '', '', '', '0000-00-00', '0000-00-00', '2021-12-08', '', '', 2),
(1687, 1265, '', '', 0, '2021-12-01 01:14:17', '2022-04-26 03:16:34', 2, 2, '', '', '', '0000-00-00', '0000-00-00', '2021-12-08', '', '', 2),
(1688, 1264, '', '', 0, '2021-12-01 01:14:32', '2022-04-26 03:16:34', 2, 2, '', '', '', '0000-00-00', '0000-00-00', '2021-12-08', '', '', 2),
(1689, 1263, '', '', 0, '2021-12-01 01:14:47', '2022-04-26 03:16:34', 2, 2, '', '', '', '0000-00-00', '0000-00-00', '2021-12-08', '', '', 2),
(1690, 1262, '', '', 0, '2021-12-01 01:15:07', '2022-04-26 03:16:34', 2, 2, '', '', '', '0000-00-00', '0000-00-00', '2021-12-08', '', '', 2),
(1691, 1261, '', '', 0, '2021-12-01 01:15:52', '2022-04-26 03:16:34', 2, 2, '', '', '', '0000-00-00', '0000-00-00', '2021-12-08', '', '', 2),
(1692, 1260, '', '', 0, '2021-12-01 01:16:15', '2022-04-26 03:16:34', 2, 2, '', '', '', '0000-00-00', '0000-00-00', '2021-12-08', '', '', 2),
(1693, 1259, '', '', 0, '2021-12-01 01:16:36', '2022-04-26 03:16:34', 2, 2, '', '', '', '0000-00-00', '0000-00-00', '2021-12-13', '', '', 2),
(1694, 1258, '', '', 0, '2021-12-01 01:16:53', '2022-04-26 03:16:34', 2, 2, '', '', '', '0000-00-00', '0000-00-00', '2021-11-16', '', '', 2),
(1695, 1257, '', '', 0, '2021-12-01 01:17:10', '2022-04-26 03:16:34', 2, 2, '', '', '', '0000-00-00', '0000-00-00', '2021-11-23', '', '', 2),
(1696, 1256, '', '', 0, '2021-12-01 01:17:25', '2022-04-26 03:16:34', 2, 2, '', '', '', '0000-00-00', '0000-00-00', '2021-11-19', '', '', 2),
(1697, 1255, '', '', 0, '2021-12-01 01:17:46', '2022-04-26 03:16:34', 2, 2, '', '', '', '0000-00-00', '0000-00-00', '2021-10-29', '', '', 2),
(1698, 1254, '', '', 0, '2021-12-01 01:18:03', '2022-04-26 03:16:34', 2, 2, '', '', '', '0000-00-00', '0000-00-00', '2021-12-13', '', '', 2),
(1699, 1253, '', '', 0, '2021-12-01 01:18:21', '2022-04-26 03:16:34', 2, 2, '', '', '', '0000-00-00', '0000-00-00', '2021-10-29', '', '', 2),
(1700, 1252, '', '', 0, '2021-12-01 01:18:55', '2022-04-26 03:16:34', 2, 2, '', '', '', '0000-00-00', '0000-00-00', '2021-12-10', '', '', 2),
(1701, 1251, '', '', 0, '2021-12-01 01:19:13', '2022-04-26 03:16:34', 2, 2, '', '', '', '0000-00-00', '0000-00-00', '2021-11-18', '', '', 2),
(1702, 1250, '', '', 0, '2021-12-01 01:19:28', '2022-04-26 03:16:34', 2, 2, '', '', '', '0000-00-00', '0000-00-00', '2021-12-17', '', '', 2),
(1703, 1249, '', '', 0, '2021-12-01 01:19:44', '2022-04-26 03:16:34', 2, 2, '', '', '', '0000-00-00', '0000-00-00', '2021-11-15', '', '', 2),
(1704, 1248, '', '', 0, '2021-12-01 01:20:02', '2022-04-26 03:16:34', 2, 2, '', '', '', '0000-00-00', '0000-00-00', '2021-12-14', '', '', 2),
(1705, 1247, '', '', 0, '2021-12-01 01:20:31', '2022-04-26 03:16:34', 2, 2, '', '', '', '0000-00-00', '0000-00-00', '2021-12-01', '', '', 2),
(1706, 1246, '', '', 0, '2021-12-01 01:20:47', '2022-04-26 03:16:34', 2, 2, '', '', '', '0000-00-00', '0000-00-00', '2021-12-22', '', '', 2),
(1707, 1245, '', '', 0, '2021-12-01 01:21:03', '2022-04-26 03:16:34', 2, 2, '', '', '', '0000-00-00', '0000-00-00', '2021-11-15', '', '', 2),
(1708, 1244, '', '', 0, '2021-12-01 01:21:19', '2022-04-26 03:16:34', 2, 2, '', '', '', '0000-00-00', '0000-00-00', '2021-12-30', '', '', 2),
(1709, 1243, '', '', 0, '2021-12-01 01:21:35', '2022-04-26 03:16:34', 2, 2, '', '', '', '0000-00-00', '0000-00-00', '2021-12-23', '', '', 2),
(1710, 1242, '', '', 0, '2021-12-01 01:22:00', '2022-04-26 03:16:34', 2, 2, '', '', '', '0000-00-00', '0000-00-00', '2021-12-22', '', '', 2),
(1711, 1241, '', '', 0, '2021-12-01 01:22:18', '2022-04-26 03:16:34', 2, 2, '', '', '', '0000-00-00', '0000-00-00', '2021-12-09', '', '', 2),
(1712, 1240, '', '', 0, '2021-12-01 01:22:34', '2022-04-26 03:16:34', 2, 2, '', '', '', '0000-00-00', '0000-00-00', '2021-12-09', '', '', 2),
(1713, 1239, '', '', 0, '2021-12-01 01:23:11', '2022-04-26 03:16:34', 2, 2, '', '', '', '0000-00-00', '0000-00-00', '2021-12-13', '', '', 2),
(1714, 1238, '', '', 0, '2021-12-01 01:23:27', '2022-04-26 03:16:34', 2, 2, '', '', '', '0000-00-00', '0000-00-00', '2021-12-09', '', '', 2),
(1715, 1237, '', '', 0, '2021-12-01 01:23:42', '2022-04-26 03:16:34', 2, 2, '', '', '', '0000-00-00', '0000-00-00', '2021-12-14', '', '', 2),
(1716, 1236, '', '', 0, '2021-12-01 01:24:02', '2022-04-26 03:16:34', 2, 2, '', '', '', '0000-00-00', '0000-00-00', '2021-12-14', '', '', 2),
(1717, 1235, '', '', 0, '2021-12-01 01:24:18', '2022-04-26 03:16:34', 2, 2, '', '', '', '0000-00-00', '0000-00-00', '2021-11-30', '', '', 2),
(1718, 1234, '', '', 0, '2021-12-01 01:24:33', '2022-04-26 03:16:34', 2, 2, '', '', '', '0000-00-00', '0000-00-00', '2021-11-18', '', '', 2);
INSERT INTO `tb_huatai_trading_future` (`id`, `sort_order`, `code`, `remark`, `disabled`, `create_date`, `last_update_date`, `create_by`, `last_update_by`, `url_target`, `seo_url`, `seo_keyword`, `start_date`, `end_date`, `display_date`, `youtube_id`, `other_link`, `trading_future_category_id`) VALUES
(1719, 1233, '', '', 0, '2021-12-01 01:24:48', '2022-04-26 03:16:34', 2, 2, '', '', '', '0000-00-00', '0000-00-00', '2021-12-15', '', '', 2),
(1720, 1232, '', '', 0, '2021-12-01 01:25:02', '2022-04-26 03:16:34', 2, 2, '', '', '', '0000-00-00', '0000-00-00', '2021-11-30', '', '', 2),
(1721, 1231, '', '', 0, '2021-12-01 01:25:17', '2022-04-26 03:16:34', 2, 2, '', '', '', '0000-00-00', '0000-00-00', '2021-12-15', '', '', 2),
(1722, 1230, '', '', 0, '2021-12-09 07:21:13', '2022-04-26 03:16:34', 2, 2, '', '', '', '0000-00-00', '0000-00-00', '2021-12-31', '', '', 2),
(1723, 1229, '', '', 0, '2021-12-09 07:21:30', '2022-04-26 03:16:34', 2, 2, '', '', '', '0000-00-00', '0000-00-00', '2021-12-31', '', '', 2),
(1724, 1228, '', '', 0, '2021-12-09 07:22:37', '2022-04-26 03:16:34', 2, 2, '', '', '', '0000-00-00', '0000-00-00', '2021-12-31', '', '', 2),
(1725, 1227, '', '', 0, '2021-12-09 07:23:01', '2022-04-26 03:16:34', 2, 2, '', '', '', '0000-00-00', '0000-00-00', '2021-12-31', '', '', 2),
(1726, 1226, '', '', 0, '2021-12-09 07:23:24', '2022-04-26 03:16:34', 2, 2, '', '', '', '0000-00-00', '0000-00-00', '2022-01-31', '', '', 2),
(1727, 1225, '', '', 0, '2021-12-09 07:23:50', '2022-04-26 03:16:34', 2, 2, '', '', '', '0000-00-00', '0000-00-00', '2022-01-14', '', '', 2),
(1728, 1224, '', '', 0, '2021-12-09 07:24:14', '2022-04-26 03:16:34', 2, 2, '', '', '', '0000-00-00', '0000-00-00', '2022-01-14', '', '', 2),
(1729, 1223, '', '', 0, '2021-12-09 07:24:42', '2022-04-26 03:16:34', 2, 2, '', '', '', '0000-00-00', '0000-00-00', '2022-01-18', '', '', 2),
(1730, 1222, '', '', 0, '2021-12-09 07:25:02', '2022-04-26 03:16:34', 2, 2, '', '', '', '0000-00-00', '0000-00-00', '2022-01-14', '', '', 2),
(1731, 1221, '', '', 0, '2021-12-09 07:25:39', '2022-04-26 03:16:34', 2, 2, '', '', '', '0000-00-00', '0000-00-00', '2022-01-14', '', '', 2),
(1732, 1220, '', '', 0, '2021-12-09 07:26:04', '2022-04-26 03:16:34', 2, 2, '', '', '', '0000-00-00', '0000-00-00', '2021-12-30', '', '', 2),
(1733, 1219, '', '', 0, '2021-12-09 07:26:25', '2022-04-26 03:16:34', 2, 2, '', '', '', '0000-00-00', '0000-00-00', '2022-01-17', '', '', 2),
(1734, 1218, '', '', 0, '2021-12-09 07:27:33', '2022-04-26 03:16:34', 2, 2, '', '', '', '0000-00-00', '0000-00-00', '2022-01-14', '', '', 2),
(1735, 1217, '', '', 0, '2021-12-09 07:27:50', '2022-04-26 03:16:34', 2, 2, '', '', '', '0000-00-00', '0000-00-00', '2022-01-14', '', '', 2),
(1736, 1216, '', '', 0, '2021-12-09 07:28:06', '2022-04-26 03:16:34', 2, 2, '', '', '', '0000-00-00', '0000-00-00', '2022-01-14', '', '', 2),
(1737, 1215, '', '', 0, '2021-12-09 07:28:25', '2022-04-26 03:16:34', 2, 2, '', '', '', '0000-00-00', '0000-00-00', '2022-01-17', '', '', 2),
(1738, 1214, '', '', 0, '2021-12-09 07:28:47', '2022-04-26 03:16:34', 2, 2, '', '', '', '0000-00-00', '0000-00-00', '2022-01-17', '', '', 2),
(1739, 1213, '', '', 0, '2021-12-09 07:29:32', '2022-04-26 03:16:34', 2, 2, '', '', '', '0000-00-00', '0000-00-00', '2022-01-13', '', '', 2),
(1740, 1212, '', '', 0, '2021-12-09 07:29:51', '2022-04-26 03:16:34', 2, 2, '', '', '', '0000-00-00', '0000-00-00', '2022-01-27', '', '', 2),
(1741, 1211, '', '', 0, '2021-12-09 07:30:18', '2022-04-26 03:16:34', 2, 2, '', '', '', '0000-00-00', '0000-00-00', '2021-12-31', '', '', 2),
(1742, 1210, '', '', 0, '2021-12-09 07:31:14', '2022-04-26 03:16:34', 2, 2, '', '', '', '0000-00-00', '0000-00-00', '2021-12-31', '', '', 2),
(1743, 1209, '', '', 0, '2021-12-09 07:31:47', '2022-04-26 03:16:34', 2, 2, '', '', '', '0000-00-00', '0000-00-00', '2021-12-31', '', '', 2),
(1744, 1208, '', '', 0, '2021-12-09 07:32:10', '2022-04-26 03:16:34', 2, 2, '', '', '', '0000-00-00', '0000-00-00', '2021-12-29', '', '', 2),
(1745, 1207, '', '', 0, '2021-12-09 07:33:25', '2022-04-26 03:16:34', 2, 2, '', '', '', '0000-00-00', '0000-00-00', '2021-12-20', '', '', 2),
(1746, 1206, '', '', 0, '2021-12-09 07:33:53', '2022-04-26 03:16:34', 2, 2, '', '', '', '0000-00-00', '0000-00-00', '2021-12-31', '', '', 2),
(1747, 1205, '', '', 0, '2021-12-09 07:34:35', '2022-04-26 03:16:34', 2, 2, '', '', '', '0000-00-00', '0000-00-00', '2021-12-31', '', '', 2),
(1748, 1204, '', '', 0, '2021-12-09 07:35:14', '2022-04-26 03:16:34', 2, 2, '', '', '', '0000-00-00', '0000-00-00', '2021-12-31', '', '', 2),
(1749, 1203, '', '', 0, '2021-12-09 07:35:32', '2022-04-26 03:16:34', 2, 2, '', '', '', '0000-00-00', '0000-00-00', '2021-12-28', '', '', 2),
(1750, 1202, '', '', 0, '2021-12-09 07:35:50', '2022-04-26 03:16:34', 2, 2, '', '', '', '0000-00-00', '0000-00-00', '2021-12-17', '', '', 2),
(1751, 1201, '', '', 0, '2021-12-09 07:36:09', '2022-04-26 03:16:34', 2, 2, '', '', '', '0000-00-00', '0000-00-00', '2021-12-31', '', '', 2),
(1752, 1200, '', '', 0, '2021-12-09 07:36:33', '2022-04-26 03:16:34', 2, 2, '', '', '', '0000-00-00', '0000-00-00', '2021-11-30', '', '', 2),
(1753, 1199, '', '', 0, '2021-12-09 08:40:34', '2022-04-26 03:16:34', 2, 2, '', '', '', '0000-00-00', '0000-00-00', '2022-01-17', '', '', 2),
(1754, 1198, '', '', 0, '2021-12-09 08:40:51', '2022-04-26 03:16:34', 2, 2, '', '', '', '0000-00-00', '0000-00-00', '2022-01-17', '', '', 2),
(1755, 1197, '', '', 0, '2021-12-09 08:41:30', '2022-04-26 03:16:34', 2, 2, '', '', '', '0000-00-00', '0000-00-00', '2022-01-28', '', '', 2),
(1756, 1196, '', '', 0, '2021-12-09 08:41:48', '2022-04-26 03:16:34', 2, 2, '', '', '', '0000-00-00', '0000-00-00', '2022-01-17', '', '', 2),
(1757, 1195, '', '', 0, '2021-12-09 08:42:04', '2022-04-26 03:16:34', 2, 2, '', '', '', '0000-00-00', '0000-00-00', '2022-01-17', '', '', 2),
(1758, 1194, '', '', 0, '2021-12-09 08:42:22', '2022-04-26 03:16:34', 2, 2, '', '', '', '0000-00-00', '0000-00-00', '2022-01-17', '', '', 2),
(1759, 1193, '', '', 0, '2021-12-09 08:42:50', '2022-04-26 03:16:34', 2, 2, '', '', '', '0000-00-00', '0000-00-00', '2022-01-17', '', '', 2),
(1760, 1192, '', '', 0, '2021-12-09 08:43:06', '2022-04-26 03:16:34', 2, 2, '', '', '', '0000-00-00', '0000-00-00', '2022-01-17', '', '', 2),
(1761, 1191, '', '', 0, '2021-12-09 08:43:25', '2022-04-26 03:16:34', 2, 2, '', '', '', '0000-00-00', '0000-00-00', '2022-01-17', '', '', 2),
(1762, 1190, '', '', 0, '2021-12-09 08:43:40', '2022-04-26 03:16:34', 2, 2, '', '', '', '0000-00-00', '0000-00-00', '2022-01-27', '', '', 2),
(1763, 1189, '', '', 0, '2021-12-09 08:51:01', '2022-04-26 03:16:34', 2, 2, '', '', '', '0000-00-00', '0000-00-00', '2022-01-27', '', '', 2),
(1764, 1188, '', '', 0, '2021-12-09 08:51:15', '2022-04-26 03:16:34', 2, 2, '', '', '', '0000-00-00', '0000-00-00', '2022-01-27', '', '', 2),
(1765, 1187, '', '', 0, '2021-12-09 08:51:32', '2022-04-26 03:16:34', 2, 2, '', '', '', '0000-00-00', '0000-00-00', '2022-01-27', '', '', 2),
(1766, 1186, '', '', 0, '2021-12-09 08:51:50', '2022-04-26 03:16:34', 2, 2, '', '', '', '0000-00-00', '0000-00-00', '2022-01-27', '', '', 2),
(1767, 1185, '', '', 0, '2021-12-09 08:52:07', '2022-04-26 03:16:34', 2, 2, '', '', '', '0000-00-00', '0000-00-00', '2022-01-27', '', '', 2),
(1768, 1184, '', '', 0, '2021-12-09 08:52:23', '2022-04-26 03:16:34', 2, 2, '', '', '', '0000-00-00', '0000-00-00', '2022-01-27', '', '', 2),
(1769, 1183, '', '', 0, '2021-12-09 08:53:01', '2022-04-26 03:16:34', 2, 2, '', '', '', '0000-00-00', '0000-00-00', '2022-01-27', '', '', 2),
(1770, 1182, '', '', 0, '2021-12-09 08:53:27', '2022-04-26 03:16:34', 2, 2, '', '', '', '0000-00-00', '0000-00-00', '2022-01-27', '', '', 2),
(1771, 1181, '', '', 0, '2021-12-09 08:53:45', '2022-04-26 03:16:34', 2, 2, '', '', '', '0000-00-00', '0000-00-00', '2022-01-27', '', '', 2),
(1772, 1180, '', '', 0, '2021-12-09 08:54:10', '2022-04-26 03:16:34', 2, 2, '', '', '', '0000-00-00', '0000-00-00', '2022-01-27', '', '', 2),
(1773, 1179, '', '', 0, '2021-12-09 08:54:29', '2022-04-26 03:16:34', 2, 2, '', '', '', '0000-00-00', '0000-00-00', '2022-01-27', '', '', 2),
(1774, 1178, '', '', 0, '2021-12-09 08:54:46', '2022-04-26 03:16:34', 2, 2, '', '', '', '0000-00-00', '0000-00-00', '2022-01-27', '', '', 2),
(1775, 1177, '', '', 0, '2021-12-09 08:55:03', '2022-04-26 03:16:34', 2, 2, '', '', '', '0000-00-00', '0000-00-00', '2022-01-27', '', '', 2),
(1776, 1176, '', '', 0, '2021-12-09 08:55:22', '2022-04-26 03:16:34', 2, 2, '', '', '', '0000-00-00', '0000-00-00', '2022-01-27', '', '', 2),
(1777, 1175, '', '', 0, '2021-12-09 08:55:42', '2022-04-26 03:16:34', 2, 2, '', '', '', '0000-00-00', '0000-00-00', '2022-01-27', '', '', 2),
(1778, 1174, '', '', 0, '2021-12-09 08:56:01', '2022-04-26 03:16:34', 2, 2, '', '', '', '0000-00-00', '0000-00-00', '2022-01-27', '', '', 2),
(1779, 1173, '', '', 0, '2021-12-09 08:56:18', '2022-04-26 03:16:34', 2, 2, '', '', '', '0000-00-00', '0000-00-00', '2022-01-27', '', '', 2),
(1780, 1172, '', '', 0, '2021-12-09 08:56:36', '2022-04-26 03:16:34', 2, 2, '', '', '', '0000-00-00', '0000-00-00', '2022-01-27', '', '', 2),
(1781, 1171, '', '', 0, '2021-12-09 08:56:57', '2022-04-26 03:16:34', 2, 2, '', '', '', '0000-00-00', '0000-00-00', '2022-01-27', '', '', 2),
(1782, 1170, '', '', 0, '2021-12-09 08:57:33', '2022-04-26 03:16:34', 2, 2, '', '', '', '0000-00-00', '0000-00-00', '2022-01-27', '', '', 2),
(1783, 1169, '', '', 0, '2021-12-09 08:57:49', '2022-04-26 03:16:34', 2, 2, '', '', '', '0000-00-00', '0000-00-00', '2022-01-27', '', '', 2),
(1784, 1168, '', '', 0, '2021-12-09 08:58:06', '2022-04-26 03:16:34', 2, 2, '', '', '', '0000-00-00', '0000-00-00', '2022-01-27', '', '', 2),
(1785, 1167, '', '', 0, '2021-12-09 08:58:25', '2022-04-26 03:16:34', 2, 2, '', '', '', '0000-00-00', '0000-00-00', '2022-01-27', '', '', 2),
(1786, 1166, '', '', 0, '2021-12-09 08:59:35', '2022-04-26 03:16:34', 2, 2, '', '', '', '0000-00-00', '0000-00-00', '2022-01-27', '', '', 2),
(1787, 1165, '', '', 0, '2021-12-09 09:00:08', '2022-04-26 03:16:34', 2, 2, '', '', '', '0000-00-00', '0000-00-00', '2022-01-27', '', '', 2),
(1788, 1164, '', '', 0, '2021-12-09 09:00:24', '2022-04-26 03:16:34', 2, 2, '', '', '', '0000-00-00', '0000-00-00', '2022-01-27', '', '', 2),
(1789, 1163, '', '', 0, '2021-12-09 09:00:38', '2022-04-26 03:16:34', 2, 2, '', '', '', '0000-00-00', '0000-00-00', '2022-01-27', '', '', 2),
(1790, 1162, '', '', 0, '2021-12-09 09:00:53', '2022-04-26 03:16:34', 2, 2, '', '', '', '0000-00-00', '0000-00-00', '2022-01-21', '', '', 2),
(1791, 1161, '', '', 0, '2021-12-10 00:54:08', '2022-04-26 03:16:34', 2, 2, '', '', '', '0000-00-00', '0000-00-00', '2022-01-21', '', '', 2),
(1792, 1160, '', '', 0, '2021-12-10 00:54:29', '2022-04-26 03:16:34', 2, 2, '', '', '', '0000-00-00', '0000-00-00', '2022-01-21', '', '', 2),
(1793, 1159, '', '', 0, '2021-12-10 00:54:46', '2022-04-26 03:16:34', 2, 2, '', '', '', '0000-00-00', '0000-00-00', '2022-01-21', '', '', 2),
(1794, 1158, '', '', 0, '2021-12-10 00:55:03', '2022-04-26 03:16:34', 2, 2, '', '', '', '0000-00-00', '0000-00-00', '2022-01-21', '', '', 2),
(1795, 1157, '', '', 0, '2021-12-10 00:55:18', '2022-04-26 03:16:34', 2, 2, '', '', '', '0000-00-00', '0000-00-00', '2022-01-21', '', '', 2),
(1796, 1156, '', '', 0, '2021-12-10 00:56:01', '2022-04-26 03:16:34', 2, 2, '', '', '', '0000-00-00', '0000-00-00', '2022-01-21', '', '', 2),
(1797, 1155, '', '', 0, '2021-12-10 00:56:16', '2022-04-26 03:16:34', 2, 2, '', '', '', '0000-00-00', '0000-00-00', '2022-01-21', '', '', 2),
(1798, 1154, '', '', 0, '2021-12-10 00:56:34', '2022-04-26 03:16:34', 2, 2, '', '', '', '0000-00-00', '0000-00-00', '2022-01-21', '', '', 2),
(1799, 1153, '', '', 0, '2021-12-10 00:56:49', '2022-04-26 03:16:34', 2, 2, '', '', '', '0000-00-00', '0000-00-00', '2022-01-21', '', '', 2),
(1800, 1152, '', '', 0, '2021-12-10 00:57:08', '2022-04-26 03:16:34', 2, 2, '', '', '', '0000-00-00', '0000-00-00', '2022-01-21', '', '', 2),
(1801, 1151, '', '', 0, '2021-12-10 00:57:52', '2022-04-26 03:16:34', 2, 2, '', '', '', '0000-00-00', '0000-00-00', '2022-01-21', '', '', 2),
(1802, 1150, '', '', 0, '2021-12-10 00:58:10', '2022-04-26 03:16:34', 2, 2, '', '', '', '0000-00-00', '0000-00-00', '2022-01-21', '', '', 2),
(1803, 1149, '', '', 0, '2021-12-10 00:58:32', '2022-04-26 03:16:34', 2, 2, '', '', '', '0000-00-00', '0000-00-00', '2022-01-21', '', '', 2),
(1804, 1148, '', '', 0, '2021-12-10 00:59:45', '2022-04-26 03:16:34', 2, 2, '', '', '', '0000-00-00', '0000-00-00', '2022-01-27', '', '', 2),
(1805, 1147, '', '', 0, '2021-12-10 01:00:24', '2022-04-26 03:16:34', 2, 2, '', '', '', '0000-00-00', '0000-00-00', '2022-01-21', '', '', 2),
(1806, 1146, '', '', 0, '2021-12-10 01:00:39', '2022-04-26 03:16:34', 2, 2, '', '', '', '0000-00-00', '0000-00-00', '2022-01-21', '', '', 2),
(1807, 1145, '', '', 0, '2021-12-10 01:01:20', '2022-04-26 03:16:34', 2, 2, '', '', '', '0000-00-00', '0000-00-00', '2022-01-21', '', '', 2),
(1808, 1144, '', '', 0, '2021-12-10 01:01:42', '2022-04-26 03:16:34', 2, 2, '', '', '', '0000-00-00', '0000-00-00', '2022-01-21', '', '', 2),
(1809, 1143, '', '', 0, '2021-12-10 01:01:57', '2022-04-26 03:16:34', 2, 2, '', '', '', '0000-00-00', '0000-00-00', '2022-01-21', '', '', 2),
(1810, 1142, '', '', 0, '2021-12-10 01:02:12', '2022-04-26 03:16:34', 2, 2, '', '', '', '0000-00-00', '0000-00-00', '2022-01-21', '', '', 2),
(1811, 1141, '', '', 0, '2021-12-10 01:02:29', '2022-04-26 03:16:34', 2, 2, '', '', '', '0000-00-00', '0000-00-00', '2022-01-21', '', '', 2),
(1812, 1140, '', '', 0, '2021-12-10 01:02:45', '2022-04-26 03:16:34', 2, 2, '', '', '', '0000-00-00', '0000-00-00', '2022-01-21', '', '', 2),
(1813, 1139, '', '', 0, '2021-12-10 01:03:10', '2022-04-26 03:16:34', 2, 2, '', '', '', '0000-00-00', '0000-00-00', '2022-01-21', '', '', 2),
(1814, 1138, '', '', 0, '2021-12-10 01:03:24', '2022-04-26 03:16:34', 2, 2, '', '', '', '0000-00-00', '0000-00-00', '2022-01-21', '', '', 2),
(1815, 1137, '', '', 0, '2021-12-10 01:03:42', '2022-04-26 03:16:34', 2, 2, '', '', '', '0000-00-00', '0000-00-00', '2022-01-21', '', '', 2),
(1816, 1136, '', '', 0, '2021-12-10 01:04:22', '2022-04-26 03:16:34', 2, 2, '', '', '', '0000-00-00', '0000-00-00', '2022-01-28', '', '', 2),
(1817, 1135, '', '', 0, '2021-12-10 01:08:17', '2022-04-26 03:16:34', 2, 2, '', '', '', '0000-00-00', '0000-00-00', '2022-01-28', '', '', 2),
(1818, 1134, '', '', 0, '2021-12-10 01:08:32', '2022-04-26 03:16:34', 2, 2, '', '', '', '0000-00-00', '0000-00-00', '2022-01-13', '', '', 2),
(1819, 1133, '', '', 0, '2021-12-10 01:08:52', '2022-04-26 03:16:34', 2, 2, '', '', '', '0000-00-00', '0000-00-00', '2022-01-28', '', '', 2),
(1820, 1132, '', '', 0, '2021-12-10 01:09:08', '2022-04-26 03:16:34', 2, 2, '', '', '', '0000-00-00', '0000-00-00', '2022-01-17', '', '', 2),
(1821, 1131, '', '', 0, '2021-12-10 01:09:23', '2022-04-26 03:16:34', 2, 2, '', '', '', '0000-00-00', '0000-00-00', '2022-01-17', '', '', 2),
(1822, 1130, '', '', 0, '2021-12-10 01:09:42', '2022-04-26 03:16:34', 2, 2, '', '', '', '0000-00-00', '0000-00-00', '2022-01-31', '', '', 2),
(1823, 1129, '', '', 0, '2021-12-10 01:09:58', '2022-04-26 03:16:34', 2, 2, '', '', '', '0000-00-00', '0000-00-00', '2022-01-27', '', '', 2),
(1824, 1128, '', '', 0, '2021-12-10 01:10:12', '2022-04-26 03:16:34', 2, 2, '', '', '', '0000-00-00', '0000-00-00', '2021-12-30', '', '', 2),
(1825, 1127, '', '', 0, '2021-12-10 01:10:34', '2022-04-26 03:16:34', 2, 2, '', '', '', '0000-00-00', '0000-00-00', '2021-12-30', '', '', 2),
(1826, 1126, '', '', 0, '2021-12-10 01:10:49', '2022-04-26 03:16:34', 2, 2, '', '', '', '0000-00-00', '0000-00-00', '2022-01-14', '', '', 2),
(1827, 1125, '', '', 0, '2021-12-10 01:11:05', '2022-04-26 03:16:34', 2, 2, '', '', '', '0000-00-00', '0000-00-00', '2022-01-19', '', '', 2),
(1828, 1124, '', '', 0, '2021-12-10 01:11:25', '2022-04-26 03:16:34', 2, 2, '', '', '', '0000-00-00', '0000-00-00', '2022-01-03', '', '', 2),
(1829, 1123, '', '', 0, '2021-12-10 01:12:15', '2022-04-26 03:16:34', 2, 2, '', '', '', '0000-00-00', '0000-00-00', '2021-11-30', '', '', 2),
(1830, 1122, '', '', 0, '2021-12-10 01:15:35', '2022-04-26 03:16:34', 2, 2, '', '', '', '0000-00-00', '0000-00-00', '2021-11-30', '', '', 2),
(1831, 1121, '', '', 0, '2021-12-10 01:15:49', '2022-04-26 03:16:34', 2, 2, '', '', '', '0000-00-00', '0000-00-00', '2022-01-12', '', '', 2),
(1832, 1120, '', '', 0, '2021-12-10 01:16:04', '2022-04-26 03:16:34', 2, 2, '', '', '', '0000-00-00', '0000-00-00', '2021-12-17', '', '', 2),
(1833, 1119, '', '', 0, '2021-12-10 01:16:21', '2022-04-26 03:16:34', 2, 2, '', '', '', '0000-00-00', '0000-00-00', '2021-12-28', '', '', 2),
(1834, 1118, '', '', 0, '2021-12-10 01:17:14', '2022-04-26 03:16:34', 2, 2, '', '', '', '0000-00-00', '0000-00-00', '2022-01-03', '', '', 2),
(1835, 1117, '', '', 0, '2021-12-10 01:17:31', '2022-04-26 03:16:34', 2, 2, '', '', '', '0000-00-00', '0000-00-00', '2022-01-19', '', '', 2),
(1836, 1116, '', '', 0, '2021-12-10 01:18:21', '2022-04-26 03:16:34', 2, 2, '', '', '', '0000-00-00', '0000-00-00', '2021-12-15', '', '', 2),
(1837, 1115, '', '', 0, '2021-12-10 01:18:34', '2022-04-26 03:16:34', 2, 2, '', '', '', '0000-00-00', '0000-00-00', '2022-01-31', '', '', 2),
(1838, 1114, '', '', 0, '2021-12-10 01:18:48', '2022-04-26 03:16:34', 2, 2, '', '', '', '0000-00-00', '0000-00-00', '2022-01-25', '', '', 2),
(1839, 1113, '', '', 0, '2021-12-10 01:19:05', '2022-04-26 03:16:34', 2, 2, '', '', '', '0000-00-00', '0000-00-00', '2022-01-13', '', '', 2),
(1840, 1112, '', '', 0, '2021-12-10 01:19:20', '2022-04-26 03:16:34', 2, 2, '', '', '', '0000-00-00', '0000-00-00', '2022-01-17', '', '', 2),
(1841, 1111, '', '', 0, '2021-12-10 01:19:37', '2022-04-26 03:16:34', 2, 2, '', '', '', '0000-00-00', '0000-00-00', '2022-01-14', '', '', 2),
(1842, 1110, '', '', 0, '2021-12-10 01:21:37', '2022-04-26 03:16:34', 2, 2, '', '', '', '0000-00-00', '0000-00-00', '2021-12-23', '', '', 2),
(1843, 1109, '', '', 0, '2021-12-10 01:21:53', '2022-04-26 03:16:34', 2, 2, '', '', '', '0000-00-00', '0000-00-00', '2021-12-21', '', '', 2),
(1844, 1108, '', '', 0, '2021-12-10 01:22:14', '2022-04-26 03:16:34', 2, 2, '', '', '', '0000-00-00', '0000-00-00', '2022-01-17', '', '', 2),
(1845, 1107, '', '', 0, '2021-12-10 01:22:32', '2022-04-26 03:16:34', 2, 2, '', '', '', '0000-00-00', '0000-00-00', '2021-12-23', '', '', 2),
(1846, 1106, '', '', 0, '2021-12-10 01:22:47', '2022-04-26 03:16:34', 2, 2, '', '', '', '0000-00-00', '0000-00-00', '2022-01-17', '', '', 2),
(1847, 1105, '', '', 0, '2021-12-15 08:07:15', '2022-04-26 03:16:34', 2, 2, '', '', '', '0000-00-00', '0000-00-00', '2022-02-28', '', '', 2),
(1848, 1104, '', '', 0, '2021-12-15 08:07:59', '2022-04-26 03:16:34', 2, 2, '', '', '', '0000-00-00', '0000-00-00', '2022-02-14', '', '', 2),
(1849, 1103, '', '', 0, '2021-12-15 08:08:21', '2022-04-26 03:16:34', 2, 2, '', '', '', '0000-00-00', '0000-00-00', '2022-02-14', '', '', 2),
(1850, 1102, '', '', 0, '2021-12-15 08:08:46', '2022-04-26 03:16:34', 2, 2, '', '', '', '0000-00-00', '0000-00-00', '2022-02-15', '', '', 2),
(1851, 1101, '', '', 0, '2021-12-15 08:08:59', '2022-04-26 03:16:34', 2, 2, '', '', '', '0000-00-00', '0000-00-00', '2022-02-14', '', '', 2),
(1852, 1100, '', '', 0, '2021-12-15 08:09:13', '2022-04-26 03:16:34', 2, 2, '', '', '', '0000-00-00', '0000-00-00', '2022-02-14', '', '', 2),
(1853, 1099, '', '', 0, '2021-12-15 08:09:36', '2022-04-26 03:16:34', 2, 2, '', '', '', '0000-00-00', '0000-00-00', '2022-01-31', '', '', 2),
(1854, 1098, '', '', 0, '2021-12-15 08:09:53', '2022-04-26 03:16:34', 2, 2, '', '', '', '0000-00-00', '0000-00-00', '2022-02-15', '', '', 2),
(1855, 1097, '', '', 0, '2021-12-15 08:10:11', '2022-04-26 03:16:34', 2, 2, '', '', '', '0000-00-00', '0000-00-00', '2022-02-14', '', '', 2),
(1856, 1096, '', '', 0, '2021-12-15 08:10:28', '2022-04-26 03:16:34', 2, 2, '', '', '', '0000-00-00', '0000-00-00', '2022-02-14', '', '', 2),
(1857, 1095, '', '', 0, '2021-12-15 08:10:46', '2022-04-26 03:16:34', 2, 2, '', '', '', '0000-00-00', '0000-00-00', '2022-02-14', '', '', 2),
(1858, 1094, '', '', 0, '2021-12-15 08:11:01', '2022-04-26 03:16:34', 2, 2, '', '', '', '0000-00-00', '0000-00-00', '2022-02-14', '', '', 2),
(1859, 1093, '', '', 0, '2021-12-15 08:11:17', '2022-04-26 03:16:34', 2, 2, '', '', '', '0000-00-00', '0000-00-00', '2022-02-14', '', '', 2),
(1860, 1092, '', '', 0, '2021-12-15 08:11:41', '2022-04-26 03:16:34', 2, 2, '', '', '', '0000-00-00', '0000-00-00', '2022-02-09', '', '', 2),
(1861, 1091, '', '', 0, '2021-12-15 08:11:56', '2022-04-26 03:16:34', 2, 2, '', '', '', '0000-00-00', '0000-00-00', '2022-02-07', '', '', 2),
(1862, 1090, '', '', 0, '2021-12-15 08:12:10', '2022-04-26 03:16:34', 2, 2, '', '', '', '0000-00-00', '0000-00-00', '2022-02-14', '', '', 2),
(1863, 1089, '', '', 0, '2021-12-15 08:12:24', '2022-04-26 03:16:34', 2, 2, '', '', '', '0000-00-00', '0000-00-00', '2022-01-31', '', '', 2),
(1864, 1088, '', '', 0, '2021-12-15 08:12:40', '2022-04-26 03:16:34', 2, 2, '', '', '', '0000-00-00', '0000-00-00', '2022-01-31', '', '', 2),
(1865, 1087, '', '', 0, '2021-12-15 08:12:54', '2022-04-26 03:16:34', 2, 2, '', '', '', '0000-00-00', '0000-00-00', '2022-01-27', '', '', 2),
(1866, 1086, '', '', 0, '2021-12-15 08:13:31', '2022-04-26 03:16:34', 2, 2, '', '', '', '0000-00-00', '0000-00-00', '2022-01-20', '', '', 2),
(1867, 1085, '', '', 0, '2021-12-15 08:13:46', '2022-04-26 03:16:34', 2, 2, '', '', '', '0000-00-00', '0000-00-00', '2022-01-31', '', '', 2),
(1868, 1084, '', '', 0, '2021-12-15 08:13:59', '2022-04-26 03:16:34', 2, 2, '', '', '', '0000-00-00', '0000-00-00', '2022-01-31', '', '', 2),
(1869, 1083, '', '', 0, '2021-12-15 08:14:20', '2022-04-26 03:16:34', 2, 2, '', '', '', '0000-00-00', '0000-00-00', '2022-01-31', '', '', 2),
(1870, 1082, '', '', 0, '2021-12-15 08:14:40', '2022-04-26 03:16:34', 2, 2, '', '', '', '0000-00-00', '0000-00-00', '2022-01-26', '', '', 2),
(1871, 1081, '', '', 0, '2021-12-15 08:14:55', '2022-04-26 03:16:34', 2, 2, '', '', '', '0000-00-00', '0000-00-00', '2022-01-19', '', '', 2),
(1872, 1080, '', '', 0, '2021-12-15 08:15:10', '2022-04-26 03:16:34', 2, 2, '', '', '', '0000-00-00', '0000-00-00', '2022-01-31', '', '', 2),
(1873, 1079, '', '', 0, '2021-12-15 08:15:30', '2022-04-26 03:16:34', 2, 2, '', '', '', '0000-00-00', '0000-00-00', '2021-12-30', '', '', 2),
(1874, 1078, '', '', 0, '2021-12-15 08:15:46', '2022-04-26 03:16:34', 2, 2, '', '', '', '0000-00-00', '0000-00-00', '2022-02-14', '', '', 2),
(1875, 1077, '', '', 0, '2021-12-15 08:15:59', '2022-04-26 03:16:34', 2, 2, '', '', '', '0000-00-00', '0000-00-00', '2022-02-14', '', '', 2),
(1876, 1076, '', '', 0, '2021-12-15 08:16:16', '2022-04-26 03:16:34', 2, 2, '', '', '', '0000-00-00', '0000-00-00', '2022-02-28', '', '', 2),
(1877, 1075, '', '', 0, '2021-12-15 08:16:32', '2022-04-26 03:16:34', 2, 2, '', '', '', '0000-00-00', '0000-00-00', '2022-02-21', '', '', 2),
(1878, 1074, '', '', 0, '2021-12-15 08:16:48', '2022-04-26 03:16:34', 2, 2, '', '', '', '0000-00-00', '0000-00-00', '2022-02-21', '', '', 2),
(1879, 1073, '', '', 0, '2021-12-15 08:17:08', '2022-04-26 03:16:34', 2, 2, '', '', '', '0000-00-00', '0000-00-00', '2022-02-23', '', '', 2),
(1880, 1072, '', '', 0, '2021-12-15 08:21:18', '2022-04-26 03:16:34', 2, 2, '', '', '', '0000-00-00', '0000-00-00', '2022-02-25', '', '', 2),
(1881, 1071, '', '', 0, '2021-12-15 08:21:31', '2022-04-26 03:16:34', 2, 2, '', '', '', '0000-00-00', '0000-00-00', '2022-02-25', '', '', 2),
(1882, 1070, '', '', 0, '2021-12-15 08:21:57', '2022-04-26 03:16:34', 2, 2, '', '', '', '0000-00-00', '0000-00-00', '2022-02-09', '', '', 2),
(1883, 1069, '', '', 0, '2021-12-15 08:22:23', '2022-04-26 03:16:34', 2, 2, '', '', '', '0000-00-00', '0000-00-00', '2022-02-25', '', '', 2),
(1884, 1068, '', '', 0, '2021-12-15 08:22:41', '2022-04-26 03:16:34', 2, 2, '', '', '', '0000-00-00', '0000-00-00', '2022-02-14', '', '', 2),
(1885, 1067, '', '', 0, '2021-12-15 08:22:59', '2022-04-26 03:16:34', 2, 2, '', '', '', '0000-00-00', '0000-00-00', '2022-02-14', '', '', 2),
(1886, 1066, '', '', 0, '2021-12-15 08:23:12', '2022-04-26 03:16:34', 2, 2, '', '', '', '0000-00-00', '0000-00-00', '2022-02-28', '', '', 2),
(1887, 1065, '', '', 0, '2021-12-15 08:23:29', '2022-04-26 03:16:34', 2, 2, '', '', '', '0000-00-00', '0000-00-00', '2022-02-24', '', '', 2),
(1888, 1064, '', '', 0, '2021-12-15 08:23:50', '2022-04-26 03:16:34', 2, 2, '', '', '', '0000-00-00', '0000-00-00', '2022-01-28', '', '', 2),
(1889, 1063, '', '', 0, '2021-12-15 08:24:06', '2022-04-26 03:16:34', 2, 2, '', '', '', '0000-00-00', '0000-00-00', '2022-01-28', '', '', 2),
(1890, 1062, '', '', 0, '2021-12-15 08:24:23', '2022-04-26 03:16:34', 2, 2, '', '', '', '0000-00-00', '0000-00-00', '2022-02-15', '', '', 2),
(1891, 1061, '', '', 0, '2021-12-15 08:24:38', '2022-04-26 03:16:34', 2, 2, '', '', '', '0000-00-00', '0000-00-00', '2022-02-16', '', '', 2),
(1892, 1060, '', '', 0, '2021-12-15 08:24:53', '2022-04-26 03:16:34', 2, 2, '', '', '', '0000-00-00', '0000-00-00', '2021-12-30', '', '', 2),
(1893, 1059, '', '', 0, '2021-12-15 08:25:09', '2022-04-26 03:16:34', 2, 2, '', '', '', '0000-00-00', '0000-00-00', '2021-12-30', '', '', 2),
(1894, 1058, '', '', 0, '2021-12-15 08:25:23', '2022-04-26 03:16:34', 2, 2, '', '', '', '0000-00-00', '0000-00-00', '2022-02-10', '', '', 2),
(1895, 1057, '', '', 0, '2021-12-15 08:25:37', '2022-04-26 03:16:34', 2, 2, '', '', '', '0000-00-00', '0000-00-00', '2022-01-19', '', '', 2),
(1896, 1056, '', '', 0, '2021-12-15 08:26:42', '2022-04-26 03:16:34', 2, 2, '', '', '', '0000-00-00', '0000-00-00', '2022-02-03', '', '', 2),
(1897, 1055, '', '', 0, '2021-12-15 08:26:56', '2022-04-26 03:16:34', 2, 2, '', '', '', '0000-00-00', '0000-00-00', '2022-02-16', '', '', 2),
(1898, 1054, '', '', 0, '2021-12-15 08:27:13', '2022-04-26 03:16:34', 2, 2, '', '', '', '0000-00-00', '0000-00-00', '2022-01-14', '', '', 2),
(1899, 1053, '', '', 0, '2021-12-15 08:27:29', '2022-04-26 03:16:34', 2, 2, '', '', '', '0000-00-00', '0000-00-00', '2022-02-28', '', '', 2),
(1900, 1052, '', '', 0, '2021-12-15 08:27:42', '2022-04-26 03:16:34', 2, 2, '', '', '', '0000-00-00', '0000-00-00', '2022-02-22', '', '', 2),
(1901, 1051, '', '', 0, '2021-12-15 08:28:01', '2022-04-26 03:16:34', 2, 2, '', '', '', '0000-00-00', '0000-00-00', '2022-02-21', '', '', 2),
(1902, 1050, '', '', 0, '2021-12-15 08:28:19', '2022-04-26 03:16:34', 2, 2, '', '', '', '0000-00-00', '0000-00-00', '2022-02-09', '', '', 2),
(1903, 1049, '', '', 0, '2021-12-15 08:28:34', '2022-04-26 03:16:34', 2, 2, '', '', '', '0000-00-00', '0000-00-00', '2022-02-21', '', '', 2),
(1904, 1048, '', '', 0, '2021-12-15 08:28:50', '2022-04-26 03:16:34', 2, 2, '', '', '', '0000-00-00', '0000-00-00', '2022-02-14', '', '', 2),
(1905, 1047, '', '', 0, '2021-12-15 08:29:08', '2022-04-26 03:16:34', 2, 2, '', '', '', '0000-00-00', '0000-00-00', '2022-01-21', '', '', 2),
(1906, 1046, '', '', 0, '2021-12-15 08:29:28', '2022-04-26 03:16:34', 2, 2, '', '', '', '0000-00-00', '0000-00-00', '2022-01-19', '', '', 2),
(1907, 1045, '', '', 0, '2021-12-15 08:29:44', '2022-04-26 03:16:34', 2, 2, '', '', '', '0000-00-00', '0000-00-00', '2022-02-15', '', '', 2),
(1908, 1044, '', '', 0, '2021-12-15 08:30:17', '2022-04-26 03:16:34', 2, 2, '', '', '', '0000-00-00', '0000-00-00', '2022-01-21', '', '', 2),
(1909, 1043, '', '', 0, '2021-12-15 08:30:41', '2022-04-26 03:16:34', 2, 2, '', '', '', '0000-00-00', '0000-00-00', '2022-02-15', '', '', 2),
(1910, 1042, '', '', 0, '2022-01-10 05:59:38', '2022-04-26 03:16:34', 2, 2, '', '', '', '0000-00-00', '0000-00-00', '2022-02-28', '', '', 2),
(1911, 1041, '', '', 0, '2022-01-10 05:59:56', '2022-04-26 03:16:34', 2, 2, '', '', '', '0000-00-00', '0000-00-00', '2022-02-28', '', '', 2),
(1912, 1040, '', '', 0, '2022-01-10 06:00:16', '2022-04-26 03:16:34', 2, 2, '', '', '', '0000-00-00', '0000-00-00', '2022-02-28', '', '', 2),
(1913, 1039, '', '', 0, '2022-01-10 06:00:44', '2022-04-26 03:16:34', 2, 2, '', '', '', '0000-00-00', '0000-00-00', '2022-02-28', '', '', 2),
(1914, 1038, '', '', 0, '2022-01-10 06:01:11', '2022-04-26 03:16:34', 2, 2, '', '', '', '0000-00-00', '0000-00-00', '2022-02-28', '', '', 2),
(1915, 1037, '', '', 0, '2022-01-10 06:02:04', '2022-04-26 03:16:34', 2, 2, '', '', '', '0000-00-00', '0000-00-00', '2022-02-28', '', '', 2),
(1916, 1036, '', '', 0, '2022-01-10 06:02:27', '2022-04-26 03:16:34', 2, 2, '', '', '', '0000-00-00', '0000-00-00', '2022-02-28', '', '', 2),
(1917, 1035, '', '', 0, '2022-01-10 06:02:46', '2022-04-26 03:16:34', 2, 2, '', '', '', '0000-00-00', '0000-00-00', '2022-02-28', '', '', 2),
(1918, 1034, '', '', 0, '2022-01-10 06:03:09', '2022-04-26 03:16:34', 2, 2, '', '', '', '0000-00-00', '0000-00-00', '2022-02-28', '', '', 2),
(1919, 1033, '', '', 0, '2022-01-10 06:03:25', '2022-04-26 03:16:34', 2, 2, '', '', '', '0000-00-00', '0000-00-00', '2022-02-28', '', '', 2),
(1920, 1032, '', '', 0, '2022-01-10 06:04:05', '2022-04-26 03:16:34', 2, 2, '', '', '', '0000-00-00', '0000-00-00', '2022-02-28', '', '', 2),
(1921, 1031, '', '', 0, '2022-01-10 06:04:22', '2022-04-26 03:16:34', 2, 2, '', '', '', '0000-00-00', '0000-00-00', '2022-02-28', '', '', 2),
(1922, 1030, '', '', 0, '2022-01-10 06:04:48', '2022-04-26 03:16:34', 2, 2, '', '', '', '0000-00-00', '0000-00-00', '2022-02-28', '', '', 2),
(1923, 1029, '', '', 0, '2022-01-10 06:05:08', '2022-04-26 03:16:34', 2, 2, '', '', '', '0000-00-00', '0000-00-00', '2022-02-28', '', '', 2),
(1924, 1028, '', '', 0, '2022-01-10 06:05:24', '2022-04-26 03:16:34', 2, 2, '', '', '', '0000-00-00', '0000-00-00', '2022-03-18', '', '', 2),
(1925, 1027, '', '', 0, '2022-01-10 06:05:43', '2022-04-26 03:16:34', 2, 2, '', '', '', '0000-00-00', '0000-00-00', '2022-03-18', '', '', 2),
(1926, 1026, '', '', 0, '2022-01-10 06:06:08', '2022-04-26 03:16:34', 2, 2, '', '', '', '0000-00-00', '0000-00-00', '2022-03-31', '', '', 2),
(1927, 1025, '', '', 0, '2022-01-10 06:14:30', '2022-04-26 03:16:34', 2, 2, '', '', '', '0000-00-00', '0000-00-00', '2022-03-14', '', '', 2),
(1928, 1024, '', '', 0, '2022-01-10 06:17:12', '2022-04-26 03:16:34', 2, 2, '', '', '', '0000-00-00', '0000-00-00', '2022-03-14', '', '', 2),
(1929, 1023, '', '', 0, '2022-01-10 06:17:34', '2022-04-26 03:16:34', 2, 2, '', '', '', '0000-00-00', '0000-00-00', '2022-03-15', '', '', 2),
(1930, 1022, '', '', 0, '2022-01-10 06:17:50', '2022-04-26 03:16:34', 2, 2, '', '', '', '0000-00-00', '0000-00-00', '2022-03-14', '', '', 2),
(1931, 1021, '', '', 0, '2022-01-10 06:18:09', '2022-04-26 03:16:34', 2, 2, '', '', '', '0000-00-00', '0000-00-00', '2022-03-14', '', '', 2),
(1932, 1020, '', '', 0, '2022-01-10 06:18:43', '2022-04-26 03:16:34', 2, 2, '', '', '', '0000-00-00', '0000-00-00', '2022-03-14', '', '', 2),
(1933, 1019, '', '', 0, '2022-01-10 06:19:01', '2022-04-26 03:16:34', 2, 2, '', '', '', '0000-00-00', '0000-00-00', '2022-03-14', '', '', 2),
(1934, 1018, '', '', 0, '2022-01-10 06:19:17', '2022-04-26 03:16:34', 2, 2, '', '', '', '0000-00-00', '0000-00-00', '2022-02-25', '', '', 2),
(1935, 1017, '', '', 0, '2022-01-10 06:19:39', '2022-04-26 03:16:34', 2, 2, '', '', '', '0000-00-00', '0000-00-00', '2022-03-14', '', '', 2),
(1936, 1016, '', '', 0, '2022-01-10 06:19:59', '2022-04-26 03:16:34', 2, 2, '', '', '', '0000-00-00', '0000-00-00', '2022-03-14', '', '', 2),
(1937, 1015, '', '', 0, '2022-01-10 06:20:51', '2022-04-26 03:16:34', 2, 2, '', '', '', '0000-00-00', '0000-00-00', '2022-03-15', '', '', 2),
(1938, 1014, '', '', 0, '2022-01-10 06:21:13', '2022-04-26 03:16:34', 2, 2, '', '', '', '0000-00-00', '0000-00-00', '2022-03-14', '', '', 2),
(1939, 1013, '', '', 0, '2022-01-10 06:21:38', '2022-04-26 03:16:34', 2, 2, '', '', '', '0000-00-00', '0000-00-00', '2022-03-14', '', '', 2),
(1940, 1012, '', '', 0, '2022-01-10 06:21:56', '2022-04-26 03:16:34', 2, 2, '', '', '', '0000-00-00', '0000-00-00', '2022-03-14', '', '', 2),
(1941, 1011, '', '', 0, '2022-01-10 06:23:20', '2022-04-26 03:16:34', 2, 2, '', '', '', '0000-00-00', '0000-00-00', '2022-03-14', '', '', 2),
(1942, 1010, '', '', 0, '2022-01-10 06:23:41', '2022-04-26 03:16:34', 2, 2, '', '', '', '0000-00-00', '0000-00-00', '2022-03-14', '', '', 2),
(1943, 1009, '', '', 0, '2022-01-10 06:24:03', '2022-04-26 03:16:34', 2, 2, '', '', '', '0000-00-00', '0000-00-00', '2022-03-14', '', '', 2),
(1944, 1008, '', '', 0, '2022-01-10 06:24:26', '2022-04-26 03:16:34', 2, 2, '', '', '', '0000-00-00', '0000-00-00', '2022-03-14', '', '', 2),
(1945, 1007, '', '', 0, '2022-01-10 06:24:49', '2022-04-26 03:16:34', 2, 2, '', '', '', '0000-00-00', '0000-00-00', '2022-03-14', '', '', 2),
(1946, 1006, '', '', 0, '2022-01-10 06:25:09', '2022-04-26 03:16:34', 2, 2, '', '', '', '0000-00-00', '0000-00-00', '2022-03-10', '', '', 2),
(1947, 1005, '', '', 0, '2022-01-10 07:27:12', '2022-04-26 03:16:34', 2, 2, '', '', '', '0000-00-00', '0000-00-00', '2022-03-10', '', '', 2),
(1948, 1004, '', '', 0, '2022-01-10 07:27:29', '2022-04-26 03:16:34', 2, 2, '', '', '', '0000-00-00', '0000-00-00', '2022-03-18', '', '', 2),
(1949, 1003, '', '', 0, '2022-01-10 07:27:49', '2022-04-26 03:16:34', 2, 2, '', '', '', '0000-00-00', '0000-00-00', '2022-03-18', '', '', 2),
(1950, 1002, '', '', 0, '2022-01-10 07:28:11', '2022-04-26 03:16:34', 2, 2, '', '', '', '0000-00-00', '0000-00-00', '2022-03-18', '', '', 2),
(1951, 1001, '', '', 0, '2022-01-10 07:28:28', '2022-04-26 03:16:34', 2, 2, '', '', '', '0000-00-00', '0000-00-00', '2022-03-18', '', '', 2),
(1952, 1000, '', '', 0, '2022-01-10 07:28:48', '2022-04-26 03:16:34', 2, 2, '', '', '', '0000-00-00', '0000-00-00', '2022-03-18', '', '', 2),
(1953, 999, '', '', 0, '2022-01-10 07:29:07', '2022-04-26 03:16:34', 2, 2, '', '', '', '0000-00-00', '0000-00-00', '2022-03-18', '', '', 2),
(1954, 998, '', '', 0, '2022-01-10 07:29:27', '2022-04-26 03:16:34', 2, 2, '', '', '', '0000-00-00', '0000-00-00', '2022-03-31', '', '', 2),
(1955, 997, '', '', 0, '2022-01-10 07:30:54', '2022-04-26 03:16:34', 2, 2, '', '', '', '0000-00-00', '0000-00-00', '2022-02-28', '', '', 2),
(1956, 996, '', '', 0, '2022-01-10 07:31:11', '2022-04-26 03:16:34', 2, 2, '', '', '', '0000-00-00', '0000-00-00', '2022-02-28', '', '', 2),
(1957, 995, '', '', 0, '2022-01-10 07:31:27', '2022-04-26 03:16:34', 2, 2, '', '', '', '0000-00-00', '0000-00-00', '2022-02-24', '', '', 2),
(1958, 994, '', '', 0, '2022-01-10 07:32:21', '2022-04-26 03:16:34', 2, 2, '', '', '', '0000-00-00', '0000-00-00', '2022-02-22', '', '', 2),
(1959, 993, '', '', 0, '2022-01-10 07:32:39', '2022-04-26 03:16:34', 2, 2, '', '', '', '0000-00-00', '0000-00-00', '2022-02-28', '', '', 2),
(1960, 992, '', '', 0, '2022-01-10 07:32:57', '2022-04-26 03:16:34', 2, 2, '', '', '', '0000-00-00', '0000-00-00', '2022-02-28', '', '', 2),
(1961, 991, '', '', 0, '2022-01-10 07:33:14', '2022-04-26 03:16:34', 2, 2, '', '', '', '0000-00-00', '0000-00-00', '2022-02-23', '', '', 2),
(1962, 990, '', '', 0, '2022-01-10 07:33:32', '2022-04-26 03:16:34', 2, 2, '', '', '', '0000-00-00', '0000-00-00', '2022-02-18', '', '', 2),
(1963, 989, '', '', 0, '2022-01-10 07:33:50', '2022-04-26 03:16:34', 2, 2, '', '', '', '0000-00-00', '0000-00-00', '2022-02-28', '', '', 2),
(1964, 988, '', '', 0, '2022-01-10 07:34:06', '2022-04-26 03:16:34', 2, 2, '', '', '', '0000-00-00', '0000-00-00', '2022-01-31', '', '', 2),
(1965, 987, '', '', 0, '2022-01-10 07:59:13', '2022-04-26 03:16:34', 2, 2, '', '', '', '0000-00-00', '0000-00-00', '2022-03-14', '', '', 2),
(1966, 986, '', '', 0, '2022-01-10 07:59:41', '2022-04-26 03:16:34', 2, 2, '', '', '', '0000-00-00', '0000-00-00', '2022-03-14', '', '', 2),
(1967, 985, '', '', 0, '2022-01-10 08:00:00', '2022-04-26 03:16:34', 2, 2, '', '', '', '0000-00-00', '0000-00-00', '2022-03-30', '', '', 2),
(1968, 984, '', '', 0, '2022-01-10 08:00:18', '2022-04-26 03:16:34', 2, 2, '', '', '', '0000-00-00', '0000-00-00', '2022-03-30', '', '', 2),
(1969, 983, '', '', 0, '2022-01-10 08:00:37', '2022-04-26 03:16:34', 2, 2, '', '', '', '0000-00-00', '0000-00-00', '2022-03-30', '', '', 2),
(1970, 982, '', '', 0, '2022-01-10 08:01:10', '2022-04-26 03:16:34', 2, 2, '', '', '', '0000-00-00', '0000-00-00', '2022-03-30', '', '', 2),
(1971, 981, '', '', 0, '2022-01-10 08:01:36', '2022-04-26 03:16:34', 2, 2, '', '', '', '0000-00-00', '0000-00-00', '2022-03-30', '', '', 2),
(1972, 980, '', '', 0, '2022-01-10 08:01:59', '2022-04-26 03:16:34', 2, 2, '', '', '', '0000-00-00', '0000-00-00', '2022-03-31', '', '', 2),
(1973, 979, '', '', 0, '2022-01-10 08:05:10', '2022-04-26 03:16:34', 2, 2, '', '', '', '0000-00-00', '0000-00-00', '2022-03-31', '', '', 2),
(1974, 978, '', '', 0, '2022-01-10 08:05:59', '2022-04-26 03:16:34', 2, 2, '', '', '', '0000-00-00', '0000-00-00', '2022-03-21', '', '', 2),
(1975, 977, '', '', 0, '2022-01-10 08:06:49', '2022-04-26 03:16:34', 2, 2, '', '', '', '0000-00-00', '0000-00-00', '2022-03-21', '', '', 2),
(1976, 976, '', '', 0, '2022-01-10 08:07:04', '2022-04-26 03:16:34', 2, 2, '', '', '', '0000-00-00', '0000-00-00', '2022-03-14', '', '', 2),
(1977, 975, '', '', 0, '2022-01-10 08:11:22', '2022-04-26 03:16:34', 2, 2, '', '', '', '0000-00-00', '0000-00-00', '2022-03-14', '', '', 2),
(1978, 974, '', '', 0, '2022-01-10 08:12:05', '2022-04-26 03:16:34', 2, 2, '', '', '', '0000-00-00', '0000-00-00', '2022-03-14', '', '', 2),
(1979, 973, '', '', 0, '2022-01-10 08:12:19', '2022-04-26 03:16:34', 2, 2, '', '', '', '0000-00-00', '0000-00-00', '2022-03-29', '', '', 2),
(1980, 972, '', '', 0, '2022-01-10 08:12:34', '2022-04-26 03:16:34', 2, 2, '', '', '', '0000-00-00', '0000-00-00', '2022-03-30', '', '', 2),
(1981, 971, '', '', 0, '2022-01-10 08:12:51', '2022-04-26 03:16:34', 2, 2, '', '', '', '0000-00-00', '0000-00-00', '2022-03-30', '', '', 2),
(1982, 970, '', '', 0, '2022-01-10 08:13:06', '2022-04-26 03:16:34', 2, 2, '', '', '', '0000-00-00', '0000-00-00', '2022-03-30', '', '', 2),
(1983, 969, '', '', 0, '2022-01-10 08:13:27', '2022-04-26 03:16:34', 2, 2, '', '', '', '0000-00-00', '0000-00-00', '2022-03-30', '', '', 2),
(1984, 968, '', '', 0, '2022-01-10 08:13:48', '2022-04-26 03:16:34', 2, 2, '', '', '', '0000-00-00', '0000-00-00', '2022-03-30', '', '', 2),
(1985, 967, '', '', 0, '2022-01-10 08:14:12', '2022-04-26 03:16:34', 2, 2, '', '', '', '0000-00-00', '0000-00-00', '2022-03-30', '', '', 2),
(1986, 966, '', '', 0, '2022-01-10 08:22:50', '2022-04-26 03:16:34', 2, 2, '', '', '', '0000-00-00', '0000-00-00', '2022-03-30', '', '', 2),
(1987, 965, '', '', 0, '2022-01-10 08:23:08', '2022-04-26 03:16:34', 2, 2, '', '', '', '0000-00-00', '0000-00-00', '2022-03-30', '', '', 2),
(1988, 964, '', '', 0, '2022-01-10 08:23:27', '2022-04-26 03:16:34', 2, 2, '', '', '', '0000-00-00', '0000-00-00', '2022-03-30', '', '', 2),
(1989, 963, '', '', 0, '2022-01-10 08:23:47', '2022-04-26 03:16:34', 2, 2, '', '', '', '0000-00-00', '0000-00-00', '2022-03-30', '', '', 2),
(1990, 962, '', '', 0, '2022-01-10 08:24:11', '2022-04-26 03:16:34', 2, 2, '', '', '', '0000-00-00', '0000-00-00', '2022-03-30', '', '', 2),
(1991, 961, '', '', 0, '2022-01-10 08:24:33', '2022-04-26 03:16:34', 2, 2, '', '', '', '0000-00-00', '0000-00-00', '2022-03-30', '', '', 2),
(1992, 960, '', '', 0, '2022-01-10 08:30:54', '2022-04-26 03:16:34', 2, 2, '', '', '', '0000-00-00', '0000-00-00', '2022-03-30', '', '', 2),
(1993, 959, '', '', 0, '2022-01-10 08:31:12', '2022-04-26 03:16:34', 2, 2, '', '', '', '0000-00-00', '0000-00-00', '2022-03-30', '', '', 2),
(1994, 958, '', '', 0, '2022-01-10 08:31:33', '2022-04-26 03:16:34', 2, 2, '', '', '', '0000-00-00', '0000-00-00', '2022-03-30', '', '', 2),
(1995, 957, '', '', 0, '2022-01-10 08:32:02', '2022-04-26 03:16:34', 2, 2, '', '', '', '0000-00-00', '0000-00-00', '2022-03-30', '', '', 2),
(1996, 956, '', '', 0, '2022-01-10 08:32:20', '2022-04-26 03:16:34', 2, 2, '', '', '', '0000-00-00', '0000-00-00', '2022-03-30', '', '', 2),
(1997, 955, '', '', 0, '2022-01-10 08:32:54', '2022-04-26 03:16:34', 2, 2, '', '', '', '0000-00-00', '0000-00-00', '2022-03-30', '', '', 2),
(1998, 954, '', '', 0, '2022-01-10 08:33:13', '2022-04-26 03:16:34', 2, 2, '', '', '', '0000-00-00', '0000-00-00', '2022-03-30', '', '', 2),
(1999, 953, '', '', 0, '2022-01-10 08:33:30', '2022-04-26 03:16:34', 2, 2, '', '', '', '0000-00-00', '0000-00-00', '2022-03-30', '', '', 2),
(2000, 952, '', '', 0, '2022-01-10 08:33:52', '2022-04-26 03:16:34', 2, 2, '', '', '', '0000-00-00', '0000-00-00', '2022-03-30', '', '', 2),
(2001, 951, '', '', 0, '2022-01-10 08:34:10', '2022-04-26 03:16:34', 2, 2, '', '', '', '0000-00-00', '0000-00-00', '2022-03-30', '', '', 2),
(2002, 950, '', '', 0, '2022-01-10 08:34:27', '2022-04-26 03:16:34', 2, 2, '', '', '', '0000-00-00', '0000-00-00', '2022-03-30', '', '', 2),
(2003, 949, '', '', 0, '2022-01-10 08:34:45', '2022-04-26 03:16:34', 2, 2, '', '', '', '0000-00-00', '0000-00-00', '2022-03-30', '', '', 2),
(2004, 948, '', '', 0, '2022-01-10 08:35:15', '2022-04-26 03:16:34', 2, 2, '', '', '', '0000-00-00', '0000-00-00', '2022-03-30', '', '', 2),
(2005, 947, '', '', 0, '2022-01-10 08:35:33', '2022-04-26 03:16:34', 2, 2, '', '', '', '0000-00-00', '0000-00-00', '2022-03-30', '', '', 2),
(2006, 946, '', '', 0, '2022-01-10 08:35:50', '2022-04-26 03:16:34', 2, 2, '', '', '', '0000-00-00', '0000-00-00', '2022-03-30', '', '', 2),
(2007, 945, '', '', 0, '2022-01-10 08:36:09', '2022-04-26 03:16:34', 2, 2, '', '', '', '0000-00-00', '0000-00-00', '2022-03-30', '', '', 2),
(2008, 944, '', '', 0, '2022-01-11 01:54:21', '2022-04-26 03:16:34', 2, 2, '', '', '', '0000-00-00', '0000-00-00', '2022-03-18', '', '', 2),
(2009, 943, '', '', 0, '2022-01-11 01:54:47', '2022-04-26 03:16:34', 2, 2, '', '', '', '0000-00-00', '0000-00-00', '2022-03-18', '', '', 2),
(2010, 942, '', '', 0, '2022-01-11 01:55:07', '2022-04-26 03:16:34', 2, 2, '', '', '', '0000-00-00', '0000-00-00', '2022-03-18', '', '', 2),
(2011, 941, '', '', 0, '2022-01-11 01:55:26', '2022-04-26 03:16:34', 2, 2, '', '', '', '0000-00-00', '0000-00-00', '2022-03-18', '', '', 2),
(2012, 940, '', '', 0, '2022-01-11 01:55:46', '2022-04-26 03:16:34', 2, 2, '', '', '', '0000-00-00', '0000-00-00', '2022-03-18', '', '', 2),
(2013, 939, '', '', 0, '2022-01-11 01:58:09', '2022-04-26 03:16:34', 2, 2, '', '', '', '0000-00-00', '0000-00-00', '2022-03-18', '', '', 2),
(2014, 938, '', '', 0, '2022-01-11 01:58:27', '2022-04-26 03:16:34', 2, 2, '', '', '', '0000-00-00', '0000-00-00', '2022-03-18', '', '', 2),
(2015, 937, '', '', 0, '2022-01-11 01:58:48', '2022-04-26 03:16:34', 2, 2, '', '', '', '0000-00-00', '0000-00-00', '2022-03-30', '', '', 2),
(2016, 936, '', '', 0, '2022-01-11 01:59:09', '2022-04-26 03:16:34', 2, 2, '', '', '', '0000-00-00', '0000-00-00', '2022-03-18', '', '', 2),
(2017, 935, '', '', 0, '2022-01-11 02:00:01', '2022-04-26 03:16:34', 2, 2, '', '', '', '0000-00-00', '0000-00-00', '2022-03-18', '', '', 2),
(2018, 934, '', '', 0, '2022-01-11 02:03:41', '2022-04-26 03:16:34', 2, 2, '', '', '', '0000-00-00', '0000-00-00', '2022-03-18', '', '', 2),
(2019, 933, '', '', 0, '2022-01-11 02:18:20', '2022-04-26 03:16:34', 2, 2, '', '', '', '0000-00-00', '0000-00-00', '2022-03-18', '', '', 2),
(2020, 932, '', '', 0, '2022-01-11 02:18:43', '2022-04-26 03:16:33', 2, 2, '', '', '', '0000-00-00', '0000-00-00', '2022-03-18', '', '', 2),
(2021, 931, '', '', 0, '2022-01-11 02:19:47', '2022-04-26 03:16:33', 2, 2, '', '', '', '0000-00-00', '0000-00-00', '2022-03-30', '', '', 2),
(2022, 930, '', '', 0, '2022-01-11 02:20:04', '2022-04-26 03:16:33', 2, 2, '', '', '', '0000-00-00', '0000-00-00', '2022-03-18', '', '', 2),
(2023, 929, '', '', 0, '2022-01-11 02:20:23', '2022-04-26 03:16:33', 2, 2, '', '', '', '0000-00-00', '0000-00-00', '2022-03-18', '', '', 2),
(2024, 928, '', '', 0, '2022-01-11 02:20:40', '2022-04-26 03:16:33', 2, 2, '', '', '', '0000-00-00', '0000-00-00', '2022-03-18', '', '', 2),
(2025, 927, '', '', 0, '2022-01-11 02:21:48', '2022-04-26 03:16:33', 2, 2, '', '', '', '0000-00-00', '0000-00-00', '2022-03-30', '', '', 2),
(2026, 926, '', '', 0, '2022-01-11 02:22:27', '2022-04-26 03:16:33', 2, 2, '', '', '', '0000-00-00', '0000-00-00', '2022-03-31', '', '', 2),
(2027, 925, '', '', 0, '2022-01-11 02:23:22', '2022-04-26 03:16:33', 2, 2, '', '', '', '0000-00-00', '0000-00-00', '2022-03-31', '', '', 2),
(2028, 924, '', '', 0, '2022-01-11 02:23:44', '2022-04-26 03:16:33', 2, 2, '', '', '', '0000-00-00', '0000-00-00', '2022-03-18', '', '', 2),
(2029, 923, '', '', 0, '2022-01-11 02:26:39', '2022-04-26 03:16:33', 2, 2, '', '', '', '0000-00-00', '0000-00-00', '2022-03-30', '', '', 2),
(2030, 922, '', '', 0, '2022-01-11 02:27:01', '2022-04-26 03:16:33', 2, 2, '', '', '', '0000-00-00', '0000-00-00', '2022-03-18', '', '', 2),
(2031, 921, '', '', 0, '2022-01-11 02:27:18', '2022-04-26 03:16:33', 2, 2, '', '', '', '0000-00-00', '0000-00-00', '2022-03-30', '', '', 2),
(2032, 920, '', '', 0, '2022-01-11 02:27:36', '2022-04-26 03:16:33', 2, 2, '', '', '', '0000-00-00', '0000-00-00', '2022-03-30', '', '', 2),
(2033, 919, '', '', 0, '2022-01-11 02:27:54', '2022-04-26 03:16:33', 2, 2, '', '', '', '0000-00-00', '0000-00-00', '2022-03-18', '', '', 2),
(2034, 918, '', '', 0, '2022-01-11 02:28:17', '2022-04-26 03:16:33', 2, 2, '', '', '', '0000-00-00', '0000-00-00', '2022-03-18', '', '', 2),
(2035, 917, '', '', 0, '2022-01-11 02:29:14', '2022-04-26 03:16:33', 2, 2, '', '', '', '0000-00-00', '0000-00-00', '2022-03-18', '', '', 2),
(2036, 916, '', '', 0, '2022-01-11 02:29:52', '2022-04-26 03:16:33', 2, 2, '', '', '', '0000-00-00', '0000-00-00', '2022-03-18', '', '', 2),
(2037, 915, '', '', 0, '2022-01-11 02:30:14', '2022-04-26 03:16:33', 2, 2, '', '', '', '0000-00-00', '0000-00-00', '2022-03-18', '', '', 2),
(2038, 914, '', '', 0, '2022-01-11 02:31:29', '2022-04-26 03:16:33', 2, 2, '', '', '', '0000-00-00', '0000-00-00', '2022-03-18', '', '', 2),
(2039, 913, '', '', 0, '2022-01-11 02:32:04', '2022-04-26 03:16:33', 2, 2, '', '', '', '0000-00-00', '0000-00-00', '2022-03-18', '', '', 2),
(2040, 912, '', '', 0, '2022-01-11 02:32:20', '2022-04-26 03:16:33', 2, 2, '', '', '', '0000-00-00', '0000-00-00', '2022-03-18', '', '', 2),
(2041, 911, '', '', 0, '2022-01-11 02:32:49', '2022-04-26 03:16:33', 2, 2, '', '', '', '0000-00-00', '0000-00-00', '2022-03-18', '', '', 2),
(2042, 910, '', '', 0, '2022-01-11 02:54:31', '2022-04-26 03:16:33', 2, 2, '', '', '', '0000-00-00', '0000-00-00', '2022-03-30', '', '', 2),
(2043, 909, '', '', 0, '2022-01-11 02:55:11', '2022-04-26 03:16:33', 2, 2, '', '', '', '0000-00-00', '0000-00-00', '2022-03-30', '', '', 2),
(2044, 908, '', '', 0, '2022-01-11 02:55:32', '2022-04-26 03:16:33', 2, 2, '', '', '', '0000-00-00', '0000-00-00', '2022-03-10', '', '', 2),
(2045, 907, '', '', 0, '2022-01-11 02:55:51', '2022-04-26 03:16:33', 2, 2, '', '', '', '0000-00-00', '0000-00-00', '2022-03-30', '', '', 2),
(2046, 906, '', '', 0, '2022-01-11 02:56:10', '2022-04-26 03:16:33', 2, 2, '', '', '', '0000-00-00', '0000-00-00', '2022-03-14', '', '', 2),
(2047, 905, '', '', 0, '2022-01-11 02:56:41', '2022-04-26 03:16:33', 2, 2, '', '', '', '0000-00-00', '0000-00-00', '2022-03-14', '', '', 2),
(2048, 904, '', '', 0, '2022-01-11 02:58:22', '2022-04-26 03:16:33', 2, 2, '', '', '', '0000-00-00', '0000-00-00', '2022-03-31', '', '', 2),
(2049, 903, '', '', 0, '2022-01-11 02:58:41', '2022-04-26 03:16:33', 2, 2, '', '', '', '0000-00-00', '0000-00-00', '2022-03-31', '', '', 2),
(2050, 902, '', '', 0, '2022-01-11 02:58:58', '2022-04-26 03:16:33', 2, 2, '', '', '', '0000-00-00', '0000-00-00', '2022-02-28', '', '', 2),
(2051, 901, '', '', 0, '2022-01-11 02:59:58', '2022-04-26 03:16:33', 2, 2, '', '', '', '0000-00-00', '0000-00-00', '2022-02-28', '', '', 2),
(2052, 900, '', '', 0, '2022-01-11 03:00:15', '2022-04-26 03:16:33', 2, 2, '', '', '', '0000-00-00', '0000-00-00', '2022-03-15', '', '', 2),
(2053, 899, '', '', 0, '2022-01-11 03:06:48', '2022-04-26 03:16:33', 2, 2, '', '', '', '0000-00-00', '0000-00-00', '2022-03-18', '', '', 2),
(2054, 898, '', '', 0, '2022-01-11 03:07:04', '2022-04-26 03:16:33', 2, 2, '', '', '', '0000-00-00', '0000-00-00', '2022-03-18', '', '', 2),
(2055, 897, '', '', 0, '2022-01-11 03:07:27', '2022-04-26 03:16:33', 2, 2, '', '', '', '0000-00-00', '0000-00-00', '2022-03-18', '', '', 2),
(2056, 896, '', '', 0, '2022-01-11 03:07:44', '2022-04-26 03:16:33', 2, 2, '', '', '', '0000-00-00', '0000-00-00', '2022-03-18', '', '', 2),
(2057, 895, '', '', 0, '2022-01-11 03:08:01', '2022-04-26 03:16:33', 2, 2, '', '', '', '0000-00-00', '0000-00-00', '2022-03-15', '', '', 2),
(2058, 894, '', '', 0, '2022-01-11 03:09:06', '2022-04-26 03:16:33', 2, 2, '', '', '', '0000-00-00', '0000-00-00', '2022-03-08', '', '', 2),
(2059, 893, '', '', 0, '2022-01-11 03:09:21', '2022-04-26 03:16:33', 2, 2, '', '', '', '0000-00-00', '0000-00-00', '2022-03-08', '', '', 2),
(2060, 892, '', '', 0, '2022-01-11 03:09:37', '2022-04-26 03:16:33', 2, 2, '', '', '', '0000-00-00', '0000-00-00', '2022-03-08', '', '', 2),
(2061, 891, '', '', 0, '2022-01-11 03:09:54', '2022-04-26 03:16:33', 2, 2, '', '', '', '0000-00-00', '0000-00-00', '2022-03-08', '', '', 2),
(2062, 890, '', '', 0, '2022-01-11 03:10:09', '2022-04-26 03:16:33', 2, 2, '', '', '', '0000-00-00', '0000-00-00', '2022-03-08', '', '', 2),
(2063, 889, '', '', 0, '2022-01-11 03:10:27', '2022-04-26 03:16:33', 2, 2, '', '', '', '0000-00-00', '0000-00-00', '2022-03-08', '', '', 2),
(2064, 888, '', '', 0, '2022-01-11 03:11:26', '2022-04-26 03:16:33', 2, 2, '', '', '', '0000-00-00', '0000-00-00', '2022-03-08', '', '', 2),
(2065, 887, '', '', 0, '2022-01-11 03:11:43', '2022-04-26 03:16:33', 2, 2, '', '', '', '0000-00-00', '0000-00-00', '2022-03-08', '', '', 2),
(2066, 886, '', '', 0, '2022-01-11 03:14:43', '2022-04-26 03:16:33', 2, 2, '', '', '', '0000-00-00', '0000-00-00', '2022-03-14', '', '', 2),
(2067, 885, '', '', 0, '2022-01-11 03:14:59', '2022-04-26 03:16:33', 2, 2, '', '', '', '0000-00-00', '0000-00-00', '2022-02-22', '', '', 2),
(2068, 884, '', '', 0, '2022-01-11 03:15:17', '2022-04-26 03:16:33', 2, 2, '', '', '', '0000-00-00', '0000-00-00', '2022-02-22', '', '', 2),
(2069, 883, '', '', 0, '2022-01-11 03:15:36', '2022-04-26 03:16:33', 2, 2, '', '', '', '0000-00-00', '0000-00-00', '2022-02-17', '', '', 2),
(2070, 882, '', '', 0, '2022-01-11 03:15:51', '2022-04-26 03:16:33', 2, 2, '', '', '', '0000-00-00', '0000-00-00', '2022-03-01', '', '', 2),
(2071, 881, '', '', 0, '2022-01-11 03:16:09', '2022-04-26 03:16:33', 2, 2, '', '', '', '0000-00-00', '0000-00-00', '2022-02-28', '', '', 2),
(2072, 880, '', '', 0, '2022-01-11 03:28:04', '2022-04-26 03:16:33', 2, 2, '', '', '', '0000-00-00', '0000-00-00', '2022-01-31', '', '', 2),
(2073, 879, '', '', 0, '2022-01-11 03:28:32', '2022-04-26 03:16:33', 2, 2, '', '', '', '0000-00-00', '0000-00-00', '2022-03-14', '', '', 2);
INSERT INTO `tb_huatai_trading_future` (`id`, `sort_order`, `code`, `remark`, `disabled`, `create_date`, `last_update_date`, `create_by`, `last_update_by`, `url_target`, `seo_url`, `seo_keyword`, `start_date`, `end_date`, `display_date`, `youtube_id`, `other_link`, `trading_future_category_id`) VALUES
(2074, 878, '', '', 0, '2022-01-11 05:53:59', '2022-04-26 03:16:33', 2, 2, '', '', '', '0000-00-00', '0000-00-00', '2022-01-31', '', '', 2),
(2075, 877, '', '', 0, '2022-01-11 05:59:30', '2022-04-26 03:16:33', 2, 2, '', '', '', '0000-00-00', '0000-00-00', '2022-03-10', '', '', 2),
(2076, 876, '', '', 0, '2022-01-11 06:02:32', '2022-04-26 03:16:33', 2, 2, '', '', '', '0000-00-00', '0000-00-00', '2022-03-10', '', '', 2),
(2077, 875, '', '', 0, '2022-01-11 06:02:48', '2022-04-26 03:16:33', 2, 2, '', '', '', '0000-00-00', '0000-00-00', '2022-02-18', '', '', 2),
(2078, 874, '', '', 0, '2022-01-11 06:03:05', '2022-04-26 03:16:33', 2, 2, '', '', '', '0000-00-00', '0000-00-00', '2022-03-18', '', '', 2),
(2079, 873, '', '', 0, '2022-01-11 06:03:50', '2022-04-26 03:16:33', 2, 2, '', '', '', '0000-00-00', '0000-00-00', '2022-02-11', '', '', 2),
(2080, 872, '', '', 0, '2022-01-11 06:04:16', '2022-04-26 03:16:33', 2, 2, '', '', '', '0000-00-00', '0000-00-00', '2022-03-16', '', '', 2),
(2081, 871, '', '', 0, '2022-01-11 06:04:34', '2022-04-26 03:16:33', 2, 2, '', '', '', '0000-00-00', '0000-00-00', '2022-02-23', '', '', 2),
(2082, 870, '', '', 0, '2022-01-11 06:06:15', '2022-04-26 03:16:33', 2, 2, '', '', '', '0000-00-00', '0000-00-00', '2022-03-01', '', '', 2),
(2083, 869, '', '', 0, '2022-01-11 06:06:33', '2022-04-26 03:16:33', 2, 2, '', '', '', '0000-00-00', '0000-00-00', '2022-03-15', '', '', 2),
(2084, 868, '', '', 0, '2022-01-11 06:06:56', '2022-04-26 03:16:33', 2, 2, '', '', '', '0000-00-00', '0000-00-00', '2022-02-15', '', '', 2),
(2085, 867, '', '', 0, '2022-01-11 06:07:27', '2022-04-26 03:16:33', 2, 2, '', '', '', '0000-00-00', '0000-00-00', '2022-03-31', '', '', 2),
(2086, 866, '', '', 0, '2022-01-11 06:07:53', '2022-04-26 03:16:33', 2, 2, '', '', '', '0000-00-00', '0000-00-00', '2022-03-25', '', '', 2),
(2087, 865, '', '', 0, '2022-01-11 06:08:56', '2022-04-26 03:16:33', 2, 2, '', '', '', '0000-00-00', '0000-00-00', '2022-03-10', '', '', 2),
(2088, 864, '', '', 0, '2022-01-11 06:09:14', '2022-04-26 03:16:33', 2, 2, '', '', '', '0000-00-00', '0000-00-00', '2022-03-10', '', '', 2),
(2089, 863, '', '', 0, '2022-01-11 06:09:38', '2022-04-26 03:16:33', 2, 2, '', '', '', '0000-00-00', '0000-00-00', '2022-03-14', '', '', 2),
(2090, 862, '', '', 0, '2022-01-11 06:09:59', '2022-04-26 03:16:33', 2, 2, '', '', '', '0000-00-00', '0000-00-00', '2022-03-10', '', '', 2),
(2091, 861, '', '', 0, '2022-01-11 06:10:16', '2022-04-26 03:16:33', 2, 2, '', '', '', '0000-00-00', '0000-00-00', '2022-03-14', '', '', 2),
(2092, 860, '', '', 0, '2022-01-11 06:10:36', '2022-04-26 03:16:33', 2, 2, '', '', '', '0000-00-00', '0000-00-00', '2022-03-14', '', '', 2),
(2093, 859, '', '', 0, '2022-01-11 06:10:57', '2022-04-26 03:16:33', 2, 2, '', '', '', '0000-00-00', '0000-00-00', '2022-02-28', '', '', 2),
(2094, 858, '', '', 0, '2022-01-11 06:11:17', '2022-04-26 03:16:33', 2, 2, '', '', '', '0000-00-00', '0000-00-00', '2022-03-15', '', '', 2),
(2095, 857, '', '', 0, '2022-01-11 06:11:41', '2022-04-26 03:16:33', 2, 2, '', '', '', '0000-00-00', '0000-00-00', '2022-02-28', '', '', 2),
(2096, 856, '', '', 0, '2022-01-11 06:11:59', '2022-04-26 03:16:33', 2, 2, '', '', '', '0000-00-00', '0000-00-00', '2022-03-15', '', '', 2),
(2097, 855, '', '', 0, '2022-01-12 01:22:50', '2022-04-26 03:16:33', 2, 2, '', '', '', '0000-00-00', '0000-00-00', '2022-04-29', '', '', 2),
(2098, 854, '', '', 0, '2022-01-12 01:23:11', '2022-04-26 03:16:33', 2, 2, '', '', '', '0000-00-00', '0000-00-00', '2022-04-18', '', '', 2),
(2099, 853, '', '', 0, '2022-01-12 01:23:26', '2022-04-26 03:16:33', 2, 2, '', '', '', '0000-00-00', '0000-00-00', '2022-04-18', '', '', 2),
(2100, 852, '', '', 0, '2022-01-12 01:23:46', '2022-04-26 03:16:33', 2, 2, '', '', '', '0000-00-00', '0000-00-00', '2022-04-19', '', '', 2),
(2101, 851, '', '', 0, '2022-01-12 01:24:04', '2022-04-26 03:16:33', 2, 2, '', '', '', '0000-00-00', '0000-00-00', '2022-04-18', '', '', 2),
(2102, 850, '', '', 0, '2022-01-12 01:34:34', '2022-04-26 03:16:33', 2, 2, '', '', '', '0000-00-00', '0000-00-00', '2022-04-18', '', '', 2),
(2103, 849, '', '', 0, '2022-01-12 01:34:55', '2022-04-26 03:16:33', 2, 2, '', '', '', '0000-00-00', '0000-00-00', '2022-03-31', '', '', 2),
(2104, 848, '', '', 0, '2022-01-12 01:35:11', '2022-04-26 03:16:33', 2, 2, '', '', '', '0000-00-00', '0000-00-00', '2022-04-15', '', '', 2),
(2105, 847, '', '', 0, '2022-01-12 01:36:45', '2022-04-26 03:16:33', 2, 2, '', '', '', '0000-00-00', '0000-00-00', '2022-04-18', '', '', 2),
(2106, 846, '', '', 0, '2022-01-12 01:37:03', '2022-04-26 03:16:33', 2, 2, '', '', '', '0000-00-00', '0000-00-00', '2022-04-18', '', '', 2),
(2107, 845, '', '', 0, '2022-01-12 01:37:19', '2022-04-26 03:16:33', 2, 2, '', '', '', '0000-00-00', '0000-00-00', '2022-04-18', '', '', 2),
(2108, 844, '', '', 0, '2022-01-12 01:37:38', '2022-04-26 03:16:33', 2, 2, '', '', '', '0000-00-00', '0000-00-00', '2022-04-14', '', '', 2),
(2109, 843, '', '', 0, '2022-01-12 01:37:55', '2022-04-26 03:16:33', 2, 2, '', '', '', '0000-00-00', '0000-00-00', '2022-04-14', '', '', 2),
(2110, 842, '', '', 0, '2022-01-12 01:38:22', '2022-04-26 03:16:33', 2, 2, '', '', '', '0000-00-00', '0000-00-00', '2022-04-07', '', '', 2),
(2111, 841, '', '', 0, '2022-01-12 01:38:43', '2022-04-26 03:16:33', 2, 2, '', '', '', '0000-00-00', '0000-00-00', '2022-04-28', '', '', 2),
(2112, 840, '', '', 0, '2022-01-12 01:39:03', '2022-04-26 03:16:33', 2, 2, '', '', '', '0000-00-00', '0000-00-00', '2022-04-04', '', '', 2),
(2113, 839, '', '', 0, '2022-01-12 01:39:21', '2022-04-26 03:16:33', 2, 2, '', '', '', '0000-00-00', '0000-00-00', '2022-04-14', '', '', 2),
(2114, 838, '', '', 0, '2022-01-12 01:40:10', '2022-04-26 03:16:33', 2, 2, '', '', '', '0000-00-00', '0000-00-00', '2022-03-31', '', '', 2),
(2115, 837, '', '', 0, '2022-01-12 01:40:37', '2022-04-26 03:16:33', 2, 2, '', '', '', '0000-00-00', '0000-00-00', '2022-03-31', '', '', 2),
(2116, 836, '', '', 0, '2022-01-12 01:41:00', '2022-04-26 03:16:33', 2, 2, '', '', '', '0000-00-00', '0000-00-00', '2022-03-29', '', '', 2),
(2117, 835, '', '', 0, '2022-01-12 01:44:39', '2022-04-26 03:16:33', 2, 2, '', '', '', '0000-00-00', '0000-00-00', '2022-03-22', '', '', 2),
(2118, 834, '', '', 0, '2022-01-12 01:44:57', '2022-04-26 03:16:33', 2, 2, '', '', '', '0000-00-00', '0000-00-00', '2022-03-31', '', '', 2),
(2119, 833, '', '', 0, '2022-01-12 01:45:22', '2022-04-26 03:16:33', 2, 2, '', '', '', '0000-00-00', '0000-00-00', '2022-03-31', '', '', 2),
(2120, 832, '', '', 0, '2022-01-12 01:45:57', '2022-04-26 03:16:33', 2, 2, '', '', '', '0000-00-00', '0000-00-00', '2022-03-28', '', '', 2),
(2121, 831, '', '', 0, '2022-01-12 01:46:16', '2022-04-26 03:16:33', 2, 2, '', '', '', '0000-00-00', '0000-00-00', '2022-03-21', '', '', 2),
(2122, 830, '', '', 0, '2022-01-12 01:46:38', '2022-04-26 03:16:33', 2, 2, '', '', '', '0000-00-00', '0000-00-00', '2022-03-31', '', '', 2),
(2123, 829, '', '', 0, '2022-01-12 01:46:56', '2022-04-26 03:16:33', 2, 2, '', '', '', '0000-00-00', '0000-00-00', '2022-02-28', '', '', 2),
(2124, 828, '', '', 0, '2022-01-12 01:47:25', '2022-04-26 03:16:33', 2, 2, '', '', '', '0000-00-00', '0000-00-00', '2022-04-29', '', '', 2),
(2125, 827, '', '', 0, '2022-01-12 01:47:44', '2022-04-26 03:16:33', 2, 2, '', '', '', '0000-00-00', '0000-00-00', '2022-04-19', '', '', 2),
(2126, 826, '', '', 0, '2022-01-12 01:47:59', '2022-04-26 03:16:33', 2, 2, '', '', '', '0000-00-00', '0000-00-00', '2022-04-19', '', '', 2),
(2127, 825, '', '', 0, '2022-01-12 01:48:15', '2022-04-26 03:16:33', 2, 2, '', '', '', '0000-00-00', '0000-00-00', '2022-04-27', '', '', 2),
(2128, 824, '', '', 0, '2022-01-12 01:50:27', '2022-04-26 03:16:33', 2, 2, '', '', '', '0000-00-00', '0000-00-00', '2022-04-07', '', '', 2),
(2129, 823, '', '', 0, '2022-01-12 01:50:54', '2022-04-26 03:16:33', 2, 2, '', '', '', '0000-00-00', '0000-00-00', '2022-04-14', '', '', 2),
(2130, 822, '', '', 0, '2022-01-12 01:51:15', '2022-04-26 03:16:33', 2, 2, '', '', '', '0000-00-00', '0000-00-00', '2022-04-18', '', '', 2),
(2131, 821, '', '', 0, '2022-01-12 01:51:40', '2022-04-26 03:16:33', 2, 2, '', '', '', '0000-00-00', '0000-00-00', '2022-04-29', '', '', 2),
(2132, 820, '', '', 0, '2022-01-12 01:52:09', '2022-04-26 03:16:33', 2, 2, '', '', '', '0000-00-00', '0000-00-00', '2022-03-31', '', '', 2),
(2133, 819, '', '', 0, '2022-01-12 01:52:27', '2022-04-26 03:16:33', 2, 2, '', '', '', '0000-00-00', '0000-00-00', '2022-03-31', '', '', 2),
(2134, 818, '', '', 0, '2022-01-12 01:52:48', '2022-04-26 03:16:33', 2, 2, '', '', '', '0000-00-00', '0000-00-00', '2022-04-15', '', '', 2),
(2135, 817, '', '', 0, '2022-01-12 01:53:16', '2022-04-26 03:16:33', 2, 2, '', '', '', '0000-00-00', '0000-00-00', '2022-04-20', '', '', 2),
(2136, 816, '', '', 0, '2022-01-12 01:57:29', '2022-04-26 03:16:33', 2, 2, '', '', '', '0000-00-00', '0000-00-00', '2022-02-28', '', '', 2),
(2137, 815, '', '', 0, '2022-01-12 01:57:47', '2022-04-26 03:16:33', 2, 2, '', '', '', '0000-00-00', '0000-00-00', '2022-02-28', '', '', 2),
(2138, 814, '', '', 0, '2022-01-12 01:58:06', '2022-04-26 03:16:33', 2, 2, '', '', '', '0000-00-00', '0000-00-00', '2022-04-12', '', '', 2),
(2139, 813, '', '', 0, '2022-01-12 01:58:24', '2022-04-26 03:16:33', 2, 2, '', '', '', '0000-00-00', '0000-00-00', '2022-03-21', '', '', 2),
(2140, 812, '', '', 0, '2022-01-12 01:59:01', '2022-04-26 03:16:33', 2, 2, '', '', '', '0000-00-00', '0000-00-00', '2022-04-01', '', '', 2),
(2141, 811, '', '', 0, '2022-01-12 01:59:15', '2022-04-26 03:16:33', 2, 2, '', '', '', '0000-00-00', '0000-00-00', '2022-04-20', '', '', 2),
(2142, 810, '', '', 0, '2022-01-12 01:59:35', '2022-04-26 03:16:33', 2, 2, '', '', '', '0000-00-00', '0000-00-00', '2022-03-15', '', '', 2),
(2143, 809, '', '', 0, '2022-01-12 01:59:50', '2022-04-26 03:16:33', 2, 2, '', '', '', '0000-00-00', '0000-00-00', '2022-04-28', '', '', 2),
(2144, 808, '', '', 0, '2022-01-12 02:00:12', '2022-04-26 03:16:33', 2, 2, '', '', '', '0000-00-00', '0000-00-00', '2022-04-25', '', '', 2),
(2145, 807, '', '', 0, '2022-01-12 02:00:41', '2022-04-26 03:16:33', 2, 2, '', '', '', '0000-00-00', '0000-00-00', '2022-04-22', '', '', 2),
(2146, 806, '', '', 0, '2022-01-12 02:00:58', '2022-04-26 03:16:33', 2, 2, '', '', '', '0000-00-00', '0000-00-00', '2022-04-07', '', '', 2),
(2147, 805, '', '', 0, '2022-01-12 02:01:51', '2022-04-26 03:16:33', 2, 2, '', '', '', '0000-00-00', '0000-00-00', '2022-04-15', '', '', 2),
(2148, 804, '', '', 0, '2022-01-12 02:02:11', '2022-04-26 03:16:33', 2, 2, '', '', '', '0000-00-00', '0000-00-00', '2022-04-14', '', '', 2),
(2149, 803, '', '', 0, '2022-01-12 02:02:31', '2022-04-26 03:16:33', 2, 2, '', '', '', '0000-00-00', '0000-00-00', '2022-03-31', '', '', 2),
(2150, 802, '', '', 0, '2022-01-12 02:02:49', '2022-04-26 03:16:33', 2, 2, '', '', '', '0000-00-00', '0000-00-00', '2022-04-15', '', '', 2),
(2151, 801, '', '', 0, '2022-01-12 02:03:06', '2022-04-26 03:16:33', 2, 2, '', '', '', '0000-00-00', '0000-00-00', '2022-03-31', '', '', 2),
(2152, 800, '', '', 0, '2022-01-12 02:03:23', '2022-04-26 03:16:33', 2, 2, '', '', '', '0000-00-00', '0000-00-00', '2022-04-15', '', '', 2),
(2153, 799, '', '', 0, '2022-01-12 06:14:01', '2022-04-26 03:16:33', 2, 2, '', '', '', '0000-00-00', '0000-00-00', '2022-04-29', '', '', 2),
(2154, 798, '', '', 0, '2022-01-12 06:14:33', '2022-04-26 03:16:33', 2, 2, '', '', '', '0000-00-00', '0000-00-00', '2022-04-29', '', '', 2),
(2155, 797, '', '', 0, '2022-01-12 06:14:51', '2022-04-26 03:16:33', 2, 2, '', '', '', '0000-00-00', '0000-00-00', '2022-04-29', '', '', 2),
(2156, 796, '', '', 0, '2022-01-12 06:18:09', '2022-04-26 03:16:33', 2, 2, '', '', '', '0000-00-00', '0000-00-00', '2022-04-29', '', '', 2),
(2157, 795, '', '', 0, '2022-01-12 06:19:17', '2022-04-26 03:16:33', 2, 2, '', '', '', '0000-00-00', '0000-00-00', '2022-04-29', '', '', 2),
(2158, 794, '', '', 0, '2022-01-12 06:20:07', '2022-04-26 03:16:33', 2, 2, '', '', '', '0000-00-00', '0000-00-00', '2022-04-29', '', '', 2),
(2159, 793, '', '', 0, '2022-01-12 06:20:32', '2022-04-26 03:16:33', 2, 2, '', '', '', '0000-00-00', '0000-00-00', '2022-04-29', '', '', 2),
(2160, 792, '', '', 0, '2022-01-12 06:26:23', '2022-04-26 03:16:33', 2, 2, '', '', '', '0000-00-00', '0000-00-00', '2022-05-31', '', '', 2),
(2161, 791, '', '', 0, '2022-01-12 06:41:49', '2022-04-26 03:16:33', 2, 2, '', '', '', '0000-00-00', '0000-00-00', '2022-04-29', '', '', 2),
(2162, 790, '', '', 0, '2022-01-12 06:42:26', '2022-04-26 03:16:33', 2, 2, '', '', '', '0000-00-00', '0000-00-00', '2022-05-16', '', '', 2),
(2163, 789, '', '', 0, '2022-01-12 06:42:49', '2022-04-26 03:16:33', 2, 2, '', '', '', '0000-00-00', '0000-00-00', '2022-05-16', '', '', 2),
(2164, 788, '', '', 0, '2022-01-12 06:47:33', '2022-04-26 03:16:33', 2, 2, '', '', '', '0000-00-00', '0000-00-00', '2022-05-16', '', '', 2),
(2165, 787, '', '', 0, '2022-01-12 06:47:55', '2022-04-26 03:16:33', 2, 2, '', '', '', '0000-00-00', '0000-00-00', '2022-05-16', '', '', 2),
(2166, 786, '', '', 0, '2022-01-12 06:48:12', '2022-04-26 03:16:33', 2, 2, '', '', '', '0000-00-00', '0000-00-00', '2022-05-16', '', '', 2),
(2167, 785, '', '', 0, '2022-01-12 06:48:35', '2022-04-26 03:16:33', 2, 2, '', '', '', '0000-00-00', '0000-00-00', '2022-05-26', '', '', 2),
(2168, 784, '', '', 0, '2022-01-12 06:48:53', '2022-04-26 03:16:33', 2, 2, '', '', '', '0000-00-00', '0000-00-00', '2022-05-13', '', '', 2),
(2169, 783, '', '', 0, '2022-01-12 07:00:32', '2022-04-26 03:16:33', 2, 2, '', '', '', '0000-00-00', '0000-00-00', '2022-04-29', '', '', 2),
(2170, 782, '', '', 0, '2022-01-12 07:00:54', '2022-04-26 03:16:33', 2, 2, '', '', '', '0000-00-00', '0000-00-00', '2022-04-29', '', '', 2),
(2171, 781, '', '', 0, '2022-01-12 07:01:20', '2022-04-26 03:16:33', 2, 2, '', '', '', '0000-00-00', '0000-00-00', '2022-04-27', '', '', 2),
(2172, 780, '', '', 0, '2022-01-12 07:13:09', '2022-04-26 03:16:33', 2, 2, '', '', '', '0000-00-00', '0000-00-00', '2022-04-20', '', '', 2),
(2173, 779, '', '', 0, '2022-01-12 07:13:26', '2022-04-26 03:16:33', 2, 2, '', '', '', '0000-00-00', '0000-00-00', '2022-04-29', '', '', 2),
(2174, 778, '', '', 0, '2022-01-12 07:13:48', '2022-04-26 03:16:33', 2, 2, '', '', '', '0000-00-00', '0000-00-00', '2022-04-26', '', '', 2),
(2175, 777, '', '', 0, '2022-01-12 07:14:09', '2022-04-26 03:16:33', 2, 2, '', '', '', '0000-00-00', '0000-00-00', '2022-04-19', '', '', 2),
(2176, 776, '', '', 0, '2022-01-12 07:14:30', '2022-04-26 03:16:33', 2, 2, '', '', '', '0000-00-00', '0000-00-00', '2022-04-29', '', '', 2),
(2177, 775, '', '', 0, '2022-01-12 07:14:55', '2022-04-26 03:16:33', 2, 2, '', '', '', '0000-00-00', '0000-00-00', '2022-03-31', '', '', 2),
(2178, 774, '', '', 0, '2022-01-12 07:25:58', '2022-04-26 03:16:33', 2, 2, '', '', '', '0000-00-00', '0000-00-00', '2022-05-31', '', '', 2),
(2179, 773, '', '', 0, '2022-01-12 07:26:20', '2022-04-26 03:16:33', 2, 2, '', '', '', '0000-00-00', '0000-00-00', '2022-05-16', '', '', 2),
(2180, 772, '', '', 0, '2022-01-12 07:26:39', '2022-04-26 03:16:33', 2, 2, '', '', '', '0000-00-00', '0000-00-00', '2022-05-16', '', '', 2),
(2181, 771, '', '', 0, '2022-01-12 07:28:03', '2022-04-26 03:16:33', 2, 2, '', '', '', '0000-00-00', '0000-00-00', '2022-05-16', '', '', 2),
(2182, 770, '', '', 0, '2022-01-12 07:28:33', '2022-04-26 03:16:33', 2, 2, '', '', '', '0000-00-00', '0000-00-00', '2022-05-16', '', '', 2),
(2183, 769, '', '', 0, '2022-01-12 07:28:54', '2022-04-26 03:16:33', 2, 2, '', '', '', '0000-00-00', '0000-00-00', '2022-05-31', '', '', 2),
(2184, 768, '', '', 0, '2022-01-12 07:29:18', '2022-04-26 03:16:33', 2, 2, '', '', '', '0000-00-00', '0000-00-00', '2022-04-29', '', '', 2),
(2185, 767, '', '', 0, '2022-01-12 07:29:42', '2022-04-26 03:16:33', 2, 2, '', '', '', '0000-00-00', '0000-00-00', '2022-04-29', '', '', 2),
(2186, 766, '', '', 0, '2022-01-12 07:30:18', '2022-04-26 03:16:33', 2, 2, '', '', '', '0000-00-00', '0000-00-00', '2022-05-13', '', '', 2),
(2187, 765, '', '', 0, '2022-01-12 07:31:12', '2022-04-26 03:16:33', 2, 2, '', '', '', '0000-00-00', '0000-00-00', '2022-05-18', '', '', 2),
(2188, 764, '', '', 0, '2022-01-12 07:31:35', '2022-04-26 03:16:33', 2, 2, '', '', '', '0000-00-00', '0000-00-00', '2022-04-25', '', '', 2),
(2189, 763, '', '', 0, '2022-01-12 07:31:51', '2022-04-26 03:16:33', 2, 2, '', '', '', '0000-00-00', '0000-00-00', '2022-04-25', '', '', 2),
(2190, 762, '', '', 0, '2022-01-12 07:32:11', '2022-04-26 03:16:33', 2, 2, '', '', '', '0000-00-00', '0000-00-00', '2022-04-21', '', '', 2),
(2191, 761, '', '', 0, '2022-01-12 07:32:46', '2022-04-26 03:16:33', 2, 2, '', '', '', '0000-00-00', '0000-00-00', '2022-05-02', '', '', 2),
(2192, 760, '', '', 0, '2022-01-12 07:33:04', '2022-04-26 03:16:33', 2, 2, '', '', '', '0000-00-00', '0000-00-00', '2022-04-29', '', '', 2),
(2193, 759, '', '', 0, '2022-01-12 07:33:48', '2022-04-26 03:16:33', 2, 2, '', '', '', '0000-00-00', '0000-00-00', '2022-03-31', '', '', 2),
(2194, 758, '', '', 0, '2022-01-12 07:34:06', '2022-04-26 03:16:33', 2, 2, '', '', '', '0000-00-00', '0000-00-00', '2022-03-31', '', '', 2),
(2195, 757, '', '', 0, '2022-01-12 07:34:22', '2022-04-26 03:16:33', 2, 2, '', '', '', '0000-00-00', '0000-00-00', '2022-05-12', '', '', 2),
(2196, 756, '', '', 0, '2022-01-12 07:34:38', '2022-04-26 03:16:33', 2, 2, '', '', '', '0000-00-00', '0000-00-00', '2022-04-19', '', '', 2),
(2197, 755, '', '', 0, '2022-01-12 07:34:58', '2022-04-26 03:16:33', 2, 2, '', '', '', '0000-00-00', '0000-00-00', '2022-04-14', '', '', 2),
(2198, 754, '', '', 0, '2022-01-12 07:35:17', '2022-04-26 03:16:33', 2, 2, '', '', '', '0000-00-00', '0000-00-00', '2022-05-16', '', '', 2),
(2199, 753, '', '', 0, '2022-01-12 07:35:36', '2022-04-26 03:16:33', 2, 2, '', '', '', '0000-00-00', '0000-00-00', '2022-04-26', '', '', 2),
(2200, 752, '', '', 0, '2022-01-12 07:36:02', '2022-04-26 03:16:33', 2, 2, '', '', '', '0000-00-00', '0000-00-00', '2022-05-04', '', '', 2),
(2201, 751, '', '', 0, '2022-01-12 07:36:47', '2022-04-26 03:16:33', 2, 2, '', '', '', '0000-00-00', '0000-00-00', '2022-05-18', '', '', 2),
(2202, 750, '', '', 0, '2022-01-12 07:37:06', '2022-04-26 03:16:33', 2, 2, '', '', '', '0000-00-00', '0000-00-00', '2022-04-14', '', '', 2),
(2203, 749, '', '', 0, '2022-01-12 07:37:25', '2022-04-26 03:16:33', 2, 2, '', '', '', '0000-00-00', '0000-00-00', '2022-05-31', '', '', 2),
(2204, 748, '', '', 0, '2022-01-12 07:37:42', '2022-04-26 03:16:33', 2, 2, '', '', '', '0000-00-00', '0000-00-00', '2022-05-25', '', '', 2),
(2205, 747, '', '', 0, '2022-01-12 07:38:07', '2022-04-26 03:16:33', 2, 2, '', '', '', '0000-00-00', '0000-00-00', '2022-05-19', '', '', 2),
(2206, 746, '', '', 0, '2022-01-12 07:38:26', '2022-04-26 03:16:33', 2, 2, '', '', '', '0000-00-00', '0000-00-00', '2022-05-13', '', '', 2),
(2207, 745, '', '', 0, '2022-01-12 07:38:42', '2022-04-26 03:16:33', 2, 2, '', '', '', '0000-00-00', '0000-00-00', '2022-04-29', '', '', 2),
(2208, 744, '', '', 0, '2022-01-12 07:39:05', '2022-04-26 03:16:33', 2, 2, '', '', '', '0000-00-00', '0000-00-00', '2022-05-16', '', '', 2),
(2209, 743, '', '', 0, '2022-01-12 07:39:21', '2022-04-26 03:16:33', 2, 2, '', '', '', '0000-00-00', '0000-00-00', '2022-04-29', '', '', 2),
(2210, 742, '', '', 0, '2022-01-12 07:39:37', '2022-04-26 03:16:33', 2, 2, '', '', '', '0000-00-00', '0000-00-00', '2022-05-16', '', '', 2),
(2211, 741, '', '', 0, '2022-01-17 02:02:19', '2022-04-26 03:16:33', 2, 2, '', '', '', '0000-00-00', '0000-00-00', '2022-05-31', '', '', 2),
(2212, 740, '', '', 0, '2022-01-17 02:02:46', '2022-04-26 03:16:33', 2, 2, '', '', '', '0000-00-00', '0000-00-00', '2022-05-31', '', '', 2),
(2213, 739, '', '', 0, '2022-01-17 02:03:05', '2022-04-26 03:16:33', 2, 2, '', '', '', '0000-00-00', '0000-00-00', '2022-05-31', '', '', 2),
(2214, 738, '', '', 0, '2022-01-17 02:38:39', '2022-04-26 03:16:33', 2, 2, '', '', '', '0000-00-00', '0000-00-00', '2022-05-31', '', '', 2),
(2215, 737, '', '', 0, '2022-01-17 02:38:55', '2022-04-26 03:16:33', 2, 2, '', '', '', '0000-00-00', '0000-00-00', '2022-05-31', '', '', 2),
(2216, 736, '', '', 0, '2022-01-17 02:39:13', '2022-04-26 03:16:33', 2, 2, '', '', '', '0000-00-00', '0000-00-00', '2022-05-31', '', '', 2),
(2217, 735, '', '', 0, '2022-01-17 02:39:42', '2022-04-26 03:16:33', 2, 2, '', '', '', '0000-00-00', '0000-00-00', '2022-06-17', '', '', 2),
(2218, 734, '', '', 0, '2022-01-17 02:41:18', '2022-04-26 03:16:33', 2, 2, '', '', '', '0000-00-00', '0000-00-00', '2022-06-17', '', '', 2),
(2219, 733, '', '', 0, '2022-01-17 02:42:07', '2022-04-26 03:16:33', 2, 2, '', '', '', '0000-00-00', '0000-00-00', '2022-06-30', '', '', 2),
(2220, 732, '', '', 0, '2022-01-17 02:43:13', '2022-04-26 03:16:33', 2, 2, '', '', '', '0000-00-00', '0000-00-00', '2022-06-13', '', '', 2),
(2221, 731, '', '', 0, '2022-01-17 02:43:29', '2022-04-26 03:16:33', 2, 2, '', '', '', '0000-00-00', '0000-00-00', '2022-06-13', '', '', 2),
(2222, 730, '', '', 0, '2022-01-17 02:43:48', '2022-04-26 03:16:33', 2, 2, '', '', '', '0000-00-00', '0000-00-00', '2022-06-14', '', '', 2),
(2223, 729, '', '', 0, '2022-01-17 02:44:13', '2022-04-26 03:16:33', 2, 2, '', '', '', '0000-00-00', '0000-00-00', '2022-06-13', '', '', 2),
(2224, 728, '', '', 0, '2022-01-17 02:45:07', '2022-04-26 03:16:33', 2, 2, '', '', '', '0000-00-00', '0000-00-00', '2022-06-13', '', '', 2),
(2225, 727, '', '', 0, '2022-01-17 02:45:55', '2022-04-26 03:16:33', 2, 2, '', '', '', '0000-00-00', '0000-00-00', '2022-06-13', '', '', 2),
(2226, 726, '', '', 0, '2022-01-17 02:46:11', '2022-04-26 03:16:33', 2, 2, '', '', '', '0000-00-00', '0000-00-00', '2022-06-13', '', '', 2),
(2227, 725, '', '', 0, '2022-01-17 02:46:49', '2022-04-26 03:16:33', 2, 2, '', '', '', '0000-00-00', '0000-00-00', '2022-05-31', '', '', 2),
(2228, 724, '', '', 0, '2022-01-17 02:47:18', '2022-04-26 03:16:33', 2, 2, '', '', '', '0000-00-00', '0000-00-00', '2022-06-13', '', '', 2),
(2229, 723, '', '', 0, '2022-01-17 02:47:39', '2022-04-26 03:16:33', 2, 2, '', '', '', '0000-00-00', '0000-00-00', '2022-06-13', '', '', 2),
(2230, 722, '', '', 0, '2022-01-17 02:53:11', '2022-04-26 03:16:33', 2, 2, '', '', '', '0000-00-00', '0000-00-00', '2022-06-15', '', '', 2),
(2231, 721, '', '', 0, '2022-01-17 02:54:59', '2022-04-26 03:16:33', 2, 2, '', '', '', '0000-00-00', '0000-00-00', '2022-06-13', '', '', 2),
(2232, 720, '', '', 0, '2022-01-17 02:55:14', '2022-04-26 03:16:33', 2, 2, '', '', '', '0000-00-00', '0000-00-00', '2022-06-13', '', '', 2),
(2233, 719, '', '', 0, '2022-01-17 02:58:19', '2022-04-26 03:16:33', 2, 2, '', '', '', '0000-00-00', '0000-00-00', '2022-06-13', '', '', 2),
(2234, 718, '', '', 0, '2022-01-17 02:58:35', '2022-04-26 03:16:33', 2, 2, '', '', '', '0000-00-00', '0000-00-00', '2022-06-13', '', '', 2),
(2235, 717, '', '', 0, '2022-01-17 02:58:53', '2022-04-26 03:16:33', 2, 2, '', '', '', '0000-00-00', '0000-00-00', '2022-06-13', '', '', 2),
(2236, 716, '', '', 0, '2022-01-17 05:39:45', '2022-04-26 03:16:33', 2, 2, '', '', '', '0000-00-00', '0000-00-00', '2022-06-13', '', '', 2),
(2237, 715, '', '', 0, '2022-01-17 05:40:27', '2022-04-26 03:16:33', 2, 2, '', '', '', '0000-00-00', '0000-00-00', '2022-06-13', '', '', 2),
(2238, 714, '', '', 0, '2022-01-17 05:40:47', '2022-04-26 03:16:33', 2, 2, '', '', '', '0000-00-00', '0000-00-00', '2022-06-13', '', '', 2),
(2239, 713, '', '', 0, '2022-01-17 05:41:08', '2022-04-26 03:16:33', 2, 2, '', '', '', '0000-00-00', '0000-00-00', '2022-06-09', '', '', 2),
(2240, 712, '', '', 0, '2022-01-17 05:41:47', '2022-04-26 03:16:33', 2, 2, '', '', '', '0000-00-00', '0000-00-00', '2022-06-09', '', '', 2),
(2241, 711, '', '', 2, '2022-01-17 05:42:14', '2022-04-26 03:14:39', 2, 2, '', '', '', '0000-00-00', '0000-00-00', '2022-06-09', '', '', 2),
(2242, 711, '', '', 0, '2022-01-17 05:42:31', '2022-04-26 03:16:33', 2, 2, '', '', '', '0000-00-00', '0000-00-00', '2022-06-17', '', '', 2),
(2243, 710, '', '', 0, '2022-01-17 05:42:50', '2022-04-26 03:16:33', 2, 2, '', '', '', '0000-00-00', '0000-00-00', '2022-06-17', '', '', 2),
(2244, 709, '', '', 0, '2022-01-17 05:43:11', '2022-04-26 03:16:33', 2, 2, '', '', '', '0000-00-00', '0000-00-00', '2022-06-17', '', '', 2),
(2245, 708, '', '', 0, '2022-01-17 05:43:33', '2022-04-26 03:16:33', 2, 2, '', '', '', '0000-00-00', '0000-00-00', '2022-06-17', '', '', 2),
(2246, 707, '', '', 0, '2022-01-17 05:43:52', '2022-04-26 03:16:33', 2, 2, '', '', '', '0000-00-00', '0000-00-00', '2022-06-17', '', '', 2),
(2247, 706, '', '', 0, '2022-01-17 05:45:03', '2022-04-26 03:16:33', 2, 2, '', '', '', '0000-00-00', '0000-00-00', '2022-06-17', '', '', 2),
(2248, 705, '', '', 0, '2022-01-17 05:45:22', '2022-04-26 03:16:33', 2, 2, '', '', '', '0000-00-00', '0000-00-00', '2022-06-06', '', '', 2),
(2249, 704, '', '', 0, '2022-01-17 05:46:02', '2022-04-26 03:16:33', 2, 2, '', '', '', '0000-00-00', '0000-00-00', '2022-06-14', '', '', 2),
(2250, 703, '', '', 0, '2022-01-17 05:51:03', '2022-04-26 03:16:33', 2, 2, '', '', '', '0000-00-00', '0000-00-00', '2022-05-31', '', '', 2),
(2251, 702, '', '', 0, '2022-01-17 05:51:51', '2022-04-26 03:16:33', 2, 2, '', '', '', '0000-00-00', '0000-00-00', '2022-05-31', '', '', 2),
(2252, 701, '', '', 0, '2022-01-17 05:52:42', '2022-04-26 03:16:33', 2, 2, '', '', '', '0000-00-00', '0000-00-00', '2022-05-26', '', '', 2),
(2253, 700, '', '', 0, '2022-01-17 05:53:13', '2022-04-26 03:16:33', 2, 2, '', '', '', '0000-00-00', '0000-00-00', '2022-05-20', '', '', 2),
(2254, 699, '', '', 0, '2022-01-17 05:54:16', '2022-04-26 03:16:33', 2, 2, '', '', '', '0000-00-00', '0000-00-00', '2022-05-31', '', '', 2),
(2255, 698, '', '', 0, '2022-01-17 05:54:33', '2022-04-26 03:16:33', 2, 2, '', '', '', '0000-00-00', '0000-00-00', '2022-05-31', '', '', 2),
(2256, 697, '', '', 0, '2022-01-17 05:55:00', '2022-04-26 03:16:33', 2, 2, '', '', '', '0000-00-00', '0000-00-00', '2022-05-25', '', '', 2),
(2257, 696, '', '', 0, '2022-01-17 05:55:29', '2022-04-26 03:16:33', 2, 2, '', '', '', '0000-00-00', '0000-00-00', '2022-05-19', '', '', 2),
(2258, 695, '', '', 0, '2022-01-17 05:55:48', '2022-04-26 03:16:33', 2, 2, '', '', '', '0000-00-00', '0000-00-00', '2022-05-31', '', '', 2),
(2259, 694, '', '', 0, '2022-01-17 05:56:06', '2022-04-26 03:16:33', 2, 2, '', '', '', '0000-00-00', '0000-00-00', '2022-04-29', '', '', 2),
(2260, 693, '', '', 0, '2022-01-17 06:02:20', '2022-04-26 03:16:33', 2, 2, '', '', '', '0000-00-00', '0000-00-00', '2022-06-13', '', '', 2),
(2261, 692, '', '', 0, '2022-01-17 06:02:37', '2022-04-26 03:16:33', 2, 2, '', '', '', '0000-00-00', '0000-00-00', '2022-06-13', '', '', 2),
(2262, 691, '', '', 0, '2022-01-17 06:03:04', '2022-04-26 03:16:33', 2, 2, '', '', '', '0000-00-00', '0000-00-00', '2022-06-29', '', '', 2),
(2263, 690, '', '', 0, '2022-01-17 06:03:22', '2022-04-26 03:16:33', 2, 2, '', '', '', '0000-00-00', '0000-00-00', '2022-06-29', '', '', 2),
(2264, 689, '', '', 0, '2022-01-17 06:03:39', '2022-04-26 03:16:33', 2, 2, '', '', '', '0000-00-00', '0000-00-00', '2022-06-29', '', '', 2),
(2265, 688, '', '', 0, '2022-01-17 06:03:53', '2022-04-26 03:16:33', 2, 2, '', '', '', '0000-00-00', '0000-00-00', '2022-06-29', '', '', 2),
(2266, 687, '', '', 0, '2022-01-17 06:14:53', '2022-04-26 03:16:33', 2, 2, '', '', '', '0000-00-00', '0000-00-00', '2022-06-29', '', '', 2),
(2267, 686, '', '', 0, '2022-01-17 06:15:11', '2022-04-26 03:16:33', 2, 2, '', '', '', '0000-00-00', '0000-00-00', '2022-06-30', '', '', 2),
(2268, 685, '', '', 0, '2022-01-17 06:16:58', '2022-04-26 03:16:33', 2, 2, '', '', '', '0000-00-00', '0000-00-00', '2022-06-30', '', '', 2),
(2269, 684, '', '', 0, '2022-01-17 06:17:17', '2022-04-26 03:16:33', 2, 2, '', '', '', '0000-00-00', '0000-00-00', '2022-06-20', '', '', 2),
(2270, 683, '', '', 0, '2022-01-17 06:17:41', '2022-04-26 03:16:33', 2, 2, '', '', '', '0000-00-00', '0000-00-00', '2022-06-20', '', '', 2),
(2271, 682, '', '', 0, '2022-01-17 06:17:59', '2022-04-26 03:16:33', 2, 2, '', '', '', '0000-00-00', '0000-00-00', '2022-06-13', '', '', 2),
(2272, 681, '', '', 0, '2022-01-17 06:18:41', '2022-04-26 03:16:33', 2, 2, '', '', '', '0000-00-00', '0000-00-00', '2022-06-13', '', '', 2),
(2273, 680, '', '', 0, '2022-01-17 06:18:59', '2022-04-26 03:16:33', 2, 2, '', '', '', '0000-00-00', '0000-00-00', '2022-06-13', '', '', 2),
(2274, 679, '', '', 0, '2022-01-17 06:31:23', '2022-04-26 03:16:33', 2, 2, '', '', '', '0000-00-00', '0000-00-00', '2022-06-29', '', '', 2),
(2275, 678, '', '', 0, '2022-01-18 02:09:20', '2022-04-26 03:16:33', 2, 2, '', '', '', '0000-00-00', '0000-00-00', '2022-06-28', '', '', 2),
(2276, 1, '', '', 2, '2022-01-18 02:09:40', '2022-01-18 02:09:51', 2, 2, '', '', '', '0000-00-00', '0000-00-00', '2022-06-29', '', '', 2),
(2277, 677, '', '', 0, '2022-01-18 02:10:33', '2022-04-26 03:16:33', 2, 2, '', '', '', '0000-00-00', '0000-00-00', '2022-06-29', '', '', 2),
(2278, 676, '', '', 0, '2022-01-18 02:11:22', '2022-04-26 03:16:33', 2, 2, '', '', '', '0000-00-00', '0000-00-00', '2022-06-29', '', '', 2),
(2279, 675, '', '', 0, '2022-01-18 02:11:53', '2022-04-26 03:16:33', 2, 2, '', '', '', '0000-00-00', '0000-00-00', '2022-06-29', '', '', 2),
(2280, 674, '', '', 0, '2022-01-18 02:12:10', '2022-04-26 03:16:33', 2, 2, '', '', '', '0000-00-00', '0000-00-00', '2022-06-29', '', '', 2),
(2281, 673, '', '', 0, '2022-01-18 02:12:28', '2022-04-26 03:16:33', 2, 2, '', '', '', '0000-00-00', '0000-00-00', '2022-06-29', '', '', 2),
(2282, 672, '', '', 0, '2022-01-18 02:13:11', '2022-04-26 03:16:33', 2, 2, '', '', '', '0000-00-00', '0000-00-00', '2022-06-29', '', '', 2),
(2283, 671, '', '', 0, '2022-01-18 02:13:31', '2022-04-26 03:16:33', 2, 2, '', '', '', '0000-00-00', '0000-00-00', '2022-06-29', '', '', 2),
(2284, 670, '', '', 0, '2022-01-18 02:15:17', '2022-04-26 03:16:33', 2, 2, '', '', '', '0000-00-00', '0000-00-00', '2022-06-29', '', '', 2),
(2285, 669, '', '', 0, '2022-01-18 02:15:35', '2022-04-26 03:16:33', 2, 2, '', '', '', '0000-00-00', '0000-00-00', '2022-06-29', '', '', 2),
(2286, 668, '', '', 0, '2022-01-18 02:15:53', '2022-04-26 03:16:33', 2, 2, '', '', '', '0000-00-00', '0000-00-00', '2022-06-29', '', '', 2),
(2287, 667, '', '', 0, '2022-01-18 02:16:21', '2022-04-26 03:16:33', 2, 2, '', '', '', '0000-00-00', '0000-00-00', '2022-06-29', '', '', 2),
(2288, 666, '', '', 0, '2022-01-18 02:16:43', '2022-04-26 03:16:33', 2, 2, '', '', '', '0000-00-00', '0000-00-00', '2022-06-29', '', '', 2),
(2289, 665, '', '', 0, '2022-01-18 02:17:03', '2022-04-26 03:16:33', 2, 2, '', '', '', '0000-00-00', '0000-00-00', '2022-06-29', '', '', 2),
(2290, 664, '', '', 0, '2022-01-18 02:17:34', '2022-04-26 03:16:33', 2, 2, '', '', '', '0000-00-00', '0000-00-00', '2022-06-29', '', '', 2),
(2291, 663, '', '', 0, '2022-01-18 02:17:49', '2022-04-26 03:16:33', 2, 2, '', '', '', '0000-00-00', '0000-00-00', '2022-06-29', '', '', 2),
(2292, 662, '', '', 0, '2022-01-18 02:18:07', '2022-04-26 03:16:33', 2, 2, '', '', '', '0000-00-00', '0000-00-00', '2022-06-29', '', '', 2),
(2293, 661, '', '', 0, '2022-01-18 02:18:25', '2022-04-26 03:16:33', 2, 2, '', '', '', '0000-00-00', '0000-00-00', '2022-06-29', '', '', 2),
(2294, 660, '', '', 0, '2022-01-18 02:22:44', '2022-04-26 03:16:33', 2, 2, '', '', '', '0000-00-00', '0000-00-00', '2022-06-29', '', '', 2),
(2295, 659, '', '', 0, '2022-01-18 02:23:00', '2022-04-26 03:16:33', 2, 2, '', '', '', '0000-00-00', '0000-00-00', '2022-06-29', '', '', 2),
(2296, 658, '', '', 0, '2022-01-18 02:23:17', '2022-04-26 03:16:33', 2, 2, '', '', '', '0000-00-00', '0000-00-00', '2022-06-29', '', '', 2),
(2297, 657, '', '', 0, '2022-01-18 02:24:37', '2022-04-26 03:16:33', 2, 2, '', '', '', '0000-00-00', '0000-00-00', '2022-06-29', '', '', 2),
(2298, 656, '', '', 0, '2022-01-18 02:24:54', '2022-04-26 03:16:33', 2, 2, '', '', '', '0000-00-00', '0000-00-00', '2022-06-29', '', '', 2),
(2299, 655, '', '', 0, '2022-01-18 02:25:10', '2022-04-26 03:16:33', 2, 2, '', '', '', '0000-00-00', '0000-00-00', '2022-06-29', '', '', 2),
(2300, 654, '', '', 0, '2022-01-18 02:25:26', '2022-04-26 03:16:33', 2, 2, '', '', '', '0000-00-00', '0000-00-00', '2022-06-29', '', '', 2),
(2301, 653, '', '', 0, '2022-01-18 02:28:30', '2022-04-26 03:16:33', 2, 2, '', '', '', '0000-00-00', '0000-00-00', '2022-06-29', '', '', 2),
(2302, 652, '', '', 0, '2022-01-18 02:29:12', '2022-04-26 03:16:33', 2, 2, '', '', '', '0000-00-00', '0000-00-00', '2022-06-29', '', '', 2),
(2303, 651, '', '', 0, '2022-01-18 02:29:30', '2022-04-26 03:16:33', 2, 2, '', '', '', '0000-00-00', '0000-00-00', '2022-06-29', '', '', 2),
(2304, 650, '', '', 0, '2022-01-18 02:30:17', '2022-04-26 03:16:33', 2, 2, '', '', '', '0000-00-00', '0000-00-00', '2022-06-17', '', '', 2),
(2305, 649, '', '', 0, '2022-01-18 02:30:37', '2022-04-26 03:16:33', 2, 2, '', '', '', '0000-00-00', '0000-00-00', '2022-06-17', '', '', 2),
(2306, 648, '', '', 0, '2022-01-18 02:31:41', '2022-04-26 03:16:33', 2, 2, '', '', '', '0000-00-00', '0000-00-00', '2022-06-17', '', '', 2),
(2307, 647, '', '', 0, '2022-01-18 02:31:58', '2022-04-26 03:16:33', 2, 2, '', '', '', '0000-00-00', '0000-00-00', '2022-06-17', '', '', 2),
(2308, 646, '', '', 0, '2022-01-18 02:32:15', '2022-04-26 03:16:33', 2, 2, '', '', '', '0000-00-00', '0000-00-00', '2022-06-17', '', '', 2),
(2309, 645, '', '', 0, '2022-01-18 02:33:45', '2022-04-26 03:16:33', 2, 2, '', '', '', '0000-00-00', '0000-00-00', '2022-06-17', '', '', 2),
(2310, 644, '', '', 0, '2022-01-18 02:34:03', '2022-04-26 03:16:33', 2, 2, '', '', '', '0000-00-00', '0000-00-00', '2022-06-17', '', '', 2),
(2311, 643, '', '', 0, '2022-01-18 02:35:02', '2022-04-26 03:16:33', 2, 2, '', '', '', '0000-00-00', '0000-00-00', '2022-06-29', '', '', 2),
(2312, 642, '', '', 0, '2022-01-18 02:35:19', '2022-04-26 03:16:33', 2, 2, '', '', '', '0000-00-00', '0000-00-00', '2022-06-17', '', '', 2),
(2313, 641, '', '', 0, '2022-01-18 02:35:38', '2022-04-26 03:16:33', 2, 2, '', '', '', '0000-00-00', '0000-00-00', '2022-06-17', '', '', 2),
(2314, 640, '', '', 0, '2022-01-18 02:35:54', '2022-04-26 03:16:33', 2, 2, '', '', '', '0000-00-00', '0000-00-00', '2022-06-17', '', '', 2),
(2315, 639, '', '', 0, '2022-01-18 02:39:16', '2022-04-26 03:16:33', 2, 2, '', '', '', '0000-00-00', '0000-00-00', '2022-06-17', '', '', 2),
(2316, 638, '', '', 0, '2022-01-18 02:39:32', '2022-04-26 03:16:33', 2, 2, '', '', '', '0000-00-00', '0000-00-00', '2022-06-17', '', '', 2),
(2317, 637, '', '', 0, '2022-01-18 02:39:47', '2022-04-26 03:16:33', 2, 2, '', '', '', '0000-00-00', '0000-00-00', '2022-06-29', '', '', 2),
(2318, 636, '', '', 0, '2022-01-18 02:40:00', '2022-04-26 03:16:33', 2, 2, '', '', '', '0000-00-00', '0000-00-00', '2022-06-17', '', '', 2),
(2319, 635, '', '', 0, '2022-01-18 02:40:21', '2022-04-26 03:16:33', 2, 2, '', '', '', '0000-00-00', '0000-00-00', '2022-06-17', '', '', 2),
(2320, 634, '', '', 0, '2022-01-18 02:40:40', '2022-04-26 03:16:33', 2, 2, '', '', '', '0000-00-00', '0000-00-00', '2022-06-17', '', '', 2),
(2321, 633, '', '', 0, '2022-01-18 02:47:19', '2022-04-26 03:16:33', 2, 2, '', '', '', '0000-00-00', '0000-00-00', '2022-06-29', '', '', 2),
(2322, 632, '', '', 0, '2022-01-18 02:47:37', '2022-04-26 03:16:33', 2, 2, '', '', '', '0000-00-00', '0000-00-00', '2022-06-30', '', '', 2),
(2323, 631, '', '', 0, '2022-01-18 02:48:41', '2022-04-26 03:16:33', 2, 2, '', '', '', '0000-00-00', '0000-00-00', '2022-06-30', '', '', 2),
(2324, 630, '', '', 0, '2022-01-18 02:49:00', '2022-04-26 03:16:33', 2, 2, '', '', '', '0000-00-00', '0000-00-00', '2022-06-17', '', '', 2),
(2325, 629, '', '', 0, '2022-01-18 02:49:18', '2022-04-26 03:16:33', 2, 2, '', '', '', '0000-00-00', '0000-00-00', '2022-06-29', '', '', 2),
(2326, 628, '', '', 0, '2022-01-18 02:49:36', '2022-04-26 03:16:33', 2, 2, '', '', '', '0000-00-00', '0000-00-00', '2022-06-17', '', '', 2),
(2327, 627, '', '', 0, '2022-01-18 02:49:57', '2022-04-26 03:16:33', 2, 2, '', '', '', '0000-00-00', '0000-00-00', '2022-06-29', '', '', 2),
(2328, 626, '', '', 0, '2022-01-18 02:50:16', '2022-04-26 03:16:33', 2, 2, '', '', '', '0000-00-00', '0000-00-00', '2022-06-29', '', '', 2),
(2329, 625, '', '', 0, '2022-01-18 02:50:38', '2022-04-26 03:16:33', 2, 2, '', '', '', '0000-00-00', '0000-00-00', '2022-06-17', '', '', 2),
(2330, 624, '', '', 0, '2022-01-18 02:50:56', '2022-04-26 03:16:33', 2, 2, '', '', '', '0000-00-00', '0000-00-00', '2022-06-17', '', '', 2),
(2331, 623, '', '', 0, '2022-01-18 02:51:34', '2022-04-26 03:16:33', 2, 2, '', '', '', '0000-00-00', '0000-00-00', '2022-06-17', '', '', 2),
(2332, 622, '', '', 0, '2022-01-18 02:52:01', '2022-04-26 03:16:33', 2, 2, '', '', '', '0000-00-00', '0000-00-00', '2022-06-17', '', '', 2),
(2333, 621, '', '', 0, '2022-01-18 02:52:16', '2022-04-26 03:16:33', 2, 2, '', '', '', '0000-00-00', '0000-00-00', '2022-06-17', '', '', 2),
(2334, 620, '', '', 0, '2022-01-18 02:52:32', '2022-04-26 03:16:33', 2, 2, '', '', '', '0000-00-00', '0000-00-00', '2022-06-17', '', '', 2),
(2335, 619, '', '', 0, '2022-01-18 02:52:48', '2022-04-26 03:16:33', 2, 2, '', '', '', '0000-00-00', '0000-00-00', '2022-06-17', '', '', 2),
(2336, 618, '', '', 0, '2022-01-18 02:53:03', '2022-04-26 03:16:33', 2, 2, '', '', '', '0000-00-00', '0000-00-00', '2022-06-17', '', '', 2),
(2337, 617, '', '', 0, '2022-01-18 02:53:21', '2022-04-26 03:16:33', 2, 2, '', '', '', '0000-00-00', '0000-00-00', '2022-06-17', '', '', 2),
(2338, 616, '', '', 0, '2022-01-18 03:00:31', '2022-04-26 03:16:33', 2, 2, '', '', '', '0000-00-00', '0000-00-00', '2022-06-17', '', '', 2),
(2339, 615, '', '', 0, '2022-01-18 03:00:49', '2022-04-26 03:16:33', 2, 2, '', '', '', '0000-00-00', '0000-00-00', '2022-06-17', '', '', 2),
(2340, 614, '', '', 0, '2022-01-18 03:01:06', '2022-04-26 03:16:33', 2, 2, '', '', '', '0000-00-00', '0000-00-00', '2022-06-17', '', '', 2),
(2341, 613, '', '', 0, '2022-01-18 03:01:23', '2022-04-26 03:16:33', 2, 2, '', '', '', '0000-00-00', '0000-00-00', '2022-06-15', '', '', 2),
(2342, 612, '', '', 0, '2022-01-18 03:01:40', '2022-04-26 03:16:33', 2, 2, '', '', '', '0000-00-00', '0000-00-00', '2022-06-08', '', '', 2),
(2343, 611, '', '', 0, '2022-01-18 03:01:56', '2022-04-26 03:16:33', 2, 2, '', '', '', '0000-00-00', '0000-00-00', '2022-06-08', '', '', 2),
(2344, 610, '', '', 0, '2022-01-18 03:02:31', '2022-04-26 03:16:33', 2, 2, '', '', '', '0000-00-00', '0000-00-00', '2022-06-08', '', '', 2),
(2345, 609, '', '', 0, '2022-01-18 03:02:48', '2022-04-26 03:16:33', 2, 2, '', '', '', '0000-00-00', '0000-00-00', '2022-06-08', '', '', 2),
(2346, 608, '', '', 0, '2022-01-18 03:03:37', '2022-04-26 03:16:33', 2, 2, '', '', '', '0000-00-00', '0000-00-00', '2022-06-08', '', '', 2),
(2347, 607, '', '', 0, '2022-01-18 03:04:00', '2022-04-26 03:16:33', 2, 2, '', '', '', '0000-00-00', '0000-00-00', '2022-06-08', '', '', 2),
(2348, 606, '', '', 0, '2022-01-18 03:04:17', '2022-04-26 03:16:33', 2, 2, '', '', '', '0000-00-00', '0000-00-00', '2022-06-08', '', '', 2),
(2349, 605, '', '', 0, '2022-01-18 03:04:36', '2022-04-26 03:16:33', 2, 2, '', '', '', '0000-00-00', '0000-00-00', '2022-06-08', '', '', 2),
(2350, 604, '', '', 0, '2022-01-18 03:04:55', '2022-04-26 03:16:33', 2, 2, '', '', '', '0000-00-00', '0000-00-00', '2022-06-13', '', '', 2),
(2351, 603, '', '', 0, '2022-01-18 03:05:56', '2022-04-26 03:16:33', 2, 2, '', '', '', '0000-00-00', '0000-00-00', '2022-04-29', '', '', 2),
(2352, 602, '', '', 0, '2022-01-18 03:06:11', '2022-04-26 03:16:33', 2, 2, '', '', '', '0000-00-00', '0000-00-00', '2022-06-13', '', '', 2),
(2353, 601, '', '', 0, '2022-01-18 03:06:26', '2022-04-26 03:16:33', 2, 2, '', '', '', '0000-00-00', '0000-00-00', '2022-04-29', '', '', 2),
(2354, 600, '', '', 0, '2022-01-18 03:06:42', '2022-04-26 03:16:33', 2, 2, '', '', '', '0000-00-00', '0000-00-00', '2022-06-10', '', '', 2),
(2355, 599, '', '', 0, '2022-01-18 03:06:59', '2022-04-26 03:16:33', 2, 2, '', '', '', '0000-00-00', '0000-00-00', '2022-05-19', '', '', 2),
(2356, 598, '', '', 0, '2022-01-18 03:07:15', '2022-04-26 03:16:33', 2, 2, '', '', '', '0000-00-00', '0000-00-00', '2022-06-17', '', '', 2),
(2357, 597, '', '', 0, '2022-01-18 03:09:51', '2022-04-26 03:16:33', 2, 2, '', '', '', '0000-00-00', '0000-00-00', '2022-06-01', '', '', 2),
(2358, 596, '', '', 0, '2022-01-18 03:10:06', '2022-04-26 03:16:33', 2, 2, '', '', '', '0000-00-00', '0000-00-00', '2022-06-15', '', '', 2),
(2359, 595, '', '', 0, '2022-01-18 03:10:23', '2022-04-26 03:16:33', 2, 2, '', '', '', '0000-00-00', '0000-00-00', '2022-05-13', '', '', 2),
(2360, 594, '', '', 0, '2022-01-18 03:12:56', '2022-04-26 03:16:33', 2, 2, '', '', '', '0000-00-00', '0000-00-00', '2022-06-30', '', '', 2),
(2361, 593, '', '', 0, '2022-01-18 03:13:30', '2022-04-26 03:16:33', 2, 2, '', '', '', '0000-00-00', '0000-00-00', '2022-06-27', '', '', 2),
(2362, 592, '', '', 0, '2022-01-18 03:13:46', '2022-04-26 03:16:33', 2, 2, '', '', '', '0000-00-00', '0000-00-00', '2022-06-24', '', '', 2),
(2363, 591, '', '', 0, '2022-01-18 03:14:02', '2022-04-26 03:16:33', 2, 2, '', '', '', '0000-00-00', '0000-00-00', '2022-06-09', '', '', 2),
(2364, 590, '', '', 0, '2022-01-18 03:14:18', '2022-04-26 03:16:33', 2, 2, '', '', '', '0000-00-00', '0000-00-00', '2022-06-09', '', '', 2),
(2365, 589, '', '', 0, '2022-01-18 03:14:35', '2022-04-26 03:16:33', 2, 2, '', '', '', '0000-00-00', '0000-00-00', '2022-06-13', '', '', 2),
(2366, 588, '', '', 0, '2022-01-18 03:14:51', '2022-04-26 03:16:33', 2, 2, '', '', '', '0000-00-00', '0000-00-00', '2022-06-09', '', '', 2),
(2367, 587, '', '', 0, '2022-01-18 03:15:27', '2022-04-26 03:16:33', 2, 2, '', '', '', '0000-00-00', '0000-00-00', '2022-06-15', '', '', 2),
(2368, 586, '', '', 0, '2022-01-18 03:15:44', '2022-04-26 03:16:33', 2, 2, '', '', '', '0000-00-00', '0000-00-00', '2022-06-15', '', '', 2),
(2369, 585, '', '', 0, '2022-01-18 03:16:12', '2022-04-26 03:16:33', 2, 2, '', '', '', '0000-00-00', '0000-00-00', '2022-05-31', '', '', 2),
(2370, 584, '', '', 0, '2022-01-18 03:16:28', '2022-04-26 03:16:33', 2, 2, '', '', '', '0000-00-00', '0000-00-00', '2022-06-15', '', '', 2),
(2371, 583, '', '', 0, '2022-01-18 03:17:17', '2022-04-26 03:16:33', 2, 2, '', '', '', '0000-00-00', '0000-00-00', '2022-05-31', '', '', 2),
(2372, 582, '', '', 0, '2022-01-18 03:17:32', '2022-04-26 03:16:33', 2, 2, '', '', '', '0000-00-00', '0000-00-00', '2022-06-15', '', '', 2),
(2373, 581, '', '', 0, '2022-01-20 03:12:32', '2022-04-26 03:16:33', 2, 2, '', '', '', '0000-00-00', '0000-00-00', '2022-06-30', '', '', 2),
(2374, 580, '', '', 0, '2022-01-20 03:12:53', '2022-04-26 03:16:33', 2, 2, '', '', '', '0000-00-00', '0000-00-00', '2022-06-30', '', '', 2),
(2375, 579, '', '', 0, '2022-01-20 03:14:22', '2022-04-26 03:16:33', 2, 2, '', '', '', '0000-00-00', '0000-00-00', '2022-06-30', '', '', 2),
(2376, 578, '', '', 0, '2022-01-20 03:14:52', '2022-04-26 03:16:33', 2, 2, '', '', '', '0000-00-00', '0000-00-00', '2022-06-30', '', '', 2),
(2377, 577, '', '', 0, '2022-01-20 03:15:15', '2022-04-26 03:16:33', 2, 2, '', '', '', '0000-00-00', '0000-00-00', '2022-06-30', '', '', 2),
(2378, 576, '', '', 0, '2022-01-20 03:15:46', '2022-04-26 03:16:33', 2, 2, '', '', '', '0000-00-00', '0000-00-00', '2022-06-30', '', '', 2),
(2379, 575, '', '', 0, '2022-01-20 03:16:02', '2022-04-26 03:16:33', 2, 2, '', '', '', '0000-00-00', '0000-00-00', '2022-06-30', '', '', 2),
(2380, 574, '', '', 0, '2022-01-20 03:16:20', '2022-04-26 03:16:33', 2, 2, '', '', '', '0000-00-00', '0000-00-00', '2022-06-30', '', '', 2),
(2381, 573, '', '', 0, '2022-01-20 03:16:37', '2022-04-26 03:16:33', 2, 2, '', '', '', '0000-00-00', '0000-00-00', '2022-07-29', '', '', 2),
(2382, 572, '', '', 0, '2022-01-20 03:16:57', '2022-04-26 03:16:33', 2, 2, '', '', '', '0000-00-00', '0000-00-00', '2022-06-30', '', '', 2),
(2383, 571, '', '', 0, '2022-01-20 03:17:20', '2022-04-26 03:16:33', 2, 2, '', '', '', '0000-00-00', '0000-00-00', '2022-07-15', '', '', 2),
(2384, 570, '', '', 0, '2022-01-20 03:18:00', '2022-04-26 03:16:33', 2, 2, '', '', '', '0000-00-00', '0000-00-00', '2022-07-18', '', '', 2),
(2385, 569, '', '', 0, '2022-01-20 03:18:15', '2022-04-26 03:16:33', 2, 2, '', '', '', '0000-00-00', '0000-00-00', '2022-07-18', '', '', 2),
(2386, 568, '', '', 0, '2022-01-20 03:18:31', '2022-04-26 03:16:33', 2, 2, '', '', '', '0000-00-00', '0000-00-00', '2022-07-18', '', '', 2),
(2387, 567, '', '', 0, '2022-01-20 03:18:46', '2022-04-26 03:16:33', 2, 2, '', '', '', '0000-00-00', '0000-00-00', '2022-07-15', '', '', 2),
(2388, 566, '', '', 0, '2022-01-20 03:19:14', '2022-04-26 03:16:33', 2, 2, '', '', '', '0000-00-00', '0000-00-00', '2022-06-30', '', '', 2),
(2389, 565, '', '', 0, '2022-01-20 03:19:31', '2022-04-26 03:16:33', 2, 2, '', '', '', '0000-00-00', '0000-00-00', '2022-06-30', '', '', 2),
(2390, 564, '', '', 0, '2022-01-20 03:19:46', '2022-04-26 03:16:33', 2, 2, '', '', '', '0000-00-00', '0000-00-00', '2022-06-28', '', '', 2),
(2391, 563, '', '', 0, '2022-01-20 03:20:08', '2022-04-26 03:16:33', 2, 2, '', '', '', '0000-00-00', '0000-00-00', '2022-06-21', '', '', 2),
(2392, 562, '', '', 0, '2022-01-20 03:20:25', '2022-04-26 03:16:33', 2, 2, '', '', '', '0000-00-00', '0000-00-00', '2022-06-30', '', '', 2),
(2393, 561, '', '', 0, '2022-01-20 03:20:47', '2022-04-26 03:16:33', 2, 2, '', '', '', '0000-00-00', '0000-00-00', '2022-06-30', '', '', 2),
(2394, 560, '', '', 0, '2022-01-20 03:21:05', '2022-04-26 03:16:33', 2, 2, '', '', '', '0000-00-00', '0000-00-00', '2022-06-27', '', '', 2),
(2395, 559, '', '', 0, '2022-01-20 03:21:22', '2022-04-26 03:16:33', 2, 2, '', '', '', '0000-00-00', '0000-00-00', '2022-06-17', '', '', 2),
(2396, 558, '', '', 0, '2022-01-20 03:21:40', '2022-04-26 03:16:33', 2, 2, '', '', '', '0000-00-00', '0000-00-00', '2022-06-30', '', '', 2),
(2397, 557, '', '', 0, '2022-01-20 03:21:56', '2022-04-26 03:16:33', 2, 2, '', '', '', '0000-00-00', '0000-00-00', '2022-05-31', '', '', 2),
(2398, 556, '', '', 0, '2022-01-20 03:23:06', '2022-04-26 03:16:33', 2, 2, '', '', '', '0000-00-00', '0000-00-00', '2022-07-29', '', '', 2),
(2399, 555, '', '', 0, '2022-01-20 03:23:28', '2022-04-26 03:16:33', 2, 2, '', '', '', '0000-00-00', '0000-00-00', '2022-07-18', '', '', 2),
(2400, 554, '', '', 0, '2022-01-20 03:23:44', '2022-04-26 03:16:33', 2, 2, '', '', '', '0000-00-00', '0000-00-00', '2022-07-18', '', '', 2),
(2401, 553, '', '', 0, '2022-01-20 03:24:06', '2022-04-26 03:16:33', 2, 2, '', '', '', '0000-00-00', '0000-00-00', '2022-07-07', '', '', 2),
(2402, 552, '', '', 0, '2022-01-20 03:24:22', '2022-04-26 03:16:33', 2, 2, '', '', '', '0000-00-00', '0000-00-00', '2022-07-18', '', '', 2),
(2403, 551, '', '', 0, '2022-01-20 03:24:39', '2022-04-26 03:16:33', 2, 2, '', '', '', '0000-00-00', '0000-00-00', '2022-07-29', '', '', 2),
(2404, 550, '', '', 0, '2022-01-20 03:25:05', '2022-04-26 03:16:33', 2, 2, '', '', '', '0000-00-00', '0000-00-00', '2022-06-30', '', '', 2),
(2405, 549, '', '', 0, '2022-01-20 03:25:18', '2022-04-26 03:16:33', 2, 2, '', '', '', '0000-00-00', '0000-00-00', '2022-06-30', '', '', 2),
(2406, 548, '', '', 0, '2022-01-20 03:25:47', '2022-04-26 03:16:33', 2, 2, '', '', '', '0000-00-00', '0000-00-00', '2022-07-15', '', '', 2),
(2407, 547, '', '', 0, '2022-01-20 03:26:07', '2022-04-26 03:16:33', 2, 2, '', '', '', '0000-00-00', '0000-00-00', '2022-07-20', '', '', 2),
(2408, 546, '', '', 0, '2022-01-20 03:26:29', '2022-04-26 03:16:33', 2, 2, '', '', '', '0000-00-00', '0000-00-00', '2022-06-24', '', '', 2),
(2409, 545, '', '', 0, '2022-01-20 03:26:45', '2022-04-26 03:16:33', 2, 2, '', '', '', '0000-00-00', '0000-00-00', '2022-06-22', '', '', 2),
(2410, 544, '', '', 0, '2022-01-20 03:27:14', '2022-04-26 03:16:33', 2, 2, '', '', '', '0000-00-00', '0000-00-00', '2022-07-01', '', '', 2),
(2411, 543, '', '', 0, '2022-01-20 03:27:29', '2022-04-26 03:16:33', 2, 2, '', '', '', '0000-00-00', '0000-00-00', '2022-06-30', '', '', 2),
(2412, 542, '', '', 0, '2022-01-20 03:28:29', '2022-04-26 03:16:33', 2, 2, '', '', '', '0000-00-00', '0000-00-00', '2022-05-31', '', '', 2),
(2413, 541, '', '', 0, '2022-01-20 03:28:43', '2022-04-26 03:16:33', 2, 2, '', '', '', '0000-00-00', '0000-00-00', '2022-05-31', '', '', 2),
(2414, 540, '', '', 0, '2022-01-20 03:29:01', '2022-04-26 03:16:33', 2, 2, '', '', '', '0000-00-00', '0000-00-00', '2022-07-12', '', '', 2),
(2415, 539, '', '', 0, '2022-01-20 03:29:18', '2022-04-26 03:16:33', 2, 2, '', '', '', '0000-00-00', '0000-00-00', '2022-06-17', '', '', 2),
(2416, 538, '', '', 0, '2022-01-20 03:29:37', '2022-04-26 03:16:33', 2, 2, '', '', '', '0000-00-00', '0000-00-00', '2022-07-14', '', '', 2),
(2417, 537, '', '', 0, '2022-01-20 03:29:52', '2022-04-26 03:16:33', 2, 2, '', '', '', '0000-00-00', '0000-00-00', '2022-06-27', '', '', 2),
(2418, 536, '', '', 0, '2022-01-20 05:43:22', '2022-04-26 03:16:33', 2, 2, '', '', '', '0000-00-00', '0000-00-00', '2022-07-01', '', '', 2),
(2419, 535, '', '', 0, '2022-01-20 05:43:38', '2022-04-26 03:16:33', 2, 2, '', '', '', '0000-00-00', '0000-00-00', '2022-07-20', '', '', 2),
(2420, 534, '', '', 0, '2022-01-20 05:43:54', '2022-04-26 03:16:33', 2, 2, '', '', '', '0000-00-00', '0000-00-00', '2022-06-15', '', '', 2),
(2421, 533, '', '', 0, '2022-01-20 05:44:10', '2022-04-26 03:16:33', 2, 2, '', '', '', '0000-00-00', '0000-00-00', '2022-07-29', '', '', 2),
(2422, 532, '', '', 0, '2022-01-20 05:44:25', '2022-04-26 03:16:33', 2, 2, '', '', '', '0000-00-00', '0000-00-00', '2022-07-25', '', '', 2),
(2423, 531, '', '', 0, '2022-01-20 05:45:56', '2022-04-26 03:16:33', 2, 2, '', '', '', '0000-00-00', '0000-00-00', '2022-07-14', '', '', 2),
(2424, 530, '', '', 0, '2022-01-20 05:46:14', '2022-04-26 03:16:33', 2, 2, '', '', '', '0000-00-00', '0000-00-00', '2022-07-14', '', '', 2),
(2425, 529, '', '', 0, '2022-01-20 05:46:34', '2022-04-26 03:16:33', 2, 2, '', '', '', '0000-00-00', '0000-00-00', '2022-06-30', '', '', 2),
(2426, 528, '', '', 0, '2022-01-20 05:46:52', '2022-04-26 03:16:33', 2, 2, '', '', '', '0000-00-00', '0000-00-00', '2022-07-15', '', '', 2),
(2427, 527, '', '', 0, '2022-01-20 05:47:08', '2022-04-26 03:16:33', 2, 2, '', '', '', '0000-00-00', '0000-00-00', '2022-06-30', '', '', 2),
(2428, 526, '', '', 0, '2022-01-20 05:47:24', '2022-04-26 03:16:33', 2, 2, '', '', '', '0000-00-00', '0000-00-00', '2022-07-15', '', '', 2),
(2429, 525, '', '', 0, '2022-01-20 06:02:56', '2022-04-26 03:16:33', 2, 2, '', '', '', '0000-00-00', '0000-00-00', '2022-07-29', '', '', 2),
(2430, 524, '', '', 0, '2022-01-20 06:03:13', '2022-04-26 03:16:33', 2, 2, '', '', '', '0000-00-00', '0000-00-00', '2022-07-29', '', '', 2);
INSERT INTO `tb_huatai_trading_future` (`id`, `sort_order`, `code`, `remark`, `disabled`, `create_date`, `last_update_date`, `create_by`, `last_update_by`, `url_target`, `seo_url`, `seo_keyword`, `start_date`, `end_date`, `display_date`, `youtube_id`, `other_link`, `trading_future_category_id`) VALUES
(2431, 523, '', '', 0, '2022-01-20 06:03:53', '2022-04-26 03:16:33', 2, 2, '', '', '', '0000-00-00', '0000-00-00', '2022-07-29', '', '', 2),
(2432, 522, '', '', 0, '2022-01-20 06:04:24', '2022-04-26 03:16:33', 2, 2, '', '', '', '0000-00-00', '0000-00-00', '2022-08-31', '', '', 2),
(2433, 521, '', '', 0, '2022-01-20 06:04:41', '2022-04-26 03:16:33', 2, 2, '', '', '', '0000-00-00', '0000-00-00', '2022-07-29', '', '', 2),
(2434, 520, '', '', 0, '2022-01-20 06:05:42', '2022-04-26 03:16:33', 2, 2, '', '', '', '0000-00-00', '0000-00-00', '2022-08-15', '', '', 2),
(2435, 519, '', '', 0, '2022-01-20 06:05:59', '2022-04-26 03:16:33', 2, 2, '', '', '', '0000-00-00', '0000-00-00', '2022-08-15', '', '', 2),
(2436, 518, '', '', 0, '2022-01-20 06:07:42', '2022-04-26 03:16:33', 2, 2, '', '', '', '0000-00-00', '0000-00-00', '2022-08-15', '', '', 2),
(2437, 517, '', '', 0, '2022-01-20 06:08:30', '2022-04-26 03:16:33', 2, 2, '', '', '', '0000-00-00', '0000-00-00', '2022-08-15', '', '', 2),
(2438, 516, '', '', 0, '2022-01-20 06:08:54', '2022-04-26 03:16:33', 2, 2, '', '', '', '0000-00-00', '0000-00-00', '2022-08-25', '', '', 2),
(2439, 515, '', '', 0, '2022-01-20 06:09:24', '2022-04-26 03:16:33', 2, 2, '', '', '', '0000-00-00', '0000-00-00', '2022-08-08', '', '', 2),
(2440, 514, '', '', 0, '2022-01-20 06:09:40', '2022-04-26 03:16:33', 2, 2, '', '', '', '0000-00-00', '0000-00-00', '2022-08-12', '', '', 2),
(2441, 513, '', '', 0, '2022-01-20 06:10:07', '2022-04-26 03:16:33', 2, 2, '', '', '', '0000-00-00', '0000-00-00', '2022-07-29', '', '', 2),
(2442, 512, '', '', 0, '2022-01-20 06:10:41', '2022-04-26 03:16:33', 2, 2, '', '', '', '0000-00-00', '0000-00-00', '2022-07-29', '', '', 2),
(2443, 511, '', '', 0, '2022-01-20 06:10:57', '2022-04-26 03:16:33', 2, 2, '', '', '', '0000-00-00', '0000-00-00', '2022-07-27', '', '', 2),
(2444, 510, '', '', 0, '2022-01-20 06:11:43', '2022-04-26 03:16:33', 2, 2, '', '', '', '0000-00-00', '0000-00-00', '2022-07-20', '', '', 2),
(2445, 509, '', '', 0, '2022-01-20 06:11:57', '2022-04-26 03:16:33', 2, 2, '', '', '', '0000-00-00', '0000-00-00', '2022-07-29', '', '', 2),
(2446, 508, '', '', 0, '2022-01-20 06:12:12', '2022-04-26 03:16:33', 2, 2, '', '', '', '0000-00-00', '0000-00-00', '2022-07-26', '', '', 2),
(2447, 507, '', '', 0, '2022-01-20 06:12:26', '2022-04-26 03:16:33', 2, 2, '', '', '', '0000-00-00', '0000-00-00', '2022-07-19', '', '', 2),
(2448, 506, '', '', 0, '2022-01-20 06:12:42', '2022-04-26 03:16:33', 2, 2, '', '', '', '0000-00-00', '0000-00-00', '2022-07-29', '', '', 2),
(2449, 505, '', '', 0, '2022-01-20 06:13:03', '2022-04-26 03:16:33', 2, 2, '', '', '', '0000-00-00', '0000-00-00', '2022-06-30', '', '', 2),
(2450, 504, '', '', 0, '2022-01-20 06:13:32', '2022-04-26 03:16:33', 2, 2, '', '', '', '0000-00-00', '0000-00-00', '2022-08-31', '', '', 2),
(2451, 503, '', '', 0, '2022-01-20 06:13:49', '2022-04-26 03:16:33', 2, 2, '', '', '', '0000-00-00', '0000-00-00', '2022-08-15', '', '', 2),
(2452, 502, '', '', 0, '2022-01-20 06:15:34', '2022-04-26 03:16:33', 2, 2, '', '', '', '0000-00-00', '0000-00-00', '2022-08-15', '', '', 2),
(2453, 501, '', '', 0, '2022-01-20 06:17:08', '2022-04-26 03:16:33', 2, 2, '', '', '', '0000-00-00', '0000-00-00', '2022-08-10', '', '', 2),
(2454, 500, '', '', 0, '2022-01-20 06:17:27', '2022-04-26 03:16:33', 2, 2, '', '', '', '0000-00-00', '0000-00-00', '2022-08-15', '', '', 2),
(2455, 499, '', '', 0, '2022-01-20 06:17:55', '2022-04-26 03:16:33', 2, 2, '', '', '', '0000-00-00', '0000-00-00', '2022-08-31', '', '', 2),
(2456, 498, '', '', 0, '2022-01-20 06:18:13', '2022-04-26 03:16:33', 2, 2, '', '', '', '0000-00-00', '0000-00-00', '2022-07-29', '', '', 2),
(2457, 497, '', '', 0, '2022-01-20 06:18:30', '2022-04-26 03:16:33', 2, 2, '', '', '', '0000-00-00', '0000-00-00', '2022-07-29', '', '', 2),
(2458, 496, '', '', 0, '2022-01-20 06:18:47', '2022-04-26 03:16:33', 2, 2, '', '', '', '0000-00-00', '0000-00-00', '2022-08-15', '', '', 2),
(2459, 495, '', '', 0, '2022-01-20 06:19:07', '2022-04-26 03:16:33', 2, 2, '', '', '', '0000-00-00', '0000-00-00', '2022-08-17', '', '', 2),
(2460, 494, '', '', 0, '2022-01-20 06:31:22', '2022-04-26 03:16:33', 2, 2, '', '', '', '0000-00-00', '0000-00-00', '2022-08-01', '', '', 2),
(2461, 493, '', '', 0, '2022-01-20 06:31:37', '2022-04-26 03:16:33', 2, 2, '', '', '', '0000-00-00', '0000-00-00', '2022-08-17', '', '', 2),
(2462, 492, '', '', 0, '2022-01-20 06:32:18', '2022-04-26 03:16:33', 2, 2, '', '', '', '0000-00-00', '0000-00-00', '2022-07-15', '', '', 2),
(2463, 491, '', '', 0, '2022-01-20 06:32:34', '2022-04-26 03:16:33', 2, 2, '', '', '', '0000-00-00', '0000-00-00', '2022-08-31', '', '', 2),
(2464, 490, '', '', 0, '2022-01-20 06:33:00', '2022-04-26 03:16:33', 2, 2, '', '', '', '0000-00-00', '0000-00-00', '2022-08-26', '', '', 2),
(2465, 489, '', '', 0, '2022-01-20 06:33:14', '2022-04-26 03:16:33', 2, 2, '', '', '', '0000-00-00', '0000-00-00', '2022-08-25', '', '', 2),
(2466, 488, '', '', 0, '2022-01-20 06:33:55', '2022-04-26 03:16:33', 2, 2, '', '', '', '0000-00-00', '0000-00-00', '2022-08-12', '', '', 2),
(2467, 487, '', '', 0, '2022-01-20 06:34:13', '2022-04-26 03:16:33', 2, 2, '', '', '', '0000-00-00', '0000-00-00', '2022-08-12', '', '', 2),
(2468, 486, '', '', 0, '2022-01-20 06:34:29', '2022-04-26 03:16:33', 2, 2, '', '', '', '0000-00-00', '0000-00-00', '2022-07-29', '', '', 2),
(2469, 485, '', '', 0, '2022-01-20 06:35:22', '2022-04-26 03:16:33', 2, 2, '', '', '', '0000-00-00', '0000-00-00', '2022-08-15', '', '', 2),
(2470, 484, '', '', 0, '2022-01-20 06:35:37', '2022-04-26 03:16:33', 2, 2, '', '', '', '0000-00-00', '0000-00-00', '2022-07-29', '', '', 2),
(2471, 483, '', '', 0, '2022-01-20 06:35:55', '2022-04-26 03:16:33', 2, 2, '', '', '', '0000-00-00', '0000-00-00', '2022-08-15', '', '', 2),
(2472, 482, '', '', 0, '2022-01-21 01:05:04', '2022-04-26 03:16:33', 2, 2, '', '', '', '0000-00-00', '0000-00-00', '2022-08-31', '', '', 2),
(2473, 481, '', '', 0, '2022-01-21 01:05:47', '2022-04-26 03:16:33', 2, 2, '', '', '', '0000-00-00', '0000-00-00', '2022-08-31', '', '', 2),
(2474, 480, '', '', 0, '2022-01-21 01:06:26', '2022-04-26 03:16:33', 2, 2, '', '', '', '0000-00-00', '0000-00-00', '2022-08-31', '', '', 2),
(2475, 479, '', '', 0, '2022-01-21 01:06:45', '2022-04-26 03:16:33', 2, 2, '', '', '', '0000-00-00', '0000-00-00', '2022-08-31', '', '', 2),
(2476, 478, '', '', 0, '2022-01-21 01:07:02', '2022-04-26 03:16:33', 2, 2, '', '', '', '0000-00-00', '0000-00-00', '2022-08-31', '', '', 2),
(2477, 477, '', '', 0, '2022-01-21 01:07:17', '2022-04-26 03:16:33', 2, 2, '', '', '', '0000-00-00', '0000-00-00', '2022-08-31', '', '', 2),
(2478, 476, '', '', 0, '2022-01-21 01:07:36', '2022-04-26 03:16:33', 2, 2, '', '', '', '0000-00-00', '0000-00-00', '2022-08-31', '', '', 2),
(2479, 475, '', '', 0, '2022-01-21 01:07:51', '2022-04-26 03:16:33', 2, 2, '', '', '', '0000-00-00', '0000-00-00', '2022-08-31', '', '', 2),
(2480, 474, '', '', 0, '2022-01-21 01:08:07', '2022-04-26 03:16:33', 2, 2, '', '', '', '0000-00-00', '0000-00-00', '2022-08-31', '', '', 2),
(2481, 473, '', '', 0, '2022-01-21 01:08:34', '2022-04-26 03:16:33', 2, 2, '', '', '', '0000-00-00', '0000-00-00', '2022-08-31', '', '', 2),
(2482, 472, '', '', 0, '2022-01-21 01:08:53', '2022-04-26 03:16:33', 2, 2, '', '', '', '0000-00-00', '0000-00-00', '2022-08-31', '', '', 2),
(2483, 471, '', '', 0, '2022-01-21 01:09:08', '2022-04-26 03:16:33', 2, 2, '', '', '', '0000-00-00', '0000-00-00', '2022-08-31', '', '', 2),
(2484, 470, '', '', 0, '2022-01-21 01:09:29', '2022-04-26 03:16:33', 2, 2, '', '', '', '0000-00-00', '0000-00-00', '2022-08-31', '', '', 2),
(2485, 469, '', '', 0, '2022-01-21 01:09:58', '2022-04-26 03:16:33', 2, 2, '', '', '', '0000-00-00', '0000-00-00', '2022-09-16', '', '', 2),
(2486, 468, '', '', 0, '2022-01-21 01:10:15', '2022-04-26 03:16:33', 2, 2, '', '', '', '0000-00-00', '0000-00-00', '2022-09-16', '', '', 2),
(2487, 467, '', '', 0, '2022-01-21 01:10:34', '2022-04-26 03:16:33', 2, 2, '', '', '', '0000-00-00', '0000-00-00', '2022-09-30', '', '', 2),
(2488, 466, '', '', 0, '2022-01-21 01:15:22', '2022-04-26 03:16:33', 2, 2, '', '', '', '0000-00-00', '0000-00-00', '2022-09-19', '', '', 2),
(2489, 465, '', '', 0, '2022-01-21 01:15:39', '2022-04-26 03:16:33', 2, 2, '', '', '', '0000-00-00', '0000-00-00', '2022-09-19', '', '', 2),
(2490, 464, '', '', 0, '2022-01-21 01:15:58', '2022-04-26 03:16:33', 2, 2, '', '', '', '0000-00-00', '0000-00-00', '2022-09-20', '', '', 2),
(2491, 463, '', '', 0, '2022-01-21 01:16:13', '2022-04-26 03:16:33', 2, 2, '', '', '', '0000-00-00', '0000-00-00', '2022-09-19', '', '', 2),
(2492, 462, '', '', 0, '2022-01-21 01:18:15', '2022-04-26 03:16:33', 2, 2, '', '', '', '0000-00-00', '0000-00-00', '2022-09-19', '', '', 2),
(2493, 461, '', '', 0, '2022-01-21 01:18:34', '2022-04-26 03:16:33', 2, 2, '', '', '', '0000-00-00', '0000-00-00', '2022-09-19', '', '', 2),
(2494, 460, '', '', 0, '2022-01-21 01:18:50', '2022-04-26 03:16:33', 2, 2, '', '', '', '0000-00-00', '0000-00-00', '2022-09-19', '', '', 2),
(2495, 459, '', '', 0, '2022-01-21 01:20:52', '2022-04-26 03:16:33', 2, 2, '', '', '', '0000-00-00', '0000-00-00', '2022-08-31', '', '', 2),
(2496, 458, '', '', 0, '2022-01-21 01:24:10', '2022-04-26 03:16:33', 2, 2, '', '', '', '0000-00-00', '0000-00-00', '2022-09-19', '', '', 2),
(2497, 457, '', '', 0, '2022-01-21 01:24:31', '2022-04-26 03:16:33', 2, 2, '', '', '', '0000-00-00', '0000-00-00', '2022-09-19', '', '', 2),
(2498, 456, '', '', 0, '2022-01-21 01:25:10', '2022-04-26 03:16:33', 2, 2, '', '', '', '0000-00-00', '0000-00-00', '2022-09-15', '', '', 2),
(2499, 455, '', '', 0, '2022-01-21 01:25:38', '2022-04-26 03:16:33', 2, 2, '', '', '', '0000-00-00', '0000-00-00', '2022-09-19', '', '', 2),
(2500, 454, '', '', 0, '2022-01-21 01:25:52', '2022-04-26 03:16:33', 2, 2, '', '', '', '0000-00-00', '0000-00-00', '2022-09-19', '', '', 2),
(2501, 453, '', '', 0, '2022-01-21 01:26:09', '2022-04-26 03:16:33', 2, 2, '', '', '', '0000-00-00', '0000-00-00', '2022-09-19', '', '', 2),
(2502, 452, '', '', 0, '2022-01-21 01:26:28', '2022-04-26 03:16:33', 2, 2, '', '', '', '0000-00-00', '0000-00-00', '2022-09-19', '', '', 2),
(2503, 451, '', '', 0, '2022-01-21 01:26:44', '2022-04-26 03:16:33', 2, 2, '', '', '', '0000-00-00', '0000-00-00', '2022-09-19', '', '', 2),
(2504, 450, '', '', 0, '2022-01-21 01:26:59', '2022-04-26 03:16:33', 2, 2, '', '', '', '0000-00-00', '0000-00-00', '2022-09-19', '', '', 2),
(2505, 449, '', '', 0, '2022-01-21 01:27:15', '2022-04-26 03:16:33', 2, 2, '', '', '', '0000-00-00', '0000-00-00', '2022-09-19', '', '', 2),
(2506, 448, '', '', 0, '2022-01-21 01:28:18', '2022-04-26 03:16:33', 2, 2, '', '', '', '0000-00-00', '0000-00-00', '2022-09-19', '', '', 2),
(2507, 447, '', '', 0, '2022-01-21 01:28:32', '2022-04-26 03:16:33', 2, 2, '', '', '', '0000-00-00', '0000-00-00', '2022-09-08', '', '', 2),
(2508, 446, '', '', 0, '2022-01-21 01:28:47', '2022-04-26 03:16:33', 2, 2, '', '', '', '0000-00-00', '0000-00-00', '2022-09-08', '', '', 2),
(2509, 445, '', '', 0, '2022-01-21 01:29:11', '2022-04-26 03:16:33', 2, 2, '', '', '', '0000-00-00', '0000-00-00', '2022-09-16', '', '', 2),
(2510, 444, '', '', 0, '2022-01-21 01:29:28', '2022-04-26 03:16:33', 2, 2, '', '', '', '0000-00-00', '0000-00-00', '2022-09-16', '', '', 2),
(2511, 443, '', '', 0, '2022-01-21 01:29:42', '2022-04-26 03:16:33', 2, 2, '', '', '', '0000-00-00', '0000-00-00', '2022-09-16', '', '', 2),
(2512, 442, '', '', 0, '2022-01-21 01:29:56', '2022-04-26 03:16:33', 2, 2, '', '', '', '0000-00-00', '0000-00-00', '2022-09-16', '', '', 2),
(2513, 441, '', '', 0, '2022-01-21 01:30:17', '2022-04-26 03:16:33', 2, 2, '', '', '', '0000-00-00', '0000-00-00', '2022-09-16', '', '', 2),
(2514, 440, '', '', 0, '2022-01-21 01:31:42', '2022-04-26 03:16:33', 2, 2, '', '', '', '0000-00-00', '0000-00-00', '2022-09-16', '', '', 2),
(2515, 439, '', '', 0, '2022-01-21 01:31:55', '2022-04-26 03:16:33', 2, 2, '', '', '', '0000-00-00', '0000-00-00', '2022-09-29', '', '', 2),
(2516, 438, '', '', 0, '2022-01-21 01:35:29', '2022-04-26 03:16:33', 2, 2, '', '', '', '0000-00-00', '0000-00-00', '2022-08-31', '', '', 2),
(2517, 437, '', '', 0, '2022-01-21 01:35:44', '2022-04-26 03:16:33', 2, 2, '', '', '', '0000-00-00', '0000-00-00', '2022-08-31', '', '', 2),
(2518, 436, '', '', 0, '2022-01-21 01:35:59', '2022-04-26 03:16:33', 2, 2, '', '', '', '0000-00-00', '0000-00-00', '2022-08-29', '', '', 2),
(2519, 435, '', '', 0, '2022-01-21 01:36:53', '2022-04-26 03:16:33', 2, 2, '', '', '', '0000-00-00', '0000-00-00', '2022-08-22', '', '', 2),
(2520, 434, '', '', 0, '2022-01-21 01:37:07', '2022-04-26 03:16:33', 2, 2, '', '', '', '0000-00-00', '0000-00-00', '2022-08-31', '', '', 2),
(2521, 433, '', '', 0, '2022-01-21 01:37:29', '2022-04-26 03:16:33', 2, 2, '', '', '', '0000-00-00', '0000-00-00', '2022-08-31', '', '', 2),
(2522, 432, '', '', 0, '2022-01-21 01:37:56', '2022-04-26 03:16:33', 2, 2, '', '', '', '0000-00-00', '0000-00-00', '2022-08-26', '', '', 2),
(2523, 431, '', '', 0, '2022-01-21 01:38:51', '2022-04-26 03:16:33', 2, 2, '', '', '', '0000-00-00', '0000-00-00', '2022-08-19', '', '', 2),
(2524, 430, '', '', 0, '2022-01-21 01:39:07', '2022-04-26 03:16:33', 2, 2, '', '', '', '0000-00-00', '0000-00-00', '2022-08-31', '', '', 2),
(2525, 429, '', '', 0, '2022-01-21 01:39:21', '2022-04-26 03:16:33', 2, 2, '', '', '', '0000-00-00', '0000-00-00', '2022-07-29', '', '', 2),
(2526, 428, '', '', 0, '2022-01-21 01:54:07', '2022-04-26 03:16:33', 2, 2, '', '', '', '0000-00-00', '0000-00-00', '2022-09-19', '', '', 2),
(2527, 427, '', '', 0, '2022-01-21 01:54:22', '2022-04-26 03:16:33', 2, 2, '', '', '', '0000-00-00', '0000-00-00', '2022-09-19', '', '', 2),
(2528, 426, '', '', 0, '2022-01-21 01:55:29', '2022-04-26 03:16:33', 2, 2, '', '', '', '0000-00-00', '0000-00-00', '2022-09-30', '', '', 2),
(2529, 425, '', '', 0, '2022-01-21 01:55:43', '2022-04-26 03:16:33', 2, 2, '', '', '', '0000-00-00', '0000-00-00', '2022-09-30', '', '', 2),
(2530, 424, '', '', 0, '2022-01-21 01:55:56', '2022-04-26 03:16:33', 2, 2, '', '', '', '0000-00-00', '0000-00-00', '2022-09-19', '', '', 2),
(2531, 423, '', '', 0, '2022-01-21 01:56:09', '2022-04-26 03:16:33', 2, 2, '', '', '', '0000-00-00', '0000-00-00', '2022-09-19', '', '', 2),
(2532, 422, '', '', 0, '2022-01-21 01:56:30', '2022-04-26 03:16:33', 2, 2, '', '', '', '0000-00-00', '0000-00-00', '2022-09-28', '', '', 2),
(2533, 421, '', '', 0, '2022-01-21 02:21:57', '2022-04-26 03:16:33', 2, 2, '', '', '', '0000-00-00', '0000-00-00', '2022-09-29', '', '', 2),
(2534, 420, '', '', 0, '2022-01-21 02:22:40', '2022-04-26 03:16:33', 2, 2, '', '', '', '0000-00-00', '0000-00-00', '2022-09-29', '', '', 2),
(2535, 419, '', '', 0, '2022-01-21 02:22:58', '2022-04-26 03:16:33', 2, 2, '', '', '', '0000-00-00', '0000-00-00', '2022-09-29', '', '', 2),
(2536, 418, '', '', 0, '2022-01-21 02:23:14', '2022-04-26 03:16:33', 2, 2, '', '', '', '0000-00-00', '0000-00-00', '2022-09-29', '', '', 2),
(2537, 417, '', '', 0, '2022-01-21 02:23:38', '2022-04-26 03:16:33', 2, 2, '', '', '', '0000-00-00', '0000-00-00', '2022-09-29', '', '', 2),
(2538, 416, '', '', 0, '2022-01-21 02:23:55', '2022-04-26 03:16:33', 2, 2, '', '', '', '0000-00-00', '0000-00-00', '2022-09-29', '', '', 2),
(2539, 415, '', '', 0, '2022-01-21 02:24:11', '2022-04-26 03:16:33', 2, 2, '', '', '', '0000-00-00', '0000-00-00', '2022-09-29', '', '', 2),
(2540, 414, '', '', 0, '2022-01-21 02:24:29', '2022-04-26 03:16:33', 2, 2, '', '', '', '0000-00-00', '0000-00-00', '2022-09-29', '', '', 2),
(2541, 413, '', '', 0, '2022-01-21 02:24:44', '2022-04-26 03:16:33', 2, 2, '', '', '', '0000-00-00', '0000-00-00', '2022-09-29', '', '', 2),
(2542, 412, '', '', 0, '2022-01-21 02:25:26', '2022-04-26 03:16:33', 2, 2, '', '', '', '0000-00-00', '0000-00-00', '2022-09-29', '', '', 2),
(2543, 411, '', '', 0, '2022-01-21 02:25:55', '2022-04-26 03:16:33', 2, 2, '', '', '', '0000-00-00', '0000-00-00', '2022-09-29', '', '', 2),
(2544, 410, '', '', 0, '2022-01-21 02:26:09', '2022-04-26 03:16:33', 2, 2, '', '', '', '0000-00-00', '0000-00-00', '2022-09-29', '', '', 2),
(2545, 409, '', '', 0, '2022-01-21 02:26:25', '2022-04-26 03:16:33', 2, 2, '', '', '', '0000-00-00', '0000-00-00', '2022-09-29', '', '', 2),
(2546, 408, '', '', 0, '2022-01-21 02:26:43', '2022-04-26 03:16:33', 2, 2, '', '', '', '0000-00-00', '0000-00-00', '2022-09-29', '', '', 2),
(2547, 407, '', '', 0, '2022-01-21 02:27:11', '2022-04-26 03:16:33', 2, 2, '', '', '', '0000-00-00', '0000-00-00', '2022-09-29', '', '', 2),
(2548, 406, '', '', 0, '2022-01-21 02:28:17', '2022-04-26 03:16:33', 2, 2, '', '', '', '0000-00-00', '0000-00-00', '2022-09-29', '', '', 2),
(2549, 405, '', '', 0, '2022-01-21 02:28:32', '2022-04-26 03:16:33', 2, 2, '', '', '', '0000-00-00', '0000-00-00', '2022-09-29', '', '', 2),
(2550, 404, '', '', 0, '2022-01-21 02:28:48', '2022-04-26 03:16:33', 2, 2, '', '', '', '0000-00-00', '0000-00-00', '2022-09-29', '', '', 2),
(2551, 403, '', '', 0, '2022-01-21 02:29:23', '2022-04-26 03:16:33', 2, 2, '', '', '', '0000-00-00', '0000-00-00', '2022-09-29', '', '', 2),
(2552, 402, '', '', 0, '2022-01-21 02:29:41', '2022-04-26 03:16:33', 2, 2, '', '', '', '0000-00-00', '0000-00-00', '2022-09-29', '', '', 2),
(2553, 401, '', '', 0, '2022-01-21 02:30:19', '2022-04-26 03:16:33', 2, 2, '', '', '', '0000-00-00', '0000-00-00', '2022-09-29', '', '', 2),
(2554, 400, '', '', 0, '2022-01-21 02:30:35', '2022-04-26 03:16:33', 2, 2, '', '', '', '0000-00-00', '0000-00-00', '2022-09-29', '', '', 2),
(2555, 399, '', '', 0, '2022-01-21 02:30:48', '2022-04-26 03:16:33', 2, 2, '', '', '', '0000-00-00', '0000-00-00', '2022-09-29', '', '', 2),
(2556, 398, '', '', 0, '2022-01-21 02:31:05', '2022-04-26 03:16:33', 2, 2, '', '', '', '0000-00-00', '0000-00-00', '2022-09-29', '', '', 2),
(2557, 397, '', '', 0, '2022-01-21 02:31:21', '2022-04-26 03:16:33', 2, 2, '', '', '', '0000-00-00', '0000-00-00', '2022-09-29', '', '', 2),
(2558, 396, '', '', 0, '2022-01-21 02:31:37', '2022-04-26 03:16:33', 2, 2, '', '', '', '0000-00-00', '0000-00-00', '2022-09-29', '', '', 2),
(2559, 395, '', '', 0, '2022-01-21 02:31:52', '2022-04-26 03:16:33', 2, 2, '', '', '', '0000-00-00', '0000-00-00', '2022-09-29', '', '', 2),
(2560, 394, '', '', 0, '2022-01-21 05:44:14', '2022-04-26 03:16:33', 2, 2, '', '', '', '0000-00-00', '0000-00-00', '2022-09-16', '', '', 2),
(2561, 393, '', '', 0, '2022-01-21 05:44:35', '2022-04-26 03:16:33', 2, 2, '', '', '', '0000-00-00', '0000-00-00', '2022-09-16', '', '', 2),
(2562, 392, '', '', 0, '2022-01-21 05:47:26', '2022-04-26 03:16:33', 2, 2, '', '', '', '0000-00-00', '0000-00-00', '2022-09-16', '', '', 2),
(2563, 391, '', '', 0, '2022-01-21 05:47:57', '2022-04-26 03:16:33', 2, 2, '', '', '', '0000-00-00', '0000-00-00', '2022-09-16', '', '', 2),
(2564, 390, '', '', 0, '2022-01-21 05:48:12', '2022-04-26 03:16:33', 2, 2, '', '', '', '0000-00-00', '0000-00-00', '2022-09-16', '', '', 2),
(2565, 389, '', '', 0, '2022-01-21 05:49:02', '2022-04-26 03:16:33', 2, 2, '', '', '', '0000-00-00', '0000-00-00', '2022-09-16', '', '', 2),
(2566, 388, '', '', 0, '2022-01-21 05:49:17', '2022-04-26 03:16:33', 2, 2, '', '', '', '0000-00-00', '0000-00-00', '2022-09-16', '', '', 2),
(2567, 387, '', '', 0, '2022-01-21 05:49:36', '2022-04-26 03:16:33', 2, 2, '', '', '', '0000-00-00', '0000-00-00', '2022-09-29', '', '', 2),
(2568, 386, '', '', 0, '2022-01-21 05:49:52', '2022-04-26 03:16:33', 2, 2, '', '', '', '0000-00-00', '0000-00-00', '2022-09-16', '', '', 2),
(2569, 385, '', '', 0, '2022-01-21 05:50:19', '2022-04-26 03:16:33', 2, 2, '', '', '', '0000-00-00', '0000-00-00', '2022-09-16', '', '', 2),
(2570, 384, '', '', 0, '2022-01-21 05:50:34', '2022-04-26 03:16:33', 2, 2, '', '', '', '0000-00-00', '0000-00-00', '2022-09-16', '', '', 2),
(2571, 383, '', '', 0, '2022-01-21 05:52:13', '2022-04-26 03:16:33', 2, 2, '', '', '', '0000-00-00', '0000-00-00', '2022-09-16', '', '', 2),
(2572, 382, '', '', 0, '2022-01-21 05:52:28', '2022-04-26 03:16:33', 2, 2, '', '', '', '0000-00-00', '0000-00-00', '2022-09-16', '', '', 2),
(2573, 381, '', '', 0, '2022-01-21 05:53:42', '2022-04-26 03:16:33', 2, 2, '', '', '', '0000-00-00', '0000-00-00', '2022-09-29', '', '', 2),
(2574, 380, '', '', 0, '2022-01-21 06:00:06', '2022-04-26 03:16:33', 2, 2, '', '', '', '0000-00-00', '0000-00-00', '2022-09-29', '', '', 2),
(2575, 379, '', '', 0, '2022-01-21 06:00:30', '2022-04-26 03:16:33', 2, 2, '', '', '', '0000-00-00', '0000-00-00', '2022-09-16', '', '', 2),
(2576, 378, '', '', 0, '2022-01-21 06:00:44', '2022-04-26 03:16:33', 2, 2, '', '', '', '0000-00-00', '0000-00-00', '2022-09-16', '', '', 2),
(2577, 377, '', '', 0, '2022-01-21 06:01:19', '2022-04-26 03:16:33', 2, 2, '', '', '', '0000-00-00', '0000-00-00', '2022-09-16', '', '', 2),
(2578, 376, '', '', 0, '2022-01-21 06:01:32', '2022-04-26 03:16:33', 2, 2, '', '', '', '0000-00-00', '0000-00-00', '2022-09-29', '', '', 2),
(2579, 375, '', '', 0, '2022-01-21 06:01:55', '2022-04-26 03:16:33', 2, 2, '', '', '', '0000-00-00', '0000-00-00', '2022-09-29', '', '', 2),
(2580, 374, '', '', 0, '2022-01-21 06:02:10', '2022-04-26 03:16:33', 2, 2, '', '', '', '0000-00-00', '0000-00-00', '2022-09-30', '', '', 2),
(2581, 373, '', '', 0, '2022-01-21 06:02:30', '2022-04-26 03:16:33', 2, 2, '', '', '', '0000-00-00', '0000-00-00', '2022-09-16', '', '', 2),
(2582, 372, '', '', 0, '2022-01-21 06:02:46', '2022-04-26 03:16:33', 2, 2, '', '', '', '0000-00-00', '0000-00-00', '2022-09-29', '', '', 2),
(2583, 371, '', '', 0, '2022-01-21 06:03:00', '2022-04-26 03:16:33', 2, 2, '', '', '', '0000-00-00', '0000-00-00', '2022-09-16', '', '', 2),
(2584, 370, '', '', 0, '2022-01-21 06:03:14', '2022-04-26 03:16:33', 2, 2, '', '', '', '0000-00-00', '0000-00-00', '2022-09-29', '', '', 2),
(2585, 369, '', '', 0, '2022-01-21 06:03:38', '2022-04-26 03:16:33', 2, 2, '', '', '', '0000-00-00', '0000-00-00', '2022-09-29', '', '', 2),
(2586, 368, '', '', 0, '2022-01-21 06:03:54', '2022-04-26 03:16:33', 2, 2, '', '', '', '0000-00-00', '0000-00-00', '2022-09-16', '', '', 2),
(2587, 367, '', '', 0, '2022-01-21 06:04:08', '2022-04-26 03:16:33', 2, 2, '', '', '', '0000-00-00', '0000-00-00', '2022-09-16', '', '', 2),
(2588, 366, '', '', 0, '2022-01-21 06:04:55', '2022-04-26 03:16:33', 2, 2, '', '', '', '0000-00-00', '0000-00-00', '2022-09-16', '', '', 2),
(2589, 365, '', '', 0, '2022-01-21 06:05:11', '2022-04-26 03:16:33', 2, 2, '', '', '', '0000-00-00', '0000-00-00', '2022-09-16', '', '', 2),
(2590, 364, '', '', 0, '2022-01-21 06:05:26', '2022-04-26 03:16:33', 2, 2, '', '', '', '0000-00-00', '0000-00-00', '2022-09-16', '', '', 2),
(2591, 363, '', '', 0, '2022-01-21 06:05:39', '2022-04-26 03:16:33', 2, 2, '', '', '', '0000-00-00', '0000-00-00', '2022-09-16', '', '', 2),
(2592, 362, '', '', 0, '2022-01-21 06:05:54', '2022-04-26 03:16:33', 2, 2, '', '', '', '0000-00-00', '0000-00-00', '2022-09-16', '', '', 2),
(2593, 361, '', '', 0, '2022-01-21 06:06:09', '2022-04-26 03:16:33', 2, 2, '', '', '', '0000-00-00', '0000-00-00', '2022-09-16', '', '', 2),
(2594, 360, '', '', 0, '2022-01-21 06:06:27', '2022-04-26 03:16:33', 2, 2, '', '', '', '0000-00-00', '0000-00-00', '2022-09-16', '', '', 2),
(2595, 359, '', '', 0, '2022-01-21 06:14:31', '2022-04-26 03:16:33', 2, 2, '', '', '', '0000-00-00', '0000-00-00', '2022-09-29', '', '', 2),
(2596, 358, '', '', 0, '2022-01-21 06:14:46', '2022-04-26 03:16:33', 2, 2, '', '', '', '0000-00-00', '0000-00-00', '2022-09-29', '', '', 2),
(2597, 357, '', '', 0, '2022-01-21 06:15:03', '2022-04-26 03:16:33', 2, 2, '', '', '', '0000-00-00', '0000-00-00', '2022-09-08', '', '', 2),
(2598, 356, '', '', 0, '2022-01-21 06:15:19', '2022-04-26 03:16:33', 2, 2, '', '', '', '0000-00-00', '0000-00-00', '2022-09-29', '', '', 2),
(2599, 355, '', '', 0, '2022-01-21 06:16:16', '2022-04-26 03:16:33', 2, 2, '', '', '', '0000-00-00', '0000-00-00', '2022-09-19', '', '', 2),
(2600, 354, '', '', 0, '2022-01-21 06:16:33', '2022-04-26 03:16:33', 2, 2, '', '', '', '0000-00-00', '0000-00-00', '2022-09-19', '', '', 2),
(2601, 353, '', '', 0, '2022-01-21 06:16:46', '2022-04-26 03:16:33', 2, 2, '', '', '', '0000-00-00', '0000-00-00', '2022-09-30', '', '', 2),
(2602, 352, '', '', 0, '2022-01-21 06:17:02', '2022-04-26 03:16:33', 2, 2, '', '', '', '0000-00-00', '0000-00-00', '2022-09-29', '', '', 2),
(2603, 351, '', '', 0, '2022-01-21 06:17:17', '2022-04-26 03:16:33', 2, 2, '', '', '', '0000-00-00', '0000-00-00', '2022-08-31', '', '', 2),
(2604, 350, '', '', 0, '2022-01-21 06:17:40', '2022-04-26 03:16:33', 2, 2, '', '', '', '0000-00-00', '0000-00-00', '2022-08-31', '', '', 2),
(2605, 349, '', '', 0, '2022-01-21 06:18:01', '2022-04-26 03:16:33', 2, 2, '', '', '', '0000-00-00', '0000-00-00', '2022-09-15', '', '', 2),
(2606, 348, '', '', 0, '2022-01-21 07:27:19', '2022-04-26 03:16:33', 2, 2, '', '', '', '0000-00-00', '0000-00-00', '2022-09-16', '', '', 2),
(2607, 347, '', '', 0, '2022-01-21 07:28:47', '2022-04-26 03:16:33', 2, 2, '', '', '', '0000-00-00', '0000-00-00', '2022-09-16', '', '', 2),
(2608, 346, '', '', 0, '2022-01-21 07:29:04', '2022-04-26 03:16:33', 2, 2, '', '', '', '0000-00-00', '0000-00-00', '2022-09-16', '', '', 2),
(2609, 345, '', '', 0, '2022-01-21 07:29:20', '2022-04-26 03:16:33', 2, 2, '', '', '', '0000-00-00', '0000-00-00', '2022-09-08', '', '', 2),
(2610, 344, '', '', 0, '2022-01-21 07:29:37', '2022-04-26 03:16:33', 2, 2, '', '', '', '0000-00-00', '0000-00-00', '2022-09-08', '', '', 2),
(2611, 343, '', '', 0, '2022-01-21 07:29:54', '2022-04-26 03:16:33', 2, 2, '', '', '', '0000-00-00', '0000-00-00', '2022-09-08', '', '', 2),
(2612, 342, '', '', 0, '2022-01-21 07:30:08', '2022-04-26 03:16:33', 2, 2, '', '', '', '0000-00-00', '0000-00-00', '2022-09-08', '', '', 2),
(2613, 341, '', '', 0, '2022-01-21 07:30:24', '2022-04-26 03:16:33', 2, 2, '', '', '', '0000-00-00', '0000-00-00', '2022-09-08', '', '', 2),
(2614, 340, '', '', 0, '2022-01-21 07:30:40', '2022-04-26 03:16:33', 2, 2, '', '', '', '0000-00-00', '0000-00-00', '2022-09-08', '', '', 2),
(2615, 339, '', '', 0, '2022-01-21 07:30:58', '2022-04-26 03:16:33', 2, 2, '', '', '', '0000-00-00', '0000-00-00', '2022-09-08', '', '', 2),
(2616, 338, '', '', 0, '2022-01-21 07:31:19', '2022-04-26 03:16:33', 2, 2, '', '', '', '0000-00-00', '0000-00-00', '2022-09-08', '', '', 2),
(2617, 337, '', '', 0, '2022-01-21 07:35:21', '2022-04-26 03:16:33', 2, 2, '', '', '', '0000-00-00', '0000-00-00', '2022-09-19', '', '', 2),
(2618, 336, '', '', 0, '2022-01-21 07:35:40', '2022-04-26 03:16:33', 2, 2, '', '', '', '0000-00-00', '0000-00-00', '2022-08-23', '', '', 2),
(2619, 335, '', '', 0, '2022-01-21 07:35:58', '2022-04-26 03:16:33', 2, 2, '', '', '', '0000-00-00', '0000-00-00', '2022-09-01', '', '', 2),
(2620, 334, '', '', 0, '2022-01-21 07:58:59', '2022-04-26 03:16:33', 2, 2, '', '', '', '0000-00-00', '0000-00-00', '2022-07-29', '', '', 2),
(2621, 333, '', '', 0, '2022-01-21 07:59:19', '2022-04-26 03:16:33', 2, 2, '', '', '', '0000-00-00', '0000-00-00', '2022-09-19', '', '', 2),
(2622, 332, '', '', 0, '2022-01-21 07:59:37', '2022-04-26 03:16:33', 2, 2, '', '', '', '0000-00-00', '0000-00-00', '2022-07-29', '', '', 2),
(2623, 331, '', '', 0, '2022-01-21 07:59:57', '2022-04-26 03:16:33', 2, 2, '', '', '', '0000-00-00', '0000-00-00', '2022-09-12', '', '', 2),
(2624, 330, '', '', 0, '2022-01-21 08:00:27', '2022-04-26 03:16:33', 2, 2, '', '', '', '0000-00-00', '0000-00-00', '2022-08-19', '', '', 2),
(2625, 329, '', '', 0, '2022-01-21 08:00:48', '2022-04-26 03:16:33', 2, 2, '', '', '', '0000-00-00', '0000-00-00', '2022-09-16', '', '', 2),
(2626, 328, '', '', 0, '2022-01-21 08:01:06', '2022-04-26 03:16:33', 2, 2, '', '', '', '0000-00-00', '0000-00-00', '2022-09-15', '', '', 2),
(2627, 327, '', '', 0, '2022-01-21 08:01:23', '2022-04-26 03:16:33', 2, 2, '', '', '', '0000-00-00', '0000-00-00', '2022-08-25', '', '', 2),
(2628, 326, '', '', 0, '2022-01-21 08:02:52', '2022-04-26 03:16:33', 2, 2, '', '', '', '0000-00-00', '0000-00-00', '2022-09-01', '', '', 2),
(2629, 325, '', '', 0, '2022-01-21 08:03:11', '2022-04-26 03:16:33', 2, 2, '', '', '', '0000-00-00', '0000-00-00', '2022-09-21', '', '', 2),
(2630, 324, '', '', 0, '2022-01-21 08:03:28', '2022-04-26 03:16:33', 2, 2, '', '', '', '0000-00-00', '0000-00-00', '2022-08-15', '', '', 2),
(2631, 323, '', '', 0, '2022-01-21 08:03:46', '2022-04-26 03:16:33', 2, 2, '', '', '', '0000-00-00', '0000-00-00', '2022-09-30', '', '', 2),
(2632, 322, '', '', 0, '2022-01-21 08:04:03', '2022-04-26 03:16:33', 2, 2, '', '', '', '0000-00-00', '0000-00-00', '2022-09-26', '', '', 2),
(2633, 321, '', '', 0, '2022-01-21 08:04:20', '2022-04-26 03:16:33', 2, 2, '', '', '', '0000-00-00', '0000-00-00', '2022-09-08', '', '', 2),
(2634, 320, '', '', 0, '2022-01-21 08:04:42', '2022-04-26 03:16:33', 2, 2, '', '', '', '0000-00-00', '0000-00-00', '2022-09-08', '', '', 2),
(2635, 319, '', '', 0, '2022-01-21 08:05:01', '2022-04-26 03:16:33', 2, 2, '', '', '', '0000-00-00', '0000-00-00', '2022-09-12', '', '', 2),
(2636, 318, '', '', 0, '2022-01-21 08:05:19', '2022-04-26 03:16:33', 2, 2, '', '', '', '0000-00-00', '0000-00-00', '2022-09-08', '', '', 2),
(2637, 317, '', '', 0, '2022-01-21 08:05:40', '2022-04-26 03:16:33', 2, 2, '', '', '', '0000-00-00', '0000-00-00', '2022-09-15', '', '', 2),
(2638, 316, '', '', 0, '2022-01-21 08:05:55', '2022-04-26 03:16:33', 2, 2, '', '', '', '0000-00-00', '0000-00-00', '2022-09-15', '', '', 2),
(2639, 315, '', '', 0, '2022-01-21 08:06:08', '2022-04-26 03:16:33', 2, 2, '', '', '', '0000-00-00', '0000-00-00', '2022-08-31', '', '', 2),
(2640, 314, '', '', 0, '2022-01-21 08:06:26', '2022-04-26 03:16:33', 2, 2, '', '', '', '0000-00-00', '0000-00-00', '2022-09-15', '', '', 2),
(2641, 313, '', '', 0, '2022-01-21 08:06:51', '2022-04-26 03:16:33', 2, 2, '', '', '', '0000-00-00', '0000-00-00', '2022-08-31', '', '', 2),
(2642, 312, '', '', 0, '2022-01-21 08:07:06', '2022-04-26 03:16:33', 2, 2, '', '', '', '0000-00-00', '0000-00-00', '2022-09-15', '', '', 2),
(2643, 311, '', '', 0, '2022-01-21 08:38:29', '2022-04-26 03:16:33', 2, 2, '', '', '', '0000-00-00', '0000-00-00', '2022-09-30', '', '', 2),
(2644, 310, '', '', 0, '2022-01-21 08:40:27', '2022-04-26 03:16:33', 2, 2, '', '', '', '0000-00-00', '0000-00-00', '2022-09-30', '', '', 2),
(2645, 309, '', '', 0, '2022-01-21 08:40:43', '2022-04-26 03:16:33', 2, 2, '', '', '', '0000-00-00', '0000-00-00', '2022-10-31', '', '', 2),
(2646, 308, '', '', 0, '2022-01-21 08:41:25', '2022-04-26 03:16:33', 2, 2, '', '', '', '0000-00-00', '0000-00-00', '2022-09-30', '', '', 2),
(2647, 307, '', '', 0, '2022-01-21 08:41:41', '2022-04-26 03:16:33', 2, 2, '', '', '', '0000-00-00', '0000-00-00', '2022-10-17', '', '', 2),
(2648, 306, '', '', 0, '2022-01-21 08:42:07', '2022-04-26 03:16:33', 2, 2, '', '', '', '0000-00-00', '0000-00-00', '2022-10-17', '', '', 2),
(2649, 305, '', '', 0, '2022-01-21 08:42:27', '2022-04-26 03:16:33', 2, 2, '', '', '', '0000-00-00', '0000-00-00', '2022-10-17', '', '', 2),
(2650, 304, '', '', 0, '2022-01-21 08:42:45', '2022-04-26 03:16:33', 2, 2, '', '', '', '0000-00-00', '0000-00-00', '2022-10-17', '', '', 2),
(2651, 303, '', '', 0, '2022-01-21 08:43:01', '2022-04-26 03:16:33', 2, 2, '', '', '', '0000-00-00', '0000-00-00', '2022-10-27', '', '', 2),
(2652, 302, '', '', 0, '2022-01-21 08:44:48', '2022-04-26 03:16:33', 2, 2, '', '', '', '0000-00-00', '0000-00-00', '2022-10-10', '', '', 2),
(2653, 301, '', '', 0, '2022-01-21 08:45:14', '2022-04-26 03:16:33', 2, 2, '', '', '', '0000-00-00', '0000-00-00', '2022-10-14', '', '', 2),
(2654, 300, '', '', 0, '2022-01-24 02:13:58', '2022-04-26 03:16:33', 2, 2, '', '', '', '0000-00-00', '0000-00-00', '2022-09-30', '', '', 2),
(2655, 299, '', '', 0, '2022-01-24 02:14:17', '2022-04-26 03:16:33', 2, 2, '', '', '', '0000-00-00', '0000-00-00', '2022-09-30', '', '', 2),
(2656, 298, '', '', 0, '2022-01-24 02:14:34', '2022-04-26 03:16:33', 2, 2, '', '', '', '0000-00-00', '0000-00-00', '2022-09-28', '', '', 2),
(2657, 297, '', '', 0, '2022-01-24 02:16:58', '2022-04-26 03:16:33', 2, 2, '', '', '', '0000-00-00', '0000-00-00', '2022-09-20', '', '', 2),
(2658, 296, '', '', 0, '2022-01-24 02:17:14', '2022-04-26 03:16:33', 2, 2, '', '', '', '0000-00-00', '0000-00-00', '2022-09-30', '', '', 2),
(2659, 295, '', '', 0, '2022-01-24 02:17:45', '2022-04-26 03:16:33', 2, 2, '', '', '', '0000-00-00', '0000-00-00', '2022-09-30', '', '', 2),
(2660, 294, '', '', 0, '2022-01-24 02:18:01', '2022-04-26 03:16:33', 2, 2, '', '', '', '0000-00-00', '0000-00-00', '2022-09-27', '', '', 2),
(2661, 293, '', '', 0, '2022-01-24 02:18:17', '2022-04-26 03:16:33', 2, 2, '', '', '', '0000-00-00', '0000-00-00', '2022-09-19', '', '', 2),
(2662, 292, '', '', 0, '2022-01-24 02:18:38', '2022-04-26 03:16:33', 2, 2, '', '', '', '0000-00-00', '0000-00-00', '2022-09-30', '', '', 2),
(2663, 291, '', '', 0, '2022-01-24 02:18:53', '2022-04-26 03:16:33', 2, 2, '', '', '', '0000-00-00', '0000-00-00', '2022-08-31', '', '', 2),
(2664, 290, '', '', 0, '2022-01-24 02:19:13', '2022-04-26 03:16:33', 2, 2, '', '', '', '0000-00-00', '0000-00-00', '2022-10-31', '', '', 2),
(2665, 289, '', '', 0, '2022-01-24 02:19:29', '2022-04-26 03:16:33', 2, 2, '', '', '', '0000-00-00', '0000-00-00', '2022-10-17', '', '', 2),
(2666, 288, '', '', 0, '2022-01-24 02:19:45', '2022-04-26 03:16:33', 2, 2, '', '', '', '0000-00-00', '0000-00-00', '2022-10-17', '', '', 2),
(2667, 287, '', '', 0, '2022-01-24 02:21:15', '2022-04-26 03:16:33', 2, 2, '', '', '', '0000-00-00', '0000-00-00', '2022-10-13', '', '', 2),
(2668, 286, '', '', 0, '2022-01-24 02:21:36', '2022-04-26 03:16:33', 2, 2, '', '', '', '0000-00-00', '0000-00-00', '2022-10-17', '', '', 2),
(2669, 285, '', '', 0, '2022-01-24 02:21:52', '2022-04-26 03:16:33', 2, 2, '', '', '', '0000-00-00', '0000-00-00', '2022-10-31', '', '', 2),
(2670, 284, '', '', 0, '2022-01-24 02:22:09', '2022-04-26 03:16:33', 2, 2, '', '', '', '0000-00-00', '0000-00-00', '2022-09-30', '', '', 2),
(2671, 283, '', '', 0, '2022-01-24 02:22:24', '2022-04-26 03:16:33', 2, 2, '', '', '', '0000-00-00', '0000-00-00', '2022-09-30', '', '', 2),
(2672, 282, '', '', 0, '2022-01-24 02:22:40', '2022-04-26 03:16:33', 2, 2, '', '', '', '0000-00-00', '0000-00-00', '2022-10-14', '', '', 2),
(2673, 281, '', '', 0, '2022-01-24 02:22:58', '2022-04-26 03:16:33', 2, 2, '', '', '', '0000-00-00', '0000-00-00', '2022-09-26', '', '', 2),
(2674, 280, '', '', 0, '2022-01-24 02:23:22', '2022-04-26 03:16:33', 2, 2, '', '', '', '0000-00-00', '0000-00-00', '2022-09-30', '', '', 2),
(2675, 279, '', '', 0, '2022-01-24 02:23:44', '2022-04-26 03:16:33', 2, 2, '', '', '', '0000-00-00', '0000-00-00', '2022-08-31', '', '', 2),
(2676, 278, '', '', 0, '2022-01-24 02:23:57', '2022-04-26 03:16:33', 2, 2, '', '', '', '0000-00-00', '0000-00-00', '2022-08-31', '', '', 2),
(2677, 277, '', '', 0, '2022-01-24 02:24:12', '2022-04-26 03:16:33', 2, 2, '', '', '', '0000-00-00', '0000-00-00', '2022-10-12', '', '', 2),
(2678, 276, '', '', 0, '2022-01-24 02:24:29', '2022-04-26 03:16:33', 2, 2, '', '', '', '0000-00-00', '0000-00-00', '2022-09-19', '', '', 2),
(2679, 275, '', '', 0, '2022-01-24 02:24:46', '2022-04-26 03:16:33', 2, 2, '', '', '', '0000-00-00', '0000-00-00', '2022-09-15', '', '', 2),
(2680, 274, '', '', 0, '2022-01-24 02:29:52', '2022-04-26 03:16:33', 2, 2, '', '', '', '0000-00-00', '0000-00-00', '2022-10-03', '', '', 2),
(2681, 273, '', '', 0, '2022-01-24 02:30:10', '2022-04-26 03:16:33', 2, 2, '', '', '', '0000-00-00', '0000-00-00', '2022-09-15', '', '', 2),
(2682, 272, '', '', 0, '2022-01-24 02:30:28', '2022-04-26 03:16:33', 2, 2, '', '', '', '0000-00-00', '0000-00-00', '2022-10-31', '', '', 2),
(2683, 271, '', '', 0, '2022-01-24 02:30:47', '2022-04-26 03:16:33', 2, 2, '', '', '', '0000-00-00', '0000-00-00', '2022-10-26', '', '', 2),
(2684, 270, '', '', 0, '2022-01-24 02:32:05', '2022-04-26 03:16:33', 2, 2, '', '', '', '0000-00-00', '0000-00-00', '2022-10-25', '', '', 2),
(2685, 269, '', '', 0, '2022-01-24 02:32:24', '2022-04-26 03:16:33', 2, 2, '', '', '', '0000-00-00', '0000-00-00', '2022-10-21', '', '', 2),
(2686, 268, '', '', 0, '2022-01-24 02:32:42', '2022-04-26 03:16:33', 2, 2, '', '', '', '0000-00-00', '0000-00-00', '2022-10-21', '', '', 2),
(2687, 267, '', '', 0, '2022-01-24 02:32:59', '2022-04-26 03:16:33', 2, 2, '', '', '', '0000-00-00', '0000-00-00', '2022-09-23', '', '', 2),
(2688, 266, '', '', 0, '2022-01-24 02:34:31', '2022-04-26 03:16:33', 2, 2, '', '', '', '0000-00-00', '0000-00-00', '2022-10-17', '', '', 2),
(2689, 265, '', '', 0, '2022-01-24 02:35:08', '2022-04-26 03:16:33', 2, 2, '', '', '', '0000-00-00', '0000-00-00', '2022-09-23', '', '', 2),
(2690, 264, '', '', 0, '2022-01-24 02:36:06', '2022-04-26 03:16:33', 2, 2, '', '', '', '0000-00-00', '0000-00-00', '2022-10-17', '', '', 2),
(2691, 263, '', '', 0, '2022-01-24 02:38:42', '2022-04-26 03:16:33', 2, 2, '', '', '', '0000-00-00', '0000-00-00', '2022-10-31', '', '', 2),
(2692, 262, '', '', 0, '2022-01-24 02:39:16', '2022-04-26 03:16:33', 2, 2, '', '', '', '0000-00-00', '0000-00-00', '2022-10-31', '', '', 2),
(2693, 261, '', '', 0, '2022-01-24 02:39:35', '2022-04-26 03:16:33', 2, 2, '', '', '', '0000-00-00', '0000-00-00', '2022-11-30', '', '', 2),
(2694, 260, '', '', 0, '2022-01-24 02:39:51', '2022-04-26 03:16:33', 2, 2, '', '', '', '0000-00-00', '0000-00-00', '2022-10-31', '', '', 2),
(2695, 259, '', '', 0, '2022-01-24 02:40:08', '2022-04-26 03:16:33', 2, 2, '', '', '', '0000-00-00', '0000-00-00', '2022-11-15', '', '', 2),
(2696, 258, '', '', 0, '2022-01-24 02:40:22', '2022-04-26 03:16:33', 2, 2, '', '', '', '0000-00-00', '0000-00-00', '2022-11-14', '', '', 2),
(2697, 257, '', '', 0, '2022-01-24 02:40:37', '2022-04-26 03:16:33', 2, 2, '', '', '', '0000-00-00', '0000-00-00', '2022-11-14', '', '', 2),
(2698, 256, '', '', 0, '2022-01-24 02:40:53', '2022-04-26 03:16:33', 2, 2, '', '', '', '0000-00-00', '0000-00-00', '2022-11-14', '', '', 2),
(2699, 255, '', '', 0, '2022-01-24 02:41:06', '2022-04-26 03:16:33', 2, 2, '', '', '', '0000-00-00', '0000-00-00', '2022-11-17', '', '', 2),
(2700, 254, '', '', 0, '2022-01-24 02:41:21', '2022-04-26 03:16:33', 2, 2, '', '', '', '0000-00-00', '0000-00-00', '2022-10-31', '', '', 2),
(2701, 253, '', '', 0, '2022-01-24 02:41:39', '2022-04-26 03:16:33', 2, 2, '', '', '', '0000-00-00', '0000-00-00', '2022-10-20', '', '', 2),
(2702, 252, '', '', 0, '2022-01-24 02:41:55', '2022-04-26 03:16:33', 2, 2, '', '', '', '0000-00-00', '0000-00-00', '2022-10-31', '', '', 2),
(2703, 251, '', '', 0, '2022-01-24 02:42:12', '2022-04-26 03:16:33', 2, 2, '', '', '', '0000-00-00', '0000-00-00', '2022-10-26', '', '', 2),
(2704, 250, '', '', 0, '2022-01-24 02:42:23', '2022-04-26 03:16:33', 2, 2, '', '', '', '0000-00-00', '0000-00-00', '2022-10-19', '', '', 2),
(2705, 249, '', '', 0, '2022-01-24 02:42:41', '2022-04-26 03:16:33', 2, 2, '', '', '', '0000-00-00', '0000-00-00', '2022-10-31', '', '', 2),
(2706, 248, '', '', 0, '2022-01-24 02:42:54', '2022-04-26 03:16:33', 2, 2, '', '', '', '0000-00-00', '0000-00-00', '2022-09-30', '', '', 2),
(2707, 247, '', '', 0, '2022-01-24 02:43:11', '2022-04-26 03:16:33', 2, 2, '', '', '', '0000-00-00', '0000-00-00', '2022-11-30', '', '', 2),
(2708, 246, '', '', 0, '2022-01-24 02:43:26', '2022-04-26 03:16:33', 2, 2, '', '', '', '0000-00-00', '0000-00-00', '2022-11-21', '', '', 2),
(2709, 245, '', '', 0, '2022-01-24 02:43:40', '2022-04-26 03:16:33', 2, 2, '', '', '', '0000-00-00', '0000-00-00', '2022-11-21', '', '', 2),
(2710, 244, '', '', 0, '2022-01-24 02:44:32', '2022-04-26 03:16:33', 2, 2, '', '', '', '0000-00-00', '0000-00-00', '2022-11-14', '', '', 2),
(2711, 243, '', '', 0, '2022-01-24 02:44:44', '2022-04-26 03:16:33', 2, 2, '', '', '', '0000-00-00', '0000-00-00', '2022-11-30', '', '', 2),
(2712, 242, '', '', 0, '2022-01-24 02:45:02', '2022-04-26 03:16:33', 2, 2, '', '', '', '0000-00-00', '0000-00-00', '2022-10-31', '', '', 2),
(2713, 241, '', '', 0, '2022-01-24 02:45:15', '2022-04-26 03:16:33', 2, 2, '', '', '', '0000-00-00', '0000-00-00', '2022-10-31', '', '', 2),
(2714, 240, '', '', 0, '2022-01-24 02:45:27', '2022-04-26 03:16:33', 2, 2, '', '', '', '0000-00-00', '0000-00-00', '2022-11-15', '', '', 2),
(2715, 239, '', '', 0, '2022-01-24 02:45:44', '2022-04-26 03:16:33', 2, 2, '', '', '', '0000-00-00', '0000-00-00', '2022-11-01', '', '', 2),
(2716, 238, '', '', 0, '2022-01-24 02:47:08', '2022-04-26 03:16:33', 2, 2, '', '', '', '0000-00-00', '0000-00-00', '2022-09-30', '', '', 2),
(2717, 237, '', '', 0, '2022-01-24 02:47:23', '2022-04-26 03:16:33', 2, 2, '', '', '', '0000-00-00', '0000-00-00', '2022-09-30', '', '', 2),
(2718, 236, '', '', 0, '2022-01-24 02:47:38', '2022-04-26 03:16:33', 2, 2, '', '', '', '0000-00-00', '0000-00-00', '2022-11-10', '', '', 2),
(2719, 235, '', '', 0, '2022-01-24 02:47:55', '2022-04-26 03:16:33', 2, 2, '', '', '', '0000-00-00', '0000-00-00', '2022-10-19', '', '', 2),
(2720, 234, '', '', 0, '2022-01-24 02:48:10', '2022-04-26 03:16:33', 2, 2, '', '', '', '0000-00-00', '0000-00-00', '2022-10-26', '', '', 2),
(2721, 233, '', '', 0, '2022-01-24 02:48:28', '2022-04-26 03:16:33', 2, 2, '', '', '', '0000-00-00', '0000-00-00', '2022-11-01', '', '', 2),
(2722, 232, '', '', 0, '2022-01-24 02:48:42', '2022-04-26 03:16:33', 2, 2, '', '', '', '0000-00-00', '0000-00-00', '2022-10-14', '', '', 2),
(2723, 231, '', '', 0, '2022-01-24 02:48:56', '2022-04-26 03:16:33', 2, 2, '', '', '', '0000-00-00', '0000-00-00', '2022-11-30', '', '', 2),
(2724, 230, '', '', 0, '2022-01-24 02:49:14', '2022-04-26 03:16:33', 2, 2, '', '', '', '0000-00-00', '0000-00-00', '2022-11-24', '', '', 2),
(2725, 229, '', '', 0, '2022-01-24 02:50:20', '2022-04-26 03:16:33', 2, 2, '', '', '', '0000-00-00', '0000-00-00', '2022-11-14', '', '', 2),
(2726, 228, '', '', 0, '2022-01-24 02:50:34', '2022-04-26 03:16:33', 2, 2, '', '', '', '0000-00-00', '0000-00-00', '2022-11-14', '', '', 2),
(2727, 227, '', '', 0, '2022-01-24 02:50:49', '2022-04-26 03:16:33', 2, 2, '', '', '', '0000-00-00', '0000-00-00', '2022-10-31', '', '', 2),
(2728, 226, '', '', 0, '2022-01-24 02:51:07', '2022-04-26 03:16:33', 2, 2, '', '', '', '0000-00-00', '0000-00-00', '2022-11-15', '', '', 2),
(2729, 225, '', '', 0, '2022-01-24 02:51:19', '2022-04-26 03:16:33', 2, 2, '', '', '', '0000-00-00', '0000-00-00', '2022-10-31', '', '', 2),
(2730, 224, '', '', 0, '2022-01-24 02:51:30', '2022-04-26 03:16:33', 2, 2, '', '', '', '0000-00-00', '0000-00-00', '2022-11-15', '', '', 2),
(2731, 223, '', '', 0, '2022-01-24 06:23:50', '2022-04-26 03:16:33', 2, 2, '', '', '', '0000-00-00', '0000-00-00', '2022-11-30', '', '', 2),
(2732, 222, '', '', 0, '2022-01-24 06:24:31', '2022-04-26 03:16:33', 2, 2, '', '', '', '0000-00-00', '0000-00-00', '2022-11-30', '', '', 2),
(2733, 221, '', '', 0, '2022-01-24 06:24:45', '2022-04-26 03:16:33', 2, 2, '', '', '', '0000-00-00', '0000-00-00', '2022-11-30', '', '', 2),
(2734, 220, '', '', 0, '2022-01-24 06:24:59', '2022-04-26 03:16:33', 2, 2, '', '', '', '0000-00-00', '0000-00-00', '2022-11-30', '', '', 2),
(2735, 219, '', '', 0, '2022-01-24 06:25:14', '2022-04-26 03:16:33', 2, 2, '', '', '', '0000-00-00', '0000-00-00', '2022-11-30', '', '', 2),
(2736, 218, '', '', 0, '2022-01-24 06:25:29', '2022-04-26 03:16:33', 2, 2, '', '', '', '0000-00-00', '0000-00-00', '2022-11-30', '', '', 2),
(2737, 217, '', '', 0, '2022-01-24 06:25:56', '2022-04-26 03:16:33', 2, 2, '', '', '', '0000-00-00', '0000-00-00', '2022-12-16', '', '', 2),
(2738, 216, '', '', 0, '2022-01-24 06:26:16', '2022-04-26 03:16:33', 2, 2, '', '', '', '0000-00-00', '0000-00-00', '2022-12-16', '', '', 2),
(2739, 215, '', '', 0, '2022-01-24 06:26:31', '2022-04-26 03:16:33', 2, 2, '', '', '', '0000-00-00', '0000-00-00', '2022-12-30', '', '', 2),
(2740, 214, '', '', 0, '2022-01-24 06:27:57', '2022-04-26 03:16:33', 2, 2, '', '', '', '0000-00-00', '0000-00-00', '2022-12-19', '', '', 2),
(2741, 213, '', '', 0, '2022-01-24 06:28:13', '2022-04-26 03:16:33', 2, 2, '', '', '', '0000-00-00', '0000-00-00', '2022-12-19', '', '', 2),
(2742, 212, '', '', 0, '2022-01-24 06:28:28', '2022-04-26 03:16:33', 2, 2, '', '', '', '0000-00-00', '0000-00-00', '2022-12-20', '', '', 2),
(2743, 211, '', '', 0, '2022-01-24 06:28:42', '2022-04-26 03:16:33', 2, 2, '', '', '', '0000-00-00', '0000-00-00', '2022-12-19', '', '', 2),
(2744, 210, '', '', 0, '2022-01-24 06:28:58', '2022-04-26 03:16:33', 2, 2, '', '', '', '0000-00-00', '0000-00-00', '2022-12-19', '', '', 2),
(2745, 209, '', '', 0, '2022-01-24 06:29:47', '2022-04-26 03:16:33', 2, 2, '', '', '', '0000-00-00', '0000-00-00', '2022-12-19', '', '', 2),
(2746, 208, '', '', 0, '2022-01-24 06:30:15', '2022-04-26 03:16:33', 2, 2, '', '', '', '0000-00-00', '0000-00-00', '2022-12-19', '', '', 2),
(2747, 207, '', '', 0, '2022-01-24 06:31:22', '2022-04-26 03:16:33', 2, 2, '', '', '', '0000-00-00', '0000-00-00', '2022-11-30', '', '', 2),
(2748, 206, '', '', 0, '2022-01-24 06:31:36', '2022-04-26 03:16:33', 2, 2, '', '', '', '0000-00-00', '0000-00-00', '2022-12-19', '', '', 2),
(2749, 205, '', '', 0, '2022-01-24 06:32:00', '2022-04-26 03:16:33', 2, 2, '', '', '', '0000-00-00', '0000-00-00', '2022-12-19', '', '', 2),
(2750, 204, '', '', 0, '2022-01-24 06:34:20', '2022-04-26 03:16:33', 2, 2, '', '', '', '0000-00-00', '0000-00-00', '2022-12-15', '', '', 2),
(2751, 203, '', '', 0, '2022-01-24 06:37:22', '2022-04-26 03:16:33', 2, 2, '', '', '', '0000-00-00', '0000-00-00', '2022-12-19', '', '', 2),
(2752, 202, '', '', 0, '2022-01-24 06:37:44', '2022-04-26 03:16:33', 2, 2, '', '', '', '0000-00-00', '0000-00-00', '2022-12-19', '', '', 2),
(2753, 201, '', '', 0, '2022-01-24 06:42:59', '2022-04-26 03:16:33', 2, 2, '', '', '', '0000-00-00', '0000-00-00', '2022-12-19', '', '', 2),
(2754, 200, '', '', 0, '2022-01-24 06:43:15', '2022-04-26 03:16:33', 2, 2, '', '', '', '0000-00-00', '0000-00-00', '2022-12-19', '', '', 2),
(2755, 199, '', '', 0, '2022-01-24 06:43:28', '2022-04-26 03:16:33', 2, 2, '', '', '', '0000-00-00', '0000-00-00', '2022-12-19', '', '', 2),
(2756, 198, '', '', 0, '2022-01-24 06:43:44', '2022-04-26 03:16:33', 2, 2, '', '', '', '0000-00-00', '0000-00-00', '2022-12-19', '', '', 2),
(2757, 197, '', '', 0, '2022-01-24 06:43:58', '2022-04-26 03:16:33', 2, 2, '', '', '', '0000-00-00', '0000-00-00', '2022-12-19', '', '', 2),
(2758, 196, '', '', 0, '2022-01-24 06:44:11', '2022-04-26 03:16:33', 2, 2, '', '', '', '0000-00-00', '0000-00-00', '2022-12-19', '', '', 2),
(2759, 195, '', '', 0, '2022-01-24 06:44:32', '2022-04-26 03:16:33', 2, 2, '', '', '', '0000-00-00', '0000-00-00', '2022-12-08', '', '', 2),
(2760, 194, '', '', 0, '2022-01-24 06:44:49', '2022-04-26 03:16:33', 2, 2, '', '', '', '0000-00-00', '0000-00-00', '2022-12-08', '', '', 2),
(2761, 193, '', '', 0, '2022-01-24 06:45:30', '2022-04-26 03:16:33', 2, 2, '', '', '', '0000-00-00', '0000-00-00', '2022-12-16', '', '', 2),
(2762, 192, '', '', 0, '2022-01-24 06:45:46', '2022-04-26 03:16:33', 2, 2, '', '', '', '0000-00-00', '0000-00-00', '2022-12-16', '', '', 2),
(2763, 191, '', '', 0, '2022-01-24 06:46:30', '2022-04-26 03:16:33', 2, 2, '', '', '', '0000-00-00', '0000-00-00', '2022-12-16', '', '', 2),
(2764, 190, '', '', 0, '2022-01-24 06:46:56', '2022-04-26 03:16:33', 2, 2, '', '', '', '0000-00-00', '0000-00-00', '2022-12-16', '', '', 2),
(2765, 189, '', '', 0, '2022-01-24 06:47:09', '2022-04-26 03:16:33', 2, 2, '', '', '', '0000-00-00', '0000-00-00', '2022-12-16', '', '', 2),
(2766, 188, '', '', 0, '2022-01-24 06:47:21', '2022-04-26 03:16:33', 2, 2, '', '', '', '0000-00-00', '0000-00-00', '2022-12-16', '', '', 2),
(2767, 187, '', '', 0, '2022-01-24 06:47:36', '2022-04-26 03:16:33', 2, 2, '', '', '', '0000-00-00', '0000-00-00', '2022-12-05', '', '', 2),
(2768, 186, '', '', 0, '2022-01-24 06:47:50', '2022-04-26 03:16:33', 2, 2, '', '', '', '0000-00-00', '0000-00-00', '2022-12-14', '', '', 2),
(2769, 185, '', '', 0, '2022-01-24 08:26:01', '2022-04-26 03:16:33', 2, 2, '', '', '', '0000-00-00', '0000-00-00', '2022-11-30', '', '', 2),
(2770, 184, '', '', 0, '2022-01-24 08:26:31', '2022-04-26 03:16:33', 2, 2, '', '', '', '0000-00-00', '0000-00-00', '2022-11-30', '', '', 2),
(2771, 183, '', '', 0, '2022-01-24 08:26:47', '2022-04-26 03:16:33', 2, 2, '', '', '', '0000-00-00', '0000-00-00', '2022-11-30', '', '', 2),
(2772, 182, '', '', 0, '2022-01-24 08:27:06', '2022-04-26 03:16:33', 2, 2, '', '', '', '0000-00-00', '0000-00-00', '2022-11-28', '', '', 2),
(2773, 181, '', '', 0, '2022-01-24 08:27:20', '2022-04-26 03:16:33', 2, 2, '', '', '', '0000-00-00', '0000-00-00', '2022-11-28', '', '', 2),
(2774, 180, '', '', 0, '2022-01-24 08:28:20', '2022-04-26 03:16:33', 2, 2, '', '', '', '0000-00-00', '0000-00-00', '2022-11-21', '', '', 2),
(2775, 179, '', '', 0, '2022-01-24 08:28:38', '2022-04-26 03:16:33', 2, 2, '', '', '', '0000-00-00', '0000-00-00', '2022-11-30', '', '', 2),
(2776, 178, '', '', 0, '2022-01-24 08:28:55', '2022-04-26 03:16:33', 2, 2, '', '', '', '0000-00-00', '0000-00-00', '2022-11-30', '', '', 2),
(2777, 177, '', '', 0, '2022-01-24 08:29:11', '2022-04-26 03:16:33', 2, 2, '', '', '', '0000-00-00', '0000-00-00', '2022-11-25', '', '', 2),
(2778, 176, '', '', 0, '2022-01-24 08:29:26', '2022-04-26 03:16:33', 2, 2, '', '', '', '0000-00-00', '0000-00-00', '2022-11-18', '', '', 2),
(2779, 175, '', '', 0, '2022-01-24 08:29:40', '2022-04-26 03:16:33', 2, 2, '', '', '', '0000-00-00', '0000-00-00', '2022-11-30', '', '', 2),
(2780, 174, '', '', 0, '2022-01-24 08:29:54', '2022-04-26 03:16:33', 2, 2, '', '', '', '0000-00-00', '0000-00-00', '2022-10-31', '', '', 2),
(2781, 173, '', '', 0, '2022-01-24 08:30:14', '2022-04-26 03:16:33', 2, 2, '', '', '', '0000-00-00', '0000-00-00', '2022-12-19', '', '', 2),
(2782, 172, '', '', 0, '2022-01-24 08:30:29', '2022-04-26 03:16:33', 2, 2, '', '', '', '0000-00-00', '0000-00-00', '2022-12-19', '', '', 2),
(2783, 171, '', '', 0, '2022-01-24 08:30:45', '2022-04-26 03:16:33', 2, 2, '', '', '', '0000-00-00', '0000-00-00', '2022-12-29', '', '', 2),
(2784, 170, '', '', 0, '2022-01-24 08:31:28', '2022-04-26 03:16:33', 2, 2, '', '', '', '0000-00-00', '0000-00-00', '2022-12-29', '', '', 2),
(2785, 169, '', '', 0, '2022-01-24 08:31:43', '2022-04-26 03:16:33', 2, 2, '', '', '', '0000-00-00', '0000-00-00', '2022-12-30', '', '', 2),
(2786, 168, '', '', 0, '2022-01-24 08:31:57', '2022-04-26 03:16:33', 2, 2, '', '', '', '0000-00-00', '0000-00-00', '2022-12-30', '', '', 2),
(2787, 167, '', '', 0, '2022-01-24 08:32:11', '2022-04-26 03:16:33', 2, 2, '', '', '', '0000-00-00', '0000-00-00', '2022-12-19', '', '', 2);
INSERT INTO `tb_huatai_trading_future` (`id`, `sort_order`, `code`, `remark`, `disabled`, `create_date`, `last_update_date`, `create_by`, `last_update_by`, `url_target`, `seo_url`, `seo_keyword`, `start_date`, `end_date`, `display_date`, `youtube_id`, `other_link`, `trading_future_category_id`) VALUES
(2788, 166, '', '', 0, '2022-01-24 08:32:26', '2022-04-26 03:16:33', 2, 2, '', '', '', '0000-00-00', '0000-00-00', '2022-12-19', '', '', 2),
(2789, 165, '', '', 0, '2022-01-24 08:32:52', '2022-04-26 03:16:33', 2, 2, '', '', '', '0000-00-00', '0000-00-00', '2022-12-28', '', '', 2),
(2790, 164, '', '', 0, '2022-01-24 08:44:53', '2022-04-26 03:16:33', 2, 2, '', '', '', '0000-00-00', '0000-00-00', '2022-12-16', '', '', 2),
(2791, 163, '', '', 0, '2022-01-24 08:45:12', '2022-04-26 03:16:33', 2, 2, '', '', '', '0000-00-00', '0000-00-00', '2022-12-16', '', '', 2),
(2792, 162, '', '', 0, '2022-01-24 08:45:29', '2022-04-26 03:16:33', 2, 2, '', '', '', '0000-00-00', '0000-00-00', '2022-12-16', '', '', 2),
(2793, 161, '', '', 0, '2022-01-24 08:45:44', '2022-04-26 03:16:33', 2, 2, '', '', '', '0000-00-00', '0000-00-00', '2022-12-16', '', '', 2),
(2794, 160, '', '', 0, '2022-01-24 08:45:59', '2022-04-26 03:16:33', 2, 2, '', '', '', '0000-00-00', '0000-00-00', '2022-12-16', '', '', 2),
(2795, 159, '', '', 0, '2022-01-24 08:46:24', '2022-04-26 03:16:33', 2, 2, '', '', '', '0000-00-00', '0000-00-00', '2022-12-16', '', '', 2),
(2796, 158, '', '', 0, '2022-01-24 08:46:46', '2022-04-26 03:16:33', 2, 2, '', '', '', '0000-00-00', '0000-00-00', '2022-12-16', '', '', 2),
(2797, 157, '', '', 0, '2022-01-24 08:47:31', '2022-04-26 03:16:33', 2, 2, '', '', '', '0000-00-00', '0000-00-00', '2022-12-29', '', '', 2),
(2798, 156, '', '', 0, '2022-01-24 08:48:44', '2022-04-26 03:16:33', 2, 2, '', '', '', '0000-00-00', '0000-00-00', '2022-12-16', '', '', 2),
(2799, 155, '', '', 0, '2022-01-24 08:49:00', '2022-04-26 03:16:33', 2, 2, '', '', '', '0000-00-00', '0000-00-00', '2022-12-16', '', '', 2),
(2800, 154, '', '', 0, '2022-01-25 01:11:43', '2022-04-26 03:16:33', 2, 2, '', '', '', '0000-00-00', '0000-00-00', '2022-12-16', '', '', 2),
(2801, 153, '', '', 0, '2022-01-25 01:11:59', '2022-04-26 03:16:33', 2, 2, '', '', '', '0000-00-00', '0000-00-00', '2022-12-16', '', '', 2),
(2802, 152, '', '', 0, '2022-01-25 01:12:15', '2022-04-26 03:16:33', 2, 2, '', '', '', '0000-00-00', '0000-00-00', '2022-12-16', '', '', 2),
(2803, 151, '', '', 0, '2022-01-25 01:14:45', '2022-04-26 03:16:33', 2, 2, '', '', '', '0000-00-00', '0000-00-00', '2022-12-29', '', '', 2),
(2804, 150, '', '', 0, '2022-01-25 01:15:01', '2022-04-26 03:16:33', 2, 2, '', '', '', '0000-00-00', '0000-00-00', '2022-12-16', '', '', 2),
(2805, 149, '', '', 0, '2022-01-25 01:15:52', '2022-04-26 03:16:33', 2, 2, '', '', '', '0000-00-00', '0000-00-00', '2022-12-16', '', '', 2),
(2806, 148, '', '', 0, '2022-01-25 01:16:05', '2022-04-26 03:16:33', 2, 2, '', '', '', '0000-00-00', '0000-00-00', '2022-12-16', '', '', 2),
(2807, 147, '', '', 0, '2022-01-25 01:18:08', '2022-04-26 03:16:33', 2, 2, '', '', '', '0000-00-00', '0000-00-00', '2022-12-29', '', '', 2),
(2808, 146, '', '', 0, '2022-01-25 01:18:25', '2022-04-26 03:16:33', 2, 2, '', '', '', '0000-00-00', '0000-00-00', '2022-12-29', '', '', 2),
(2809, 145, '', '', 0, '2022-01-25 01:19:04', '2022-04-26 03:16:33', 2, 2, '', '', '', '0000-00-00', '0000-00-00', '2022-12-30', '', '', 2),
(2810, 144, '', '', 0, '2022-01-25 01:19:20', '2022-04-26 03:16:33', 2, 2, '', '', '', '0000-00-00', '0000-00-00', '2022-12-16', '', '', 2),
(2811, 143, '', '', 0, '2022-01-25 01:19:46', '2022-04-26 03:16:33', 2, 2, '', '', '', '0000-00-00', '0000-00-00', '2022-12-29', '', '', 2),
(2812, 142, '', '', 0, '2022-01-25 01:20:01', '2022-04-26 03:16:33', 2, 2, '', '', '', '0000-00-00', '0000-00-00', '2022-12-16', '', '', 2),
(2813, 141, '', '', 0, '2022-01-25 01:20:17', '2022-04-26 03:16:33', 2, 2, '', '', '', '0000-00-00', '0000-00-00', '2022-12-29', '', '', 2),
(2814, 140, '', '', 0, '2022-01-25 01:21:21', '2022-04-26 03:16:33', 2, 2, '', '', '', '0000-00-00', '0000-00-00', '2022-12-29', '', '', 2),
(2815, 139, '', '', 0, '2022-01-25 01:21:37', '2022-04-26 03:16:33', 2, 2, '', '', '', '0000-00-00', '0000-00-00', '2022-12-16', '', '', 2),
(2816, 138, '', '', 0, '2022-01-25 01:22:01', '2022-04-26 03:16:33', 2, 2, '', '', '', '0000-00-00', '0000-00-00', '2022-12-16', '', '', 2),
(2817, 137, '', '', 0, '2022-01-25 01:22:19', '2022-04-26 03:16:33', 2, 2, '', '', '', '0000-00-00', '0000-00-00', '2022-12-16', '', '', 2),
(2818, 136, '', '', 0, '2022-01-25 01:22:33', '2022-04-26 03:16:33', 2, 2, '', '', '', '0000-00-00', '0000-00-00', '2022-12-16', '', '', 2),
(2819, 135, '', '', 0, '2022-01-25 01:22:51', '2022-04-26 03:16:33', 2, 2, '', '', '', '0000-00-00', '0000-00-00', '2022-12-16', '', '', 2),
(2820, 134, '', '', 0, '2022-01-25 01:23:12', '2022-04-26 03:16:33', 2, 2, '', '', '', '0000-00-00', '0000-00-00', '2022-12-16', '', '', 2),
(2821, 133, '', '', 0, '2022-01-25 01:23:28', '2022-04-26 03:16:33', 2, 2, '', '', '', '0000-00-00', '0000-00-00', '2022-12-16', '', '', 2),
(2822, 132, '', '', 0, '2022-01-25 01:23:45', '2022-04-26 03:16:33', 2, 2, '', '', '', '0000-00-00', '0000-00-00', '2022-12-16', '', '', 2),
(2823, 131, '', '', 0, '2022-01-25 01:23:59', '2022-04-26 03:16:33', 2, 2, '', '', '', '0000-00-00', '0000-00-00', '2022-12-16', '', '', 2),
(2824, 130, '', '', 0, '2022-01-25 01:56:55', '2022-04-26 03:16:33', 2, 2, '', '', '', '0000-00-00', '0000-00-00', '2022-12-29', '', '', 2),
(2825, 129, '', '', 0, '2022-01-25 01:57:13', '2022-04-26 03:16:33', 2, 2, '', '', '', '0000-00-00', '0000-00-00', '2022-12-29', '', '', 2),
(2826, 128, '', '', 0, '2022-01-25 01:57:26', '2022-04-26 03:16:33', 2, 2, '', '', '', '0000-00-00', '0000-00-00', '2022-12-08', '', '', 2),
(2827, 127, '', '', 0, '2022-01-25 01:57:42', '2022-04-26 03:16:33', 2, 2, '', '', '', '0000-00-00', '0000-00-00', '2022-12-29', '', '', 2),
(2828, 126, '', '', 0, '2022-01-25 01:57:58', '2022-04-26 03:16:33', 2, 2, '', '', '', '0000-00-00', '0000-00-00', '2022-12-19', '', '', 2),
(2829, 125, '', '', 0, '2022-01-25 01:58:47', '2022-04-26 03:16:33', 2, 2, '', '', '', '0000-00-00', '0000-00-00', '2022-12-19', '', '', 2),
(2830, 124, '', '', 0, '2022-01-25 01:59:04', '2022-04-26 03:16:33', 2, 2, '', '', '', '0000-00-00', '0000-00-00', '2022-12-30', '', '', 2),
(2831, 123, '', '', 0, '2022-01-25 01:59:22', '2022-04-26 03:16:33', 2, 2, '', '', '', '0000-00-00', '0000-00-00', '2022-12-29', '', '', 2),
(2832, 122, '', '', 0, '2022-01-25 01:59:46', '2022-04-26 03:16:33', 2, 2, '', '', '', '0000-00-00', '0000-00-00', '2022-11-30', '', '', 2),
(2833, 121, '', '', 0, '2022-01-25 02:00:02', '2022-04-26 03:16:33', 2, 2, '', '', '', '0000-00-00', '0000-00-00', '2022-11-30', '', '', 2),
(2834, 120, '', '', 0, '2022-01-25 02:00:17', '2022-04-26 03:16:33', 2, 2, '', '', '', '0000-00-00', '0000-00-00', '2022-12-15', '', '', 2),
(2835, 119, '', '', 0, '2022-01-25 02:01:31', '2022-04-26 03:16:33', 2, 2, '', '', '', '0000-00-00', '0000-00-00', '2022-12-16', '', '', 2),
(2836, 118, '', '', 0, '2022-01-25 02:01:45', '2022-04-26 03:16:33', 2, 2, '', '', '', '0000-00-00', '0000-00-00', '2022-12-19', '', '', 2),
(2837, 117, '', '', 0, '2022-01-25 02:02:00', '2022-04-26 03:16:33', 2, 2, '', '', '', '0000-00-00', '0000-00-00', '2022-11-23', '', '', 2),
(2838, 116, '', '', 0, '2022-01-25 02:02:12', '2022-04-26 03:16:33', 2, 2, '', '', '', '0000-00-00', '0000-00-00', '2022-11-21', '', '', 2),
(2839, 115, '', '', 0, '2022-01-25 02:04:15', '2022-04-26 03:16:33', 2, 2, '', '', '', '0000-00-00', '0000-00-00', '2022-10-31', '', '', 2),
(2840, 114, '', '', 0, '2022-01-25 02:04:29', '2022-04-26 03:16:33', 2, 2, '', '', '', '0000-00-00', '0000-00-00', '2022-12-19', '', '', 2),
(2841, 113, '', '', 0, '2022-01-25 02:04:45', '2022-04-26 03:16:33', 2, 2, '', '', '', '0000-00-00', '0000-00-00', '2022-10-31', '', '', 2),
(2842, 112, '', '', 0, '2022-01-25 02:04:59', '2022-04-26 03:16:33', 2, 2, '', '', '', '0000-00-00', '0000-00-00', '2022-12-12', '', '', 2),
(2843, 111, '', '', 0, '2022-01-25 02:05:16', '2022-04-26 03:16:33', 2, 2, '', '', '', '0000-00-00', '0000-00-00', '2022-11-18', '', '', 2),
(2844, 110, '', '', 0, '2022-01-25 02:05:29', '2022-04-26 03:16:33', 2, 2, '', '', '', '0000-00-00', '0000-00-00', '2022-12-16', '', '', 2),
(2845, 109, '', '', 0, '2022-01-25 02:05:46', '2022-04-26 03:16:33', 2, 2, '', '', '', '0000-00-00', '0000-00-00', '2022-11-15', '', '', 2),
(2846, 108, '', '', 0, '2022-01-25 02:06:00', '2022-04-26 03:16:33', 2, 2, '', '', '', '0000-00-00', '0000-00-00', '2022-12-13', '', '', 2),
(2847, 107, '', '', 0, '2022-01-25 02:09:42', '2022-04-26 03:16:33', 2, 2, '', '', '', '0000-00-00', '0000-00-00', '2022-12-01', '', '', 2),
(2848, 106, '', '', 0, '2022-01-25 02:09:56', '2022-04-26 03:16:33', 2, 2, '', '', '', '0000-00-00', '0000-00-00', '2022-11-15', '', '', 2),
(2849, 105, '', '', 0, '2022-01-25 02:10:16', '2022-04-26 03:16:33', 2, 2, '', '', '', '0000-00-00', '0000-00-00', '2022-12-30', '', '', 2),
(2850, 104, '', '', 0, '2022-01-25 02:10:32', '2022-04-26 03:16:33', 2, 2, '', '', '', '0000-00-00', '0000-00-00', '2022-12-23', '', '', 2),
(2851, 103, '', '', 0, '2022-01-25 02:10:53', '2022-04-26 03:16:33', 2, 2, '', '', '', '0000-00-00', '0000-00-00', '2022-12-22', '', '', 2),
(2852, 102, '', '', 0, '2022-01-25 02:11:10', '2022-04-26 03:16:33', 2, 2, '', '', '', '0000-00-00', '0000-00-00', '2022-12-08', '', '', 2),
(2853, 101, '', '', 0, '2022-01-25 02:11:46', '2022-04-26 03:16:33', 2, 2, '', '', '', '0000-00-00', '0000-00-00', '2022-12-08', '', '', 2),
(2854, 100, '', '', 0, '2022-01-25 02:12:01', '2022-04-26 03:16:33', 2, 2, '', '', '', '0000-00-00', '0000-00-00', '2022-12-08', '', '', 2),
(2855, 99, '', '', 0, '2022-01-25 02:12:15', '2022-04-26 03:16:33', 2, 2, '', '', '', '0000-00-00', '0000-00-00', '2022-12-14', '', '', 2),
(2856, 98, '', '', 0, '2022-01-25 02:12:34', '2022-04-26 03:16:33', 2, 2, '', '', '', '0000-00-00', '0000-00-00', '2022-12-14', '', '', 2),
(2857, 97, '', '', 0, '2022-01-25 02:12:53', '2022-04-26 03:16:33', 2, 2, '', '', '', '0000-00-00', '0000-00-00', '2022-11-30', '', '', 2),
(2858, 96, '', '', 0, '2022-01-25 02:13:06', '2022-04-26 03:16:33', 2, 2, '', '', '', '0000-00-00', '0000-00-00', '2022-12-15', '', '', 2),
(2859, 95, '', '', 0, '2022-01-25 02:13:17', '2022-04-26 03:16:33', 2, 2, '', '', '', '0000-00-00', '0000-00-00', '2022-11-30', '', '', 2),
(2860, 94, '', '', 0, '2022-01-25 02:13:28', '2022-04-26 03:16:33', 2, 2, '', '', '', '0000-00-00', '0000-00-00', '2022-12-15', '', '', 2),
(2861, 93, '', '', 0, '2022-04-25 02:40:06', '2022-04-26 03:16:33', 2, 2, '', '', '', '0000-00-00', '0000-00-00', '2022-04-29', '', '', 2),
(2862, 92, '', '', 0, '2022-04-25 03:10:02', '2022-04-26 03:16:33', 2, 2, '', '', '', '0000-00-00', '0000-00-00', '2022-05-16', '', '', 2),
(2863, 91, '', '', 0, '2022-04-25 03:11:00', '2022-04-26 03:16:33', 2, 2, '', '', '', '0000-00-00', '0000-00-00', '2022-05-16', '', '', 2),
(2864, 90, '', '', 0, '2022-04-25 03:11:18', '2022-04-26 03:16:33', 2, 2, '', '', '', '0000-00-00', '0000-00-00', '2022-05-17', '', '', 2),
(2865, 89, '', '', 0, '2022-04-25 03:11:46', '2022-04-26 03:16:33', 2, 2, '', '', '', '0000-00-00', '0000-00-00', '2022-05-16', '', '', 2),
(2866, 88, '', '', 0, '2022-04-25 03:12:05', '2022-04-26 03:16:33', 2, 2, '', '', '', '0000-00-00', '0000-00-00', '2022-05-16', '', '', 2),
(2867, 87, '', '', 0, '2022-04-25 03:12:23', '2022-04-26 03:16:33', 2, 2, '', '', '', '0000-00-00', '0000-00-00', '2022-05-16', '', '', 2),
(2868, 86, '', '', 0, '2022-04-25 03:12:38', '2022-04-26 03:16:33', 2, 2, '', '', '', '0000-00-00', '0000-00-00', '2022-05-12', '', '', 2),
(2869, 85, '', '', 0, '2022-04-25 03:13:25', '2022-04-26 03:16:33', 2, 2, '', '', '', '0000-00-00', '0000-00-00', '2022-04-29', '', '', 2),
(2870, 84, '', '', 0, '2022-04-25 03:13:47', '2022-04-26 03:16:33', 2, 2, '', '', '', '0000-00-00', '0000-00-00', '2022-04-29', '', '', 2),
(2871, 83, '', '', 0, '2022-04-25 03:14:02', '2022-04-26 03:16:33', 2, 2, '', '', '', '0000-00-00', '0000-00-00', '2022-04-29', '', '', 2),
(2872, 82, '', '', 0, '2022-04-25 03:14:36', '2022-04-26 03:16:33', 2, 2, '', '', '', '0000-00-00', '0000-00-00', '2022-04-26', '', '', 2),
(2873, 81, '', '', 0, '2022-04-25 03:16:34', '2022-04-26 03:16:33', 2, 2, '', '', '', '0000-00-00', '0000-00-00', '2022-05-16', '', '', 2),
(2874, 80, '', '', 0, '2022-04-25 03:17:00', '2022-04-26 03:16:33', 2, 2, '', '', '', '0000-00-00', '0000-00-00', '2022-05-16', '', '', 2),
(2875, 79, '', '', 0, '2022-04-25 03:17:18', '2022-04-26 03:16:33', 2, 2, '', '', '', '0000-00-00', '0000-00-00', '2022-05-30', '', '', 2),
(2876, 78, '', '', 0, '2022-04-25 03:17:36', '2022-04-26 03:16:33', 2, 2, '', '', '', '0000-00-00', '0000-00-00', '2022-05-30', '', '', 2),
(2877, 77, '', '', 0, '2022-04-25 03:17:56', '2022-04-26 03:16:33', 2, 2, '', '', '', '0000-00-00', '0000-00-00', '2022-05-30', '', '', 2),
(2878, 76, '', '', 0, '2022-04-25 03:18:09', '2022-04-26 03:16:33', 2, 2, '', '', '', '0000-00-00', '0000-00-00', '2022-05-30', '', '', 2),
(2879, 75, '', '', 0, '2022-04-25 03:18:27', '2022-04-26 03:16:33', 2, 2, '', '', '', '0000-00-00', '0000-00-00', '2022-05-30', '', '', 2),
(2880, 74, '', '', 0, '2022-04-25 05:46:51', '2022-04-26 03:16:33', 2, 2, '', '', '', '0000-00-00', '0000-00-00', '2022-05-16', '', '', 2),
(2881, 73, '', '', 0, '2022-04-25 05:48:23', '2022-04-26 03:16:33', 2, 2, '', '', '', '0000-00-00', '0000-00-00', '2022-05-16', '', '', 2),
(2882, 72, '', '', 0, '2022-04-25 05:48:39', '2022-04-26 03:16:33', 2, 2, '', '', '', '0000-00-00', '0000-00-00', '2022-05-16', '', '', 2),
(2883, 71, '', '', 0, '2022-04-25 05:48:55', '2022-04-26 03:16:33', 2, 2, '', '', '', '0000-00-00', '0000-00-00', '2022-05-27', '', '', 2),
(2884, 70, '', '', 0, '2022-04-25 05:49:20', '2022-04-26 03:16:33', 2, 2, '', '', '', '0000-00-00', '0000-00-00', '2022-05-30', '', '', 2),
(2885, 69, '', '', 0, '2022-04-25 05:50:31', '2022-04-26 03:16:33', 2, 2, '', '', '', '0000-00-00', '0000-00-00', '2022-05-30', '', '', 2),
(2886, 68, '', '', 0, '2022-04-25 05:50:53', '2022-04-26 03:16:33', 2, 2, '', '', '', '0000-00-00', '0000-00-00', '2022-05-30', '', '', 2),
(2887, 67, '', '', 0, '2022-04-25 05:52:32', '2022-04-26 03:16:33', 2, 2, '', '', '', '0000-00-00', '0000-00-00', '2022-05-30', '', '', 2),
(2888, 66, '', '', 0, '2022-04-25 05:52:47', '2022-04-26 03:16:33', 2, 2, '', '', '', '0000-00-00', '0000-00-00', '2022-05-30', '', '', 2),
(2889, 65, '', '', 0, '2022-04-25 05:53:04', '2022-04-26 03:16:33', 2, 2, '', '', '', '0000-00-00', '0000-00-00', '2022-05-30', '', '', 2),
(2890, 64, '', '', 0, '2022-04-25 05:53:44', '2022-04-26 03:16:33', 2, 2, '', '', '', '0000-00-00', '0000-00-00', '2022-05-30', '', '', 2),
(2891, 63, '', '', 0, '2022-04-25 06:04:48', '2022-04-26 03:16:33', 2, 2, '', '', '', '0000-00-00', '0000-00-00', '2022-05-30', '', '', 2),
(2892, 62, '', '', 0, '2022-04-25 06:08:36', '2022-04-26 03:16:33', 2, 2, '', '', '', '0000-00-00', '0000-00-00', '2022-05-30', '', '', 2),
(2893, 61, '', '', 0, '2022-04-25 06:10:59', '2022-04-26 03:16:33', 2, 2, '', '', '', '0000-00-00', '0000-00-00', '2022-05-30', '', '', 2),
(2894, 60, '', '', 0, '2022-04-25 06:11:14', '2022-04-26 03:16:33', 2, 2, '', '', '', '0000-00-00', '0000-00-00', '2022-05-30', '', '', 2),
(2895, 59, '', '', 0, '2022-04-25 06:11:29', '2022-04-26 03:16:33', 2, 2, '', '', '', '0000-00-00', '0000-00-00', '2022-05-30', '', '', 2),
(2896, 58, '', '', 0, '2022-04-25 06:11:49', '2022-04-26 03:16:33', 2, 2, '', '', '', '0000-00-00', '0000-00-00', '2022-05-30', '', '', 2),
(2897, 57, '', '', 0, '2022-04-25 06:16:25', '2022-04-26 03:16:33', 2, 2, '', '', '', '0000-00-00', '0000-00-00', '2022-05-30', '', '', 2),
(2898, 56, '', '', 0, '2022-04-25 06:18:05', '2022-04-26 03:16:33', 2, 2, '', '', '', '0000-00-00', '0000-00-00', '2022-05-30', '', '', 2),
(2899, 55, '', '', 0, '2022-04-25 06:18:19', '2022-04-26 03:16:33', 2, 2, '', '', '', '0000-00-00', '0000-00-00', '2022-05-30', '', '', 2),
(2900, 54, '', '', 0, '2022-04-25 06:18:36', '2022-04-26 03:16:33', 2, 2, '', '', '', '0000-00-00', '0000-00-00', '2022-05-30', '', '', 2),
(2901, 53, '', '', 0, '2022-04-25 06:19:47', '2022-04-26 03:16:33', 2, 2, '', '', '', '0000-00-00', '0000-00-00', '2022-05-30', '', '', 2),
(2902, 52, '', '', 0, '2022-04-25 06:20:29', '2022-04-26 03:16:33', 2, 2, '', '', '', '0000-00-00', '0000-00-00', '2022-05-30', '', '', 2),
(2903, 51, '', '', 0, '2022-04-25 06:20:43', '2022-04-26 03:16:33', 2, 2, '', '', '', '0000-00-00', '0000-00-00', '2022-05-30', '', '', 2),
(2904, 50, '', '', 0, '2022-04-25 06:21:06', '2022-04-26 03:16:33', 2, 2, '', '', '', '0000-00-00', '0000-00-00', '2022-05-30', '', '', 2),
(2905, 49, '', '', 0, '2022-04-25 06:21:25', '2022-04-26 03:16:33', 2, 2, '', '', '', '0000-00-00', '0000-00-00', '2022-05-30', '', '', 2),
(2906, 48, '', '', 0, '2022-04-25 06:22:09', '2022-04-26 03:16:33', 2, 2, '', '', '', '0000-00-00', '0000-00-00', '2022-05-30', '', '', 2),
(2907, 47, '', '', 0, '2022-04-25 06:26:02', '2022-04-26 03:16:33', 2, 2, '', '', '', '0000-00-00', '0000-00-00', '2022-05-30', '', '', 2),
(2908, 46, '', '', 0, '2022-04-25 06:26:24', '2022-04-26 03:16:33', 2, 2, '', '', '', '0000-00-00', '0000-00-00', '2022-05-30', '', '', 2),
(2909, 45, '', '', 0, '2022-04-25 06:26:38', '2022-04-26 03:16:33', 2, 2, '', '', '', '0000-00-00', '0000-00-00', '2022-05-30', '', '', 2),
(2910, 44, '', '', 0, '2022-04-25 06:27:07', '2022-04-26 03:16:33', 2, 2, '', '', '', '0000-00-00', '0000-00-00', '2022-05-30', '', '', 2),
(2911, 43, '', '', 0, '2022-04-25 06:27:39', '2022-04-26 03:16:33', 2, 2, '', '', '', '0000-00-00', '0000-00-00', '2022-05-30', '', '', 2),
(2912, 42, '', '', 0, '2022-04-25 06:27:59', '2022-04-26 03:16:33', 2, 2, '', '', '', '0000-00-00', '0000-00-00', '2022-05-20', '', '', 2),
(2913, 41, '', '', 0, '2022-04-26 02:51:50', '2022-04-26 03:16:33', 2, 2, '', '', '', '0000-00-00', '0000-00-00', '2022-05-20', '', '', 2),
(2914, 40, '', '', 0, '2022-04-26 02:52:22', '2022-04-26 03:16:33', 2, 2, '', '', '', '0000-00-00', '0000-00-00', '2022-05-20', '', '', 2),
(2915, 39, '', '', 0, '2022-04-26 02:52:38', '2022-04-26 03:16:33', 2, 2, '', '', '', '0000-00-00', '0000-00-00', '2022-05-20', '', '', 2),
(2916, 38, '', '', 0, '2022-04-26 02:52:53', '2022-04-26 03:16:33', 2, 2, '', '', '', '0000-00-00', '0000-00-00', '2022-05-20', '', '', 2),
(2917, 37, '', '', 0, '2022-04-26 02:53:10', '2022-04-26 03:16:33', 2, 2, '', '', '', '0000-00-00', '0000-00-00', '2022-05-20', '', '', 2),
(2918, 36, '', '', 0, '2022-04-26 02:54:07', '2022-04-26 03:16:33', 2, 2, '', '', '', '0000-00-00', '0000-00-00', '2022-05-30', '', '', 2),
(2919, 35, '', '', 0, '2022-04-26 02:56:50', '2022-04-26 03:16:33', 2, 2, '', '', '', '0000-00-00', '0000-00-00', '2022-05-20', '', '', 2),
(2920, 34, '', '', 0, '2022-04-26 02:57:07', '2022-04-26 03:16:33', 2, 2, '', '', '', '0000-00-00', '0000-00-00', '2022-05-20', '', '', 2),
(2921, 33, '', '', 0, '2022-04-26 02:57:56', '2022-04-26 03:16:33', 2, 2, '', '', '', '0000-00-00', '0000-00-00', '2022-05-20', '', '', 2),
(2922, 32, '', '', 0, '2022-04-26 02:58:45', '2022-04-26 03:16:33', 2, 2, '', '', '', '0000-00-00', '0000-00-00', '2022-05-20', '', '', 2),
(2923, 31, '', '', 0, '2022-04-26 02:59:02', '2022-04-26 03:16:33', 2, 2, '', '', '', '0000-00-00', '0000-00-00', '2022-05-20', '', '', 2),
(2924, 30, '', '', 0, '2022-04-26 02:59:19', '2022-04-26 03:16:33', 2, 2, '', '', '', '0000-00-00', '0000-00-00', '2022-05-30', '', '', 2),
(2925, 29, '', '', 0, '2022-04-26 02:59:57', '2022-04-26 03:16:33', 2, 2, '', '', '', '0000-00-00', '0000-00-00', '2022-05-20', '', '', 2),
(2926, 28, '', '', 0, '2022-04-26 03:00:17', '2022-04-26 03:16:33', 2, 2, '', '', '', '0000-00-00', '0000-00-00', '2022-05-20', '', '', 2),
(2927, 27, '', '', 0, '2022-04-26 03:00:39', '2022-04-26 03:16:33', 2, 2, '', '', '', '0000-00-00', '0000-00-00', '2022-05-20', '', '', 2),
(2928, 26, '', '', 0, '2022-04-26 03:02:35', '2022-04-26 03:16:33', 2, 2, '', '', '', '0000-00-00', '0000-00-00', '2022-05-26', '', '', 2),
(2929, 25, '', '', 0, '2022-04-26 03:02:53', '2022-04-26 03:16:33', 2, 2, '', '', '', '0000-00-00', '0000-00-00', '2022-05-31', '', '', 2),
(2930, 24, '', '', 0, '2022-04-26 03:03:10', '2022-04-26 03:16:33', 2, 2, '', '', '', '0000-00-00', '0000-00-00', '2022-05-20', '', '', 2),
(2931, 23, '', '', 0, '2022-04-26 03:03:41', '2022-04-26 03:16:33', 2, 2, '', '', '', '0000-00-00', '0000-00-00', '2022-05-30', '', '', 2),
(2932, 22, '', '', 0, '2022-04-26 03:03:59', '2022-04-26 03:16:33', 2, 2, '', '', '', '0000-00-00', '0000-00-00', '2022-05-20', '', '', 2),
(2933, 21, '', '', 0, '2022-04-26 03:04:22', '2022-04-26 03:16:33', 2, 2, '', '', '', '0000-00-00', '0000-00-00', '2022-05-30', '', '', 2),
(2934, 20, '', '', 0, '2022-04-26 03:04:48', '2022-04-26 03:16:33', 2, 2, '', '', '', '0000-00-00', '0000-00-00', '2022-05-30', '', '', 2),
(2935, 19, '', '', 0, '2022-04-26 03:05:07', '2022-04-26 03:16:33', 2, 2, '', '', '', '0000-00-00', '0000-00-00', '2022-05-20', '', '', 2),
(2936, 18, '', '', 0, '2022-04-26 03:05:23', '2022-04-26 03:16:33', 2, 2, '', '', '', '0000-00-00', '0000-00-00', '2022-05-20', '', '', 2),
(2937, 17, '', '', 0, '2022-04-26 03:05:48', '2022-04-26 03:16:33', 2, 2, '', '', '', '0000-00-00', '0000-00-00', '2022-05-20', '', '', 2),
(2938, 16, '', '', 0, '2022-04-26 03:06:11', '2022-04-26 03:16:33', 2, 2, '', '', '', '0000-00-00', '0000-00-00', '2022-05-20', '', '', 2),
(2939, 15, '', '', 0, '2022-04-26 03:06:33', '2022-04-26 03:16:33', 2, 2, '', '', '', '0000-00-00', '0000-00-00', '2022-05-20', '', '', 2),
(2940, 14, '', '', 0, '2022-04-26 03:06:53', '2022-04-26 03:16:33', 2, 2, '', '', '', '0000-00-00', '0000-00-00', '2022-05-20', '', '', 2),
(2941, 13, '', '', 0, '2022-04-26 03:07:12', '2022-04-26 03:16:33', 2, 2, '', '', '', '0000-00-00', '0000-00-00', '2022-05-20', '', '', 2),
(2942, 12, '', '', 0, '2022-04-26 03:07:31', '2022-04-26 03:16:33', 2, 2, '', '', '', '0000-00-00', '0000-00-00', '2022-05-20', '', '', 2),
(2943, 11, '', '', 0, '2022-04-26 03:07:47', '2022-04-26 03:16:33', 2, 2, '', '', '', '0000-00-00', '0000-00-00', '2022-05-20', '', '', 2),
(2944, 10, '', '', 0, '2022-04-26 03:08:10', '2022-04-26 03:16:33', 2, 2, '', '', '', '0000-00-00', '0000-00-00', '2022-05-30', '', '', 2),
(2945, 9, '', '', 0, '2022-04-26 03:08:27', '2022-04-26 03:16:33', 2, 2, '', '', '', '0000-00-00', '0000-00-00', '2022-05-30', '', '', 2),
(2946, 8, '', '', 0, '2022-04-26 03:08:47', '2022-04-26 03:16:33', 2, 2, '', '', '', '0000-00-00', '0000-00-00', '2022-05-12', '', '', 2),
(2947, 7, '', '', 0, '2022-04-26 03:09:04', '2022-04-26 03:16:33', 2, 2, '', '', '', '0000-00-00', '0000-00-00', '2022-05-30', '', '', 2),
(2948, 6, '', '', 0, '2022-04-26 03:09:23', '2022-04-26 03:16:33', 2, 2, '', '', '', '0000-00-00', '0000-00-00', '2022-04-21', '', '', 2),
(2949, 5, '', '', 0, '2022-04-26 03:09:46', '2022-04-26 03:16:33', 2, 2, '', '', '', '0000-00-00', '0000-00-00', '2022-05-12', '', '', 2),
(2950, 4, '', '', 0, '2022-04-26 03:10:09', '2022-04-26 03:16:33', 2, 2, '', '', '', '0000-00-00', '0000-00-00', '2022-05-18', '', '', 2),
(2951, 3, '', '', 0, '2022-04-26 03:10:24', '2022-04-26 03:16:33', 2, 2, '', '', '', '0000-00-00', '0000-00-00', '2022-05-18', '', '', 2),
(2952, 2, '', '', 0, '2022-04-26 03:10:46', '2022-04-26 03:16:33', 2, 2, '', '', '', '0000-00-00', '0000-00-00', '2022-04-29', '', '', 2),
(2953, 1, '', '', 0, '2022-04-26 03:16:33', '2022-04-26 03:16:33', 2, 2, '', '', '', '0000-00-00', '0000-00-00', '2022-05-31', '', '', 2);

-- --------------------------------------------------------

--
-- 資料表結構 `tb_huatai_trading_future_category`
--

CREATE TABLE IF NOT EXISTS `tb_huatai_trading_future_category` (
  `id` bigint(20) unsigned NOT NULL,
  `sort_order` int(11) NOT NULL DEFAULT '0',
  `code` text CHARACTER SET utf8 COLLATE utf8_unicode_ci NOT NULL,
  `remark` text CHARACTER SET utf8 COLLATE utf8_unicode_ci NOT NULL,
  `disabled` tinyint(1) NOT NULL DEFAULT '0',
  `create_date` timestamp NOT NULL DEFAULT '0000-00-00 00:00:00',
  `last_update_date` timestamp NOT NULL DEFAULT CURRENT_TIMESTAMP ON UPDATE CURRENT_TIMESTAMP,
  `create_by` bigint(20) NOT NULL DEFAULT '0',
  `last_update_by` bigint(20) NOT NULL DEFAULT '0',
  `url_target` text NOT NULL,
  `seo_url` text NOT NULL,
  `seo_keyword` text NOT NULL,
  `start_date` date DEFAULT '0000-00-00',
  `end_date` date DEFAULT '0000-00-00',
  `display_date` date DEFAULT '0000-00-00',
  `youtube_id` text NOT NULL,
  `highlight` int(11) NOT NULL
) ENGINE=MyISAM AUTO_INCREMENT=4 DEFAULT CHARSET=utf8;

--
-- 資料表的匯出資料 `tb_huatai_trading_future_category`
--

INSERT INTO `tb_huatai_trading_future_category` (`id`, `sort_order`, `code`, `remark`, `disabled`, `create_date`, `last_update_date`, `create_by`, `last_update_by`, `url_target`, `seo_url`, `seo_keyword`, `start_date`, `end_date`, `display_date`, `youtube_id`, `highlight`) VALUES
(1, 1, '', '', 0, '2021-02-23 02:30:26', '2021-02-23 02:30:26', 1, 1, '', '1', '', '0000-00-00', '0000-00-00', '2021-02-23', '', 0),
(2, 2, '', '', 0, '2021-02-23 02:30:34', '2021-02-23 02:30:34', 1, 1, '', '2', '', '0000-00-00', '0000-00-00', '2021-02-23', '', 0),
(3, 3, '', '', 0, '2021-02-23 02:30:40', '2021-02-23 02:30:40', 1, 1, '', '3', '', '0000-00-00', '0000-00-00', '2021-02-23', '', 0);

-- --------------------------------------------------------

--
-- 資料表結構 `tb_huatai_trading_future_category_desc`
--

CREATE TABLE IF NOT EXISTS `tb_huatai_trading_future_category_desc` (
  `language_id` int(11) NOT NULL DEFAULT '0',
  `trading_future_category_id` int(11) NOT NULL DEFAULT '0',
  `name` text CHARACTER SET utf8 COLLATE utf8_unicode_ci NOT NULL,
  `detail` text CHARACTER SET utf8 COLLATE utf8_unicode_ci NOT NULL,
  `url` text NOT NULL,
  `seo_desc` text NOT NULL,
  `seo_title` text NOT NULL,
  `detail2` text NOT NULL,
  `seo_h1` text NOT NULL
) ENGINE=MyISAM DEFAULT CHARSET=utf8;

--
-- 資料表的匯出資料 `tb_huatai_trading_future_category_desc`
--

INSERT INTO `tb_huatai_trading_future_category_desc` (`language_id`, `trading_future_category_id`, `name`, `detail`, `url`, `seo_desc`, `seo_title`, `detail2`, `seo_h1`) VALUES
(3, 1, '第一通知日', '', '', '', '', '', ''),
(2, 1, '第一通知日', '', '', '', '', '', ''),
(1, 1, '第一通知日', '', '', '', '', '', ''),
(2, 2, '最后交易日', '', '', '', '', '', ''),
(3, 2, '最后交易日', '', '', '', '', '', ''),
(3, 3, '结算日', '', '', '', '', '', ''),
(2, 3, '结算日', '', '', '', '', '', ''),
(1, 3, '结算日', '', '', '', '', '', ''),
(1, 2, '最后交易日', '', '', '', '', '', '');

-- --------------------------------------------------------

--
-- 資料表結構 `tb_huatai_trading_future_desc`
--

CREATE TABLE IF NOT EXISTS `tb_huatai_trading_future_desc` (
  `language_id` int(11) NOT NULL DEFAULT '0',
  `trading_future_id` int(11) NOT NULL DEFAULT '0',
  `name` text CHARACTER SET utf8 COLLATE utf8_unicode_ci NOT NULL,
  `detail` text CHARACTER SET utf8 COLLATE utf8_unicode_ci NOT NULL,
  `url` text NOT NULL,
  `seo_desc` text NOT NULL,
  `seo_title` text NOT NULL,
  `detail2` text NOT NULL,
  `seo_h1` text NOT NULL
) ENGINE=MyISAM DEFAULT CHARSET=utf8;

--
-- 資料表的匯出資料 `tb_huatai_trading_future_desc`
--

INSERT INTO `tb_huatai_trading_future_desc` (`language_id`, `trading_future_id`, `name`, `detail`, `url`, `seo_desc`, `seo_title`, `detail2`, `seo_h1`) VALUES
(3, 1, '芝商所CME-最后交易日-202011-选择权-小SP指选W1', '', '', '', '', '', ''),
(2, 1, '芝商所CME-最后交易日-202011-选择权-小SP指选W1', '', '', '', '', '', ''),
(1, 1, '芝商所CME-最后交易日-202011-选择权-小SP指选W1', '', '', '', '', '', ''),
(3, 2, '芝商所CME-最后交易日-202011-选择权-澳币(AD)', '', '', '', '', '', ''),
(2, 2, '芝商所CME-最后交易日-202011-选择权-澳币(AD)', '', '', '', '', '', ''),
(1, 2, '芝商所CME-最后交易日-202011-选择权-澳币(AD)', '', '', '', '', '', ''),
(1, 3, '芝商所CME-最后交易日-202011-选择权-英镑 (BP)', '', '', '', '', '', ''),
(2, 3, '芝商所CME-最后交易日-202011-选择权-英镑 (BP)', '', '', '', '', '', ''),
(3, 3, '芝商所CME-最后交易日-202011-选择权-英镑 (BP)', '', '', '', '', '', ''),
(3, 4, 'testing', '', '', '', '', '', ''),
(2, 4, 'testing', '', '', '', '', '', ''),
(1, 4, 'testing', '', '', '', '', '', ''),
(3, 5, 'a', '', '', '', '', '', ''),
(2, 5, 'aaaaa', '', '', '', '', '', ''),
(1, 5, 'aaaaa', '', '', '', '', '', ''),
(3, 6, 'CBOT美豆202101合约', '', '', '', '', '', ''),
(2, 6, 'CBOT美豆202101合约', '', '', '', '', '', ''),
(1, 6, 'CBOT美豆202101合约', '', '', '', '', '', ''),
(3, 7, 'CBOT美豆油202101合约', '', '', '', '', '', ''),
(2, 7, 'CBOT美豆油202101合约', '', '', '', '', '', ''),
(1, 7, 'CBOT美豆油202101合约', '', '', '', '', '', ''),
(3, 8, 'CBOT美豆粕202101合约', '', '', '', '', '', ''),
(2, 8, 'CBOT美豆粕202101合约', '', '', '', '', '', ''),
(1, 8, 'CBOT美豆粕202101合约', '', '', '', '', '', ''),
(3, 9, 'CBOT粗米202101合约', '', '', '', '', '', ''),
(2, 9, 'CBOT粗米202101合约', '', '', '', '', '', ''),
(1, 9, 'CBOT粗米202101合约', '', '', '', '', '', ''),
(3, 10, 'CBOT30天联邦基金202101合约', '', '', '', '', '', ''),
(2, 10, 'CBOT30天联邦基金202101合约', '', '', '', '', '', ''),
(1, 10, 'CBOT30天联邦基金202101合约', '', '', '', '', '', ''),
(3, 11, 'CME澳元202101合约', '', '', '', '', '', ''),
(2, 11, 'CME澳元202101合约', '', '', '', '', '', ''),
(1, 11, 'CME澳元202101合约', '', '', '', '', '', ''),
(3, 12, 'CME英镑202101合约', '', '', '', '', '', ''),
(2, 12, 'CME英镑202101合约', '', '', '', '', '', ''),
(1, 12, 'CME英镑202101合约', '', '', '', '', '', ''),
(3, 13, 'CME加元202101合约', '', '', '', '', '', ''),
(2, 13, 'CME加元202101合约', '', '', '', '', '', ''),
(1, 13, 'CME加元202101合约', '', '', '', '', '', ''),
(3, 14, 'CME欧元202101合约', '', '', '', '', '', ''),
(2, 14, 'CME欧元202101合约', '', '', '', '', '', ''),
(1, 14, 'CME欧元202101合约', '', '', '', '', '', ''),
(3, 15, 'CME日元202101合约', '', '', '', '', '', ''),
(2, 15, 'CME日元202101合约', '', '', '', '', '', ''),
(1, 15, 'CME日元202101合约', '', '', '', '', '', ''),
(3, 16, 'CME巴西雷亚尔202101合约', '', '', '', '', '', ''),
(2, 16, 'CME巴西雷亚尔202101合约', '', '', '', '', '', ''),
(1, 16, 'CME巴西雷亚尔202101合约', '', '', '', '', '', ''),
(3, 17, 'CME卢布202101合约', '', '', '', '', '', ''),
(2, 17, 'CME卢布202101合约', '', '', '', '', '', ''),
(1, 17, 'CME卢布202101合约', '', '', '', '', '', ''),
(3, 18, 'CME欧元/英镑202101合约', '', '', '', '', '', ''),
(2, 18, 'CME欧元/英镑202101合约', '', '', '', '', '', ''),
(1, 18, 'CME欧元/英镑202101合约', '', '', '', '', '', ''),
(3, 19, 'CME南非兰特202101合约', '', '', '', '', '', ''),
(2, 19, 'CME南非兰特202101合约', '', '', '', '', '', ''),
(1, 19, 'CME南非兰特202101合约', '', '', '', '', '', ''),
(3, 20, 'CME墨西哥比索202101合约', '', '', '', '', '', ''),
(2, 20, 'CME墨西哥比索202101合约', '', '', '', '', '', ''),
(1, 20, 'CME墨西哥比索202101合约', '', '', '', '', '', ''),
(3, 21, 'CME美元/离岸人民币202101合约', '', '', '', '', '', ''),
(2, 21, 'CME美元/离岸人民币202101合约', '', '', '', '', '', ''),
(1, 21, 'CME美元/离岸人民币202101合约', '', '', '', '', '', ''),
(3, 22, 'CME欧洲美元202101合约', '', '', '', '', '', ''),
(2, 22, 'CME欧洲美元202101合约', '', '', '', '', '', ''),
(1, 22, 'CME欧洲美元202101合约', '', '', '', '', '', ''),
(3, 23, 'CME日经指数(JPY)202101合约', '', '', '', '', '', ''),
(2, 23, 'CME日经指数(JPY)202101合约', '', '', '', '', '', ''),
(1, 23, 'CME日经指数(JPY)202101合约', '', '', '', '', '', ''),
(3, 24, 'CME饲牛202101合约', '', '', '', '', '', ''),
(2, 24, 'CME饲牛202101合约', '', '', '', '', '', ''),
(1, 24, 'CME饲牛202101合约', '', '', '', '', '', ''),
(3, 25, 'COMEX美黄金202101合约', '', '', '', '', '', ''),
(2, 25, 'COMEX美黄金202101合约', '', '', '', '', '', ''),
(1, 25, 'COMEX美黄金202101合约', '', '', '', '', '', ''),
(3, 26, 'COMEX美白银202101合约', '', '', '', '', '', ''),
(2, 26, 'COMEX美白银202101合约', '', '', '', '', '', ''),
(1, 26, 'COMEX美白银202101合约', '', '', '', '', '', ''),
(3, 27, 'COMEX美铜202101合约', '', '', '', '', '', ''),
(2, 27, 'COMEX美铜202101合约', '', '', '', '', '', ''),
(1, 27, 'COMEX美铜202101合约', '', '', '', '', '', ''),
(3, 28, 'COMEX小型美白银202101合约', '', '', '', '', '', ''),
(2, 28, 'COMEX小型美白银202101合约', '', '', '', '', '', ''),
(1, 28, 'COMEX小型美白银202101合约', '', '', '', '', '', ''),
(3, 29, 'NYMEX美原油202101合约', '', '', '', '', '', ''),
(2, 29, 'NYMEX美原油202101合约', '', '', '', '', '', ''),
(1, 29, 'NYMEX美原油202101合约', '', '', '', '', '', ''),
(3, 30, 'NYMEX热燃油202101合约', '', '', '', '', '', ''),
(2, 30, 'NYMEX热燃油202101合约', '', '', '', '', '', ''),
(1, 30, 'NYMEX热燃油202101合约', '', '', '', '', '', ''),
(3, 31, 'NYMEX美钯金202101合约', '', '', '', '', '', ''),
(2, 31, 'NYMEX美钯金202101合约', '', '', '', '', '', ''),
(1, 31, 'NYMEX美钯金202101合约', '', '', '', '', '', ''),
(3, 32, 'NYMEX美铂金202101合约', '', '', '', '', '', ''),
(2, 32, 'NYMEX美铂金202101合约', '', '', '', '', '', ''),
(1, 32, 'NYMEX美铂金202101合约', '', '', '', '', '', ''),
(3, 33, 'NYMEX小型天然气202101合约', '', '', '', '', '', ''),
(2, 33, 'NYMEX小型天然气202101合约', '', '', '', '', '', ''),
(1, 33, 'NYMEX小型天然气202101合约', '', '', '', '', '', ''),
(3, 34, 'NYMEX小型美原油202101合约', '', '', '', '', '', ''),
(2, 34, 'NYMEX小型美原油202101合约', '', '', '', '', '', ''),
(1, 34, 'NYMEX小型美原油202101合约', '', '', '', '', '', ''),
(3, 35, 'NYMEX无铅汽油202101合约', '', '', '', '', '', ''),
(2, 35, 'NYMEX无铅汽油202101合约', '', '', '', '', '', ''),
(1, 35, 'NYMEX无铅汽油202101合约', '', '', '', '', '', ''),
(3, 36, 'NYMEX布伦特原油最后结算202101合约', '', '', '', '', '', ''),
(2, 36, 'NYMEX布伦特原油最后结算202101合约', '', '', '', '', '', ''),
(1, 36, 'NYMEX布伦特原油最后结算202101合约', '', '', '', '', '', ''),
(3, 37, 'HKEX美元兑人民币202101合约', '', '', '', '', '', ''),
(2, 37, 'HKEX美元兑人民币202101合约', '', '', '', '', '', ''),
(1, 37, 'HKEX美元兑人民币202101合约', '', '', '', '', '', ''),
(3, 38, 'HKEX恒生科技指數202101合约', '', '', '', '', '', ''),
(2, 38, 'HKEX恒生科技指數202101合约', '', '', '', '', '', ''),
(1, 38, 'HKEX恒生科技指數202101合约', '', '', '', '', '', ''),
(3, 39, 'HKEX鐵礦石指數月合約202101合约', '', '', '', '', '', ''),
(2, 39, 'HKEX鐵礦石指數月合約202101合约', '', '', '', '', '', ''),
(1, 39, 'HKEX鐵礦石指數月合約202101合约', '', '', '', '', '', ''),
(3, 40, 'HKEX美元黃金期貨202101合约', '', '', '', '', '', ''),
(2, 40, 'HKEX美元黃金期貨202101合约', '', '', '', '', '', ''),
(1, 40, 'HKEX美元黃金期貨202101合约', '', '', '', '', '', ''),
(3, 41, 'HKEX人民幣(香港)黃金期貨202101合约', '', '', '', '', '', ''),
(2, 41, 'HKEX人民幣(香港)黃金期貨202101合约', '', '', '', '', '', ''),
(1, 41, 'HKEX人民幣(香港)黃金期貨202101合约', '', '', '', '', '', ''),
(3, 42, 'HKEX欧元兑人民币202101合约', '', '', '', '', '', ''),
(2, 42, 'HKEX欧元兑人民币202101合约', '', '', '', '', '', ''),
(1, 42, 'HKEX欧元兑人民币202101合约', '', '', '', '', '', ''),
(3, 43, 'HKEX日元兑人民币202101合约', '', '', '', '', '', ''),
(2, 43, 'HKEX日元兑人民币202101合约', '', '', '', '', '', ''),
(1, 43, 'HKEX日元兑人民币202101合约', '', '', '', '', '', ''),
(3, 44, 'HKEX澳元人民币202101合约', '', '', '', '', '', ''),
(2, 44, 'HKEX澳元人民币202101合约', '', '', '', '', '', ''),
(1, 44, 'HKEX澳元人民币202101合约', '', '', '', '', '', ''),
(3, 45, 'HKEX卢比兑美元202101合约', '', '', '', '', '', ''),
(2, 45, 'HKEX卢比兑美元202101合约', '', '', '', '', '', ''),
(1, 45, 'HKEX卢比兑美元202101合约', '', '', '', '', '', ''),
(3, 46, 'HKEX建设银行202101合约', '', '', '', '', '', ''),
(2, 46, 'HKEX建设银行202101合约', '', '', '', '', '', ''),
(1, 46, 'HKEX建设银行202101合约', '', '', '', '', '', ''),
(3, 47, 'HKEX中国移动202101合约', '', '', '', '', '', ''),
(2, 47, 'HKEX中国移动202101合约', '', '', '', '', '', ''),
(1, 47, 'HKEX中国移动202101合约', '', '', '', '', '', ''),
(3, 48, 'HKEX香港交易所202101合约', '', '', '', '', '', ''),
(2, 48, 'HKEX香港交易所202101合约', '', '', '', '', '', ''),
(1, 48, 'HKEX香港交易所202101合约', '', '', '', '', '', ''),
(3, 49, 'HKEX汇丰控股202101合约', '', '', '', '', '', ''),
(2, 49, 'HKEX汇丰控股202101合约', '', '', '', '', '', ''),
(1, 49, 'HKEX汇丰控股202101合约', '', '', '', '', '', ''),
(3, 50, 'HKEX工商银行202101合约', '', '', '', '', '', ''),
(2, 50, 'HKEX工商银行202101合约', '', '', '', '', '', ''),
(1, 50, 'HKEX工商银行202101合约', '', '', '', '', '', ''),
(3, 51, 'HKEX中国平安202101合约', '', '', '', '', '', ''),
(2, 51, 'HKEX中国平安202101合约', '', '', '', '', '', ''),
(1, 51, 'HKEX中国平安202101合约', '', '', '', '', '', ''),
(3, 52, 'HKEX腾讯控股202101合约', '', '', '', '', '', ''),
(2, 52, 'HKEX腾讯控股202101合约', '', '', '', '', '', ''),
(1, 52, 'HKEX腾讯控股202101合约', '', '', '', '', '', ''),
(3, 53, 'HKEX小米集团202101合约', '', '', '', '', '', ''),
(2, 53, 'HKEX小米集团202101合约', '', '', '', '', '', ''),
(1, 53, 'HKEX小米集团202101合约', '', '', '', '', '', ''),
(3, 54, 'HKEX美团点评202101合约', '', '', '', '', '', ''),
(2, 54, 'HKEX美团点评202101合约', '', '', '', '', '', ''),
(1, 54, 'HKEX美团点评202101合约', '', '', '', '', '', ''),
(3, 55, 'HKEX阿里巴巴202101合约', '', '', '', '', '', ''),
(2, 55, 'HKEX阿里巴巴202101合约', '', '', '', '', '', ''),
(1, 55, 'HKEX阿里巴巴202101合约', '', '', '', '', '', ''),
(3, 56, 'HKEX中國鐵塔202101合约', '', '', '', '', '', ''),
(2, 56, 'HKEX中國鐵塔202101合约', '', '', '', '', '', ''),
(1, 56, 'HKEX中國鐵塔202101合约', '', '', '', '', '', ''),
(3, 57, 'HKEX百威亞太202101合约', '', '', '', '', '', ''),
(2, 57, 'HKEX百威亞太202101合约', '', '', '', '', '', ''),
(1, 57, 'HKEX百威亞太202101合约', '', '', '', '', '', ''),
(3, 58, 'HKEX長城汽車202101合约', '', '', '', '', '', ''),
(2, 58, 'HKEX長城汽車202101合约', '', '', '', '', '', ''),
(1, 58, 'HKEX長城汽車202101合约', '', '', '', '', '', ''),
(3, 59, 'HKEX京東集團202101合约', '', '', '', '', '', ''),
(2, 59, 'HKEX京東集團202101合约', '', '', '', '', '', ''),
(1, 59, 'HKEX京東集團202101合约', '', '', '', '', '', ''),
(3, 60, 'HKEX網易202101合约', '', '', '', '', '', ''),
(2, 60, 'HKEX網易202101合约', '', '', '', '', '', ''),
(1, 60, 'HKEX網易202101合约', '', '', '', '', '', ''),
(3, 61, 'HKEX中國石油化工202101合约', '', '', '', '', '', ''),
(2, 61, 'HKEX中國石油化工202101合约', '', '', '', '', '', ''),
(1, 61, 'HKEX中國石油化工202101合约', '', '', '', '', '', ''),
(3, 62, 'HKEX中國電信202101合约', '', '', '', '', '', ''),
(2, 62, 'HKEX中國電信202101合约', '', '', '', '', '', ''),
(1, 62, 'HKEX中國電信202101合约', '', '', '', '', '', ''),
(3, 63, 'HKEX中國石油天然氣202101合约', '', '', '', '', '', ''),
(2, 63, 'HKEX中國石油天然氣202101合约', '', '', '', '', '', ''),
(1, 63, 'HKEX中國石油天然氣202101合约', '', '', '', '', '', ''),
(3, 64, 'HKEX中國海洋石油202101合约', '', '', '', '', '', ''),
(2, 64, 'HKEX中國海洋石油202101合约', '', '', '', '', '', ''),
(1, 64, 'HKEX中國海洋石油202101合约', '', '', '', '', '', ''),
(3, 65, 'HKEX中國交通建設202101合约', '', '', '', '', '', ''),
(2, 65, 'HKEX中國交通建設202101合约', '', '', '', '', '', ''),
(1, 65, 'HKEX中國交通建設202101合约', '', '', '', '', '', ''),
(3, 66, 'HKEX中國人民財產保險202101合约', '', '', '', '', '', ''),
(2, 66, 'HKEX中國人民財產保險202101合约', '', '', '', '', '', ''),
(1, 66, 'HKEX中國人民財產保險202101合约', '', '', '', '', '', ''),
(3, 67, 'HKEX中銀香港202101合约', '', '', '', '', '', ''),
(2, 67, 'HKEX中銀香港202101合约', '', '', '', '', '', ''),
(1, 67, 'HKEX中銀香港202101合约', '', '', '', '', '', ''),
(3, 68, 'HKEX中國人壽保險202101合约', '', '', '', '', '', ''),
(2, 68, 'HKEX中國人壽保險202101合约', '', '', '', '', '', ''),
(1, 68, 'HKEX中國人壽保險202101合约', '', '', '', '', '', ''),
(3, 69, 'HKEX招商銀行202101合约', '', '', '', '', '', ''),
(2, 69, 'HKEX招商銀行202101合约', '', '', '', '', '', ''),
(1, 69, 'HKEX招商銀行202101合约', '', '', '', '', '', ''),
(3, 70, 'HKEX安硕A50202101合约', '', '', '', '', '', ''),
(2, 70, 'HKEX安硕A50202101合约', '', '', '', '', '', ''),
(1, 70, 'HKEX安硕A50202101合约', '', '', '', '', '', ''),
(3, 71, 'HKEX华夏沪深300202101合约', '', '', '', '', '', ''),
(2, 71, 'HKEX华夏沪深300202101合约', '', '', '', '', '', ''),
(1, 71, 'HKEX华夏沪深300202101合约', '', '', '', '', '', ''),
(3, 72, 'HKEX南方A50202101合约', '', '', '', '', '', ''),
(2, 72, 'HKEX南方A50202101合约', '', '', '', '', '', ''),
(1, 72, 'HKEX南方A50202101合约', '', '', '', '', '', ''),
(3, 73, 'HKEXMSCI澳洲净总回报指数202101合约', '', '', '', '', '', ''),
(2, 73, 'HKEXMSCI澳洲净总回报指数202101合约', '', '', '', '', '', ''),
(1, 73, 'HKEXMSCI澳洲净总回报指数202101合约', '', '', '', '', '', ''),
(3, 74, 'HKEXMSCI中国自由净总回报202101合约', '', '', '', '', '', ''),
(2, 74, 'HKEXMSCI中国自由净总回报202101合约', '', '', '', '', '', ''),
(1, 74, 'HKEXMSCI中国自由净总回报202101合约', '', '', '', '', '', ''),
(3, 75, 'HKEXMSCI新兴市场亚洲净总回报202101合约', '', '', '', '', '', ''),
(2, 75, 'HKEXMSCI新兴市场亚洲净总回报202101合约', '', '', '', '', '', ''),
(1, 75, 'HKEXMSCI新兴市场亚洲净总回报202101合约', '', '', '', '', '', ''),
(3, 76, 'HKEXMSCI印度净总回报指数202101合约', '', '', '', '', '', ''),
(2, 76, 'HKEXMSCI印度净总回报指数202101合约', '', '', '', '', '', ''),
(1, 76, 'HKEXMSCI印度净总回报指数202101合约', '', '', '', '', '', ''),
(3, 77, 'HKEXMSCI印尼净总回报指数202101合约', '', '', '', '', '', ''),
(2, 77, 'HKEXMSCI印尼净总回报指数202101合约', '', '', '', '', '', ''),
(1, 77, 'HKEXMSCI印尼净总回报指数202101合约', '', '', '', '', '', ''),
(3, 78, 'HKEXMSCI日本净总回报指数202101合约', '', '', '', '', '', ''),
(2, 78, 'HKEXMSCI日本净总回报指数202101合约', '', '', '', '', '', ''),
(1, 78, 'HKEXMSCI日本净总回报指数202101合约', '', '', '', '', '', ''),
(3, 79, 'HKEXMSCI马来西亚净总回报202101合约', '', '', '', '', '', ''),
(2, 79, 'HKEXMSCI马来西亚净总回报202101合约', '', '', '', '', '', ''),
(1, 79, 'HKEXMSCI马来西亚净总回报202101合约', '', '', '', '', '', ''),
(3, 80, 'HKEXMSCI台湾净总回报指数202101合约', '', '', '', '', '', ''),
(2, 80, 'HKEXMSCI台湾净总回报指数202101合约', '', '', '', '', '', ''),
(1, 80, 'HKEXMSCI台湾净总回报指数202101合约', '', '', '', '', '', ''),
(3, 81, 'HKEXMSCI泰国净总回报指数202101合约', '', '', '', '', '', ''),
(2, 81, 'HKEXMSCI泰国净总回报指数202101合约', '', '', '', '', '', ''),
(1, 81, 'HKEXMSCI泰国净总回报指数202101合约', '', '', '', '', '', ''),
(3, 82, 'HKEXMSCI新兴市场指数202101合约', '', '', '', '', '', ''),
(2, 82, 'HKEXMSCI新兴市场指数202101合约', '', '', '', '', '', ''),
(1, 82, 'HKEXMSCI新兴市场指数202101合约', '', '', '', '', '', ''),
(3, 83, 'HKEXMSCI新兴市场NTR202101合约', '', '', '', '', '', ''),
(2, 83, 'HKEXMSCI新兴市场NTR202101合约', '', '', '', '', '', ''),
(1, 83, 'HKEXMSCI新兴市场NTR202101合约', '', '', '', '', '', ''),
(3, 84, 'HKEXMSCI香港NTR指数202101合约', '', '', '', '', '', ''),
(2, 84, 'HKEXMSCI香港NTR指数202101合约', '', '', '', '', '', ''),
(1, 84, 'HKEXMSCI香港NTR指数202101合约', '', '', '', '', '', ''),
(3, 85, 'HKEXMSCI菲律宾NTR指数202101合约', '', '', '', '', '', ''),
(2, 85, 'HKEXMSCI菲律宾NTR指数202101合约', '', '', '', '', '', ''),
(1, 85, 'HKEXMSCI菲律宾NTR指数202101合约', '', '', '', '', '', ''),
(3, 86, 'HKEXMSCI新加坡NTR指数202101合约', '', '', '', '', '', ''),
(2, 86, 'HKEXMSCI新加坡NTR指数202101合约', '', '', '', '', '', ''),
(1, 86, 'HKEXMSCI新加坡NTR指数202101合约', '', '', '', '', '', ''),
(3, 87, 'HKEXMSCI越南NTR指数202101合约', '', '', '', '', '', ''),
(2, 87, 'HKEXMSCI越南NTR指数202101合约', '', '', '', '', '', ''),
(1, 87, 'HKEXMSCI越南NTR指数202101合约', '', '', '', '', '', ''),
(3, 88, 'HKEXMSCI新西蘭淨總回報指數202101合约', '', '', '', '', '', ''),
(2, 88, 'HKEXMSCI新西蘭淨總回報指數202101合约', '', '', '', '', '', ''),
(1, 88, 'HKEXMSCI新西蘭淨總回報指數202101合约', '', '', '', '', '', ''),
(3, 89, 'HKEXMSCI新加坡自由淨總回報指數202101合约', '', '', '', '', '', ''),
(2, 89, 'HKEXMSCI新加坡自由淨總回報指數202101合约', '', '', '', '', '', ''),
(1, 89, 'HKEXMSCI新加坡自由淨總回報指數202101合约', '', '', '', '', '', ''),
(3, 90, 'HKEXMSCI新兴市场除中国NTR指数202101合约', '', '', '', '', '', ''),
(2, 90, 'HKEXMSCI新兴市场除中国NTR指数202101合约', '', '', '', '', '', ''),
(1, 90, 'HKEXMSCI新兴市场除中国NTR指数202101合约', '', '', '', '', '', ''),
(3, 91, 'HKEXMSCI新兴市场除韩国NTR指数202101合约', '', '', '', '', '', ''),
(2, 91, 'HKEXMSCI新兴市场除韩国NTR指数202101合约', '', '', '', '', '', ''),
(1, 91, 'HKEXMSCI新兴市场除韩国NTR指数202101合约', '', '', '', '', '', ''),
(3, 92, 'HKEXMSCI新兴市场亚洲除中国NTR202101合约', '', '', '', '', '', ''),
(2, 92, 'HKEXMSCI新兴市场亚洲除中国NTR202101合约', '', '', '', '', '', ''),
(1, 92, 'HKEXMSCI新兴市场亚洲除中国NTR202101合约', '', '', '', '', '', ''),
(3, 93, 'HKEXMSCI新兴市场亚洲除韩国NTR202101合约', '', '', '', '', '', ''),
(2, 93, 'HKEXMSCI新兴市场亚洲除韩国NTR202101合约', '', '', '', '', '', ''),
(1, 93, 'HKEXMSCI新兴市场亚洲除韩国NTR202101合约', '', '', '', '', '', ''),
(3, 94, 'HKEXMSCI新兴市场欧非中东NTR202101合约', '', '', '', '', '', ''),
(2, 94, 'HKEXMSCI新兴市场欧非中东NTR202101合约', '', '', '', '', '', ''),
(1, 94, 'HKEXMSCI新兴市场欧非中东NTR202101合约', '', '', '', '', '', ''),
(3, 95, 'HKEXMSCI新兴市场拉丁美洲NTR202101合约', '', '', '', '', '', ''),
(2, 95, 'HKEXMSCI新兴市场拉丁美洲NTR202101合约', '', '', '', '', '', ''),
(1, 95, 'HKEXMSCI新兴市场拉丁美洲NTR202101合约', '', '', '', '', '', ''),
(3, 96, 'HKEXMSCI太平洋NTR指数202101合约', '', '', '', '', '', ''),
(2, 96, 'HKEXMSCI太平洋NTR指数202101合约', '', '', '', '', '', ''),
(1, 96, 'HKEXMSCI太平洋NTR指数202101合约', '', '', '', '', '', ''),
(3, 97, 'HKEXMSCI太平洋除日本NTR202101合约', '', '', '', '', '', ''),
(2, 97, 'HKEXMSCI太平洋除日本NTR202101合约', '', '', '', '', '', ''),
(1, 97, 'HKEXMSCI太平洋除日本NTR202101合约', '', '', '', '', '', ''),
(3, 98, 'SGX富时中国指数202101合约', '', '', '', '', '', ''),
(2, 98, 'SGX富时中国指数202101合约', '', '', '', '', '', ''),
(1, 98, 'SGX富时中国指数202101合约', '', '', '', '', '', ''),
(3, 99, 'SGX日经225指数202101合约', '', '', '', '', '', ''),
(2, 99, 'SGX日经225指数202101合约', '', '', '', '', '', ''),
(1, 99, 'SGX日经225指数202101合约', '', '', '', '', '', ''),
(1, 100, 'SGX新加坡指数202101合约', '', '', '', '', '', ''),
(2, 100, 'SGX新加坡指数202101合约', '', '', '', '', '', ''),
(3, 100, 'SGX新加坡指数202101合约', '', '', '', '', '', ''),
(1, 101, 'SGX台湾指数202101合约', '', '', '', '', '', ''),
(2, 101, 'SGX台湾指数202101合约', '', '', '', '', '', ''),
(3, 101, 'SGX台湾指数202101合约', '', '', '', '', '', ''),
(1, 102, 'SGX美元兑人民币202101合约', '', '', '', '', '', ''),
(2, 102, 'SGX美元兑人民币202101合约', '', '', '', '', '', ''),
(3, 102, 'SGX美元兑人民币202101合约', '', '', '', '', '', ''),
(3, 103, 'SGX铁矿石202101合约', '', '', '', '', '', ''),
(2, 103, 'SGX铁矿石202101合约', '', '', '', '', '', ''),
(1, 103, 'SGX铁矿石202101合约', '', '', '', '', '', ''),
(3, 104, 'SGX铁矿石202101合约', '', '', '', '', '', ''),
(2, 104, 'SGX铁矿石202101合约', '', '', '', '', '', ''),
(1, 104, 'SGX铁矿石202101合约', '', '', '', '', '', ''),
(3, 105, 'SGXNifty50指数202101合约', '', '', '', '', '', ''),
(2, 105, 'SGXNifty50指数202101合约', '', '', '', '', '', ''),
(1, 105, 'SGXNifty50指数202101合约', '', '', '', '', '', ''),
(3, 106, 'SGXMSCI中国净总收益（美元）指数202101合约', '', '', '', '', '', ''),
(2, 106, 'SGXMSCI中国净总收益（美元）指数202101合约', '', '', '', '', '', ''),
(1, 106, 'SGXMSCI中国净总收益（美元）指数202101合约', '', '', '', '', '', ''),
(3, 107, 'SGXRSS3橡胶202101合约', '', '', '', '', '', ''),
(2, 107, 'SGXRSS3橡胶202101合约', '', '', '', '', '', ''),
(1, 107, 'SGXRSS3橡胶202101合约', '', '', '', '', '', ''),
(3, 108, 'SGX橡胶202101合约', '', '', '', '', '', ''),
(2, 108, 'SGX橡胶202101合约', '', '', '', '', '', ''),
(1, 108, 'SGX橡胶202101合约', '', '', '', '', '', ''),
(3, 109, 'SGX马来西亚林吉特对美元202101合约', '', '', '', '', '', ''),
(2, 109, 'SGX马来西亚林吉特对美元202101合约', '', '', '', '', '', ''),
(1, 109, 'SGX马来西亚林吉特对美元202101合约', '', '', '', '', '', ''),
(3, 110, 'EUREX欧洲恐慌指数202101合约', '', '', '', '', '', ''),
(2, 110, 'EUREX欧洲恐慌指数202101合约', '', '', '', '', '', ''),
(1, 110, 'EUREX欧洲恐慌指数202101合约', '', '', '', '', '', ''),
(3, 111, 'ICUS冷冻橙汁202101合约', '', '', '', '', '', ''),
(2, 111, 'ICUS冷冻橙汁202101合约', '', '', '', '', '', ''),
(1, 111, 'ICUS冷冻橙汁202101合约', '', '', '', '', '', ''),
(3, 112, 'ICE_SG迷你布伦特原油202101合约', '', '', '', '', '', ''),
(2, 112, 'ICE_SG迷你布伦特原油202101合约', '', '', '', '', '', ''),
(1, 112, 'ICE_SG迷你布伦特原油202101合约', '', '', '', '', '', ''),
(3, 113, 'ICEU布伦特原油202101合约', '', '', '', '', '', ''),
(2, 113, 'ICEU布伦特原油202101合约', '', '', '', '', '', ''),
(1, 113, 'ICEU布伦特原油202101合约', '', '', '', '', '', ''),
(3, 114, 'ICEU汽油202101合约', '', '', '', '', '', ''),
(2, 114, 'ICEU汽油202101合约', '', '', '', '', '', ''),
(1, 114, 'ICEU汽油202101合约', '', '', '', '', '', ''),
(3, 115, 'ICEU罗博士特咖啡202101合约', '', '', '', '', '', ''),
(2, 115, 'ICEU罗博士特咖啡202101合约', '', '', '', '', '', ''),
(1, 115, 'ICEU罗博士特咖啡202101合约', '', '', '', '', '', ''),
(3, 116, 'BMD棕榈油202101合约', '', '', '', '', '', ''),
(2, 116, 'BMD棕榈油202101合约', '', '', '', '', '', ''),
(1, 116, 'BMD棕榈油202101合约', '', '', '', '', '', ''),
(3, 117, 'CBOECBOE VIX202101合约', '', '', '', '', '', ''),
(2, 117, 'CBOECBOE VIX202101合约', '', '', '', '', '', ''),
(1, 117, 'CBOECBOE VIX202101合约', '', '', '', '', '', ''),
(3, 118, 'APEX精炼棕榈油202101合约', '', '', '', '', '', ''),
(2, 118, 'APEX精炼棕榈油202101合约', '', '', '', '', '', ''),
(1, 118, 'APEX精炼棕榈油202101合约', '', '', '', '', '', ''),
(3, 119, 'TOCOM原油202101合约', '', '', '', '', '', ''),
(2, 119, 'TOCOM原油202101合约', '', '', '', '', '', ''),
(1, 119, 'TOCOM原油202101合约', '', '', '', '', '', ''),
(3, 120, 'OSE日本橡胶202101合约', '', '', '', '', '', ''),
(2, 120, 'OSE日本橡胶202101合约', '', '', '', '', '', ''),
(1, 120, 'OSE日本橡胶202101合约', '', '', '', '', '', ''),
(3, 121, 'OSE大板小型日經指數202101合约', '', '', '', '', '', ''),
(2, 121, 'OSE大板小型日經指數202101合约', '', '', '', '', '', ''),
(1, 121, 'OSE大板小型日經指數202101合约', '', '', '', '', '', ''),
(3, 122, 'DCE铁矿石202101合约', '', '', '', '', '', ''),
(2, 122, 'DCE铁矿石202101合约', '', '', '', '', '', ''),
(1, 122, 'DCE铁矿石202101合约', '', '', '', '', '', ''),
(3, 123, 'ZCE精对苯二甲酸 PTA202101合约', '', '', '', '', '', ''),
(2, 123, 'ZCE精对苯二甲酸 PTA202101合约', '', '', '', '', '', ''),
(1, 123, 'ZCE精对苯二甲酸 PTA202101合约', '', '', '', '', '', ''),
(3, 124, 'CBOT30天联邦基金202102合约', '', '', '', '', '', ''),
(2, 124, 'CBOT30天联邦基金202102合约', '', '', '', '', '', ''),
(1, 124, 'CBOT30天联邦基金202102合约', '', '', '', '', '', ''),
(3, 125, 'CME澳元202102合约', '', '', '', '', '', ''),
(2, 125, 'CME澳元202102合约', '', '', '', '', '', ''),
(1, 125, 'CME澳元202102合约', '', '', '', '', '', ''),
(3, 126, 'CME英镑202102合约', '', '', '', '', '', ''),
(2, 126, 'CME英镑202102合约', '', '', '', '', '', ''),
(1, 126, 'CME英镑202102合约', '', '', '', '', '', ''),
(3, 127, 'CME加元202102合约', '', '', '', '', '', ''),
(2, 127, 'CME加元202102合约', '', '', '', '', '', ''),
(1, 127, 'CME加元202102合约', '', '', '', '', '', ''),
(1, 128, 'CME欧元202102合约', '', '', '', '', '', ''),
(2, 128, 'CME欧元202102合约', '', '', '', '', '', ''),
(3, 128, 'CME欧元202102合约', '', '', '', '', '', ''),
(3, 129, 'CME日元202102合约', '', '', '', '', '', ''),
(2, 129, 'CME日元202102合约', '', '', '', '', '', ''),
(1, 129, 'CME日元202102合约', '', '', '', '', '', ''),
(3, 130, 'CME巴西雷亚尔202102合约', '', '', '', '', '', ''),
(2, 130, 'CME巴西雷亚尔202102合约', '', '', '', '', '', ''),
(1, 130, 'CME巴西雷亚尔202102合约', '', '', '', '', '', ''),
(3, 131, 'CME卢布202102合约', '', '', '', '', '', ''),
(2, 131, 'CME卢布202102合约', '', '', '', '', '', ''),
(1, 131, 'CME卢布202102合约', '', '', '', '', '', ''),
(3, 132, 'CME欧元/英镑202102合约', '', '', '', '', '', ''),
(2, 132, 'CME欧元/英镑202102合约', '', '', '', '', '', ''),
(1, 132, 'CME欧元/英镑202102合约', '', '', '', '', '', ''),
(3, 133, 'CME南非兰特202102合约', '', '', '', '', '', ''),
(2, 133, 'CME南非兰特202102合约', '', '', '', '', '', ''),
(1, 133, 'CME南非兰特202102合约', '', '', '', '', '', ''),
(3, 134, 'CME墨西哥比索202102合约', '', '', '', '', '', ''),
(2, 134, 'CME墨西哥比索202102合约', '', '', '', '', '', ''),
(1, 134, 'CME墨西哥比索202102合约', '', '', '', '', '', ''),
(3, 135, 'CME美元/离岸人民币202102合约', '', '', '', '', '', ''),
(2, 135, 'CME美元/离岸人民币202102合约', '', '', '', '', '', ''),
(1, 135, 'CME美元/离岸人民币202102合约', '', '', '', '', '', ''),
(3, 136, 'CME欧洲美元202102合约', '', '', '', '', '', ''),
(2, 136, 'CME欧洲美元202102合约', '', '', '', '', '', ''),
(1, 136, 'CME欧洲美元202102合约', '', '', '', '', '', ''),
(3, 137, 'CME日经指数(JPY)202102合约', '', '', '', '', '', ''),
(2, 137, 'CME日经指数(JPY)202102合约', '', '', '', '', '', ''),
(1, 137, 'CME日经指数(JPY)202102合约', '', '', '', '', '', ''),
(3, 138, 'CME活牛202102合约', '', '', '', '', '', ''),
(2, 138, 'CME活牛202102合约', '', '', '', '', '', ''),
(1, 138, 'CME活牛202102合约', '', '', '', '', '', ''),
(3, 139, 'CME生猪202102合约', '', '', '', '', '', ''),
(2, 139, 'CME生猪202102合约', '', '', '', '', '', ''),
(1, 139, 'CME生猪202102合约', '', '', '', '', '', ''),
(3, 140, 'COMEX美黄金202102合约', '', '', '', '', '', ''),
(2, 140, 'COMEX美黄金202102合约', '', '', '', '', '', ''),
(1, 140, 'COMEX美黄金202102合约', '', '', '', '', '', ''),
(3, 141, 'COMEX美铜202102合约', '', '', '', '', '', ''),
(2, 141, 'COMEX美铜202102合约', '', '', '', '', '', ''),
(1, 141, 'COMEX美铜202102合约', '', '', '', '', '', ''),
(3, 142, 'COMEX小型美黄金202102合约', '', '', '', '', '', ''),
(2, 142, 'COMEX小型美黄金202102合约', '', '', '', '', '', ''),
(1, 142, 'COMEX小型美黄金202102合约', '', '', '', '', '', ''),
(3, 143, 'NYMEX美原油202102合约', '', '', '', '', '', ''),
(2, 143, 'NYMEX美原油202102合约', '', '', '', '', '', ''),
(1, 143, 'NYMEX美原油202102合约', '', '', '', '', '', ''),
(3, 144, 'NYMEX热燃油202102合约', '', '', '', '', '', ''),
(2, 144, 'NYMEX热燃油202102合约', '', '', '', '', '', ''),
(1, 144, 'NYMEX热燃油202102合约', '', '', '', '', '', ''),
(3, 145, 'NYMEX天然气202102合约', '', '', '', '', '', ''),
(2, 145, 'NYMEX天然气202102合约', '', '', '', '', '', ''),
(1, 145, 'NYMEX天然气202102合约', '', '', '', '', '', ''),
(3, 146, 'NYMEX小型天然气202102合约', '', '', '', '', '', ''),
(2, 146, 'NYMEX小型天然气202102合约', '', '', '', '', '', ''),
(1, 146, 'NYMEX小型天然气202102合约', '', '', '', '', '', ''),
(3, 147, 'NYMEX小型美原油202102合约', '', '', '', '', '', ''),
(2, 147, 'NYMEX小型美原油202102合约', '', '', '', '', '', ''),
(1, 147, 'NYMEX小型美原油202102合约', '', '', '', '', '', ''),
(3, 148, 'NYMEX无铅汽油202102合约', '', '', '', '', '', ''),
(2, 148, 'NYMEX无铅汽油202102合约', '', '', '', '', '', ''),
(1, 148, 'NYMEX无铅汽油202102合约', '', '', '', '', '', ''),
(3, 149, 'NYMEX布伦特原油最后结算202102合约', '', '', '', '', '', ''),
(2, 149, 'NYMEX布伦特原油最后结算202102合约', '', '', '', '', '', ''),
(1, 149, 'NYMEX布伦特原油最后结算202102合约', '', '', '', '', '', ''),
(3, 150, 'HKEX美元兑人民币202102合约', '', '', '', '', '', ''),
(2, 150, 'HKEX美元兑人民币202102合约', '', '', '', '', '', ''),
(1, 150, 'HKEX美元兑人民币202102合约', '', '', '', '', '', ''),
(3, 151, 'HKEX鐵礦石指數月合約202102合约', '', '', '', '', '', ''),
(2, 151, 'HKEX鐵礦石指數月合約202102合约', '', '', '', '', '', ''),
(1, 151, 'HKEX鐵礦石指數月合約202102合约', '', '', '', '', '', ''),
(3, 152, 'HKEX美元黃金期貨202102合约', '', '', '', '', '', ''),
(2, 152, 'HKEX美元黃金期貨202102合约', '', '', '', '', '', ''),
(1, 152, 'HKEX美元黃金期貨202102合约', '', '', '', '', '', ''),
(3, 153, 'HKEX人民幣(香港)黃金期貨202102合约', '', '', '', '', '', ''),
(2, 153, 'HKEX人民幣(香港)黃金期貨202102合约', '', '', '', '', '', ''),
(1, 153, 'HKEX人民幣(香港)黃金期貨202102合约', '', '', '', '', '', ''),
(3, 154, 'HKEX卢比兑美元202102合约', '', '', '', '', '', ''),
(2, 154, 'HKEX卢比兑美元202102合约', '', '', '', '', '', ''),
(1, 154, 'HKEX卢比兑美元202102合约', '', '', '', '', '', ''),
(3, 155, 'SGX日经225指数202102合约', '', '', '', '', '', ''),
(2, 155, 'SGX日经225指数202102合约', '', '', '', '', '', ''),
(1, 155, 'SGX日经225指数202102合约', '', '', '', '', '', ''),
(3, 156, 'SGX美元兑人民币202102合约', '', '', '', '', '', ''),
(2, 156, 'SGX美元兑人民币202102合约', '', '', '', '', '', ''),
(1, 156, 'SGX美元兑人民币202102合约', '', '', '', '', '', ''),
(3, 157, 'SGX铁矿石202102合约', '', '', '', '', '', ''),
(2, 157, 'SGX铁矿石202102合约', '', '', '', '', '', ''),
(1, 157, 'SGX铁矿石202102合约', '', '', '', '', '', ''),
(3, 158, 'SGXMSCI中国净总收益（美元）指数202102合约', '', '', '', '', '', ''),
(2, 158, 'SGXMSCI中国净总收益（美元）指数202102合约', '', '', '', '', '', ''),
(1, 158, 'SGXMSCI中国净总收益（美元）指数202102合约', '', '', '', '', '', ''),
(3, 159, 'SGXRSS3橡胶202102合约', '', '', '', '', '', ''),
(2, 159, 'SGXRSS3橡胶202102合约', '', '', '', '', '', ''),
(1, 159, 'SGXRSS3橡胶202102合约', '', '', '', '', '', ''),
(3, 160, 'SGX橡胶202102合约', '', '', '', '', '', ''),
(2, 160, 'SGX橡胶202102合约', '', '', '', '', '', ''),
(1, 160, 'SGX橡胶202102合约', '', '', '', '', '', ''),
(3, 161, 'SGX马来西亚林吉特对美元202102合约', '', '', '', '', '', ''),
(2, 161, 'SGX马来西亚林吉特对美元202102合约', '', '', '', '', '', ''),
(1, 161, 'SGX马来西亚林吉特对美元202102合约', '', '', '', '', '', ''),
(3, 162, 'EUREX欧洲恐慌指数202102合约', '', '', '', '', '', ''),
(2, 162, 'EUREX欧洲恐慌指数202102合约', '', '', '', '', '', ''),
(1, 162, 'EUREX欧洲恐慌指数202102合约', '', '', '', '', '', ''),
(3, 163, 'ICE-SG迷你布伦特原油202102合约', '', '', '', '', '', ''),
(2, 163, 'ICE-SG迷你布伦特原油202102合约', '', '', '', '', '', ''),
(1, 163, 'ICE-SG迷你布伦特原油202102合约', '', '', '', '', '', ''),
(3, 164, 'ICEU布伦特原油202102合约', '', '', '', '', '', ''),
(2, 164, 'ICEU布伦特原油202102合约', '', '', '', '', '', ''),
(1, 164, 'ICEU布伦特原油202102合约', '', '', '', '', '', ''),
(3, 165, 'ICEU汽油202102合约', '', '', '', '', '', ''),
(2, 165, 'ICEU汽油202102合约', '', '', '', '', '', ''),
(1, 165, 'ICEU汽油202102合约', '', '', '', '', '', ''),
(3, 166, 'BMD棕榈油202102合约', '', '', '', '', '', ''),
(2, 166, 'BMD棕榈油202102合约', '', '', '', '', '', ''),
(1, 166, 'BMD棕榈油202102合约', '', '', '', '', '', ''),
(3, 167, 'CBOECBOE VIX202102合约', '', '', '', '', '', ''),
(2, 167, 'CBOECBOE VIX202102合约', '', '', '', '', '', ''),
(1, 167, 'CBOECBOE VIX202102合约', '', '', '', '', '', ''),
(3, 168, 'APEX精炼棕榈油202102合约', '', '', '', '', '', ''),
(2, 168, 'APEX精炼棕榈油202102合约', '', '', '', '', '', ''),
(1, 168, 'APEX精炼棕榈油202102合约', '', '', '', '', '', ''),
(3, 169, 'TOCOM原油202102合约', '', '', '', '', '', ''),
(2, 169, 'TOCOM原油202102合约', '', '', '', '', '', ''),
(1, 169, 'TOCOM原油202102合约', '', '', '', '', '', ''),
(3, 170, 'OSE日本黃金202102合约', '', '', '', '', '', ''),
(2, 170, 'OSE日本黃金202102合约', '', '', '', '', '', ''),
(1, 170, 'OSE日本黃金202102合约', '', '', '', '', '', ''),
(3, 171, 'OSE日本橡胶202102合约', '', '', '', '', '', ''),
(2, 171, 'OSE日本橡胶202102合约', '', '', '', '', '', ''),
(1, 171, 'OSE日本橡胶202102合约', '', '', '', '', '', ''),
(3, 172, 'OSE大板小型日經指數202102合约', '', '', '', '', '', ''),
(2, 172, 'OSE大板小型日經指數202102合约', '', '', '', '', '', ''),
(1, 172, 'OSE大板小型日經指數202102合约', '', '', '', '', '', ''),
(3, 173, 'DCE铁矿石202102合约', '', '', '', '', '', ''),
(2, 173, 'DCE铁矿石202102合约', '', '', '', '', '', ''),
(1, 173, 'DCE铁矿石202102合约', '', '', '', '', '', ''),
(3, 174, 'ZCE精对苯二甲酸 PTA202102合约', '', '', '', '', '', ''),
(2, 174, 'ZCE精对苯二甲酸 PTA202102合约', '', '', '', '', '', ''),
(1, 174, 'ZCE精对苯二甲酸 PTA202102合约', '', '', '', '', '', ''),
(1, 175, 'CBOT美玉米202103合约', '', '', '', '', '', ''),
(2, 175, 'CBOT美玉米202103合约', '', '', '', '', '', ''),
(3, 175, 'CBOT美玉米202103合约', '', '', '', '', '', ''),
(3, 176, 'CBOT燕麦202103合约', '', '', '', '', '', ''),
(2, 176, 'CBOT燕麦202103合约', '', '', '', '', '', ''),
(1, 176, 'CBOT燕麦202103合约', '', '', '', '', '', ''),
(3, 177, 'CBOT美豆202103合约', '', '', '', '', '', ''),
(2, 177, 'CBOT美豆202103合约', '', '', '', '', '', ''),
(1, 177, 'CBOT美豆202103合约', '', '', '', '', '', ''),
(3, 178, 'CBOT美麦202103合约', '', '', '', '', '', ''),
(2, 178, 'CBOT美麦202103合约', '', '', '', '', '', ''),
(1, 178, 'CBOT美麦202103合约', '', '', '', '', '', ''),
(1, 179, 'CBOTKS小麦202103合约', '', '', '', '', '', ''),
(2, 179, 'CBOTKS小麦202103合约', '', '', '', '', '', ''),
(3, 179, 'CBOTKS小麦202103合约', '', '', '', '', '', ''),
(3, 180, 'CBOT美豆油202103合约', '', '', '', '', '', ''),
(2, 180, 'CBOT美豆油202103合约', '', '', '', '', '', ''),
(1, 180, 'CBOT美豆油202103合约', '', '', '', '', '', ''),
(3, 181, 'CBOT美豆粕202103合约', '', '', '', '', '', ''),
(2, 181, 'CBOT美豆粕202103合约', '', '', '', '', '', ''),
(1, 181, 'CBOT美豆粕202103合约', '', '', '', '', '', ''),
(3, 182, 'CBOT粗米202103合约', '', '', '', '', '', ''),
(2, 182, 'CBOT粗米202103合约', '', '', '', '', '', ''),
(1, 182, 'CBOT粗米202103合约', '', '', '', '', '', ''),
(3, 183, 'CBOT超長十年美債202103合约', '', '', '', '', '', ''),
(2, 183, 'CBOT超長十年美債202103合约', '', '', '', '', '', ''),
(1, 183, 'CBOT超長十年美債202103合约', '', '', '', '', '', ''),
(3, 184, 'CBOT超長期美債202103合约', '', '', '', '', '', ''),
(2, 184, 'CBOT超長期美債202103合约', '', '', '', '', '', ''),
(1, 184, 'CBOT超長期美債202103合约', '', '', '', '', '', ''),
(3, 185, 'CBOT长期美债202103合约', '', '', '', '', '', ''),
(2, 185, 'CBOT长期美债202103合约', '', '', '', '', '', ''),
(1, 185, 'CBOT长期美债202103合约', '', '', '', '', '', ''),
(3, 186, 'CBOT10年美债202103合约', '', '', '', '', '', ''),
(2, 186, 'CBOT10年美债202103合约', '', '', '', '', '', ''),
(1, 186, 'CBOT10年美债202103合约', '', '', '', '', '', ''),
(3, 187, 'CBOT5年美债202103合约', '', '', '', '', '', ''),
(2, 187, 'CBOT5年美债202103合约', '', '', '', '', '', ''),
(1, 187, 'CBOT5年美债202103合约', '', '', '', '', '', ''),
(3, 188, 'CBOT2年美债202103合约', '', '', '', '', '', ''),
(2, 188, 'CBOT2年美债202103合约', '', '', '', '', '', ''),
(1, 188, 'CBOT2年美债202103合约', '', '', '', '', '', ''),
(3, 189, 'CBOT微型道琼斯指数202103合约', '', '', '', '', '', ''),
(2, 189, 'CBOT微型道琼斯指数202103合约', '', '', '', '', '', ''),
(1, 189, 'CBOT微型道琼斯指数202103合约', '', '', '', '', '', ''),
(3, 190, 'CBOT小型道琼斯指数202103合约', '', '', '', '', '', ''),
(2, 190, 'CBOT小型道琼斯指数202103合约', '', '', '', '', '', ''),
(1, 190, 'CBOT小型道琼斯指数202103合约', '', '', '', '', '', ''),
(1, 191, 'CBOT30天联邦基金202103合约', '', '', '', '', '', ''),
(2, 191, 'CBOT30天联邦基金202103合约', '', '', '', '', '', ''),
(3, 191, 'CBOT30天联邦基金202103合约', '', '', '', '', '', ''),
(3, 192, 'CME澳元202103合约', '', '', '', '', '', ''),
(2, 192, 'CME澳元202103合约', '', '', '', '', '', ''),
(1, 192, 'CME澳元202103合约', '', '', '', '', '', ''),
(3, 193, 'CME英镑202103合约', '', '', '', '', '', ''),
(2, 193, 'CME英镑202103合约', '', '', '', '', '', ''),
(1, 193, 'CME英镑202103合约', '', '', '', '', '', ''),
(3, 194, 'CME加元202103合约', '', '', '', '', '', ''),
(2, 194, 'CME加元202103合约', '', '', '', '', '', ''),
(1, 194, 'CME加元202103合约', '', '', '', '', '', ''),
(3, 195, 'CME欧元202103合约', '', '', '', '', '', ''),
(2, 195, 'CME欧元202103合约', '', '', '', '', '', ''),
(1, 195, 'CME欧元202103合约', '', '', '', '', '', ''),
(3, 196, 'CME日元202103合约', '', '', '', '', '', ''),
(2, 196, 'CME日元202103合约', '', '', '', '', '', ''),
(1, 196, 'CME日元202103合约', '', '', '', '', '', ''),
(3, 197, 'CME纽元202103合约', '', '', '', '', '', ''),
(2, 197, 'CME纽元202103合约', '', '', '', '', '', ''),
(1, 197, 'CME纽元202103合约', '', '', '', '', '', ''),
(3, 198, 'CME瑞士法郎202103合约', '', '', '', '', '', ''),
(2, 198, 'CME瑞士法郎202103合约', '', '', '', '', '', ''),
(1, 198, 'CME瑞士法郎202103合约', '', '', '', '', '', ''),
(3, 199, 'CME巴西雷亚尔202103合约', '', '', '', '', '', ''),
(2, 199, 'CME巴西雷亚尔202103合约', '', '', '', '', '', ''),
(1, 199, 'CME巴西雷亚尔202103合约', '', '', '', '', '', ''),
(3, 200, 'CME波兰兹罗提202103合约', '', '', '', '', '', ''),
(2, 200, 'CME波兰兹罗提202103合约', '', '', '', '', '', ''),
(1, 200, 'CME波兰兹罗提202103合约', '', '', '', '', '', ''),
(3, 201, 'CME匈牙利福林202103合约', '', '', '', '', '', ''),
(2, 201, 'CME匈牙利福林202103合约', '', '', '', '', '', ''),
(1, 201, 'CME匈牙利福林202103合约', '', '', '', '', '', ''),
(3, 202, 'CME卢布202103合约', '', '', '', '', '', ''),
(2, 202, 'CME卢布202103合约', '', '', '', '', '', ''),
(1, 202, 'CME卢布202103合约', '', '', '', '', '', ''),
(3, 203, 'CME欧元/加元202103合约', '', '', '', '', '', ''),
(2, 203, 'CME欧元/加元202103合约', '', '', '', '', '', ''),
(1, 203, 'CME欧元/加元202103合约', '', '', '', '', '', ''),
(3, 204, 'CME欧元/瑞郎202103合约', '', '', '', '', '', ''),
(2, 204, 'CME欧元/瑞郎202103合约', '', '', '', '', '', ''),
(1, 204, 'CME欧元/瑞郎202103合约', '', '', '', '', '', ''),
(3, 205, 'CME欧元/英镑202103合约', '', '', '', '', '', ''),
(2, 205, 'CME欧元/英镑202103合约', '', '', '', '', '', ''),
(1, 205, 'CME欧元/英镑202103合约', '', '', '', '', '', ''),
(3, 206, 'CME欧元/日币202103合约', '', '', '', '', '', ''),
(2, 206, 'CME欧元/日币202103合约', '', '', '', '', '', ''),
(1, 206, 'CME欧元/日币202103合约', '', '', '', '', '', ''),
(3, 207, 'CME南非兰特202103合约', '', '', '', '', '', ''),
(2, 207, 'CME南非兰特202103合约', '', '', '', '', '', ''),
(1, 207, 'CME南非兰特202103合约', '', '', '', '', '', ''),
(3, 208, 'CME墨西哥比索202103合约', '', '', '', '', '', ''),
(2, 208, 'CME墨西哥比索202103合约', '', '', '', '', '', ''),
(1, 208, 'CME墨西哥比索202103合约', '', '', '', '', '', ''),
(3, 209, 'CME美元/离岸人民币202103合约', '', '', '', '', '', ''),
(2, 209, 'CME美元/离岸人民币202103合约', '', '', '', '', '', ''),
(1, 209, 'CME美元/离岸人民币202103合约', '', '', '', '', '', ''),
(3, 210, 'CME欧洲美元202103合约', '', '', '', '', '', ''),
(2, 210, 'CME欧洲美元202103合约', '', '', '', '', '', ''),
(1, 210, 'CME欧洲美元202103合约', '', '', '', '', '', ''),
(3, 211, 'CME日经指数(USD)202103合约', '', '', '', '', '', ''),
(2, 211, 'CME日经指数(USD)202103合约', '', '', '', '', '', ''),
(1, 211, 'CME日经指数(USD)202103合约', '', '', '', '', '', ''),
(3, 212, 'CME日经指数(JPY)202103合约', '', '', '', '', '', ''),
(2, 212, 'CME日经指数(JPY)202103合约', '', '', '', '', '', ''),
(1, 212, 'CME日经指数(JPY)202103合约', '', '', '', '', '', ''),
(3, 213, 'CME微型罗素2000指数期货202103合约', '', '', '', '', '', ''),
(2, 213, 'CME微型罗素2000指数期货202103合约', '', '', '', '', '', ''),
(1, 213, 'CME微型罗素2000指数期货202103合约', '', '', '', '', '', ''),
(3, 214, 'CME微型标准普尔指数202103合约', '', '', '', '', '', ''),
(2, 214, 'CME微型标准普尔指数202103合约', '', '', '', '', '', ''),
(1, 214, 'CME微型标准普尔指数202103合约', '', '', '', '', '', ''),
(3, 215, 'CME微型纳斯达克100指数202103合约', '', '', '', '', '', ''),
(2, 215, 'CME微型纳斯达克100指数202103合约', '', '', '', '', '', ''),
(1, 215, 'CME微型纳斯达克100指数202103合约', '', '', '', '', '', ''),
(3, 216, 'CME小型羅素2000指數期貨202103合约', '', '', '', '', '', ''),
(2, 216, 'CME小型羅素2000指數期貨202103合约', '', '', '', '', '', ''),
(1, 216, 'CME小型羅素2000指數期貨202103合约', '', '', '', '', '', ''),
(3, 217, 'CME小型标准普尔指数202103合约', '', '', '', '', '', ''),
(2, 217, 'CME小型标准普尔指数202103合约', '', '', '', '', '', ''),
(1, 217, 'CME小型标准普尔指数202103合约', '', '', '', '', '', ''),
(3, 218, 'CME小型纳斯达克100指数202103合约', '', '', '', '', '', ''),
(2, 218, 'CME小型纳斯达克100指数202103合约', '', '', '', '', '', ''),
(1, 218, 'CME小型纳斯达克100指数202103合约', '', '', '', '', '', ''),
(3, 219, 'CME饲牛202103合约', '', '', '', '', '', ''),
(2, 219, 'CME饲牛202103合约', '', '', '', '', '', ''),
(1, 219, 'CME饲牛202103合约', '', '', '', '', '', ''),
(3, 220, 'COMEX美白银202103合约', '', '', '', '', '', ''),
(2, 220, 'COMEX美白银202103合约', '', '', '', '', '', ''),
(1, 220, 'COMEX美白银202103合约', '', '', '', '', '', ''),
(3, 221, 'COMEX美铜202103合约', '', '', '', '', '', ''),
(2, 221, 'COMEX美铜202103合约', '', '', '', '', '', ''),
(1, 221, 'COMEX美铜202103合约', '', '', '', '', '', ''),
(3, 222, 'COMEX小型美白银202103合约', '', '', '', '', '', ''),
(2, 222, 'COMEX小型美白银202103合约', '', '', '', '', '', ''),
(1, 222, 'COMEX小型美白银202103合约', '', '', '', '', '', ''),
(3, 223, 'NYMEX美原油202103合约', '', '', '', '', '', ''),
(2, 223, 'NYMEX美原油202103合约', '', '', '', '', '', ''),
(1, 223, 'NYMEX美原油202103合约', '', '', '', '', '', ''),
(3, 224, 'NYMEX热燃油202103合约', '', '', '', '', '', ''),
(2, 224, 'NYMEX热燃油202103合约', '', '', '', '', '', ''),
(1, 224, 'NYMEX热燃油202103合约', '', '', '', '', '', ''),
(3, 225, 'NYMEX天然气202103合约', '', '', '', '', '', ''),
(2, 225, 'NYMEX天然气202103合约', '', '', '', '', '', ''),
(1, 225, 'NYMEX天然气202103合约', '', '', '', '', '', ''),
(3, 226, 'NYMEX美钯金202103合约', '', '', '', '', '', ''),
(2, 226, 'NYMEX美钯金202103合约', '', '', '', '', '', ''),
(1, 226, 'NYMEX美钯金202103合约', '', '', '', '', '', ''),
(3, 227, 'NYMEX小型天然气202103合约', '', '', '', '', '', ''),
(2, 227, 'NYMEX小型天然气202103合约', '', '', '', '', '', ''),
(1, 227, 'NYMEX小型天然气202103合约', '', '', '', '', '', ''),
(3, 228, 'NYMEX小型美原油202103合约', '', '', '', '', '', ''),
(2, 228, 'NYMEX小型美原油202103合约', '', '', '', '', '', ''),
(1, 228, 'NYMEX小型美原油202103合约', '', '', '', '', '', ''),
(3, 229, 'NYMEX无铅汽油202103合约', '', '', '', '', '', ''),
(2, 229, 'NYMEX无铅汽油202103合约', '', '', '', '', '', ''),
(1, 229, 'NYMEX无铅汽油202103合约', '', '', '', '', '', ''),
(3, 230, 'NYMEX布伦特原油最后结算202103合约', '', '', '', '', '', ''),
(2, 230, 'NYMEX布伦特原油最后结算202103合约', '', '', '', '', '', ''),
(1, 230, 'NYMEX布伦特原油最后结算202103合约', '', '', '', '', '', ''),
(3, 231, 'HKEX美元兑人民币202103合约', '', '', '', '', '', ''),
(2, 231, 'HKEX美元兑人民币202103合约', '', '', '', '', '', ''),
(1, 231, 'HKEX美元兑人民币202103合约', '', '', '', '', '', ''),
(3, 232, 'HKEX恒生科技指數202103合约', '', '', '', '', '', ''),
(2, 232, 'HKEX恒生科技指數202103合约', '', '', '', '', '', ''),
(1, 232, 'HKEX恒生科技指數202103合约', '', '', '', '', '', ''),
(3, 233, 'HKEXH股指数202103合约', '', '', '', '', '', ''),
(2, 233, 'HKEXH股指数202103合约', '', '', '', '', '', ''),
(1, 233, 'HKEXH股指数202103合约', '', '', '', '', '', ''),
(3, 234, 'HKEX恒生指数202103合约', '', '', '', '', '', ''),
(2, 234, 'HKEX恒生指数202103合约', '', '', '', '', '', ''),
(1, 234, 'HKEX恒生指数202103合约', '', '', '', '', '', ''),
(3, 235, 'HKEX小型H股指数202103合约', '', '', '', '', '', ''),
(2, 235, 'HKEX小型H股指数202103合约', '', '', '', '', '', ''),
(1, 235, 'HKEX小型H股指数202103合约', '', '', '', '', '', ''),
(3, 236, 'HKEX小型恒生指数202103合约', '', '', '', '', '', ''),
(2, 236, 'HKEX小型恒生指数202103合约', '', '', '', '', '', ''),
(1, 236, 'HKEX小型恒生指数202103合约', '', '', '', '', '', ''),
(3, 237, 'HKEX鐵礦石指數月合約202103合约', '', '', '', '', '', ''),
(2, 237, 'HKEX鐵礦石指數月合約202103合约', '', '', '', '', '', ''),
(1, 237, 'HKEX鐵礦石指數月合約202103合约', '', '', '', '', '', ''),
(3, 238, 'HKEX鐵礦石指數季合約202103合约', '', '', '', '', '', ''),
(2, 238, 'HKEX鐵礦石指數季合約202103合约', '', '', '', '', '', ''),
(1, 238, 'HKEX鐵礦石指數季合約202103合约', '', '', '', '', '', ''),
(3, 239, 'HKEX美元黃金期貨202103合约', '', '', '', '', '', ''),
(2, 239, 'HKEX美元黃金期貨202103合约', '', '', '', '', '', ''),
(1, 239, 'HKEX美元黃金期貨202103合约', '', '', '', '', '', ''),
(3, 240, 'HKEX人民幣(香港)黃金期貨202103合约', '', '', '', '', '', ''),
(2, 240, 'HKEX人民幣(香港)黃金期貨202103合约', '', '', '', '', '', ''),
(1, 240, 'HKEX人民幣(香港)黃金期貨202103合约', '', '', '', '', '', ''),
(3, 241, 'HKEX欧元兑人民币202103合约', '', '', '', '', '', ''),
(2, 241, 'HKEX欧元兑人民币202103合约', '', '', '', '', '', ''),
(1, 241, 'HKEX欧元兑人民币202103合约', '', '', '', '', '', ''),
(3, 242, 'HKEX日元兑人民币202103合约', '', '', '', '', '', ''),
(2, 242, 'HKEX日元兑人民币202103合约', '', '', '', '', '', ''),
(1, 242, 'HKEX日元兑人民币202103合约', '', '', '', '', '', ''),
(3, 243, 'HKEX澳元人民币202103合约', '', '', '', '', '', ''),
(2, 243, 'HKEX澳元人民币202103合约', '', '', '', '', '', ''),
(1, 243, 'HKEX澳元人民币202103合约', '', '', '', '', '', ''),
(3, 244, 'HKEX卢比兑美元202103合约', '', '', '', '', '', ''),
(2, 244, 'HKEX卢比兑美元202103合约', '', '', '', '', '', ''),
(1, 244, 'HKEX卢比兑美元202103合约', '', '', '', '', '', ''),
(3, 245, 'HKEX中华120指数202103合约', '', '', '', '', '', ''),
(2, 245, 'HKEX中华120指数202103合约', '', '', '', '', '', ''),
(1, 245, 'HKEX中华120指数202103合约', '', '', '', '', '', ''),
(3, 246, 'HKEX建设银行202103合约', '', '', '', '', '', ''),
(2, 246, 'HKEX建设银行202103合约', '', '', '', '', '', ''),
(1, 246, 'HKEX建设银行202103合约', '', '', '', '', '', ''),
(3, 247, 'HKEX中国移动202103合约', '', '', '', '', '', ''),
(2, 247, 'HKEX中国移动202103合约', '', '', '', '', '', ''),
(1, 247, 'HKEX中国移动202103合约', '', '', '', '', '', ''),
(3, 248, 'HKEX香港交易所202103合约', '', '', '', '', '', ''),
(2, 248, 'HKEX香港交易所202103合约', '', '', '', '', '', ''),
(1, 248, 'HKEX香港交易所202103合约', '', '', '', '', '', ''),
(3, 249, 'HKEX汇丰控股202103合约', '', '', '', '', '', ''),
(2, 249, 'HKEX汇丰控股202103合约', '', '', '', '', '', ''),
(1, 249, 'HKEX汇丰控股202103合约', '', '', '', '', '', ''),
(3, 250, 'HKEX工商银行202103合约', '', '', '', '', '', ''),
(2, 250, 'HKEX工商银行202103合约', '', '', '', '', '', ''),
(1, 250, 'HKEX工商银行202103合约', '', '', '', '', '', ''),
(3, 251, 'HKEX中国平安202103合约', '', '', '', '', '', ''),
(2, 251, 'HKEX中国平安202103合约', '', '', '', '', '', ''),
(1, 251, 'HKEX中国平安202103合约', '', '', '', '', '', ''),
(3, 252, 'HKEX腾讯控股202103合约', '', '', '', '', '', ''),
(2, 252, 'HKEX腾讯控股202103合约', '', '', '', '', '', ''),
(1, 252, 'HKEX腾讯控股202103合约', '', '', '', '', '', ''),
(3, 253, 'HKEX小米集团202103合约', '', '', '', '', '', ''),
(2, 253, 'HKEX小米集团202103合约', '', '', '', '', '', ''),
(1, 253, 'HKEX小米集团202103合约', '', '', '', '', '', ''),
(3, 254, 'HKEX美团点评202103合约', '', '', '', '', '', ''),
(2, 254, 'HKEX美团点评202103合约', '', '', '', '', '', ''),
(1, 254, 'HKEX美团点评202103合约', '', '', '', '', '', ''),
(3, 255, 'HKEX阿里巴巴202103合约', '', '', '', '', '', ''),
(2, 255, 'HKEX阿里巴巴202103合约', '', '', '', '', '', ''),
(1, 255, 'HKEX阿里巴巴202103合约', '', '', '', '', '', ''),
(3, 256, 'HKEX中國鐵塔202103合约', '', '', '', '', '', ''),
(2, 256, 'HKEX中國鐵塔202103合约', '', '', '', '', '', ''),
(1, 256, 'HKEX中國鐵塔202103合约', '', '', '', '', '', ''),
(3, 257, 'HKEX百威亞太202103合约', '', '', '', '', '', ''),
(2, 257, 'HKEX百威亞太202103合约', '', '', '', '', '', ''),
(1, 257, 'HKEX百威亞太202103合约', '', '', '', '', '', ''),
(3, 258, 'HKEX長城汽車202103合约', '', '', '', '', '', ''),
(2, 258, 'HKEX長城汽車202103合约', '', '', '', '', '', ''),
(1, 258, 'HKEX長城汽車202103合约', '', '', '', '', '', ''),
(3, 259, 'HKEX京東集團202103合约', '', '', '', '', '', ''),
(2, 259, 'HKEX京東集團202103合约', '', '', '', '', '', ''),
(1, 259, 'HKEX京東集團202103合约', '', '', '', '', '', ''),
(3, 260, 'HKEX網易202103合约', '', '', '', '', '', ''),
(2, 260, 'HKEX網易202103合约', '', '', '', '', '', ''),
(1, 260, 'HKEX網易202103合约', '', '', '', '', '', ''),
(3, 261, 'HKEX中國石油化工202103合约', '', '', '', '', '', ''),
(2, 261, 'HKEX中國石油化工202103合约', '', '', '', '', '', ''),
(1, 261, 'HKEX中國石油化工202103合约', '', '', '', '', '', ''),
(3, 262, 'HKEX中國電信202103合约', '', '', '', '', '', ''),
(2, 262, 'HKEX中國電信202103合约', '', '', '', '', '', ''),
(1, 262, 'HKEX中國電信202103合约', '', '', '', '', '', ''),
(3, 263, 'HKEX中國石油天然氣202103合约', '', '', '', '', '', ''),
(2, 263, 'HKEX中國石油天然氣202103合约', '', '', '', '', '', ''),
(1, 263, 'HKEX中國石油天然氣202103合约', '', '', '', '', '', ''),
(3, 264, 'HKEX中國海洋石油202103合约', '', '', '', '', '', ''),
(2, 264, 'HKEX中國海洋石油202103合约', '', '', '', '', '', ''),
(1, 264, 'HKEX中國海洋石油202103合约', '', '', '', '', '', ''),
(3, 265, 'HKEX中國交通建設202103合约', '', '', '', '', '', ''),
(2, 265, 'HKEX中國交通建設202103合约', '', '', '', '', '', ''),
(1, 265, 'HKEX中國交通建設202103合约', '', '', '', '', '', ''),
(3, 266, 'HKEX中國人民財產保險202103合约', '', '', '', '', '', ''),
(2, 266, 'HKEX中國人民財產保險202103合约', '', '', '', '', '', ''),
(1, 266, 'HKEX中國人民財產保險202103合约', '', '', '', '', '', ''),
(3, 267, 'HKEX中銀香港202103合约', '', '', '', '', '', ''),
(2, 267, 'HKEX中銀香港202103合约', '', '', '', '', '', ''),
(1, 267, 'HKEX中銀香港202103合约', '', '', '', '', '', ''),
(3, 268, 'HKEX中國人壽保險202103合约', '', '', '', '', '', ''),
(2, 268, 'HKEX中國人壽保險202103合约', '', '', '', '', '', ''),
(1, 268, 'HKEX中國人壽保險202103合约', '', '', '', '', '', ''),
(3, 269, 'HKEX招商銀行202103合约', '', '', '', '', '', ''),
(2, 269, 'HKEX招商銀行202103合约', '', '', '', '', '', ''),
(1, 269, 'HKEX招商銀行202103合约', '', '', '', '', '', ''),
(3, 270, 'HKEX安硕A50202103合约', '', '', '', '', '', ''),
(2, 270, 'HKEX安硕A50202103合约', '', '', '', '', '', ''),
(1, 270, 'HKEX安硕A50202103合约', '', '', '', '', '', ''),
(3, 271, 'HKEX华夏沪深300202103合约', '', '', '', '', '', ''),
(2, 271, 'HKEX华夏沪深300202103合约', '', '', '', '', '', ''),
(1, 271, 'HKEX华夏沪深300202103合约', '', '', '', '', '', ''),
(3, 272, 'HKEX南方A50202103合约', '', '', '', '', '', ''),
(2, 272, 'HKEX南方A50202103合约', '', '', '', '', '', ''),
(1, 272, 'HKEX南方A50202103合约', '', '', '', '', '', ''),
(3, 273, 'HKEXMSCI澳洲净总回报指数202103合约', '', '', '', '', '', ''),
(2, 273, 'HKEXMSCI澳洲净总回报指数202103合约', '', '', '', '', '', ''),
(1, 273, 'HKEXMSCI澳洲净总回报指数202103合约', '', '', '', '', '', ''),
(3, 274, 'HKEXMSCI中国自由净总回报202103合约', '', '', '', '', '', ''),
(2, 274, 'HKEXMSCI中国自由净总回报202103合约', '', '', '', '', '', ''),
(1, 274, 'HKEXMSCI中国自由净总回报202103合约', '', '', '', '', '', ''),
(3, 275, 'HKEXMSCI新兴市场亚洲净总回报202103合约', '', '', '', '', '', ''),
(2, 275, 'HKEXMSCI新兴市场亚洲净总回报202103合约', '', '', '', '', '', ''),
(1, 275, 'HKEXMSCI新兴市场亚洲净总回报202103合约', '', '', '', '', '', ''),
(3, 276, 'HKEXMSCI印度净总回报指数202103合约', '', '', '', '', '', ''),
(2, 276, 'HKEXMSCI印度净总回报指数202103合约', '', '', '', '', '', ''),
(1, 276, 'HKEXMSCI印度净总回报指数202103合约', '', '', '', '', '', ''),
(3, 277, 'HKEXMSCI印尼净总回报指数202103合约', '', '', '', '', '', ''),
(2, 277, 'HKEXMSCI印尼净总回报指数202103合约', '', '', '', '', '', ''),
(1, 277, 'HKEXMSCI印尼净总回报指数202103合约', '', '', '', '', '', ''),
(3, 278, 'HKEXMSCI日本净总回报指数202103合约', '', '', '', '', '', ''),
(2, 278, 'HKEXMSCI日本净总回报指数202103合约', '', '', '', '', '', ''),
(1, 278, 'HKEXMSCI日本净总回报指数202103合约', '', '', '', '', '', ''),
(3, 279, 'HKEXMSCI马来西亚净总回报202103合约', '', '', '', '', '', ''),
(2, 279, 'HKEXMSCI马来西亚净总回报202103合约', '', '', '', '', '', ''),
(1, 279, 'HKEXMSCI马来西亚净总回报202103合约', '', '', '', '', '', ''),
(3, 280, 'HKEXMSCI台湾指数202103合约', '', '', '', '', '', ''),
(2, 280, 'HKEXMSCI台湾指数202103合约', '', '', '', '', '', ''),
(1, 280, 'HKEXMSCI台湾指数202103合约', '', '', '', '', '', ''),
(3, 281, 'HKEXMSCI台湾净总回报指数202103合约', '', '', '', '', '', ''),
(2, 281, 'HKEXMSCI台湾净总回报指数202103合约', '', '', '', '', '', ''),
(1, 281, 'HKEXMSCI台湾净总回报指数202103合约', '', '', '', '', '', ''),
(3, 282, 'HKEXMSCI泰国净总回报指数202103合约', '', '', '', '', '', ''),
(2, 282, 'HKEXMSCI泰国净总回报指数202103合约', '', '', '', '', '', ''),
(1, 282, 'HKEXMSCI泰国净总回报指数202103合约', '', '', '', '', '', ''),
(3, 283, 'HKEXMSCI新兴市场指数202103合约', '', '', '', '', '', ''),
(2, 283, 'HKEXMSCI新兴市场指数202103合约', '', '', '', '', '', ''),
(1, 283, 'HKEXMSCI新兴市场指数202103合约', '', '', '', '', '', ''),
(3, 284, 'HKEXMSCI新兴市场NTR202103合约', '', '', '', '', '', ''),
(2, 284, 'HKEXMSCI新兴市场NTR202103合约', '', '', '', '', '', ''),
(1, 284, 'HKEXMSCI新兴市场NTR202103合约', '', '', '', '', '', ''),
(3, 285, 'HKEXMSCI香港NTR指数202103合约', '', '', '', '', '', ''),
(2, 285, 'HKEXMSCI香港NTR指数202103合约', '', '', '', '', '', ''),
(1, 285, 'HKEXMSCI香港NTR指数202103合约', '', '', '', '', '', ''),
(3, 286, 'HKEXMSCI印尼指数202103合约', '', '', '', '', '', ''),
(2, 286, 'HKEXMSCI印尼指数202103合约', '', '', '', '', '', ''),
(1, 286, 'HKEXMSCI印尼指数202103合约', '', '', '', '', '', ''),
(3, 287, 'HKEXMSCI菲律宾NTR指数202103合约', '', '', '', '', '', ''),
(2, 287, 'HKEXMSCI菲律宾NTR指数202103合约', '', '', '', '', '', ''),
(1, 287, 'HKEXMSCI菲律宾NTR指数202103合约', '', '', '', '', '', ''),
(3, 288, 'HKEXMSCI新加坡NTR指数202103合约', '', '', '', '', '', ''),
(2, 288, 'HKEXMSCI新加坡NTR指数202103合约', '', '', '', '', '', ''),
(1, 288, 'HKEXMSCI新加坡NTR指数202103合约', '', '', '', '', '', ''),
(3, 289, 'HKEXMSCI越南NTR指数202103合约', '', '', '', '', '', ''),
(2, 289, 'HKEXMSCI越南NTR指数202103合约', '', '', '', '', '', ''),
(1, 289, 'HKEXMSCI越南NTR指数202103合约', '', '', '', '', '', ''),
(3, 290, 'HKEXMSCI中國自由指數202103合约', '', '', '', '', '', ''),
(2, 290, 'HKEXMSCI中國自由指數202103合约', '', '', '', '', '', ''),
(1, 290, 'HKEXMSCI中國自由指數202103合约', '', '', '', '', '', ''),
(3, 291, 'HKEXMSCI印度指數202103合约', '', '', '', '', '', ''),
(2, 291, 'HKEXMSCI印度指數202103合约', '', '', '', '', '', ''),
(1, 291, 'HKEXMSCI印度指數202103合约', '', '', '', '', '', ''),
(3, 292, 'HKEXMSCI馬來西亞指數202103合约', '', '', '', '', '', ''),
(2, 292, 'HKEXMSCI馬來西亞指數202103合约', '', '', '', '', '', ''),
(1, 292, 'HKEXMSCI馬來西亞指數202103合约', '', '', '', '', '', ''),
(3, 293, 'HKEXMSCI新西蘭淨總回報指數202103合约', '', '', '', '', '', ''),
(2, 293, 'HKEXMSCI新西蘭淨總回報指數202103合约', '', '', '', '', '', ''),
(1, 293, 'HKEXMSCI新西蘭淨總回報指數202103合约', '', '', '', '', '', ''),
(3, 294, 'HKEXMSCI菲律賓指數202103合约', '', '', '', '', '', ''),
(2, 294, 'HKEXMSCI菲律賓指數202103合约', '', '', '', '', '', ''),
(1, 294, 'HKEXMSCI菲律賓指數202103合约', '', '', '', '', '', ''),
(3, 295, 'HKEXMSCI新加坡自由淨總回報指數202103合约', '', '', '', '', '', ''),
(2, 295, 'HKEXMSCI新加坡自由淨總回報指數202103合约', '', '', '', '', '', ''),
(1, 295, 'HKEXMSCI新加坡自由淨總回報指數202103合约', '', '', '', '', '', ''),
(3, 296, 'HKEXMSCI泰國指數202103合约', '', '', '', '', '', ''),
(2, 296, 'HKEXMSCI泰國指數202103合约', '', '', '', '', '', ''),
(1, 296, 'HKEXMSCI泰國指數202103合约', '', '', '', '', '', ''),
(3, 297, 'HKEXMSCI越南指數202103合约', '', '', '', '', '', ''),
(2, 297, 'HKEXMSCI越南指數202103合约', '', '', '', '', '', ''),
(1, 297, 'HKEXMSCI越南指數202103合约', '', '', '', '', '', ''),
(3, 298, 'HKEXMSCI新兴市场除中国NTR指数202103合约', '', '', '', '', '', ''),
(2, 298, 'HKEXMSCI新兴市场除中国NTR指数202103合约', '', '', '', '', '', ''),
(1, 298, 'HKEXMSCI新兴市场除中国NTR指数202103合约', '', '', '', '', '', ''),
(3, 299, 'HKEXMSCI新兴市场除韩国NTR指数202103合约', '', '', '', '', '', ''),
(2, 299, 'HKEXMSCI新兴市场除韩国NTR指数202103合约', '', '', '', '', '', ''),
(1, 299, 'HKEXMSCI新兴市场除韩国NTR指数202103合约', '', '', '', '', '', ''),
(3, 300, 'HKEXMSCI新兴市场亚洲除中国NTR202103合约', '', '', '', '', '', ''),
(2, 300, 'HKEXMSCI新兴市场亚洲除中国NTR202103合约', '', '', '', '', '', ''),
(1, 300, 'HKEXMSCI新兴市场亚洲除中国NTR202103合约', '', '', '', '', '', ''),
(3, 301, 'HKEXMSCI新兴市场亚洲除韩国NTR202103合约', '', '', '', '', '', ''),
(2, 301, 'HKEXMSCI新兴市场亚洲除韩国NTR202103合约', '', '', '', '', '', ''),
(1, 301, 'HKEXMSCI新兴市场亚洲除韩国NTR202103合约', '', '', '', '', '', ''),
(3, 302, 'HKEXMSCI新兴市场欧非中东NTR202103合约', '', '', '', '', '', ''),
(2, 302, 'HKEXMSCI新兴市场欧非中东NTR202103合约', '', '', '', '', '', ''),
(1, 302, 'HKEXMSCI新兴市场欧非中东NTR202103合约', '', '', '', '', '', ''),
(3, 303, 'HKEXMSCI新兴市场拉丁美洲NTR202103合约', '', '', '', '', '', ''),
(2, 303, 'HKEXMSCI新兴市场拉丁美洲NTR202103合约', '', '', '', '', '', ''),
(1, 303, 'HKEXMSCI新兴市场拉丁美洲NTR202103合约', '', '', '', '', '', ''),
(3, 304, 'HKEXMSCI太平洋NTR指数202103合约', '', '', '', '', '', ''),
(2, 304, 'HKEXMSCI太平洋NTR指数202103合约', '', '', '', '', '', ''),
(1, 304, 'HKEXMSCI太平洋NTR指数202103合约', '', '', '', '', '', ''),
(3, 305, 'HKEXMSCI太平洋除日本NTR202103合约', '', '', '', '', '', ''),
(2, 305, 'HKEXMSCI太平洋除日本NTR202103合约', '', '', '', '', '', ''),
(1, 305, 'HKEXMSCI太平洋除日本NTR202103合约', '', '', '', '', '', ''),
(3, 306, 'SGX富时中国指数202103合约', '', '', '', '', '', ''),
(2, 306, 'SGX富时中国指数202103合约', '', '', '', '', '', ''),
(1, 306, 'SGX富时中国指数202103合约', '', '', '', '', '', ''),
(3, 307, 'SGX日经225指数202103合约', '', '', '', '', '', ''),
(2, 307, 'SGX日经225指数202103合约', '', '', '', '', '', ''),
(1, 307, 'SGX日经225指数202103合约', '', '', '', '', '', ''),
(3, 308, 'SGX新加坡指数202103合约', '', '', '', '', '', ''),
(2, 308, 'SGX新加坡指数202103合约', '', '', '', '', '', ''),
(1, 308, 'SGX新加坡指数202103合约', '', '', '', '', '', '');
INSERT INTO `tb_huatai_trading_future_desc` (`language_id`, `trading_future_id`, `name`, `detail`, `url`, `seo_desc`, `seo_title`, `detail2`, `seo_h1`) VALUES
(3, 309, 'SGX台湾指数202103合约', '', '', '', '', '', ''),
(2, 309, 'SGX台湾指数202103合约', '', '', '', '', '', ''),
(1, 309, 'SGX台湾指数202103合约', '', '', '', '', '', ''),
(3, 310, 'SGX美元兑人民币202103合约', '', '', '', '', '', ''),
(2, 310, 'SGX美元兑人民币202103合约', '', '', '', '', '', ''),
(1, 310, 'SGX美元兑人民币202103合约', '', '', '', '', '', ''),
(3, 311, 'SGX铁矿石202103合约', '', '', '', '', '', ''),
(2, 311, 'SGX铁矿石202103合约', '', '', '', '', '', ''),
(1, 311, 'SGX铁矿石202103合约', '', '', '', '', '', ''),
(3, 312, 'SGXNifty 50指数202103合约', '', '', '', '', '', ''),
(2, 312, 'SGXNifty 50指数202103合约', '', '', '', '', '', ''),
(1, 312, 'SGXNifty 50指数202103合约', '', '', '', '', '', ''),
(3, 313, 'SGXMSCI中国净总收益（美元）指数202103合约', '', '', '', '', '', ''),
(2, 313, 'SGXMSCI中国净总收益（美元）指数202103合约', '', '', '', '', '', ''),
(1, 313, 'SGXMSCI中国净总收益（美元）指数202103合约', '', '', '', '', '', ''),
(3, 314, 'SGXRSS3橡胶202103合约', '', '', '', '', '', ''),
(2, 314, 'SGXRSS3橡胶202103合约', '', '', '', '', '', ''),
(1, 314, 'SGXRSS3橡胶202103合约', '', '', '', '', '', ''),
(3, 315, 'SGX橡胶202103合约', '', '', '', '', '', ''),
(2, 315, 'SGX橡胶202103合约', '', '', '', '', '', ''),
(1, 315, 'SGX橡胶202103合约', '', '', '', '', '', ''),
(3, 316, 'SGX马来西亚林吉特对美元202103合约', '', '', '', '', '', ''),
(2, 316, 'SGX马来西亚林吉特对美元202103合约', '', '', '', '', '', ''),
(1, 316, 'SGX马来西亚林吉特对美元202103合约', '', '', '', '', '', ''),
(3, 317, 'EUREX德国DAX202103合约', '', '', '', '', '', ''),
(2, 317, 'EUREX德国DAX202103合约', '', '', '', '', '', ''),
(1, 317, 'EUREX德国DAX202103合约', '', '', '', '', '', ''),
(3, 318, 'EUREX迷你DAX指数202103合约', '', '', '', '', '', ''),
(2, 318, 'EUREX迷你DAX指数202103合约', '', '', '', '', '', ''),
(1, 318, 'EUREX迷你DAX指数202103合约', '', '', '', '', '', ''),
(3, 319, 'EUREX欧盟50指数202103合约', '', '', '', '', '', ''),
(2, 319, 'EUREX欧盟50指数202103合约', '', '', '', '', '', ''),
(1, 319, 'EUREX欧盟50指数202103合约', '', '', '', '', '', ''),
(3, 320, 'EUREX瑞士指数202103合约', '', '', '', '', '', ''),
(2, 320, 'EUREX瑞士指数202103合约', '', '', '', '', '', ''),
(1, 320, 'EUREX瑞士指数202103合约', '', '', '', '', '', ''),
(3, 321, 'EUREX欧洲恐慌指数202103合约', '', '', '', '', '', ''),
(2, 321, 'EUREX欧洲恐慌指数202103合约', '', '', '', '', '', ''),
(1, 321, 'EUREX欧洲恐慌指数202103合约', '', '', '', '', '', ''),
(3, 322, 'EUREX欧元德国10年国债202103合约', '', '', '', '', '', ''),
(2, 322, 'EUREX欧元德国10年国债202103合约', '', '', '', '', '', ''),
(1, 322, 'EUREX欧元德国10年国债202103合约', '', '', '', '', '', ''),
(3, 323, 'EUREX欧元德国2年国债202103合约', '', '', '', '', '', ''),
(2, 323, 'EUREX欧元德国2年国债202103合约', '', '', '', '', '', ''),
(1, 323, 'EUREX欧元德国2年国债202103合约', '', '', '', '', '', ''),
(3, 324, 'EUREX欧元债BUXL202103合约', '', '', '', '', '', ''),
(2, 324, 'EUREX欧元债BUXL202103合约', '', '', '', '', '', ''),
(1, 324, 'EUREX欧元债BUXL202103合约', '', '', '', '', '', ''),
(3, 325, 'EUREX欧元法国10年国债202103合约', '', '', '', '', '', ''),
(2, 325, 'EUREX欧元法国10年国债202103合约', '', '', '', '', '', ''),
(1, 325, 'EUREX欧元法国10年国债202103合约', '', '', '', '', '', ''),
(3, 326, 'EUREX欧元意大利10年国债202103合约', '', '', '', '', '', ''),
(2, 326, 'EUREX欧元意大利10年国债202103合约', '', '', '', '', '', ''),
(1, 326, 'EUREX欧元意大利10年国债202103合约', '', '', '', '', '', ''),
(3, 327, 'EUREX西班牙国债BONO202103合约', '', '', '', '', '', ''),
(2, 327, 'EUREX西班牙国债BONO202103合约', '', '', '', '', '', ''),
(1, 327, 'EUREX西班牙国债BONO202103合约', '', '', '', '', '', ''),
(3, 328, 'EUREX短期意债202103合约', '', '', '', '', '', ''),
(2, 328, 'EUREX短期意债202103合约', '', '', '', '', '', ''),
(1, 328, 'EUREX短期意债202103合约', '', '', '', '', '', ''),
(3, 329, 'ICUS美元指数202103合约', '', '', '', '', '', ''),
(2, 329, 'ICUS美元指数202103合约', '', '', '', '', '', ''),
(1, 329, 'ICUS美元指数202103合约', '', '', '', '', '', ''),
(3, 330, 'ICUS美可可202103合约', '', '', '', '', '', ''),
(2, 330, 'ICUS美可可202103合约', '', '', '', '', '', ''),
(1, 330, 'ICUS美可可202103合约', '', '', '', '', '', ''),
(3, 331, 'ICUS美棉202103合约', '', '', '', '', '', ''),
(2, 331, 'ICUS美棉202103合约', '', '', '', '', '', ''),
(1, 331, 'ICUS美棉202103合约', '', '', '', '', '', ''),
(3, 332, 'ICUS咖啡202103合约', '', '', '', '', '', ''),
(2, 332, 'ICUS咖啡202103合约', '', '', '', '', '', ''),
(1, 332, 'ICUS咖啡202103合约', '', '', '', '', '', ''),
(3, 333, 'ICUS冷冻橙汁202103合约', '', '', '', '', '', ''),
(2, 333, 'ICUS冷冻橙汁202103合约', '', '', '', '', '', ''),
(1, 333, 'ICUS冷冻橙汁202103合约', '', '', '', '', '', ''),
(3, 334, 'ICUS原糖11号202103合约', '', '', '', '', '', ''),
(2, 334, 'ICUS原糖11号202103合约', '', '', '', '', '', ''),
(1, 334, 'ICUS原糖11号202103合约', '', '', '', '', '', ''),
(3, 335, 'ICE_SG迷你布伦特原油202103合约', '', '', '', '', '', ''),
(2, 335, 'ICE_SG迷你布伦特原油202103合约', '', '', '', '', '', ''),
(1, 335, 'ICE_SG迷你布伦特原油202103合约', '', '', '', '', '', ''),
(3, 336, 'ICE_SG迷你美元指数202103合约', '', '', '', '', '', ''),
(2, 336, 'ICE_SG迷你美元指数202103合约', '', '', '', '', '', ''),
(1, 336, 'ICE_SG迷你美元指数202103合约', '', '', '', '', '', ''),
(3, 337, 'ICEU布伦特原油202103合约', '', '', '', '', '', ''),
(2, 337, 'ICEU布伦特原油202103合约', '', '', '', '', '', ''),
(1, 337, 'ICEU布伦特原油202103合约', '', '', '', '', '', ''),
(3, 338, 'ICEU汽油202103合约', '', '', '', '', '', ''),
(2, 338, 'ICEU汽油202103合约', '', '', '', '', '', ''),
(1, 338, 'ICEU汽油202103合约', '', '', '', '', '', ''),
(3, 339, 'ICEU富时100指数202103合约', '', '', '', '', '', ''),
(2, 339, 'ICEU富时100指数202103合约', '', '', '', '', '', ''),
(1, 339, 'ICEU富时100指数202103合约', '', '', '', '', '', ''),
(3, 340, 'ICEU白糖202103合约', '', '', '', '', '', ''),
(2, 340, 'ICEU白糖202103合约', '', '', '', '', '', ''),
(1, 340, 'ICEU白糖202103合约', '', '', '', '', '', ''),
(3, 341, 'ICEU可可202103合约', '', '', '', '', '', ''),
(2, 341, 'ICEU可可202103合约', '', '', '', '', '', ''),
(1, 341, 'ICEU可可202103合约', '', '', '', '', '', ''),
(3, 342, 'ICEU罗博士特咖啡202103合约', '', '', '', '', '', ''),
(2, 342, 'ICEU罗博士特咖啡202103合约', '', '', '', '', '', ''),
(1, 342, 'ICEU罗博士特咖啡202103合约', '', '', '', '', '', ''),
(3, 343, 'BMD棕榈油202103合约', '', '', '', '', '', ''),
(2, 343, 'BMD棕榈油202103合约', '', '', '', '', '', ''),
(1, 343, 'BMD棕榈油202103合约', '', '', '', '', '', ''),
(3, 344, 'CBOECBOE VIX202103合约', '', '', '', '', '', ''),
(2, 344, 'CBOECBOE VIX202103合约', '', '', '', '', '', ''),
(1, 344, 'CBOECBOE VIX202103合约', '', '', '', '', '', ''),
(3, 345, 'APEX精炼棕榈油202103合约', '', '', '', '', '', ''),
(2, 345, 'APEX精炼棕榈油202103合约', '', '', '', '', '', ''),
(1, 345, 'APEX精炼棕榈油202103合约', '', '', '', '', '', ''),
(1, 346, 'TOCOM原油202103合约', '', '', '', '', '', ''),
(2, 346, 'TOCOM原油202103合约', '', '', '', '', '', ''),
(3, 346, 'TOCOM原油202103合约', '', '', '', '', '', ''),
(3, 347, 'OSE日本橡胶202103合约', '', '', '', '', '', ''),
(2, 347, 'OSE日本橡胶202103合约', '', '', '', '', '', ''),
(1, 347, 'OSE日本橡胶202103合约', '', '', '', '', '', ''),
(3, 348, 'OSE大板日經指數202103合约', '', '', '', '', '', ''),
(2, 348, 'OSE大板日經指數202103合约', '', '', '', '', '', ''),
(1, 348, 'OSE大板日經指數202103合约', '', '', '', '', '', ''),
(3, 349, 'OSE大板小型日經指數202103合约', '', '', '', '', '', ''),
(2, 349, 'OSE大板小型日經指數202103合约', '', '', '', '', '', ''),
(1, 349, 'OSE大板小型日經指數202103合约', '', '', '', '', '', ''),
(3, 350, 'OSE十年政府债券202103合约', '', '', '', '', '', ''),
(2, 350, 'OSE十年政府债券202103合约', '', '', '', '', '', ''),
(1, 350, 'OSE十年政府债券202103合约', '', '', '', '', '', ''),
(3, 351, 'OSETOPIX202103合约', '', '', '', '', '', ''),
(2, 351, 'OSETOPIX202103合约', '', '', '', '', '', ''),
(1, 351, 'OSETOPIX202103合约', '', '', '', '', '', ''),
(3, 352, 'DCE铁矿石202103合约', '', '', '', '', '', ''),
(2, 352, 'DCE铁矿石202103合约', '', '', '', '', '', ''),
(1, 352, 'DCE铁矿石202103合约', '', '', '', '', '', ''),
(3, 353, 'ZCE精对苯二甲酸 PTA202103合约', '', '', '', '', '', ''),
(2, 353, 'ZCE精对苯二甲酸 PTA202103合约', '', '', '', '', '', ''),
(1, 353, 'ZCE精对苯二甲酸 PTA202103合约', '', '', '', '', '', ''),
(3, 354, 'OSE日本黃金202102合约', '', '', '', '', '', ''),
(2, 354, 'OSE日本黃金202102合约', '', '', '', '', '', ''),
(1, 354, 'OSE日本黃金202102合约', '', '', '', '', '', ''),
(3, 355, 'ICUS美棉202103合约', '', '', '', '', '', ''),
(2, 355, 'ICUS美棉202103合约', '', '', '', '', '', ''),
(1, 355, 'ICUS美棉202103合约', '', '', '', '', '', ''),
(3, 356, 'CBOT30天联邦基金202104合约', '', '', '', '', '', ''),
(2, 356, 'CBOT30天联邦基金202104合约', '', '', '', '', '', ''),
(1, 356, 'CBOT30天联邦基金202104合约', '', '', '', '', '', ''),
(3, 357, 'CME澳元202104合约', '', '', '', '', '', ''),
(2, 357, 'CME澳元202104合约', '', '', '', '', '', ''),
(1, 357, 'CME澳元202104合约', '', '', '', '', '', ''),
(3, 358, 'CME英镑202104合约', '', '', '', '', '', ''),
(2, 358, 'CME英镑202104合约', '', '', '', '', '', ''),
(1, 358, 'CME英镑202104合约', '', '', '', '', '', ''),
(3, 359, 'CME加元202104合约', '', '', '', '', '', ''),
(2, 359, 'CME加元202104合约', '', '', '', '', '', ''),
(1, 359, 'CME加元202104合约', '', '', '', '', '', ''),
(1, 360, 'CME欧元202104合约', '', '', '', '', '', ''),
(2, 360, 'CME欧元202104合约', '', '', '', '', '', ''),
(3, 360, 'CME欧元202104合约', '', '', '', '', '', ''),
(3, 361, 'CME日元202104合约', '', '', '', '', '', ''),
(2, 361, 'CME日元202104合约', '', '', '', '', '', ''),
(1, 361, 'CME日元202104合约', '', '', '', '', '', ''),
(3, 362, 'CME巴西雷亚尔202104合约', '', '', '', '', '', ''),
(2, 362, 'CME巴西雷亚尔202104合约', '', '', '', '', '', ''),
(1, 362, 'CME巴西雷亚尔202104合约', '', '', '', '', '', ''),
(3, 363, 'CME卢布202104合约', '', '', '', '', '', ''),
(2, 363, 'CME卢布202104合约', '', '', '', '', '', ''),
(1, 363, 'CME卢布202104合约', '', '', '', '', '', ''),
(3, 364, 'CME欧元/英镑202104合约', '', '', '', '', '', ''),
(2, 364, 'CME欧元/英镑202104合约', '', '', '', '', '', ''),
(1, 364, 'CME欧元/英镑202104合约', '', '', '', '', '', ''),
(3, 365, 'CME南非兰特202104合约', '', '', '', '', '', ''),
(2, 365, 'CME南非兰特202104合约', '', '', '', '', '', ''),
(1, 365, 'CME南非兰特202104合约', '', '', '', '', '', ''),
(3, 366, 'CME墨西哥比索202104合约', '', '', '', '', '', ''),
(2, 366, 'CME墨西哥比索202104合约', '', '', '', '', '', ''),
(1, 366, 'CME墨西哥比索202104合约', '', '', '', '', '', ''),
(3, 367, 'CME美元/离岸人民币202104合约', '', '', '', '', '', ''),
(2, 367, 'CME美元/离岸人民币202104合约', '', '', '', '', '', ''),
(1, 367, 'CME美元/离岸人民币202104合约', '', '', '', '', '', ''),
(3, 368, 'CME欧洲美元202104合约', '', '', '', '', '', ''),
(2, 368, 'CME欧洲美元202104合约', '', '', '', '', '', ''),
(1, 368, 'CME欧洲美元202104合约', '', '', '', '', '', ''),
(3, 369, 'CME日经指数(JPY)202104合约', '', '', '', '', '', ''),
(2, 369, 'CME日经指数(JPY)202104合约', '', '', '', '', '', ''),
(1, 369, 'CME日经指数(JPY)202104合约', '', '', '', '', '', ''),
(3, 370, 'CME饲牛202104合约', '', '', '', '', '', ''),
(2, 370, 'CME饲牛202104合约', '', '', '', '', '', ''),
(1, 370, 'CME饲牛202104合约', '', '', '', '', '', ''),
(3, 371, 'CME活牛202104合约', '', '', '', '', '', ''),
(2, 371, 'CME活牛202104合约', '', '', '', '', '', ''),
(1, 371, 'CME活牛202104合约', '', '', '', '', '', ''),
(3, 372, 'CME生猪202104合约', '', '', '', '', '', ''),
(2, 372, 'CME生猪202104合约', '', '', '', '', '', ''),
(1, 372, 'CME生猪202104合约', '', '', '', '', '', ''),
(3, 373, 'CME比特币202104合约', '', '', '', '', '', ''),
(2, 373, 'CME比特币202104合约', '', '', '', '', '', ''),
(1, 373, 'CME比特币202104合约', '', '', '', '', '', ''),
(3, 374, 'COMEX美黄金202104合约', '', '', '', '', '', ''),
(2, 374, 'COMEX美黄金202104合约', '', '', '', '', '', ''),
(1, 374, 'COMEX美黄金202104合约', '', '', '', '', '', ''),
(3, 375, 'COMEX美白银202104合约', '', '', '', '', '', ''),
(2, 375, 'COMEX美白银202104合约', '', '', '', '', '', ''),
(1, 375, 'COMEX美白银202104合约', '', '', '', '', '', ''),
(3, 376, 'COMEX美铜202104合约', '', '', '', '', '', ''),
(2, 376, 'COMEX美铜202104合约', '', '', '', '', '', ''),
(1, 376, 'COMEX美铜202104合约', '', '', '', '', '', ''),
(3, 377, 'COMEX小型美黄金202104合约', '', '', '', '', '', ''),
(2, 377, 'COMEX小型美黄金202104合约', '', '', '', '', '', ''),
(1, 377, 'COMEX小型美黄金202104合约', '', '', '', '', '', ''),
(3, 378, 'NYMEX美原油202104合约', '', '', '', '', '', ''),
(2, 378, 'NYMEX美原油202104合约', '', '', '', '', '', ''),
(1, 378, 'NYMEX美原油202104合约', '', '', '', '', '', ''),
(3, 379, 'NYMEX热燃油202104合约', '', '', '', '', '', ''),
(2, 379, 'NYMEX热燃油202104合约', '', '', '', '', '', ''),
(1, 379, 'NYMEX热燃油202104合约', '', '', '', '', '', ''),
(3, 380, 'NYMEX天然气202104合约', '', '', '', '', '', ''),
(2, 380, 'NYMEX天然气202104合约', '', '', '', '', '', ''),
(1, 380, 'NYMEX天然气202104合约', '', '', '', '', '', ''),
(3, 381, 'NYMEX美钯金202104合约', '', '', '', '', '', ''),
(2, 381, 'NYMEX美钯金202104合约', '', '', '', '', '', ''),
(1, 381, 'NYMEX美钯金202104合约', '', '', '', '', '', ''),
(3, 382, 'NYMEX美铂金202104合约', '', '', '', '', '', ''),
(2, 382, 'NYMEX美铂金202104合约', '', '', '', '', '', ''),
(1, 382, 'NYMEX美铂金202104合约', '', '', '', '', '', ''),
(3, 383, 'NYMEX小型天然气202104合约', '', '', '', '', '', ''),
(2, 383, 'NYMEX小型天然气202104合约', '', '', '', '', '', ''),
(1, 383, 'NYMEX小型天然气202104合约', '', '', '', '', '', ''),
(3, 384, 'NYMEX小型美原油202104合约', '', '', '', '', '', ''),
(2, 384, 'NYMEX小型美原油202104合约', '', '', '', '', '', ''),
(1, 384, 'NYMEX小型美原油202104合约', '', '', '', '', '', ''),
(3, 385, 'NYMEX无铅汽油202104合约', '', '', '', '', '', ''),
(2, 385, 'NYMEX无铅汽油202104合约', '', '', '', '', '', ''),
(1, 385, 'NYMEX无铅汽油202104合约', '', '', '', '', '', ''),
(3, 386, 'NYMEX布伦特原油最后结算202104合约', '', '', '', '', '', ''),
(2, 386, 'NYMEX布伦特原油最后结算202104合约', '', '', '', '', '', ''),
(1, 386, 'NYMEX布伦特原油最后结算202104合约', '', '', '', '', '', ''),
(3, 387, 'HKEX美元兑人民币202104合约', '', '', '', '', '', ''),
(2, 387, 'HKEX美元兑人民币202104合约', '', '', '', '', '', ''),
(1, 387, 'HKEX美元兑人民币202104合约', '', '', '', '', '', ''),
(3, 388, 'HKEX恒生科技指數202104合约', '', '', '', '', '', ''),
(2, 388, 'HKEX恒生科技指數202104合约', '', '', '', '', '', ''),
(1, 388, 'HKEX恒生科技指數202104合约', '', '', '', '', '', ''),
(3, 389, 'HKEXH股指数202104合约', '', '', '', '', '', ''),
(2, 389, 'HKEXH股指数202104合约', '', '', '', '', '', ''),
(1, 389, 'HKEXH股指数202104合约', '', '', '', '', '', ''),
(3, 390, 'HKEX恒生指数202104合约', '', '', '', '', '', ''),
(2, 390, 'HKEX恒生指数202104合约', '', '', '', '', '', ''),
(1, 390, 'HKEX恒生指数202104合约', '', '', '', '', '', ''),
(3, 391, 'HKEX小型H股指数202104合约', '', '', '', '', '', ''),
(2, 391, 'HKEX小型H股指数202104合约', '', '', '', '', '', ''),
(1, 391, 'HKEX小型H股指数202104合约', '', '', '', '', '', ''),
(3, 392, 'HKEX小型恒生指数202104合约', '', '', '', '', '', ''),
(2, 392, 'HKEX小型恒生指数202104合约', '', '', '', '', '', ''),
(1, 392, 'HKEX小型恒生指数202104合约', '', '', '', '', '', ''),
(3, 393, 'HKEX鐵礦石指數月合約202104合约', '', '', '', '', '', ''),
(2, 393, 'HKEX鐵礦石指數月合約202104合约', '', '', '', '', '', ''),
(1, 393, 'HKEX鐵礦石指數月合約202104合约', '', '', '', '', '', ''),
(3, 394, 'HKEX美元黃金期貨202104合约', '', '', '', '', '', ''),
(2, 394, 'HKEX美元黃金期貨202104合约', '', '', '', '', '', ''),
(1, 394, 'HKEX美元黃金期貨202104合约', '', '', '', '', '', ''),
(3, 395, 'HKEX人民幣(香港)黃金期貨202104合约', '', '', '', '', '', ''),
(2, 395, 'HKEX人民幣(香港)黃金期貨202104合约', '', '', '', '', '', ''),
(1, 395, 'HKEX人民幣(香港)黃金期貨202104合约', '', '', '', '', '', ''),
(3, 396, 'HKEX欧元兑人民币202104合约', '', '', '', '', '', ''),
(2, 396, 'HKEX欧元兑人民币202104合约', '', '', '', '', '', ''),
(1, 396, 'HKEX欧元兑人民币202104合约', '', '', '', '', '', ''),
(3, 397, 'HKEX日元兑人民币202104合约', '', '', '', '', '', ''),
(2, 397, 'HKEX日元兑人民币202104合约', '', '', '', '', '', ''),
(1, 397, 'HKEX日元兑人民币202104合约', '', '', '', '', '', ''),
(3, 398, 'HKEX澳元人民币202104合约', '', '', '', '', '', ''),
(2, 398, 'HKEX澳元人民币202104合约', '', '', '', '', '', ''),
(1, 398, 'HKEX澳元人民币202104合约', '', '', '', '', '', ''),
(3, 399, 'HKEX卢比兑美元202104合约', '', '', '', '', '', ''),
(2, 399, 'HKEX卢比兑美元202104合约', '', '', '', '', '', ''),
(1, 399, 'HKEX卢比兑美元202104合约', '', '', '', '', '', ''),
(3, 400, 'HKEX中华120指数202104合约', '', '', '', '', '', ''),
(2, 400, 'HKEX中华120指数202104合约', '', '', '', '', '', ''),
(1, 400, 'HKEX中华120指数202104合约', '', '', '', '', '', ''),
(3, 401, 'HKEX建设银行202104合约', '', '', '', '', '', ''),
(2, 401, 'HKEX建设银行202104合约', '', '', '', '', '', ''),
(1, 401, 'HKEX建设银行202104合约', '', '', '', '', '', ''),
(3, 402, 'HKEX中国移动202104合约', '', '', '', '', '', ''),
(2, 402, 'HKEX中国移动202104合约', '', '', '', '', '', ''),
(1, 402, 'HKEX中国移动202104合约', '', '', '', '', '', ''),
(3, 403, 'HKEX香港交易所202104合约', '', '', '', '', '', ''),
(2, 403, 'HKEX香港交易所202104合约', '', '', '', '', '', ''),
(1, 403, 'HKEX香港交易所202104合约', '', '', '', '', '', ''),
(3, 404, 'HKEX汇丰控股202104合约', '', '', '', '', '', ''),
(2, 404, 'HKEX汇丰控股202104合约', '', '', '', '', '', ''),
(1, 404, 'HKEX汇丰控股202104合约', '', '', '', '', '', ''),
(3, 405, 'HKEX工商银行202104合约', '', '', '', '', '', ''),
(2, 405, 'HKEX工商银行202104合约', '', '', '', '', '', ''),
(1, 405, 'HKEX工商银行202104合约', '', '', '', '', '', ''),
(3, 406, 'HKEX中国平安202104合约', '', '', '', '', '', ''),
(2, 406, 'HKEX中国平安202104合约', '', '', '', '', '', ''),
(1, 406, 'HKEX中国平安202104合约', '', '', '', '', '', ''),
(3, 407, 'HKEX腾讯控股202104合约', '', '', '', '', '', ''),
(2, 407, 'HKEX腾讯控股202104合约', '', '', '', '', '', ''),
(1, 407, 'HKEX腾讯控股202104合约', '', '', '', '', '', ''),
(3, 408, 'HKEX小米集团202104合约', '', '', '', '', '', ''),
(2, 408, 'HKEX小米集团202104合约', '', '', '', '', '', ''),
(1, 408, 'HKEX小米集团202104合约', '', '', '', '', '', ''),
(3, 409, 'HKEX美团点评202104合约', '', '', '', '', '', ''),
(2, 409, 'HKEX美团点评202104合约', '', '', '', '', '', ''),
(1, 409, 'HKEX美团点评202104合约', '', '', '', '', '', ''),
(3, 410, 'HKEX阿里巴巴202104合约', '', '', '', '', '', ''),
(2, 410, 'HKEX阿里巴巴202104合约', '', '', '', '', '', ''),
(1, 410, 'HKEX阿里巴巴202104合约', '', '', '', '', '', ''),
(3, 411, 'HKEX中國鐵塔202104合约', '', '', '', '', '', ''),
(2, 411, 'HKEX中國鐵塔202104合约', '', '', '', '', '', ''),
(1, 411, 'HKEX中國鐵塔202104合约', '', '', '', '', '', ''),
(3, 412, 'HKEX百威亞太202104合约', '', '', '', '', '', ''),
(2, 412, 'HKEX百威亞太202104合约', '', '', '', '', '', ''),
(1, 412, 'HKEX百威亞太202104合约', '', '', '', '', '', ''),
(3, 413, 'HKEX長城汽車202104合约', '', '', '', '', '', ''),
(2, 413, 'HKEX長城汽車202104合约', '', '', '', '', '', ''),
(1, 413, 'HKEX長城汽車202104合约', '', '', '', '', '', ''),
(3, 414, 'HKEX京東集團202104合约', '', '', '', '', '', ''),
(2, 414, 'HKEX京東集團202104合约', '', '', '', '', '', ''),
(1, 414, 'HKEX京東集團202104合约', '', '', '', '', '', ''),
(3, 415, 'HKEX網易202104合约', '', '', '', '', '', ''),
(2, 415, 'HKEX網易202104合约', '', '', '', '', '', ''),
(1, 415, 'HKEX網易202104合约', '', '', '', '', '', ''),
(3, 416, 'HKEX中國石油化工202104合约', '', '', '', '', '', ''),
(2, 416, 'HKEX中國石油化工202104合约', '', '', '', '', '', ''),
(1, 416, 'HKEX中國石油化工202104合约', '', '', '', '', '', ''),
(3, 417, 'HKEX中國電信202104合约', '', '', '', '', '', ''),
(2, 417, 'HKEX中國電信202104合约', '', '', '', '', '', ''),
(1, 417, 'HKEX中國電信202104合约', '', '', '', '', '', ''),
(3, 418, 'HKEX中國石油天然氣202104合约', '', '', '', '', '', ''),
(2, 418, 'HKEX中國石油天然氣202104合约', '', '', '', '', '', ''),
(1, 418, 'HKEX中國石油天然氣202104合约', '', '', '', '', '', ''),
(3, 419, 'HKEX中國海洋石油202104合约', '', '', '', '', '', ''),
(2, 419, 'HKEX中國海洋石油202104合约', '', '', '', '', '', ''),
(1, 419, 'HKEX中國海洋石油202104合约', '', '', '', '', '', ''),
(3, 420, 'HKEX中國交通建設202104合约', '', '', '', '', '', ''),
(2, 420, 'HKEX中國交通建設202104合约', '', '', '', '', '', ''),
(1, 420, 'HKEX中國交通建設202104合约', '', '', '', '', '', ''),
(3, 421, 'HKEX中國人民財產保險202104合约', '', '', '', '', '', ''),
(2, 421, 'HKEX中國人民財產保險202104合约', '', '', '', '', '', ''),
(1, 421, 'HKEX中國人民財產保險202104合约', '', '', '', '', '', ''),
(3, 422, 'HKEX中銀香港202104合约', '', '', '', '', '', ''),
(2, 422, 'HKEX中銀香港202104合约', '', '', '', '', '', ''),
(1, 422, 'HKEX中銀香港202104合约', '', '', '', '', '', ''),
(3, 423, 'HKEX中國人壽保險202104合约', '', '', '', '', '', ''),
(2, 423, 'HKEX中國人壽保險202104合约', '', '', '', '', '', ''),
(1, 423, 'HKEX中國人壽保險202104合约', '', '', '', '', '', ''),
(3, 424, 'HKEX招商銀行202104合约', '', '', '', '', '', ''),
(2, 424, 'HKEX招商銀行202104合约', '', '', '', '', '', ''),
(1, 424, 'HKEX招商銀行202104合约', '', '', '', '', '', ''),
(3, 425, 'HKEX安硕A50202104合约', '', '', '', '', '', ''),
(2, 425, 'HKEX安硕A50202104合约', '', '', '', '', '', ''),
(1, 425, 'HKEX安硕A50202104合约', '', '', '', '', '', ''),
(3, 426, 'HKEX华夏沪深300202104合约', '', '', '', '', '', ''),
(2, 426, 'HKEX华夏沪深300202104合约', '', '', '', '', '', ''),
(1, 426, 'HKEX华夏沪深300202104合约', '', '', '', '', '', ''),
(3, 427, 'HKEX南方A50202104合约', '', '', '', '', '', ''),
(2, 427, 'HKEX南方A50202104合约', '', '', '', '', '', ''),
(1, 427, 'HKEX南方A50202104合约', '', '', '', '', '', ''),
(3, 428, 'HKEXMSCI澳洲净总回报指数202104合约', '', '', '', '', '', ''),
(2, 428, 'HKEXMSCI澳洲净总回报指数202104合约', '', '', '', '', '', ''),
(1, 428, 'HKEXMSCI澳洲净总回报指数202104合约', '', '', '', '', '', ''),
(3, 429, 'HKEXMSCI中国自由净总回报202104合约', '', '', '', '', '', ''),
(2, 429, 'HKEXMSCI中国自由净总回报202104合约', '', '', '', '', '', ''),
(1, 429, 'HKEXMSCI中国自由净总回报202104合约', '', '', '', '', '', ''),
(3, 430, 'HKEXMSCI新兴市场亚洲净总回报202104合约', '', '', '', '', '', ''),
(2, 430, 'HKEXMSCI新兴市场亚洲净总回报202104合约', '', '', '', '', '', ''),
(1, 430, 'HKEXMSCI新兴市场亚洲净总回报202104合约', '', '', '', '', '', ''),
(3, 431, 'HKEXMSCI印度净总回报指数202104合约', '', '', '', '', '', ''),
(2, 431, 'HKEXMSCI印度净总回报指数202104合约', '', '', '', '', '', ''),
(1, 431, 'HKEXMSCI印度净总回报指数202104合约', '', '', '', '', '', ''),
(3, 432, 'HKEXMSCI印尼净总回报指数202104合约', '', '', '', '', '', ''),
(2, 432, 'HKEXMSCI印尼净总回报指数202104合约', '', '', '', '', '', ''),
(1, 432, 'HKEXMSCI印尼净总回报指数202104合约', '', '', '', '', '', ''),
(3, 433, 'HKEXMSCI日本净总回报指数202104合约', '', '', '', '', '', ''),
(2, 433, 'HKEXMSCI日本净总回报指数202104合约', '', '', '', '', '', ''),
(1, 433, 'HKEXMSCI日本净总回报指数202104合约', '', '', '', '', '', ''),
(3, 434, 'HKEXMSCI马来西亚净总回报202104合约', '', '', '', '', '', ''),
(2, 434, 'HKEXMSCI马来西亚净总回报202104合约', '', '', '', '', '', ''),
(1, 434, 'HKEXMSCI马来西亚净总回报202104合约', '', '', '', '', '', ''),
(3, 435, 'HKEXMSCI台湾指数202104合约', '', '', '', '', '', ''),
(2, 435, 'HKEXMSCI台湾指数202104合约', '', '', '', '', '', ''),
(1, 435, 'HKEXMSCI台湾指数202104合约', '', '', '', '', '', ''),
(3, 436, 'HKEXMSCI台湾净总回报指数202104合约', '', '', '', '', '', ''),
(2, 436, 'HKEXMSCI台湾净总回报指数202104合约', '', '', '', '', '', ''),
(1, 436, 'HKEXMSCI台湾净总回报指数202104合约', '', '', '', '', '', ''),
(3, 437, 'HKEXMSCI泰国净总回报指数202104合约', '', '', '', '', '', ''),
(2, 437, 'HKEXMSCI泰国净总回报指数202104合约', '', '', '', '', '', ''),
(1, 437, 'HKEXMSCI泰国净总回报指数202104合约', '', '', '', '', '', ''),
(3, 438, 'HKEXMSCI新兴市场指数202104合约', '', '', '', '', '', ''),
(2, 438, 'HKEXMSCI新兴市场指数202104合约', '', '', '', '', '', ''),
(1, 438, 'HKEXMSCI新兴市场指数202104合约', '', '', '', '', '', ''),
(3, 439, 'HKEXMSCI新兴市场NTR202104合约', '', '', '', '', '', ''),
(2, 439, 'HKEXMSCI新兴市场NTR202104合约', '', '', '', '', '', ''),
(1, 439, 'HKEXMSCI新兴市场NTR202104合约', '', '', '', '', '', ''),
(3, 440, 'HKEXMSCI香港NTR指数202104合约', '', '', '', '', '', ''),
(2, 440, 'HKEXMSCI香港NTR指数202104合约', '', '', '', '', '', ''),
(1, 440, 'HKEXMSCI香港NTR指数202104合约', '', '', '', '', '', ''),
(3, 441, 'HKEXMSCI印尼指数202104合约', '', '', '', '', '', ''),
(2, 441, 'HKEXMSCI印尼指数202104合约', '', '', '', '', '', ''),
(1, 441, 'HKEXMSCI印尼指数202104合约', '', '', '', '', '', ''),
(3, 442, 'HKEXMSCI新加坡NTR指数202104合约', '', '', '', '', '', ''),
(2, 442, 'HKEXMSCI新加坡NTR指数202104合约', '', '', '', '', '', ''),
(1, 442, 'HKEXMSCI新加坡NTR指数202104合约', '', '', '', '', '', ''),
(3, 443, 'HKEXMSCI越南NTR指数202104合约', '', '', '', '', '', ''),
(2, 443, 'HKEXMSCI越南NTR指数202104合约', '', '', '', '', '', ''),
(1, 443, 'HKEXMSCI越南NTR指数202104合约', '', '', '', '', '', ''),
(3, 444, 'HKEXMSCI中國自由指數202104合约', '', '', '', '', '', ''),
(2, 444, 'HKEXMSCI中國自由指數202104合约', '', '', '', '', '', ''),
(1, 444, 'HKEXMSCI中國自由指數202104合约', '', '', '', '', '', ''),
(3, 445, 'HKEXMSCI印度指數202104合约', '', '', '', '', '', ''),
(2, 445, 'HKEXMSCI印度指數202104合约', '', '', '', '', '', ''),
(1, 445, 'HKEXMSCI印度指數202104合约', '', '', '', '', '', ''),
(3, 446, 'HKEXMSCI馬來西亞指數202104合约', '', '', '', '', '', ''),
(2, 446, 'HKEXMSCI馬來西亞指數202104合约', '', '', '', '', '', ''),
(1, 446, 'HKEXMSCI馬來西亞指數202104合约', '', '', '', '', '', ''),
(3, 447, 'HKEXMSCI新西蘭淨總回報指數202104合约', '', '', '', '', '', ''),
(2, 447, 'HKEXMSCI新西蘭淨總回報指數202104合约', '', '', '', '', '', ''),
(1, 447, 'HKEXMSCI新西蘭淨總回報指數202104合约', '', '', '', '', '', ''),
(3, 448, 'HKEXMSCI菲律賓指數202104合约', '', '', '', '', '', ''),
(2, 448, 'HKEXMSCI菲律賓指數202104合约', '', '', '', '', '', ''),
(1, 448, 'HKEXMSCI菲律賓指數202104合约', '', '', '', '', '', ''),
(3, 449, 'HKEXMSCI新加坡自由淨總回報指數202104合约', '', '', '', '', '', ''),
(2, 449, 'HKEXMSCI新加坡自由淨總回報指數202104合约', '', '', '', '', '', ''),
(1, 449, 'HKEXMSCI新加坡自由淨總回報指數202104合约', '', '', '', '', '', ''),
(3, 450, 'HKEXMSCI泰國指數202104合约', '', '', '', '', '', ''),
(2, 450, 'HKEXMSCI泰國指數202104合约', '', '', '', '', '', ''),
(1, 450, 'HKEXMSCI泰國指數202104合约', '', '', '', '', '', ''),
(3, 451, 'HKEXMSCI越南指數202104合约', '', '', '', '', '', ''),
(2, 451, 'HKEXMSCI越南指數202104合约', '', '', '', '', '', ''),
(1, 451, 'HKEXMSCI越南指數202104合约', '', '', '', '', '', ''),
(3, 452, 'HKEXMSCI新兴市场除中国NTR指数202104合约', '', '', '', '', '', ''),
(2, 452, 'HKEXMSCI新兴市场除中国NTR指数202104合约', '', '', '', '', '', ''),
(1, 452, 'HKEXMSCI新兴市场除中国NTR指数202104合约', '', '', '', '', '', ''),
(3, 453, 'HKEXMSCI新兴市场除韩国NTR指数202104合约', '', '', '', '', '', ''),
(2, 453, 'HKEXMSCI新兴市场除韩国NTR指数202104合约', '', '', '', '', '', ''),
(1, 453, 'HKEXMSCI新兴市场除韩国NTR指数202104合约', '', '', '', '', '', ''),
(3, 454, 'HKEXMSCI新兴市场亚洲除中国NTR202104合约', '', '', '', '', '', ''),
(2, 454, 'HKEXMSCI新兴市场亚洲除中国NTR202104合约', '', '', '', '', '', ''),
(1, 454, 'HKEXMSCI新兴市场亚洲除中国NTR202104合约', '', '', '', '', '', ''),
(3, 455, 'HKEXMSCI新兴市场亚洲除韩国NTR202104合约', '', '', '', '', '', ''),
(2, 455, 'HKEXMSCI新兴市场亚洲除韩国NTR202104合约', '', '', '', '', '', ''),
(1, 455, 'HKEXMSCI新兴市场亚洲除韩国NTR202104合约', '', '', '', '', '', ''),
(3, 456, 'HKEXMSCI新兴市场欧非中东NTR202104合约', '', '', '', '', '', ''),
(2, 456, 'HKEXMSCI新兴市场欧非中东NTR202104合约', '', '', '', '', '', ''),
(1, 456, 'HKEXMSCI新兴市场欧非中东NTR202104合约', '', '', '', '', '', ''),
(3, 457, 'HKEXMSCI新兴市场拉丁美洲NTR202104合约', '', '', '', '', '', ''),
(2, 457, 'HKEXMSCI新兴市场拉丁美洲NTR202104合约', '', '', '', '', '', ''),
(1, 457, 'HKEXMSCI新兴市场拉丁美洲NTR202104合约', '', '', '', '', '', ''),
(3, 458, 'HKEXMSCI太平洋NTR指数202104合约', '', '', '', '', '', ''),
(2, 458, 'HKEXMSCI太平洋NTR指数202104合约', '', '', '', '', '', ''),
(1, 458, 'HKEXMSCI太平洋NTR指数202104合约', '', '', '', '', '', ''),
(3, 459, 'HKEXMSCI太平洋除日本NTR202104合约', '', '', '', '', '', ''),
(2, 459, 'HKEXMSCI太平洋除日本NTR202104合约', '', '', '', '', '', ''),
(1, 459, 'HKEXMSCI太平洋除日本NTR202104合约', '', '', '', '', '', ''),
(3, 460, 'SGX富时中国指数202104合约', '', '', '', '', '', ''),
(2, 460, 'SGX富时中国指数202104合约', '', '', '', '', '', ''),
(1, 460, 'SGX富时中国指数202104合约', '', '', '', '', '', ''),
(3, 461, 'SGX日经225指数202104合约', '', '', '', '', '', ''),
(2, 461, 'SGX日经225指数202104合约', '', '', '', '', '', ''),
(1, 461, 'SGX日经225指数202104合约', '', '', '', '', '', ''),
(3, 462, 'SGX新加坡指數202104合约', '', '', '', '', '', ''),
(2, 462, 'SGX新加坡指數202104合约', '', '', '', '', '', ''),
(1, 462, 'SGX新加坡指數202104合约', '', '', '', '', '', ''),
(3, 463, 'SGX美元兑人民币202104合约', '', '', '', '', '', ''),
(2, 463, 'SGX美元兑人民币202104合约', '', '', '', '', '', ''),
(1, 463, 'SGX美元兑人民币202104合约', '', '', '', '', '', ''),
(3, 464, 'SGX铁矿石202104合约', '', '', '', '', '', ''),
(2, 464, 'SGX铁矿石202104合约', '', '', '', '', '', ''),
(1, 464, 'SGX铁矿石202104合约', '', '', '', '', '', ''),
(3, 465, 'SGXNifty 50 指数202104合约', '', '', '', '', '', ''),
(2, 465, 'SGXNifty 50 指数202104合约', '', '', '', '', '', ''),
(1, 465, 'SGXNifty 50 指数202104合约', '', '', '', '', '', ''),
(3, 466, 'SGXMSCI 中国净总收益(美元)指数202104合约', '', '', '', '', '', ''),
(2, 466, 'SGXMSCI 中国净总收益(美元)指数202104合约', '', '', '', '', '', ''),
(1, 466, 'SGXMSCI 中国净总收益(美元)指数202104合约', '', '', '', '', '', ''),
(3, 467, 'SGXRSS3橡胶202104合约', '', '', '', '', '', ''),
(2, 467, 'SGXRSS3橡胶202104合约', '', '', '', '', '', ''),
(1, 467, 'SGXRSS3橡胶202104合约', '', '', '', '', '', ''),
(3, 468, 'SGX橡胶202104合约', '', '', '', '', '', ''),
(2, 468, 'SGX橡胶202104合约', '', '', '', '', '', ''),
(1, 468, 'SGX橡胶202104合约', '', '', '', '', '', ''),
(3, 469, 'SGX马来西亚林吉特对美元202104合约', '', '', '', '', '', ''),
(2, 469, 'SGX马来西亚林吉特对美元202104合约', '', '', '', '', '', ''),
(1, 469, 'SGX马来西亚林吉特对美元202104合约', '', '', '', '', '', ''),
(3, 470, 'EUREX欧洲恐慌指数202104合约', '', '', '', '', '', ''),
(2, 470, 'EUREX欧洲恐慌指数202104合约', '', '', '', '', '', ''),
(1, 470, 'EUREX欧洲恐慌指数202104合约', '', '', '', '', '', ''),
(3, 471, 'ICE_SG迷你布伦特原油202104合约', '', '', '', '', '', ''),
(2, 471, 'ICE_SG迷你布伦特原油202104合约', '', '', '', '', '', ''),
(1, 471, 'ICE_SG迷你布伦特原油202104合约', '', '', '', '', '', ''),
(3, 472, 'ICEU布伦特原油202104合约', '', '', '', '', '', ''),
(2, 472, 'ICEU布伦特原油202104合约', '', '', '', '', '', ''),
(1, 472, 'ICEU布伦特原油202104合约', '', '', '', '', '', ''),
(3, 473, 'ICEU汽油202104合约', '', '', '', '', '', ''),
(2, 473, 'ICEU汽油202104合约', '', '', '', '', '', ''),
(1, 473, 'ICEU汽油202104合约', '', '', '', '', '', ''),
(3, 474, 'ICEUWTI原油202104合约', '', '', '', '', '', ''),
(2, 474, 'ICEUWTI原油202104合约', '', '', '', '', '', ''),
(1, 474, 'ICEUWTI原油202104合约', '', '', '', '', '', ''),
(3, 475, 'BMD棕榈油202104合约', '', '', '', '', '', ''),
(2, 475, 'BMD棕榈油202104合约', '', '', '', '', '', ''),
(1, 475, 'BMD棕榈油202104合约', '', '', '', '', '', ''),
(3, 476, 'CBOECBOEVIX202104合约', '', '', '', '', '', ''),
(2, 476, 'CBOECBOEVIX202104合约', '', '', '', '', '', ''),
(1, 476, 'CBOECBOEVIX202104合约', '', '', '', '', '', ''),
(3, 477, 'DME阿曼原油202104合约', '', '', '', '', '', ''),
(2, 477, 'DME阿曼原油202104合约', '', '', '', '', '', ''),
(1, 477, 'DME阿曼原油202104合约', '', '', '', '', '', ''),
(3, 478, 'APEX精炼棕榈油202104合约', '', '', '', '', '', ''),
(2, 478, 'APEX精炼棕榈油202104合约', '', '', '', '', '', ''),
(1, 478, 'APEX精炼棕榈油202104合约', '', '', '', '', '', ''),
(3, 479, 'TOCOM原油202104合约', '', '', '', '', '', ''),
(2, 479, 'TOCOM原油202104合约', '', '', '', '', '', ''),
(1, 479, 'TOCOM原油202104合约', '', '', '', '', '', ''),
(3, 480, 'OSE日本黄金202104合约', '', '', '', '', '', ''),
(2, 480, 'OSE日本黄金202104合约', '', '', '', '', '', ''),
(1, 480, 'OSE日本黄金202104合约', '', '', '', '', '', ''),
(3, 481, ' OSE日本橡胶202104合约', '', '', '', '', '', ''),
(2, 481, ' OSE日本橡胶202104合约', '', '', '', '', '', ''),
(1, 481, ' OSE日本橡胶202104合约', '', '', '', '', '', ''),
(3, 482, 'OSE大阪小型日经指数202104合约', '', '', '', '', '', ''),
(2, 482, 'OSE大阪小型日经指数202104合约', '', '', '', '', '', ''),
(1, 482, 'OSE大阪小型日经指数202104合约', '', '', '', '', '', ''),
(3, 483, 'DCE铁矿石202104合约', '', '', '', '', '', ''),
(2, 483, 'DCE铁矿石202104合约', '', '', '', '', '', ''),
(1, 483, 'DCE铁矿石202104合约', '', '', '', '', '', ''),
(3, 484, 'ZCE精对苯二甲酸PTA202104合约', '', '', '', '', '', ''),
(2, 484, 'ZCE精对苯二甲酸PTA202104合约', '', '', '', '', '', ''),
(1, 484, 'ZCE精对苯二甲酸PTA202104合约', '', '', '', '', '', ''),
(3, 485, 'CBOT美玉米202105合约', '', '', '', '', '', ''),
(1, 485, 'CBOT美玉米202105合约', '', '', '', '', '', ''),
(3, 486, 'CBOT燕麦202105合约', '', '', '', '', '', ''),
(1, 486, 'CBOT燕麦202105合约', '', '', '', '', '', ''),
(3, 487, 'CBOT美豆202105合约', '', '', '', '', '', ''),
(1, 487, 'CBOT美豆202105合约', '', '', '', '', '', ''),
(3, 488, 'CBOT美麦202105合约', '', '', '', '', '', ''),
(1, 488, 'CBOT美麦202105合约', '', '', '', '', '', ''),
(3, 489, 'CBOTKS小麥202105合约', '', '', '', '', '', ''),
(1, 489, 'CBOTKS小麥202105合约', '', '', '', '', '', ''),
(3, 490, 'CBOT美豆油202105合约', '', '', '', '', '', ''),
(1, 490, 'CBOT美豆油202105合约', '', '', '', '', '', ''),
(3, 491, 'CBOT美豆粕202105合约', '', '', '', '', '', ''),
(1, 491, 'CBOT美豆粕202105合约', '', '', '', '', '', ''),
(3, 492, 'CBOT粗米202105合约', '', '', '', '', '', ''),
(1, 492, 'CBOT粗米202105合约', '', '', '', '', '', ''),
(3, 493, 'CBOT30天联邦基金202105合约', '', '', '', '', '', ''),
(1, 493, 'CBOT30天联邦基金202105合约', '', '', '', '', '', ''),
(3, 494, 'CME澳元202105合约', '', '', '', '', '', ''),
(1, 494, 'CME澳元202105合约', '', '', '', '', '', ''),
(3, 495, 'CME英镑202105合约', '', '', '', '', '', ''),
(1, 495, 'CME英镑202105合约', '', '', '', '', '', ''),
(3, 496, 'CME加元202105合约', '', '', '', '', '', ''),
(1, 496, 'CME加元202105合约', '', '', '', '', '', ''),
(3, 497, 'CME欧元202105合约', '', '', '', '', '', ''),
(1, 497, 'CME欧元202105合约', '', '', '', '', '', ''),
(1, 498, 'CME日元202105合约', '', '', '', '', '', ''),
(3, 498, 'CME日元202105合约', '', '', '', '', '', ''),
(3, 499, 'CME巴西雷亚尔202105合约', '', '', '', '', '', ''),
(1, 499, 'CME巴西雷亚尔202105合约', '', '', '', '', '', ''),
(3, 500, 'CME卢布202105合约', '', '', '', '', '', ''),
(1, 500, 'CME卢布202105合约', '', '', '', '', '', ''),
(3, 501, 'CME欧元/英镑202105合约', '', '', '', '', '', ''),
(1, 501, 'CME欧元/英镑202105合约', '', '', '', '', '', ''),
(3, 502, 'CME南非兰特202105合约', '', '', '', '', '', ''),
(1, 502, 'CME南非兰特202105合约', '', '', '', '', '', ''),
(3, 503, 'CME墨西哥比索202105合约', '', '', '', '', '', ''),
(1, 503, 'CME墨西哥比索202105合约', '', '', '', '', '', ''),
(3, 504, 'CME美元/离岸人民币202105合约', '', '', '', '', '', ''),
(1, 504, 'CME美元/离岸人民币202105合约', '', '', '', '', '', ''),
(3, 505, 'CME欧洲美元202105合约', '', '', '', '', '', ''),
(1, 505, 'CME欧洲美元202105合约', '', '', '', '', '', ''),
(3, 506, 'CME日经指数(JPY)202105合约', '', '', '', '', '', ''),
(1, 506, 'CME日经指数(JPY)202105合约', '', '', '', '', '', ''),
(3, 507, 'CME饲牛202105合约', '', '', '', '', '', ''),
(1, 507, 'CME饲牛202105合约', '', '', '', '', '', ''),
(3, 508, 'CME生猪202105合约', '', '', '', '', '', ''),
(1, 508, 'CME生猪202105合约', '', '', '', '', '', ''),
(3, 509, 'COMEX美黄金202105合约', '', '', '', '', '', ''),
(1, 509, 'COMEX美黄金202105合约', '', '', '', '', '', ''),
(3, 510, 'COMEX美白银202105合约', '', '', '', '', '', ''),
(1, 510, 'COMEX美白银202105合约', '', '', '', '', '', ''),
(3, 511, 'COMEX美铜202105合约', '', '', '', '', '', ''),
(1, 511, 'COMEX美铜202105合约', '', '', '', '', '', ''),
(3, 512, 'COMEX小型美白银202105合约', '', '', '', '', '', ''),
(1, 512, 'COMEX小型美白银202105合约', '', '', '', '', '', ''),
(3, 513, 'NYMEX美原油202105合约', '', '', '', '', '', ''),
(1, 513, 'NYMEX美原油202105合约', '', '', '', '', '', ''),
(3, 514, 'NYMEX热燃油202105合约', '', '', '', '', '', ''),
(1, 514, 'NYMEX热燃油202105合约', '', '', '', '', '', ''),
(3, 515, 'NYMEX天然气202105合约', '', '', '', '', '', ''),
(1, 515, 'NYMEX天然气202105合约', '', '', '', '', '', ''),
(3, 516, 'NYMEX美钯金202105合约', '', '', '', '', '', ''),
(1, 516, 'NYMEX美钯金202105合约', '', '', '', '', '', ''),
(3, 517, 'NYMEX美铂金202105合约', '', '', '', '', '', ''),
(1, 517, 'NYMEX美铂金202105合约', '', '', '', '', '', ''),
(3, 518, 'NYMEX小型天然气202105合约', '', '', '', '', '', ''),
(1, 518, 'NYMEX小型天然气202105合约', '', '', '', '', '', ''),
(3, 519, 'NYMEX小型美原油202105合约', '', '', '', '', '', ''),
(1, 519, 'NYMEX小型美原油202105合约', '', '', '', '', '', ''),
(3, 520, 'NYMEX无铅汽油202105合约', '', '', '', '', '', ''),
(1, 520, 'NYMEX无铅汽油202105合约', '', '', '', '', '', ''),
(3, 521, 'NYMEX布伦特原油最后结算202105合约', '', '', '', '', '', ''),
(1, 521, 'NYMEX布伦特原油最后结算202105合约', '', '', '', '', '', ''),
(3, 522, 'HKEX美元兑人民币202105合约', '', '', '', '', '', ''),
(1, 522, 'HKEX美元兑人民币202105合约', '', '', '', '', '', ''),
(3, 523, 'HKEX鐵礦石指數月合約202105合约', '', '', '', '', '', ''),
(1, 523, 'HKEX鐵礦石指數月合約202105合约', '', '', '', '', '', ''),
(3, 524, 'HKEX美元黃金期貨202105合约', '', '', '', '', '', ''),
(1, 524, 'HKEX美元黃金期貨202105合约', '', '', '', '', '', ''),
(3, 525, 'HKEX人民幣(香港)黃金期貨202105合约', '', '', '', '', '', ''),
(1, 525, 'HKEX人民幣(香港)黃金期貨202105合约', '', '', '', '', '', ''),
(3, 526, 'HKEX卢比兑美元202105合约', '', '', '', '', '', ''),
(1, 526, 'HKEX卢比兑美元202105合约', '', '', '', '', '', ''),
(3, 527, 'HKEX建设银行202105合约', '', '', '', '', '', ''),
(1, 527, 'HKEX建设银行202105合约', '', '', '', '', '', ''),
(3, 528, 'HKEX中国移动202105合约', '', '', '', '', '', ''),
(1, 528, 'HKEX中国移动202105合约', '', '', '', '', '', ''),
(3, 529, 'HKEX香港交易所202105合约', '', '', '', '', '', ''),
(1, 529, 'HKEX香港交易所202105合约', '', '', '', '', '', ''),
(3, 530, 'HKEX汇丰控股202105合约', '', '', '', '', '', ''),
(1, 530, 'HKEX汇丰控股202105合约', '', '', '', '', '', ''),
(3, 531, 'HKEX工商银行202105合约', '', '', '', '', '', ''),
(1, 531, 'HKEX工商银行202105合约', '', '', '', '', '', ''),
(3, 532, 'HKEX中国平安202105合约', '', '', '', '', '', ''),
(1, 532, 'HKEX中国平安202105合约', '', '', '', '', '', ''),
(3, 533, 'HKEX腾讯控股202105合约', '', '', '', '', '', ''),
(1, 533, 'HKEX腾讯控股202105合约', '', '', '', '', '', ''),
(3, 534, 'HKEX小米集团202105合约', '', '', '', '', '', ''),
(1, 534, 'HKEX小米集团202105合约', '', '', '', '', '', ''),
(3, 535, 'HKEX美团点评202105合约', '', '', '', '', '', ''),
(1, 535, 'HKEX美团点评202105合约', '', '', '', '', '', ''),
(3, 536, 'HKEX阿里巴巴202105合约', '', '', '', '', '', ''),
(1, 536, 'HKEX阿里巴巴202105合约', '', '', '', '', '', ''),
(3, 537, 'HKEX中國鐵塔202105合约', '', '', '', '', '', ''),
(1, 537, 'HKEX中國鐵塔202105合约', '', '', '', '', '', ''),
(3, 538, 'HKEX百威亞太202105合约', '', '', '', '', '', ''),
(1, 538, 'HKEX百威亞太202105合约', '', '', '', '', '', ''),
(3, 539, 'HKEX長城汽車202105合约', '', '', '', '', '', ''),
(1, 539, 'HKEX長城汽車202105合约', '', '', '', '', '', ''),
(3, 540, 'HKEX京東集團202105合约', '', '', '', '', '', ''),
(1, 540, 'HKEX京東集團202105合约', '', '', '', '', '', ''),
(3, 541, 'HKEX網易202105合约', '', '', '', '', '', ''),
(1, 541, 'HKEX網易202105合约', '', '', '', '', '', ''),
(3, 542, 'HKEX中國石油化工202105合约', '', '', '', '', '', ''),
(1, 542, 'HKEX中國石油化工202105合约', '', '', '', '', '', ''),
(3, 543, 'HKEX中國電信202105合约', '', '', '', '', '', ''),
(1, 543, 'HKEX中國電信202105合约', '', '', '', '', '', ''),
(3, 544, 'HKEX中國石油天然氣202105合约', '', '', '', '', '', ''),
(1, 544, 'HKEX中國石油天然氣202105合约', '', '', '', '', '', ''),
(3, 545, 'HKEX中國海洋石油202105合约', '', '', '', '', '', ''),
(1, 545, 'HKEX中國海洋石油202105合约', '', '', '', '', '', ''),
(3, 546, 'HKEX中國交通建設202105合约', '', '', '', '', '', ''),
(1, 546, 'HKEX中國交通建設202105合约', '', '', '', '', '', ''),
(3, 547, 'HKEX中國人民財產保險202105合约', '', '', '', '', '', ''),
(1, 547, 'HKEX中國人民財產保險202105合约', '', '', '', '', '', ''),
(3, 548, 'HKEX中國人民財產保險202105合约', '', '', '', '', '', ''),
(1, 548, 'HKEX中國人民財產保險202105合约', '', '', '', '', '', ''),
(3, 549, 'HKEX中銀香港202105合约', '', '', '', '', '', ''),
(1, 549, 'HKEX中銀香港202105合约', '', '', '', '', '', ''),
(3, 550, 'HKEX中國人壽保險202105合约', '', '', '', '', '', ''),
(1, 550, 'HKEX中國人壽保險202105合约', '', '', '', '', '', ''),
(3, 551, 'HKEX招商銀行202105合约', '', '', '', '', '', ''),
(1, 551, 'HKEX招商銀行202105合约', '', '', '', '', '', ''),
(3, 552, 'HKEX安硕A50202105合约', '', '', '', '', '', ''),
(1, 552, 'HKEX安硕A50202105合约', '', '', '', '', '', ''),
(3, 553, 'HKEX华夏沪深300202105合约', '', '', '', '', '', ''),
(1, 553, 'HKEX华夏沪深300202105合约', '', '', '', '', '', ''),
(3, 554, 'HKEX南方A50202105合约', '', '', '', '', '', ''),
(1, 554, 'HKEX南方A50202105合约', '', '', '', '', '', ''),
(3, 555, 'HKEXMSCI澳洲净总回报指数202105合约', '', '', '', '', '', ''),
(1, 555, 'HKEXMSCI澳洲净总回报指数202105合约', '', '', '', '', '', ''),
(3, 556, 'HKEXMSCI中国自由净总回报202105合约', '', '', '', '', '', ''),
(1, 556, 'HKEXMSCI中国自由净总回报202105合约', '', '', '', '', '', ''),
(3, 557, 'HKEXMSCI新兴市场亚洲净总回报202105合约', '', '', '', '', '', ''),
(1, 557, 'HKEXMSCI新兴市场亚洲净总回报202105合约', '', '', '', '', '', ''),
(3, 558, 'HKEXMSCI印度净总回报指数202105合约', '', '', '', '', '', ''),
(1, 558, 'HKEXMSCI印度净总回报指数202105合约', '', '', '', '', '', ''),
(3, 559, 'HKEXMSCI印尼净总回报指数202105合约', '', '', '', '', '', ''),
(1, 559, 'HKEXMSCI印尼净总回报指数202105合约', '', '', '', '', '', ''),
(3, 560, 'HKEXMSCI日本净总回报指数202105合约', '', '', '', '', '', ''),
(1, 560, 'HKEXMSCI日本净总回报指数202105合约', '', '', '', '', '', ''),
(3, 561, 'HKEXMSCI马来西亚净总回报202105合约', '', '', '', '', '', ''),
(1, 561, 'HKEXMSCI马来西亚净总回报202105合约', '', '', '', '', '', ''),
(3, 562, 'HKEXMSCI台湾净总回报指数202105合约', '', '', '', '', '', ''),
(1, 562, 'HKEXMSCI台湾净总回报指数202105合约', '', '', '', '', '', ''),
(3, 563, 'HKEXMSCI泰国净总回报指数202105合约', '', '', '', '', '', ''),
(1, 563, 'HKEXMSCI泰国净总回报指数202105合约', '', '', '', '', '', ''),
(3, 564, 'HKEXMSCI新兴市场指数202105合约', '', '', '', '', '', ''),
(1, 564, 'HKEXMSCI新兴市场指数202105合约', '', '', '', '', '', ''),
(3, 565, 'HKEXMSCI新兴市场NTR202105合约', '', '', '', '', '', ''),
(1, 565, 'HKEXMSCI新兴市场NTR202105合约', '', '', '', '', '', ''),
(3, 566, 'HKEXMSCI香港NTR指数202105合约', '', '', '', '', '', ''),
(1, 566, 'HKEXMSCI香港NTR指数202105合约', '', '', '', '', '', ''),
(3, 567, 'HKEXMSCI菲律宾NTR指数202105合约', '', '', '', '', '', ''),
(1, 567, 'HKEXMSCI菲律宾NTR指数202105合约', '', '', '', '', '', ''),
(3, 568, 'HKEXMSCI新加坡NTR指数202105合约', '', '', '', '', '', ''),
(1, 568, 'HKEXMSCI新加坡NTR指数202105合约', '', '', '', '', '', ''),
(3, 569, 'HKEXMSCI越南NTR指数202105合约', '', '', '', '', '', ''),
(1, 569, 'HKEXMSCI越南NTR指数202105合约', '', '', '', '', '', ''),
(3, 570, 'HKEXMSCI新西蘭淨總回報指數202105合约', '', '', '', '', '', ''),
(1, 570, 'HKEXMSCI新西蘭淨總回報指數202105合约', '', '', '', '', '', ''),
(3, 571, 'HKEXMSCI新加坡自由淨總回報指數202105合约', '', '', '', '', '', ''),
(1, 571, 'HKEXMSCI新加坡自由淨總回報指數202105合约', '', '', '', '', '', ''),
(3, 572, 'HKEXMSCI新兴市场除中国NTR指数202105合约', '', '', '', '', '', ''),
(1, 572, 'HKEXMSCI新兴市场除中国NTR指数202105合约', '', '', '', '', '', ''),
(3, 573, 'HKEXMSCI新兴市场除韩国NTR指数202105合约', '', '', '', '', '', ''),
(1, 573, 'HKEXMSCI新兴市场除韩国NTR指数202105合约', '', '', '', '', '', ''),
(3, 574, 'HKEXMSCI新兴市场亚洲除中国NTR202105合约', '', '', '', '', '', ''),
(1, 574, 'HKEXMSCI新兴市场亚洲除中国NTR202105合约', '', '', '', '', '', ''),
(3, 575, 'HKEXMSCI新兴市场亚洲除韩国NTR202105合约', '', '', '', '', '', ''),
(1, 575, 'HKEXMSCI新兴市场亚洲除韩国NTR202105合约', '', '', '', '', '', ''),
(3, 576, 'HKEXMSCI新兴市场欧非中东NTR202105合约', '', '', '', '', '', ''),
(1, 576, 'HKEXMSCI新兴市场欧非中东NTR202105合约', '', '', '', '', '', ''),
(3, 577, 'HKEXMSCI新兴市场拉丁美洲NTR202105合约', '', '', '', '', '', ''),
(1, 577, 'HKEXMSCI新兴市场拉丁美洲NTR202105合约', '', '', '', '', '', ''),
(3, 578, 'HKEXMSCI太平洋NTR指数202105合约', '', '', '', '', '', ''),
(1, 578, 'HKEXMSCI太平洋NTR指数202105合约', '', '', '', '', '', ''),
(3, 579, 'HKEXMSCI太平洋除日本NTR202105合约', '', '', '', '', '', ''),
(1, 579, 'HKEXMSCI太平洋除日本NTR202105合约', '', '', '', '', '', ''),
(3, 580, 'SGX富时中国指数202105合约', '', '', '', '', '', ''),
(1, 580, 'SGX富时中国指数202105合约', '', '', '', '', '', ''),
(3, 581, 'SGX富時H50指數202105合约', '', '', '', '', '', ''),
(1, 581, 'SGX富時H50指數202105合约', '', '', '', '', '', ''),
(3, 582, 'SGX日经225指数202105合约', '', '', '', '', '', ''),
(1, 582, 'SGX日经225指数202105合约', '', '', '', '', '', ''),
(3, 583, 'SGX新加坡指數202105合约', '', '', '', '', '', ''),
(1, 583, 'SGX新加坡指數202105合约', '', '', '', '', '', ''),
(3, 584, 'SGX美元兑人民币202105合约', '', '', '', '', '', ''),
(1, 584, 'SGX美元兑人民币202105合约', '', '', '', '', '', ''),
(3, 585, 'SGX铁矿石202105合约', '', '', '', '', '', ''),
(1, 585, 'SGX铁矿石202105合约', '', '', '', '', '', ''),
(3, 586, 'SGXNifty 50 指数202105合约', '', '', '', '', '', ''),
(1, 586, 'SGXNifty 50 指数202105合约', '', '', '', '', '', ''),
(3, 587, 'SGXRSS3橡胶202105合约', '', '', '', '', '', ''),
(1, 587, 'SGXRSS3橡胶202105合约', '', '', '', '', '', ''),
(3, 588, 'SGX橡胶202105合约', '', '', '', '', '', ''),
(1, 588, 'SGX橡胶202105合约', '', '', '', '', '', ''),
(3, 589, 'SGX马来西亚林吉特对美元202105合约', '', '', '', '', '', ''),
(1, 589, 'SGX马来西亚林吉特对美元202105合约', '', '', '', '', '', ''),
(3, 590, 'EUREX欧洲恐慌指数202105合约', '', '', '', '', '', ''),
(1, 590, 'EUREX欧洲恐慌指数202105合约', '', '', '', '', '', ''),
(3, 591, 'ICUS美可可202105合约', '', '', '', '', '', ''),
(1, 591, 'ICUS美可可202105合约', '', '', '', '', '', ''),
(3, 592, 'ICUS美棉202105合约', '', '', '', '', '', ''),
(1, 592, 'ICUS美棉202105合约', '', '', '', '', '', ''),
(3, 593, 'ICUS咖啡202105合约', '', '', '', '', '', ''),
(1, 593, 'ICUS咖啡202105合约', '', '', '', '', '', ''),
(3, 594, 'ICUS冷冻橙汁202105合约', '', '', '', '', '', ''),
(1, 594, 'ICUS冷冻橙汁202105合约', '', '', '', '', '', ''),
(3, 595, 'ICUS原糖11号202105合约', '', '', '', '', '', ''),
(1, 595, 'ICUS原糖11号202105合约', '', '', '', '', '', ''),
(3, 596, 'ICE_SG迷你布伦特原油202105合约', '', '', '', '', '', ''),
(1, 596, 'ICE_SG迷你布伦特原油202105合约', '', '', '', '', '', ''),
(3, 597, 'ICEU布伦特原油202105合约', '', '', '', '', '', ''),
(1, 597, 'ICEU布伦特原油202105合约', '', '', '', '', '', ''),
(3, 598, 'ICEU汽油202105合约', '', '', '', '', '', ''),
(1, 598, 'ICEU汽油202105合约', '', '', '', '', '', ''),
(3, 599, 'ICEUWTI原油202105合约', '', '', '', '', '', ''),
(1, 599, 'ICEUWTI原油202105合约', '', '', '', '', '', ''),
(3, 600, 'ICEU白糖202105合约', '', '', '', '', '', ''),
(1, 600, 'ICEU白糖202105合约', '', '', '', '', '', ''),
(3, 601, 'ICEU可可202105合约', '', '', '', '', '', ''),
(1, 601, 'ICEU可可202105合约', '', '', '', '', '', ''),
(3, 602, 'ICEU罗博士特咖啡202105合约', '', '', '', '', '', ''),
(1, 602, 'ICEU罗博士特咖啡202105合约', '', '', '', '', '', ''),
(3, 603, 'BMD棕榈油202105合约', '', '', '', '', '', ''),
(1, 603, 'BMD棕榈油202105合约', '', '', '', '', '', ''),
(3, 604, 'CBOECBOE VIX202105合约', '', '', '', '', '', ''),
(1, 604, 'CBOECBOE VIX202105合约', '', '', '', '', '', ''),
(3, 605, 'APEX精炼棕榈油202105合约', '', '', '', '', '', ''),
(1, 605, 'APEX精炼棕榈油202105合约', '', '', '', '', '', ''),
(3, 606, 'TOCOM原油202105合约', '', '', '', '', '', ''),
(1, 606, 'TOCOM原油202105合约', '', '', '', '', '', ''),
(3, 607, 'OSE日本橡胶202105合约', '', '', '', '', '', ''),
(1, 607, 'OSE日本橡胶202105合约', '', '', '', '', '', ''),
(3, 608, 'OSE大板小型日經指數202105合约', '', '', '', '', '', ''),
(1, 608, 'OSE大板小型日經指數202105合约', '', '', '', '', '', ''),
(3, 609, 'DCE铁矿石202105合约', '', '', '', '', '', ''),
(1, 609, 'DCE铁矿石202105合约', '', '', '', '', '', ''),
(3, 610, 'ZCE精对苯二甲酸 PTA202105合约', '', '', '', '', '', ''),
(1, 610, 'ZCE精对苯二甲酸 PTA202105合约', '', '', '', '', '', ''),
(3, 611, 'CBOT超長十年美債202106合约', '', '', '', '', '', ''),
(1, 611, 'CBOT超長十年美債202106合约', '', '', '', '', '', ''),
(3, 612, 'CBOT超長期美債202106合约', '', '', '', '', '', ''),
(1, 612, 'CBOT超長期美債202106合约', '', '', '', '', '', ''),
(3, 613, 'CBOT长期美债202106合约', '', '', '', '', '', ''),
(1, 613, 'CBOT长期美债202106合约', '', '', '', '', '', ''),
(3, 614, 'CBOT10年美债202106合约', '', '', '', '', '', ''),
(1, 614, 'CBOT10年美债202106合约', '', '', '', '', '', ''),
(3, 615, 'CBOT5年美债202106合约', '', '', '', '', '', ''),
(1, 615, 'CBOT5年美债202106合约', '', '', '', '', '', ''),
(3, 616, 'CBOT2年美债202106合约', '', '', '', '', '', ''),
(1, 616, 'CBOT2年美债202106合约', '', '', '', '', '', ''),
(3, 617, 'CBOT微型道琼斯指数202106合约', '', '', '', '', '', ''),
(1, 617, 'CBOT微型道琼斯指数202106合约', '', '', '', '', '', ''),
(3, 618, 'CBOT小型道琼斯指数202106合约', '', '', '', '', '', ''),
(1, 618, 'CBOT小型道琼斯指数202106合约', '', '', '', '', '', ''),
(3, 619, 'CBOT30天联邦基金202106合约', '', '', '', '', '', ''),
(1, 619, 'CBOT30天联邦基金202106合约', '', '', '', '', '', ''),
(3, 620, 'CME澳元202106合约', '', '', '', '', '', ''),
(1, 620, 'CME澳元202106合约', '', '', '', '', '', ''),
(3, 621, 'CME英镑202106合约', '', '', '', '', '', ''),
(1, 621, 'CME英镑202106合约', '', '', '', '', '', ''),
(3, 622, 'CME加元202106合约', '', '', '', '', '', ''),
(1, 622, 'CME加元202106合约', '', '', '', '', '', ''),
(3, 623, 'CME欧元202106合约', '', '', '', '', '', ''),
(1, 623, 'CME欧元202106合约', '', '', '', '', '', ''),
(3, 624, 'CME日元202106合约', '', '', '', '', '', ''),
(1, 624, 'CME日元202106合约', '', '', '', '', '', ''),
(3, 625, 'CME纽元202106合约', '', '', '', '', '', ''),
(1, 625, 'CME纽元202106合约', '', '', '', '', '', ''),
(3, 626, 'CME瑞士法郎202106合约', '', '', '', '', '', ''),
(1, 626, 'CME瑞士法郎202106合约', '', '', '', '', '', ''),
(3, 627, 'CME巴西雷亚尔202106合约', '', '', '', '', '', ''),
(1, 627, 'CME巴西雷亚尔202106合约', '', '', '', '', '', ''),
(3, 628, 'CME波兰兹罗提202106合约', '', '', '', '', '', ''),
(1, 628, 'CME波兰兹罗提202106合约', '', '', '', '', '', ''),
(3, 629, 'CME匈牙利福林202106合约', '', '', '', '', '', ''),
(1, 629, 'CME匈牙利福林202106合约', '', '', '', '', '', ''),
(3, 630, 'CME卢布202106合约', '', '', '', '', '', ''),
(1, 630, 'CME卢布202106合约', '', '', '', '', '', ''),
(3, 631, 'CME欧元/加元202106合约', '', '', '', '', '', ''),
(1, 631, 'CME欧元/加元202106合约', '', '', '', '', '', ''),
(3, 632, 'CME欧元/瑞郎202106合约', '', '', '', '', '', ''),
(1, 632, 'CME欧元/瑞郎202106合约', '', '', '', '', '', ''),
(3, 633, 'CME欧元/英镑202106合約', '', '', '', '', '', ''),
(1, 633, 'CME欧元/英镑202106合約', '', '', '', '', '', ''),
(3, 634, 'CME欧元/日币202106合約', '', '', '', '', '', ''),
(1, 634, 'CME欧元/日币202106合約', '', '', '', '', '', ''),
(3, 635, 'CME南非兰特202106合约', '', '', '', '', '', ''),
(1, 635, 'CME南非兰特202106合约', '', '', '', '', '', ''),
(3, 636, 'CME墨西哥比索202106合约', '', '', '', '', '', ''),
(1, 636, 'CME墨西哥比索202106合约', '', '', '', '', '', ''),
(3, 637, 'CME美元/离岸人民币202106合约', '', '', '', '', '', ''),
(1, 637, 'CME美元/离岸人民币202106合约', '', '', '', '', '', ''),
(3, 638, 'CME欧洲美元202106合约', '', '', '', '', '', ''),
(1, 638, 'CME欧洲美元202106合约', '', '', '', '', '', ''),
(3, 639, 'CME日经指数(USD)202106合约', '', '', '', '', '', ''),
(1, 639, 'CME日经指数(USD)202106合约', '', '', '', '', '', ''),
(3, 640, 'CME日经指数(JPY)202106合约', '', '', '', '', '', ''),
(1, 640, 'CME日经指数(JPY)202106合约', '', '', '', '', '', ''),
(3, 641, 'CME微型罗素2000指数期货202106合約', '', '', '', '', '', ''),
(1, 641, 'CME微型罗素2000指数期货202106合約', '', '', '', '', '', ''),
(3, 642, 'CME微型标准普尔指数202106合約', '', '', '', '', '', ''),
(1, 642, 'CME微型标准普尔指数202106合約', '', '', '', '', '', ''),
(3, 643, 'CME微型纳斯达克100指数202106合約', '', '', '', '', '', ''),
(1, 643, 'CME微型纳斯达克100指数202106合約', '', '', '', '', '', ''),
(3, 644, 'CME小型羅素2000指數期貨202106合約', '', '', '', '', '', ''),
(1, 644, 'CME小型羅素2000指數期貨202106合約', '', '', '', '', '', ''),
(3, 645, 'CME小型标准普尔指数202106合約', '', '', '', '', '', ''),
(1, 645, 'CME小型标准普尔指数202106合約', '', '', '', '', '', ''),
(3, 646, 'CME小型纳斯达克100指数202106合約', '', '', '', '', '', ''),
(1, 646, 'CME小型纳斯达克100指数202106合約', '', '', '', '', '', ''),
(3, 647, 'CME活牛202106合約', '', '', '', '', '', ''),
(1, 647, 'CME活牛202106合約', '', '', '', '', '', ''),
(3, 648, 'CME生猪202106合約', '', '', '', '', '', ''),
(1, 648, 'CME生猪202106合約', '', '', '', '', '', ''),
(3, 649, 'COMEX美黄金202106合約', '', '', '', '', '', ''),
(3, 650, 'COMEX美铜202106合約', '', '', '', '', '', ''),
(1, 651, 'COMEX小型美黄金202106合約', '', '', '', '', '', ''),
(3, 651, 'COMEX小型美黄金202106合約', '', '', '', '', '', ''),
(3, 652, 'NYMEX美原油202106合約', '', '', '', '', '', ''),
(3, 653, 'NYMEX热燃油202106合約', '', '', '', '', '', ''),
(3, 654, 'NYMEX天然气202106合約', '', '', '', '', '', ''),
(3, 655, 'NYMEX美钯金202106合約', '', '', '', '', '', ''),
(1, 656, 'NYMEX小型天然气202106合约', '', '', '', '', '', ''),
(3, 656, 'NYMEX小型天然气202106合约', '', '', '', '', '', ''),
(3, 657, 'NYMEX小型美原油202106合约', '', '', '', '', '', ''),
(1, 657, 'NYMEX小型美原油202106合约', '', '', '', '', '', ''),
(1, 655, 'NYMEX美钯金202106合約', '', '', '', '', '', ''),
(1, 654, 'NYMEX天然气202106合約', '', '', '', '', '', ''),
(1, 653, 'NYMEX热燃油202106合約', '', '', '', '', '', ''),
(1, 652, 'NYMEX美原油202106合約', '', '', '', '', '', ''),
(1, 650, 'COMEX美铜202106合約', '', '', '', '', '', ''),
(1, 649, 'COMEX美黄金202106合約', '', '', '', '', '', ''),
(3, 658, 'NYMEX无铅汽油202106合约', '', '', '', '', '', ''),
(1, 658, 'NYMEX无铅汽油202106合约', '', '', '', '', '', ''),
(3, 659, 'NYMEX布伦特原油最后结算202106合约', '', '', '', '', '', ''),
(1, 659, 'NYMEX布伦特原油最后结算202106合约', '', '', '', '', '', ''),
(3, 660, 'HKEX美元兑人民币202106合约', '', '', '', '', '', ''),
(1, 660, 'HKEX美元兑人民币202106合约', '', '', '', '', '', ''),
(3, 661, 'HKEX恒生科技指數202106合约', '', '', '', '', '', ''),
(1, 661, 'HKEX恒生科技指數202106合约', '', '', '', '', '', ''),
(3, 662, 'HKEXH股指数202106合约', '', '', '', '', '', ''),
(1, 662, 'HKEXH股指数202106合约', '', '', '', '', '', ''),
(3, 663, 'HKEX恒生指数202106合约', '', '', '', '', '', ''),
(1, 663, 'HKEX恒生指数202106合约', '', '', '', '', '', ''),
(3, 664, 'HKEX小型H股指数202106合约', '', '', '', '', '', ''),
(1, 664, 'HKEX小型H股指数202106合约', '', '', '', '', '', ''),
(3, 665, 'HKEX小型恒生指数202106合约', '', '', '', '', '', ''),
(1, 665, 'HKEX小型恒生指数202106合约', '', '', '', '', '', ''),
(3, 666, 'HKEX鐵礦石指數月合約202106合约', '', '', '', '', '', ''),
(1, 666, 'HKEX鐵礦石指數月合約202106合约', '', '', '', '', '', ''),
(3, 667, 'HKEX鐵礦石指數季合約202106合约', '', '', '', '', '', ''),
(1, 667, 'HKEX鐵礦石指數季合約202106合约', '', '', '', '', '', ''),
(3, 668, 'HKEX美元黃金期貨202106合约', '', '', '', '', '', ''),
(1, 668, 'HKEX美元黃金期貨202106合约', '', '', '', '', '', ''),
(3, 669, 'HKEX人民幣(香港)黃金期貨202106合约', '', '', '', '', '', ''),
(1, 669, 'HKEX人民幣(香港)黃金期貨202106合约', '', '', '', '', '', ''),
(3, 670, 'HKEX欧元兑人民币202106合约', '', '', '', '', '', ''),
(1, 670, 'HKEX欧元兑人民币202106合约', '', '', '', '', '', ''),
(3, 671, 'HKEX日元兑人民币202106合约', '', '', '', '', '', ''),
(1, 671, 'HKEX日元兑人民币202106合约', '', '', '', '', '', ''),
(3, 672, 'HKEX澳元人民币202106合约', '', '', '', '', '', ''),
(1, 672, 'HKEX澳元人民币202106合约', '', '', '', '', '', ''),
(3, 673, 'HKEX卢比兑美元202106合约', '', '', '', '', '', ''),
(1, 673, 'HKEX卢比兑美元202106合约', '', '', '', '', '', ''),
(3, 674, 'HKEX中华120指数202106合约', '', '', '', '', '', ''),
(1, 674, 'HKEX中华120指数202106合约', '', '', '', '', '', ''),
(3, 675, 'HKEX建设银行202106合约', '', '', '', '', '', ''),
(1, 675, 'HKEX建设银行202106合约', '', '', '', '', '', ''),
(3, 676, 'HKEX中国移动202106合约', '', '', '', '', '', ''),
(1, 676, 'HKEX中国移动202106合约', '', '', '', '', '', ''),
(3, 677, 'HKEX香港交易所202106合约', '', '', '', '', '', ''),
(1, 677, 'HKEX香港交易所202106合约', '', '', '', '', '', ''),
(3, 678, 'HKEX汇丰控股202106合约', '', '', '', '', '', ''),
(1, 678, 'HKEX汇丰控股202106合约', '', '', '', '', '', ''),
(3, 679, 'HKEX工商银行202106合约', '', '', '', '', '', ''),
(1, 679, 'HKEX工商银行202106合约', '', '', '', '', '', ''),
(3, 680, 'HKEX中国平安202106合约', '', '', '', '', '', ''),
(1, 680, 'HKEX中国平安202106合约', '', '', '', '', '', ''),
(3, 681, 'HKEX腾讯控股202106合约', '', '', '', '', '', '');
INSERT INTO `tb_huatai_trading_future_desc` (`language_id`, `trading_future_id`, `name`, `detail`, `url`, `seo_desc`, `seo_title`, `detail2`, `seo_h1`) VALUES
(1, 681, 'HKEX腾讯控股202106合约', '', '', '', '', '', ''),
(3, 682, 'HKEX小米集团202106合约', '', '', '', '', '', ''),
(1, 682, 'HKEX小米集团202106合约', '', '', '', '', '', ''),
(3, 683, 'HKEX美团点评202106合约', '', '', '', '', '', ''),
(1, 683, 'HKEX美团点评202106合约', '', '', '', '', '', ''),
(3, 684, 'HKEX阿里巴巴202106合约', '', '', '', '', '', ''),
(1, 684, 'HKEX阿里巴巴202106合约', '', '', '', '', '', ''),
(3, 685, 'HKEX中國鐵塔202106合约', '', '', '', '', '', ''),
(1, 685, 'HKEX中國鐵塔202106合约', '', '', '', '', '', ''),
(3, 686, 'HKEX百威亞太202106合约', '', '', '', '', '', ''),
(1, 686, 'HKEX百威亞太202106合约', '', '', '', '', '', ''),
(1, 687, 'HKEX長城汽車202106合约', '', '', '', '', '', ''),
(3, 687, 'HKEX長城汽車202106合约', '', '', '', '', '', ''),
(3, 688, 'HKEX京東集團202106合约', '', '', '', '', '', ''),
(1, 688, 'HKEX京東集團202106合约', '', '', '', '', '', ''),
(3, 689, 'HKEX網易202106合约', '', '', '', '', '', ''),
(1, 689, 'HKEX網易202106合约', '', '', '', '', '', ''),
(3, 690, 'HKEX中國石油化工202106合约', '', '', '', '', '', ''),
(1, 690, 'HKEX中國石油化工202106合约', '', '', '', '', '', ''),
(3, 691, 'HKEX中國電信202106合约', '', '', '', '', '', ''),
(1, 691, 'HKEX中國電信202106合约', '', '', '', '', '', ''),
(3, 692, 'HKEX中國石油天然氣202106合约', '', '', '', '', '', ''),
(1, 692, 'HKEX中國石油天然氣202106合约', '', '', '', '', '', ''),
(3, 693, 'HKEX中國海洋石油202106合约', '', '', '', '', '', ''),
(1, 693, 'HKEX中國海洋石油202106合约', '', '', '', '', '', ''),
(3, 694, 'HKEX中國交通建設202106合约', '', '', '', '', '', ''),
(1, 694, 'HKEX中國交通建設202106合约', '', '', '', '', '', ''),
(3, 695, 'HKEX中國人民財產保險202106合约', '', '', '', '', '', ''),
(1, 695, 'HKEX中國人民財產保險202106合约', '', '', '', '', '', ''),
(3, 696, 'HKEX中銀香港202106合约', '', '', '', '', '', ''),
(1, 696, 'HKEX中銀香港202106合约', '', '', '', '', '', ''),
(3, 697, 'HKEX中國人壽保險202106合约', '', '', '', '', '', ''),
(1, 697, 'HKEX中國人壽保險202106合约', '', '', '', '', '', ''),
(3, 698, 'HKEX招商銀行202106合约', '', '', '', '', '', ''),
(1, 698, 'HKEX招商銀行202106合约', '', '', '', '', '', ''),
(3, 699, 'HKEX安硕A50202106合约', '', '', '', '', '', ''),
(1, 699, 'HKEX安硕A50202106合约', '', '', '', '', '', ''),
(3, 700, 'HKEX华夏沪深300202106合约', '', '', '', '', '', ''),
(1, 700, 'HKEX华夏沪深300202106合约', '', '', '', '', '', ''),
(3, 701, 'HKEX南方A50202106合约', '', '', '', '', '', ''),
(1, 701, 'HKEX南方A50202106合约', '', '', '', '', '', ''),
(3, 702, 'HKEXMSCI澳洲净总回报指数202106合约', '', '', '', '', '', ''),
(1, 702, 'HKEXMSCI澳洲净总回报指数202106合约', '', '', '', '', '', ''),
(3, 703, 'HKEXMSCI中国自由净总回报202106合约', '', '', '', '', '', ''),
(1, 703, 'HKEXMSCI中国自由净总回报202106合约', '', '', '', '', '', ''),
(3, 704, 'HKEXMSCI新兴市场亚洲净总回报202106合约', '', '', '', '', '', ''),
(1, 704, 'HKEXMSCI新兴市场亚洲净总回报202106合约', '', '', '', '', '', ''),
(3, 705, 'HKEXMSCI印度净总回报指数202106合约', '', '', '', '', '', ''),
(1, 705, 'HKEXMSCI印度净总回报指数202106合约', '', '', '', '', '', ''),
(3, 706, 'HKEXMSCI印尼净总回报指数202106合约', '', '', '', '', '', ''),
(1, 706, 'HKEXMSCI印尼净总回报指数202106合约', '', '', '', '', '', ''),
(3, 707, 'HKEXMSCI日本净总回报指数202106合约', '', '', '', '', '', ''),
(1, 707, 'HKEXMSCI日本净总回报指数202106合约', '', '', '', '', '', ''),
(3, 708, 'HKEXMSCI马来西亚净总回报202106合约', '', '', '', '', '', ''),
(1, 708, 'HKEXMSCI马来西亚净总回报202106合约', '', '', '', '', '', ''),
(3, 709, 'HKEXMSCI台湾指数202106合约', '', '', '', '', '', ''),
(1, 709, 'HKEXMSCI台湾指数202106合约', '', '', '', '', '', ''),
(3, 710, 'HKEXMSCI台湾净总回报指数202106合约', '', '', '', '', '', ''),
(1, 710, 'HKEXMSCI台湾净总回报指数202106合约', '', '', '', '', '', ''),
(3, 711, 'HKEXMSCI泰国净总回报指数202106合约', '', '', '', '', '', ''),
(1, 711, 'HKEXMSCI泰国净总回报指数202106合约', '', '', '', '', '', ''),
(3, 712, 'HKEXMSCI新兴市场指数202106合约', '', '', '', '', '', ''),
(1, 712, 'HKEXMSCI新兴市场指数202106合约', '', '', '', '', '', ''),
(3, 713, 'HKEXMSCI新兴市场NTR202106合约', '', '', '', '', '', ''),
(1, 713, 'HKEXMSCI新兴市场NTR202106合约', '', '', '', '', '', ''),
(3, 714, 'HKEXMSCI香港NTR指数202106合约', '', '', '', '', '', ''),
(1, 714, 'HKEXMSCI香港NTR指数202106合约', '', '', '', '', '', ''),
(3, 715, 'HKEXMSCI印尼指数202106合约', '', '', '', '', '', ''),
(1, 715, 'HKEXMSCI印尼指数202106合约', '', '', '', '', '', ''),
(3, 716, 'HKEXMSCI菲律宾NTR指数20201合约', '', '', '', '', '', ''),
(1, 716, 'HKEXMSCI菲律宾NTR指数20201合约', '', '', '', '', '', ''),
(3, 717, 'HKEXMSCI新加坡NTR指数202106合约', '', '', '', '', '', ''),
(1, 717, 'HKEXMSCI新加坡NTR指数202106合约', '', '', '', '', '', ''),
(3, 718, 'HKEXMSCI越南NTR指数202106合约', '', '', '', '', '', ''),
(1, 718, 'HKEXMSCI越南NTR指数202106合约', '', '', '', '', '', ''),
(3, 719, 'HKEXMSCI中國自由指數202106合约', '', '', '', '', '', ''),
(1, 719, 'HKEXMSCI中國自由指數202106合约', '', '', '', '', '', ''),
(3, 720, 'HKEXMSCI印度指數202106合约', '', '', '', '', '', ''),
(1, 720, 'HKEXMSCI印度指數202106合约', '', '', '', '', '', ''),
(3, 721, 'HKEXMSCI馬來西亞指數202106合约', '', '', '', '', '', ''),
(1, 721, 'HKEXMSCI馬來西亞指數202106合约', '', '', '', '', '', ''),
(3, 722, 'HKEXMSCI新西蘭淨總回報指數202106合约', '', '', '', '', '', ''),
(1, 722, 'HKEXMSCI新西蘭淨總回報指數202106合约', '', '', '', '', '', ''),
(3, 723, 'HKEXMSCI菲律賓指數202106合约', '', '', '', '', '', ''),
(1, 723, 'HKEXMSCI菲律賓指數202106合约', '', '', '', '', '', ''),
(3, 724, 'HKEXMSCI新加坡自由淨總回報指數202106合约', '', '', '', '', '', ''),
(1, 724, 'HKEXMSCI新加坡自由淨總回報指數202106合约', '', '', '', '', '', ''),
(3, 725, 'HKEXMSCI泰國指數202106合约', '', '', '', '', '', ''),
(1, 725, 'HKEXMSCI泰國指數202106合约', '', '', '', '', '', ''),
(3, 726, 'HKEXMSCI越南指數202106合约', '', '', '', '', '', ''),
(1, 726, 'HKEXMSCI越南指數202106合约', '', '', '', '', '', ''),
(3, 727, 'HKEXMSCI新兴市场除中国NTR指数202106合约', '', '', '', '', '', ''),
(1, 727, 'HKEXMSCI新兴市场除中国NTR指数202106合约', '', '', '', '', '', ''),
(3, 728, 'HKEXMSCI新兴市场除韩国NTR指数202106合约', '', '', '', '', '', ''),
(1, 728, 'HKEXMSCI新兴市场除韩国NTR指数202106合约', '', '', '', '', '', ''),
(3, 729, 'HKEXMSCI新兴市场亚洲除中国NTR202106合约', '', '', '', '', '', ''),
(1, 729, 'HKEXMSCI新兴市场亚洲除中国NTR202106合约', '', '', '', '', '', ''),
(3, 730, 'HKEXMSCI新兴市场亚洲除韩国NTR202106合约', '', '', '', '', '', ''),
(1, 730, 'HKEXMSCI新兴市场亚洲除韩国NTR202106合约', '', '', '', '', '', ''),
(3, 731, 'HKEXMSCI新兴市场欧非中东NTR202106合约', '', '', '', '', '', ''),
(1, 731, 'HKEXMSCI新兴市场欧非中东NTR202106合约', '', '', '', '', '', ''),
(3, 732, 'HKEXMSCI新兴市场拉丁美洲NTR202106合约', '', '', '', '', '', ''),
(1, 732, 'HKEXMSCI新兴市场拉丁美洲NTR202106合约', '', '', '', '', '', ''),
(3, 733, 'HKEXMSCI太平洋NTR指数202106合约', '', '', '', '', '', ''),
(1, 733, 'HKEXMSCI太平洋NTR指数202106合约', '', '', '', '', '', ''),
(3, 734, 'HKEXMSCI太平洋除日本NTR202106合约', '', '', '', '', '', ''),
(1, 734, 'HKEXMSCI太平洋除日本NTR202106合约', '', '', '', '', '', ''),
(3, 735, 'SGX富时中国指数202106合约', '', '', '', '', '', ''),
(1, 735, 'SGX富时中国指数202106合约', '', '', '', '', '', ''),
(3, 736, 'SGX富時H50指數202106合约', '', '', '', '', '', ''),
(1, 736, 'SGX富時H50指數202106合约', '', '', '', '', '', ''),
(3, 737, 'SGX日经225指数202106合约', '', '', '', '', '', ''),
(1, 737, 'SGX日经225指数202106合约', '', '', '', '', '', ''),
(3, 738, 'SGX新加坡指數202106合约', '', '', '', '', '', ''),
(1, 738, 'SGX新加坡指數202106合约', '', '', '', '', '', ''),
(3, 739, 'SGX美元兑人民币202106合约', '', '', '', '', '', ''),
(1, 739, 'SGX美元兑人民币202106合约', '', '', '', '', '', ''),
(3, 740, 'SGX铁矿石202106合约', '', '', '', '', '', ''),
(1, 740, 'SGX铁矿石202106合约', '', '', '', '', '', ''),
(3, 741, 'SGXNifty 50 指数202106合约', '', '', '', '', '', ''),
(1, 741, 'SGXNifty 50 指数202106合约', '', '', '', '', '', ''),
(3, 742, 'SGXRSS3橡胶202106合约', '', '', '', '', '', ''),
(1, 742, 'SGXRSS3橡胶202106合约', '', '', '', '', '', ''),
(3, 743, 'SGX橡胶202106合约', '', '', '', '', '', ''),
(1, 743, 'SGX橡胶202106合约', '', '', '', '', '', ''),
(3, 744, 'SGX马来西亚林吉特对美元202106合约', '', '', '', '', '', ''),
(1, 744, 'SGX马来西亚林吉特对美元202106合约', '', '', '', '', '', ''),
(3, 745, 'EUREX德国DAX202106合约', '', '', '', '', '', ''),
(1, 745, 'EUREX德国DAX202106合约', '', '', '', '', '', ''),
(3, 746, 'EUREX迷你DAX指数202106合约', '', '', '', '', '', ''),
(1, 746, 'EUREX迷你DAX指数202106合约', '', '', '', '', '', ''),
(3, 747, 'EUREX欧盟50指数202106合约', '', '', '', '', '', ''),
(1, 747, 'EUREX欧盟50指数202106合约', '', '', '', '', '', ''),
(3, 748, 'EUREX瑞士指数202106合约', '', '', '', '', '', ''),
(1, 748, 'EUREX瑞士指数202106合约', '', '', '', '', '', ''),
(3, 749, 'EUREX欧洲恐慌指数202106合约', '', '', '', '', '', ''),
(1, 749, 'EUREX欧洲恐慌指数202106合约', '', '', '', '', '', ''),
(3, 750, 'EUREX欧元德国10年国债202106合约', '', '', '', '', '', ''),
(1, 750, 'EUREX欧元德国10年国债202106合约', '', '', '', '', '', ''),
(3, 751, 'EUREX欧元德国5年国债202106合约', '', '', '', '', '', ''),
(1, 751, 'EUREX欧元德国5年国债202106合约', '', '', '', '', '', ''),
(3, 752, 'EUREX欧元德国2年国债202106合约', '', '', '', '', '', ''),
(1, 752, 'EUREX欧元德国2年国债202106合约', '', '', '', '', '', ''),
(3, 753, 'EUREX欧元债 BUXL202106合约', '', '', '', '', '', ''),
(1, 753, 'EUREX欧元债 BUXL202106合约', '', '', '', '', '', ''),
(3, 754, 'EUREX欧元法国10年国债202106合约', '', '', '', '', '', ''),
(1, 754, 'EUREX欧元法国10年国债202106合约', '', '', '', '', '', ''),
(3, 755, 'EUREX欧元意大利10年国债202106合约', '', '', '', '', '', ''),
(1, 755, 'EUREX欧元意大利10年国债202106合约', '', '', '', '', '', ''),
(3, 756, 'EUREX西班牙国债 BONO202106合约', '', '', '', '', '', ''),
(1, 756, 'EUREX西班牙国债 BONO202106合约', '', '', '', '', '', ''),
(3, 757, 'EUREX短期意债202106合约', '', '', '', '', '', ''),
(1, 757, 'EUREX短期意债202106合约', '', '', '', '', '', ''),
(3, 758, 'ICUS美元指数202106合约', '', '', '', '', '', ''),
(1, 758, 'ICUS美元指数202106合约', '', '', '', '', '', ''),
(3, 759, 'ICE_SG迷你布伦特原油202106合约', '', '', '', '', '', ''),
(1, 759, 'ICE_SG迷你布伦特原油202106合约', '', '', '', '', '', ''),
(3, 760, 'ICE_SG迷你美元指数202106合约', '', '', '', '', '', ''),
(1, 760, 'ICE_SG迷你美元指数202106合约', '', '', '', '', '', ''),
(3, 761, 'ICEU布伦特原油202106合约', '', '', '', '', '', ''),
(1, 761, 'ICEU布伦特原油202106合约', '', '', '', '', '', ''),
(3, 762, 'ICEU汽油202106合约', '', '', '', '', '', ''),
(1, 762, 'ICEU汽油202106合约', '', '', '', '', '', ''),
(3, 763, 'ICEUWTI原油202106合约', '', '', '', '', '', ''),
(1, 763, 'ICEUWTI原油202106合约', '', '', '', '', '', ''),
(3, 764, 'ICEU富时100指数202106合约', '', '', '', '', '', ''),
(1, 764, 'ICEU富时100指数202106合约', '', '', '', '', '', ''),
(3, 765, 'BMD棕榈油202106合约', '', '', '', '', '', ''),
(1, 765, 'BMD棕榈油202106合约', '', '', '', '', '', ''),
(3, 766, 'CBOECBOE VIX202106合约', '', '', '', '', '', ''),
(1, 766, 'CBOECBOE VIX202106合约', '', '', '', '', '', ''),
(1, 767, 'APEX精炼棕榈油202106合约', '', '', '', '', '', ''),
(3, 767, 'APEX精炼棕榈油202106合约', '', '', '', '', '', ''),
(3, 768, 'TOCOM原油202106合约', '', '', '', '', '', ''),
(1, 768, 'TOCOM原油202106合约', '', '', '', '', '', ''),
(3, 769, 'OSE日本黃金202106合约', '', '', '', '', '', ''),
(1, 769, 'OSE日本黃金202106合约', '', '', '', '', '', ''),
(3, 770, 'OSE日本橡胶202106合约', '', '', '', '', '', ''),
(1, 770, 'OSE日本橡胶202106合约', '', '', '', '', '', ''),
(3, 771, 'OSE大板日經指數202106合约', '', '', '', '', '', ''),
(1, 771, 'OSE大板日經指數202106合约', '', '', '', '', '', ''),
(3, 772, 'OSE大板小型日經指數202106合约', '', '', '', '', '', ''),
(1, 772, 'OSE大板小型日經指數202106合约', '', '', '', '', '', ''),
(3, 773, 'OSE十年政府债券202106合约', '', '', '', '', '', ''),
(1, 773, 'OSE十年政府债券202106合约', '', '', '', '', '', ''),
(3, 774, 'OSETOPIX202106合约', '', '', '', '', '', ''),
(1, 774, 'OSETOPIX202106合约', '', '', '', '', '', ''),
(3, 775, 'DCE铁矿石202106合约', '', '', '', '', '', ''),
(1, 775, 'DCE铁矿石202106合约', '', '', '', '', '', ''),
(3, 776, 'ZCE精对苯二甲酸 PTA202106合约', '', '', '', '', '', ''),
(1, 776, 'ZCE精对苯二甲酸 PTA202106合约', '', '', '', '', '', ''),
(3, 777, 'HKEX小型美元兑人民币202105合约', '', '', '', '', '', ''),
(1, 777, 'HKEX小型美元兑人民币202105合约', '', '', '', '', '', ''),
(3, 778, 'HKEX恒生科技指數202105合约', '', '', '', '', '', ''),
(1, 778, 'HKEX恒生科技指數202105合约', '', '', '', '', '', ''),
(3, 779, 'HKEXH股指数202105合约', '', '', '', '', '', ''),
(1, 779, 'HKEXH股指数202105合约', '', '', '', '', '', ''),
(3, 780, 'HKEX恒生指数202105合约', '', '', '', '', '', ''),
(1, 780, 'HKEX恒生指数202105合约', '', '', '', '', '', ''),
(3, 781, 'HKEX小型H股指数202105合约', '', '', '', '', '', ''),
(1, 781, 'HKEX小型H股指数202105合约', '', '', '', '', '', ''),
(3, 782, 'HKEX小型恒生指数202105合约', '', '', '', '', '', ''),
(1, 782, 'HKEX小型恒生指数202105合约', '', '', '', '', '', ''),
(3, 783, 'HKEX欧元兑人民币202105合约', '', '', '', '', '', ''),
(1, 783, 'HKEX欧元兑人民币202105合约', '', '', '', '', '', ''),
(3, 784, 'HKEX日元兑人民币202105合约', '', '', '', '', '', ''),
(1, 784, 'HKEX日元兑人民币202105合约', '', '', '', '', '', ''),
(3, 785, 'HKEX澳元人民币202105合约', '', '', '', '', '', ''),
(1, 785, 'HKEX澳元人民币202105合约', '', '', '', '', '', ''),
(3, 786, 'HKEX中华120指数202105合约', '', '', '', '', '', ''),
(1, 786, 'HKEX中华120指数202105合约', '', '', '', '', '', ''),
(3, 787, 'HKEXMSCI台湾指数202105合约', '', '', '', '', '', ''),
(1, 787, 'HKEXMSCI台湾指数202105合约', '', '', '', '', '', ''),
(3, 788, 'HKEXMSCI印尼指数202105合约', '', '', '', '', '', ''),
(1, 788, 'HKEXMSCI印尼指数202105合约', '', '', '', '', '', ''),
(3, 789, 'MSCI中国自由指数202105合约', '', '', '', '', '', ''),
(1, 789, 'MSCI中国自由指数202105合约', '', '', '', '', '', ''),
(3, 790, 'HKEXMSCI印度指數202105合约', '', '', '', '', '', ''),
(1, 790, 'HKEXMSCI印度指數202105合约', '', '', '', '', '', ''),
(3, 791, 'HKEXMSCI馬來西亞指數202105合约', '', '', '', '', '', ''),
(1, 791, 'HKEXMSCI馬來西亞指數202105合约', '', '', '', '', '', ''),
(3, 792, 'HKEXMSCI菲律賓指數202105合约', '', '', '', '', '', ''),
(1, 792, 'HKEXMSCI菲律賓指數202105合约', '', '', '', '', '', ''),
(3, 793, 'HKEXMSCI泰國指數202105合约', '', '', '', '', '', ''),
(1, 793, 'HKEXMSCI泰國指數202105合约', '', '', '', '', '', ''),
(3, 794, 'HKEXMSCI越南指數202105合约', '', '', '', '', '', ''),
(1, 794, 'HKEXMSCI越南指數202105合约', '', '', '', '', '', ''),
(3, 795, 'COMEX美白银202106合约', '', '', '', '', '', ''),
(1, 795, 'COMEX美白银202106合约', '', '', '', '', '', ''),
(3, 796, 'NYMEX美铂金202106合约', '', '', '', '', '', ''),
(1, 796, 'NYMEX美铂金202106合约', '', '', '', '', '', ''),
(3, 797, 'CBOT C202107', '', '', '', '', '', ''),
(3, 798, 'CBOT O202107', '', '', '', '', '', ''),
(3, 799, 'CBOT S202107', '', '', '', '', '', ''),
(3, 800, 'CBOT W202107', '', '', '', '', '', ''),
(3, 801, 'CBOT KW202107', '', '', '', '', '', ''),
(3, 802, 'CBOT ZL202107', '', '', '', '', '', ''),
(3, 803, 'CBOT ZM202107', '', '', '', '', '', ''),
(1, 797, 'CBOT C202107', '', '', '', '', '', ''),
(1, 798, 'CBOT O202107', '', '', '', '', '', ''),
(1, 799, 'CBOT S202107', '', '', '', '', '', ''),
(1, 800, 'CBOT W202107', '', '', '', '', '', ''),
(1, 801, 'CBOT KW202107', '', '', '', '', '', ''),
(1, 802, 'CBOT ZL202107', '', '', '', '', '', ''),
(1, 803, 'CBOT ZM202107', '', '', '', '', '', ''),
(3, 804, 'CBOT ZR202107', '', '', '', '', '', ''),
(1, 804, 'CBOT ZR202107', '', '', '', '', '', ''),
(3, 805, 'CBOT ZQ202107', '', '', '', '', '', ''),
(1, 805, 'CBOT ZQ202107', '', '', '', '', '', ''),
(3, 806, 'CME AD202107', '', '', '', '', '', ''),
(1, 806, 'CME AD202107', '', '', '', '', '', ''),
(3, 807, 'CME BP202107', '', '', '', '', '', ''),
(1, 807, 'CME BP202107', '', '', '', '', '', ''),
(3, 808, 'CME CD202107', '', '', '', '', '', ''),
(1, 808, 'CME CD202107', '', '', '', '', '', ''),
(3, 809, 'CME EC202107', '', '', '', '', '', ''),
(1, 809, 'CME EC202107', '', '', '', '', '', ''),
(3, 810, 'CME JY202107', '', '', '', '', '', ''),
(1, 810, 'CME JY202107', '', '', '', '', '', ''),
(3, 811, 'CME BR202107', '', '', '', '', '', ''),
(1, 811, 'CME BR202107', '', '', '', '', '', ''),
(3, 812, 'CME RU202107', '', '', '', '', '', ''),
(1, 812, 'CME RU202107', '', '', '', '', '', ''),
(3, 813, 'CME RP202107', '', '', '', '', '', ''),
(1, 813, 'CME RP202107', '', '', '', '', '', ''),
(3, 814, 'CME RA202107', '', '', '', '', '', ''),
(1, 814, 'CME RA202107', '', '', '', '', '', ''),
(3, 815, 'CME MP202107', '', '', '', '', '', ''),
(1, 815, 'CME MP202107', '', '', '', '', '', ''),
(3, 816, 'CME CNH202107', '', '', '', '', '', ''),
(1, 816, 'CME CNH202107', '', '', '', '', '', ''),
(3, 817, 'CME ED202107', '', '', '', '', '', ''),
(1, 817, 'CME ED202107', '', '', '', '', '', ''),
(3, 818, 'CME NIY202107', '', '', '', '', '', ''),
(1, 818, 'CME NIY202107', '', '', '', '', '', ''),
(3, 819, 'CME LN202107', '', '', '', '', '', ''),
(1, 819, 'CME LN202107', '', '', '', '', '', ''),
(3, 820, 'COMEX GC202107', '', '', '', '', '', ''),
(1, 820, 'COMEX GC202107', '', '', '', '', '', ''),
(3, 821, 'COMEX SI202107', '', '', '', '', '', ''),
(1, 821, 'COMEX SI202107', '', '', '', '', '', ''),
(3, 822, 'COMEX HG202107', '', '', '', '', '', ''),
(1, 822, 'COMEX HG202107', '', '', '', '', '', ''),
(3, 823, 'COMEX QI', '', '', '', '', '', ''),
(1, 823, 'COMEX QI', '', '', '', '', '', ''),
(3, 824, 'NYMEX CL202107', '', '', '', '', '', ''),
(1, 824, 'NYMEX CL202107', '', '', '', '', '', ''),
(3, 825, 'NYMEX HO202107', '', '', '', '', '', ''),
(1, 825, 'NYMEX HO202107', '', '', '', '', '', ''),
(3, 826, 'NYMEX NG202107', '', '', '', '', '', ''),
(1, 826, 'NYMEX NG202107', '', '', '', '', '', ''),
(3, 827, 'NYMEX PA202107', '', '', '', '', '', ''),
(1, 827, 'NYMEX PA202107', '', '', '', '', '', ''),
(3, 828, 'NYMEX PL202107', '', '', '', '', '', ''),
(1, 828, 'NYMEX PL202107', '', '', '', '', '', ''),
(3, 829, 'NYMEX QG202107', '', '', '', '', '', ''),
(1, 829, 'NYMEX QG202107', '', '', '', '', '', ''),
(3, 830, 'NYMEX QM202107', '', '', '', '', '', ''),
(1, 830, 'NYMEX QM202107', '', '', '', '', '', ''),
(3, 831, 'NYMEX RB202107', '', '', '', '', '', ''),
(1, 831, 'NYMEX RB202107', '', '', '', '', '', ''),
(3, 832, 'NYMEX BZ202107', '', '', '', '', '', ''),
(1, 832, 'NYMEX BZ202107', '', '', '', '', '', ''),
(3, 833, 'HKEX CUS202107', '', '', '', '', '', ''),
(1, 833, 'HKEX CUS202107', '', '', '', '', '', ''),
(3, 834, 'HKEX MCS202107', '', '', '', '', '', ''),
(1, 834, 'HKEX MCS202107', '', '', '', '', '', ''),
(3, 835, 'HKEX FEM202107', '', '', '', '', '', ''),
(1, 835, 'HKEX FEM202107', '', '', '', '', '', ''),
(3, 836, 'HKEX GDU202107', '', '', '', '', '', ''),
(1, 836, 'HKEX GDU202107', '', '', '', '', '', ''),
(3, 837, 'HKEX GDR202107', '', '', '', '', '', ''),
(1, 837, 'HKEX GDR202107', '', '', '', '', '', ''),
(3, 838, 'HKEX UIN202107', '', '', '', '', '', ''),
(1, 838, 'HKEX UIN202107', '', '', '', '', '', ''),
(3, 839, 'HKEX CCB202107', '', '', '', '', '', ''),
(1, 839, 'HKEX CCB202107', '', '', '', '', '', ''),
(3, 840, 'HKEX CHT202107', '', '', '', '', '', ''),
(1, 840, 'HKEX CHT202107', '', '', '', '', '', ''),
(1, 841, 'HKEX HEX202107', '', '', '', '', '', ''),
(3, 841, 'HKEX HEX202107', '', '', '', '', '', ''),
(3, 842, 'HKEX HKB202107', '', '', '', '', '', ''),
(1, 842, 'HKEX HKB202107', '', '', '', '', '', ''),
(3, 843, 'HKEX ICB202107', '', '', '', '', '', ''),
(1, 843, 'HKEX ICB202107', '', '', '', '', '', ''),
(3, 844, 'HKEX PAI202107', '', '', '', '', '', ''),
(1, 844, 'HKEX PAI202107', '', '', '', '', '', ''),
(3, 845, 'HKEX TCH202107', '', '', '', '', '', ''),
(1, 845, 'HKEX TCH202107', '', '', '', '', '', ''),
(3, 846, 'HKEX MIU202107', '', '', '', '', '', ''),
(1, 846, 'HKEX MIU202107', '', '', '', '', '', ''),
(3, 847, 'HKEX MET202107', '', '', '', '', '', ''),
(1, 847, 'HKEX MET202107', '', '', '', '', '', ''),
(3, 848, 'HKEX ALB202107', '', '', '', '', '', ''),
(1, 848, 'HKEX ALB202107', '', '', '', '', '', ''),
(3, 849, 'HKEX TWR202107', '', '', '', '', '', ''),
(1, 849, 'HKEX TWR202107', '', '', '', '', '', ''),
(1, 850, 'HKEX BUD202107', '', '', '', '', '', ''),
(3, 850, 'HKEX BUD202107', '', '', '', '', '', ''),
(3, 851, 'HKEX GWM202107', '', '', '', '', '', ''),
(1, 851, 'HKEX GWM202107', '', '', '', '', '', ''),
(3, 852, 'HKEX JDC202107', '', '', '', '', '', ''),
(1, 852, 'HKEX JDC202107', '', '', '', '', '', ''),
(3, 853, 'HKEX NTE202107', '', '', '', '', '', ''),
(1, 853, 'HKEX NTE202107', '', '', '', '', '', ''),
(1, 854, 'HKEX CPC202107', '', '', '', '', '', ''),
(3, 854, 'HKEX CPC202107', '', '', '', '', '', ''),
(3, 855, 'HKEX CTC202107', '', '', '', '', '', ''),
(1, 855, 'HKEX CTC202107', '', '', '', '', '', ''),
(3, 856, 'HKEX PEC202107', '', '', '', '', '', ''),
(1, 856, 'HKEX PEC202107', '', '', '', '', '', ''),
(3, 857, 'HKEX CNC202107', '', '', '', '', '', ''),
(1, 857, 'HKEX CNC202107', '', '', '', '', '', ''),
(3, 858, 'HKEX CCC202107', '', '', '', '', '', ''),
(1, 858, 'HKEX CCC202107', '', '', '', '', '', ''),
(3, 859, 'HKEX PIC202107', '', '', '', '', '', ''),
(1, 859, 'HKEX PIC202107', '', '', '', '', '', ''),
(3, 860, 'HKEX BOC202107', '', '', '', '', '', ''),
(1, 860, 'HKEX BOC202107', '', '', '', '', '', ''),
(3, 861, 'HKEX CLI202107', '', '', '', '', '', ''),
(1, 861, 'HKEX CLI202107', '', '', '', '', '', ''),
(3, 862, 'HKEX CMB202107', '', '', '', '', '', ''),
(1, 862, 'HKEX CMB202107', '', '', '', '', '', ''),
(3, 863, 'HKEX A50202107', '', '', '', '', '', ''),
(1, 863, 'HKEX A50202107', '', '', '', '', '', ''),
(3, 864, 'HKEX AMC202107', '', '', '', '', '', ''),
(1, 864, 'HKEX AMC202107', '', '', '', '', '', ''),
(3, 865, 'HKEX CSA202107', '', '', '', '', '', ''),
(1, 865, 'HKEX CSA202107', '', '', '', '', '', ''),
(3, 866, 'HKEX MAN202107', '', '', '', '', '', ''),
(1, 866, 'HKEX MAN202107', '', '', '', '', '', ''),
(3, 867, 'HKEX MCN202107', '', '', '', '', '', ''),
(1, 867, 'HKEX MCN202107', '', '', '', '', '', ''),
(3, 868, 'HKEX EAN202107', '', '', '', '', '', ''),
(1, 868, 'HKEX EAN202107', '', '', '', '', '', ''),
(3, 869, 'HKEX MIN202107', '', '', '', '', '', ''),
(1, 869, 'HKEX MIN202107', '', '', '', '', '', ''),
(3, 870, 'HKEX MDN202107', '', '', '', '', '', ''),
(1, 870, 'HKEX MDN202107', '', '', '', '', '', ''),
(3, 871, 'HKEX MJU202107', '', '', '', '', '', ''),
(1, 871, 'HKEX MJU202107', '', '', '', '', '', ''),
(3, 872, 'HKEX MMN202107', '', '', '', '', '', ''),
(1, 872, 'HKEX MMN202107', '', '', '', '', '', ''),
(1, 873, 'HKEX MTW202107', '', '', '', '', '', ''),
(3, 873, 'HKEX MTW202107', '', '', '', '', '', ''),
(1, 874, 'HKEX MWN202107', '', '', '', '', '', ''),
(3, 874, 'HKEX MWN202107', '', '', '', '', '', ''),
(3, 875, 'HKEX MTN202107', '', '', '', '', '', ''),
(1, 875, 'HKEX MTN202107', '', '', '', '', '', ''),
(3, 876, 'HKEX MEI202107', '', '', '', '', '', ''),
(1, 876, 'HKEX MEI202107', '', '', '', '', '', ''),
(3, 877, 'HKEX EMN202107', '', '', '', '', '', ''),
(1, 877, 'HKEX EMN202107', '', '', '', '', '', ''),
(3, 878, 'HKEX MHN202107', '', '', '', '', '', ''),
(1, 878, 'HKEX MHN202107', '', '', '', '', '', ''),
(3, 879, 'HKEX MIA202107', '', '', '', '', '', ''),
(1, 879, 'HKEX MIA202107', '', '', '', '', '', ''),
(3, 880, 'HKEX MPN202107', '', '', '', '', '', ''),
(1, 880, 'HKEX MPN202107', '', '', '', '', '', ''),
(3, 881, 'HKEX MSN202107', '', '', '', '', '', ''),
(1, 881, 'HKEX MSN202107', '', '', '', '', '', ''),
(3, 882, 'HKEX MVN202107', '', '', '', '', '', ''),
(1, 882, 'HKEX MVN202107', '', '', '', '', '', ''),
(3, 883, 'HKEX MCF202107', '', '', '', '', '', ''),
(1, 883, 'HKEX MCF202107', '', '', '', '', '', ''),
(3, 884, 'HKEX MDI202107', '', '', '', '', '', ''),
(1, 884, 'HKEX MDI202107', '', '', '', '', '', ''),
(1, 885, 'HKEX MNZ202107', '', '', '', '', '', ''),
(3, 885, 'HKEX MNZ202107', '', '', '', '', '', ''),
(3, 886, 'HKEX MPS202107', '', '', '', '', '', ''),
(1, 886, 'HKEX MPS202107', '', '', '', '', '', ''),
(3, 887, 'HKEX MGN202107', '', '', '', '', '', ''),
(1, 887, 'HKEX MGN202107', '', '', '', '', '', ''),
(3, 888, 'HKEX MTD202107', '', '', '', '', '', ''),
(1, 888, 'HKEX MTD202107', '', '', '', '', '', ''),
(3, 889, 'HKEX MVI202107', '', '', '', '', '', ''),
(1, 889, 'HKEX MVI202107', '', '', '', '', '', ''),
(3, 890, 'HKEX MXC202107', '', '', '', '', '', ''),
(1, 890, 'HKEX MXC202107', '', '', '', '', '', ''),
(3, 891, 'HKEX MXK202107', '', '', '', '', '', ''),
(1, 891, 'HKEX MXK202107', '', '', '', '', '', ''),
(3, 892, 'HKEX MAC202107', '', '', '', '', '', ''),
(1, 892, 'HKEX MAC202107', '', '', '', '', '', ''),
(3, 893, 'HKEX MAK202107', '', '', '', '', '', ''),
(1, 893, 'HKEX MAK202107', '', '', '', '', '', ''),
(3, 894, 'HKEX MEE202107', '', '', '', '', '', ''),
(1, 894, 'HKEX MEE202107', '', '', '', '', '', ''),
(3, 895, 'HKEX MEL202107', '', '', '', '', '', ''),
(1, 895, 'HKEX MEL202107', '', '', '', '', '', ''),
(3, 896, 'HKEX MPC202107', '', '', '', '', '', ''),
(1, 896, 'HKEX MPC202107', '', '', '', '', '', ''),
(3, 897, 'HKEX MPJ202107', '', '', '', '', '', ''),
(1, 897, 'HKEX MPJ202107', '', '', '', '', '', ''),
(3, 898, 'SGX CN202107', '', '', '', '', '', ''),
(1, 898, 'SGX CN202107', '', '', '', '', '', ''),
(3, 899, 'SGX FCH202107', '', '', '', '', '', ''),
(1, 899, 'SGX FCH202107', '', '', '', '', '', ''),
(3, 900, 'SGX NK202107', '', '', '', '', '', ''),
(1, 900, 'SGX NK202107', '', '', '', '', '', ''),
(3, 901, 'SGX SG202107', '', '', '', '', '', ''),
(1, 901, 'SGX SG202107', '', '', '', '', '', ''),
(3, 902, 'SGX UC202107', '', '', '', '', '', ''),
(1, 902, 'SGX UC202107', '', '', '', '', '', ''),
(3, 903, 'SGX MUC202107', '', '', '', '', '', ''),
(1, 903, 'SGX MUC202107', '', '', '', '', '', ''),
(3, 904, 'SGX FE202107', '', '', '', '', '', ''),
(1, 904, 'SGX FE202107', '', '', '', '', '', ''),
(3, 905, 'SGX IN202107', '', '', '', '', '', ''),
(1, 905, 'SGX IN202107', '', '', '', '', '', ''),
(3, 906, 'SGX RT202107', '', '', '', '', '', ''),
(1, 906, 'SGX RT202107', '', '', '', '', '', ''),
(3, 907, 'SGX TF202107', '', '', '', '', '', ''),
(1, 907, 'SGX TF202107', '', '', '', '', '', ''),
(3, 908, 'SGX MYR202107', '', '', '', '', '', ''),
(1, 908, 'SGX MYR202107', '', '', '', '', '', ''),
(3, 909, 'EUREX VS202107', '', '', '', '', '', ''),
(1, 909, 'EUREX VS202107', '', '', '', '', '', ''),
(3, 910, 'ICUS CC202107', '', '', '', '', '', ''),
(1, 910, 'ICUS CC202107', '', '', '', '', '', ''),
(3, 911, 'ICUS CC202107', '', '', '', '', '', ''),
(1, 911, 'ICUS CC202107', '', '', '', '', '', ''),
(3, 912, 'ICUS CT202107', '', '', '', '', '', ''),
(1, 912, 'ICUS CT202107', '', '', '', '', '', ''),
(3, 913, 'ICUS KC202107', '', '', '', '', '', ''),
(1, 913, 'ICUS KC202107', '', '', '', '', '', ''),
(3, 914, 'ICUS OJ202107', '', '', '', '', '', ''),
(1, 914, 'ICUS OJ202107', '', '', '', '', '', ''),
(3, 915, 'ICUS SB202107', '', '', '', '', '', ''),
(1, 915, 'ICUS SB202107', '', '', '', '', '', ''),
(3, 916, 'ICE_SG BM202107', '', '', '', '', '', ''),
(1, 916, 'ICE_SG BM202107', '', '', '', '', '', ''),
(3, 917, 'ICEU B202107', '', '', '', '', '', ''),
(1, 917, 'ICEU B202107', '', '', '', '', '', ''),
(3, 918, 'ICEU G202107', '', '', '', '', '', ''),
(1, 918, 'ICEU G202107', '', '', '', '', '', ''),
(3, 919, 'ICEU T202107', '', '', '', '', '', ''),
(1, 919, 'ICEU T202107', '', '', '', '', '', ''),
(3, 920, 'ICEU C202107', '', '', '', '', '', ''),
(1, 920, 'ICEU C202107', '', '', '', '', '', ''),
(3, 921, 'ICEU RC202107', '', '', '', '', '', ''),
(1, 921, 'ICEU RC202107', '', '', '', '', '', ''),
(3, 922, 'BMD CPO202107', '', '', '', '', '', ''),
(1, 922, 'BMD CPO202107', '', '', '', '', '', ''),
(3, 923, 'CBOE VX202107', '', '', '', '', '', ''),
(1, 923, 'CBOE VX202107', '', '', '', '', '', ''),
(3, 924, 'APEX PF202107', '', '', '', '', '', ''),
(1, 924, 'APEX PF202107', '', '', '', '', '', ''),
(3, 925, 'TOCOM JCO202107', '', '', '', '', '', ''),
(1, 925, 'TOCOM JCO202107', '', '', '', '', '', ''),
(3, 926, 'OSE JRU202107', '', '', '', '', '', ''),
(1, 926, 'OSE JRU202107', '', '', '', '', '', ''),
(3, 927, 'OSE NK225M202107', '', '', '', '', '', ''),
(1, 927, 'OSE NK225M202107', '', '', '', '', '', ''),
(3, 928, 'DCE I202107', '', '', '', '', '', ''),
(1, 928, 'DCE I202107', '', '', '', '', '', ''),
(3, 929, 'ZCE TA202107', '', '', '', '', '', ''),
(1, 929, 'ZCE TA202107', '', '', '', '', '', ''),
(3, 930, 'INE SC202107', '', '', '', '', '', ''),
(1, 930, 'INE SC202107', '', '', '', '', '', ''),
(3, 931, 'INE SC TAS202107', '', '', '', '', '', ''),
(1, 931, 'INE SC TAS202107', '', '', '', '', '', ''),
(3, 932, 'INE NR202107', '', '', '', '', '', ''),
(1, 932, 'INE NR202107', '', '', '', '', '', ''),
(3, 933, 'INE LU202107', '', '', '', '', '', ''),
(1, 933, 'INE LU202107', '', '', '', '', '', ''),
(3, 934, 'INE BC202107', '', '', '', '', '', ''),
(1, 934, 'INE BC202107', '', '', '', '', '', ''),
(1, 935, 'CBOT S202108', '', '', '', '', '', ''),
(3, 935, 'CBOT S202108', '', '', '', '', '', ''),
(1, 936, 'CBOT ZL202108', '', '', '', '', '', ''),
(3, 936, 'CBOT ZL202108', '', '', '', '', '', ''),
(1, 937, 'CBOT ZM202108', '', '', '', '', '', ''),
(3, 937, 'CBOT ZM202108', '', '', '', '', '', ''),
(3, 938, 'CBOT ZQ202108', '', '', '', '', '', ''),
(1, 938, 'CBOT ZQ202108', '', '', '', '', '', ''),
(3, 939, 'CME AD202108', '', '', '', '', '', ''),
(1, 939, 'CME AD202108', '', '', '', '', '', ''),
(3, 940, 'CME BP202108', '', '', '', '', '', ''),
(1, 940, 'CME BP202108', '', '', '', '', '', ''),
(3, 941, 'CME CD202108', '', '', '', '', '', ''),
(1, 941, 'CME CD202108', '', '', '', '', '', ''),
(3, 942, 'CME EC202108', '', '', '', '', '', ''),
(1, 942, 'CME EC202108', '', '', '', '', '', ''),
(3, 943, 'CME JY202108', '', '', '', '', '', ''),
(1, 943, 'CME JY202108', '', '', '', '', '', ''),
(3, 944, 'CME BR202108', '', '', '', '', '', ''),
(1, 944, 'CME BR202108', '', '', '', '', '', ''),
(3, 945, 'CME RU202108', '', '', '', '', '', ''),
(1, 945, 'CME RU202108', '', '', '', '', '', ''),
(3, 946, 'CME RP202108', '', '', '', '', '', ''),
(1, 946, 'CME RP202108', '', '', '', '', '', ''),
(3, 947, 'CME RA202108', '', '', '', '', '', ''),
(1, 947, 'CME RA202108', '', '', '', '', '', ''),
(3, 948, 'CME MP202108', '', '', '', '', '', ''),
(1, 948, 'CME MP202108', '', '', '', '', '', ''),
(3, 949, 'CME CNH202108', '', '', '', '', '', ''),
(1, 949, 'CME CNH202108', '', '', '', '', '', ''),
(3, 950, 'CME ED202108', '', '', '', '', '', ''),
(1, 950, 'CME ED202108', '', '', '', '', '', ''),
(3, 951, 'CME NIY202108', '', '', '', '', '', ''),
(1, 951, 'CME NIY202108', '', '', '', '', '', ''),
(3, 952, 'CME FC202108', '', '', '', '', '', ''),
(1, 952, 'CME FC202108', '', '', '', '', '', ''),
(3, 953, 'CME LC202108', '', '', '', '', '', ''),
(1, 953, 'CME LC202108', '', '', '', '', '', ''),
(3, 954, 'CME LN202108', '', '', '', '', '', ''),
(1, 954, 'CME LN202108', '', '', '', '', '', ''),
(1, 955, 'COMEX GC202108', '', '', '', '', '', ''),
(3, 955, 'COMEX GC202108', '', '', '', '', '', ''),
(3, 956, 'COMEX SI202108', '', '', '', '', '', ''),
(1, 956, 'COMEX SI202108', '', '', '', '', '', ''),
(3, 957, 'COMEX HG202108', '', '', '', '', '', ''),
(1, 957, 'COMEX HG202108', '', '', '', '', '', ''),
(1, 958, 'NYMEX HO202108', '', '', '', '', '', ''),
(3, 958, 'NYMEX HO202108', '', '', '', '', '', ''),
(3, 959, 'NYMEX PA202108', '', '', '', '', '', ''),
(1, 959, 'NYMEX PA202108', '', '', '', '', '', ''),
(3, 960, 'NYMEX PL202108', '', '', '', '', '', ''),
(1, 960, 'NYMEX PL202108', '', '', '', '', '', ''),
(3, 961, 'NYMEX RB202108', '', '', '', '', '', ''),
(1, 961, 'NYMEX RB202108', '', '', '', '', '', ''),
(3, 962, 'HKEX CUS202108', '', '', '', '', '', ''),
(1, 962, 'HKEX CUS202108', '', '', '', '', '', ''),
(3, 963, 'HKEX MCS202108', '', '', '', '', '', ''),
(1, 963, 'HKEX MCS202108', '', '', '', '', '', ''),
(3, 964, 'HKEX HTI202108', '', '', '', '', '', ''),
(1, 964, 'HKEX HTI202108', '', '', '', '', '', ''),
(3, 965, 'HKEX HHI202108', '', '', '', '', '', ''),
(1, 965, 'HKEX HHI202108', '', '', '', '', '', ''),
(1, 966, 'HKEX HSI202108', '', '', '', '', '', ''),
(3, 966, 'HKEX HSI202108', '', '', '', '', '', ''),
(3, 967, 'HKEX MCH202108', '', '', '', '', '', ''),
(1, 967, 'HKEX MCH202108', '', '', '', '', '', ''),
(3, 968, 'HKEX MHI202108', '', '', '', '', '', ''),
(1, 968, 'HKEX MHI202108', '', '', '', '', '', ''),
(3, 969, 'HKEX FEM202108', '', '', '', '', '', ''),
(1, 969, 'HKEX FEM202108', '', '', '', '', '', ''),
(3, 970, 'HKEX GDU202108', '', '', '', '', '', ''),
(1, 970, 'HKEX GDU202108', '', '', '', '', '', ''),
(3, 971, 'HKEX GDR202108', '', '', '', '', '', ''),
(1, 971, 'HKEX GDR202108', '', '', '', '', '', ''),
(3, 972, 'HKEX CEU202108', '', '', '', '', '', ''),
(1, 972, 'HKEX CEU202108', '', '', '', '', '', ''),
(3, 973, 'HKEX CJP202108', '', '', '', '', '', ''),
(1, 973, 'HKEX CJP202108', '', '', '', '', '', ''),
(3, 974, 'HKEX CAU202108', '', '', '', '', '', ''),
(1, 974, 'HKEX CAU202108', '', '', '', '', '', ''),
(3, 975, 'HKEX UIN202108', '', '', '', '', '', ''),
(1, 975, 'HKEX UIN202108', '', '', '', '', '', ''),
(3, 976, 'HKEX CHH202108', '', '', '', '', '', ''),
(1, 976, 'HKEX CHH202108', '', '', '', '', '', ''),
(3, 977, 'HKEX CCB202108', '', '', '', '', '', ''),
(1, 977, 'HKEX CCB202108', '', '', '', '', '', ''),
(3, 978, 'HKEX CHT202108', '', '', '', '', '', ''),
(1, 978, 'HKEX CHT202108', '', '', '', '', '', ''),
(3, 979, 'HKEX HEX202108', '', '', '', '', '', ''),
(1, 979, 'HKEX HEX202108', '', '', '', '', '', ''),
(1, 980, 'HKEX HKB202108', '', '', '', '', '', ''),
(3, 980, 'HKEX HKB202108', '', '', '', '', '', ''),
(3, 981, 'HKEX ICB202108', '', '', '', '', '', ''),
(1, 981, 'HKEX ICB202108', '', '', '', '', '', ''),
(3, 982, 'HKEX PAI202108', '', '', '', '', '', ''),
(1, 982, 'HKEX PAI202108', '', '', '', '', '', ''),
(3, 983, 'HKEX TCH202108', '', '', '', '', '', ''),
(1, 983, 'HKEX TCH202108', '', '', '', '', '', ''),
(3, 984, 'HKEX MIU202108', '', '', '', '', '', ''),
(1, 984, 'HKEX MIU202108', '', '', '', '', '', ''),
(3, 985, 'HKEX MET202108', '', '', '', '', '', ''),
(1, 985, 'HKEX MET202108', '', '', '', '', '', ''),
(3, 986, 'HKEX ALB202108', '', '', '', '', '', ''),
(1, 986, 'HKEX ALB202108', '', '', '', '', '', ''),
(3, 987, 'HKEX TWR202108', '', '', '', '', '', ''),
(1, 987, 'HKEX TWR202108', '', '', '', '', '', ''),
(3, 988, 'HKEX BUD202108', '', '', '', '', '', ''),
(1, 988, 'HKEX BUD202108', '', '', '', '', '', ''),
(3, 989, 'HKEX GWM202108', '', '', '', '', '', ''),
(1, 989, 'HKEX GWM202108', '', '', '', '', '', ''),
(3, 990, 'HKEX JDC202108', '', '', '', '', '', ''),
(1, 990, 'HKEX JDC202108', '', '', '', '', '', ''),
(3, 991, 'HKEX NTE202108', '', '', '', '', '', ''),
(1, 991, 'HKEX NTE202108', '', '', '', '', '', ''),
(3, 992, 'HKEX CPC202108', '', '', '', '', '', ''),
(1, 992, 'HKEX CPC202108', '', '', '', '', '', ''),
(3, 993, 'HKEX CTC202108', '', '', '', '', '', ''),
(1, 993, 'HKEX CTC202108', '', '', '', '', '', ''),
(3, 994, 'HKEX PEC202108', '', '', '', '', '', ''),
(1, 994, 'HKEX PEC202108', '', '', '', '', '', ''),
(3, 995, 'HKEX CNC202108', '', '', '', '', '', ''),
(1, 995, 'HKEX CNC202108', '', '', '', '', '', ''),
(3, 996, 'HKEX CCC202108', '', '', '', '', '', ''),
(1, 996, 'HKEX CCC202108', '', '', '', '', '', ''),
(3, 997, 'HKEX PIC202108', '', '', '', '', '', ''),
(1, 997, 'HKEX PIC202108', '', '', '', '', '', ''),
(3, 998, 'HKEX BOC202108', '', '', '', '', '', ''),
(1, 998, 'HKEX BOC202108', '', '', '', '', '', ''),
(3, 999, 'HKEX CLI202108', '', '', '', '', '', ''),
(1, 999, 'HKEX CLI202108', '', '', '', '', '', ''),
(3, 1000, 'HKEX CMB202108', '', '', '', '', '', ''),
(1, 1000, 'HKEX CMB202108', '', '', '', '', '', ''),
(3, 1001, 'HKEX A50202108', '', '', '', '', '', ''),
(1, 1001, 'HKEX A50202108', '', '', '', '', '', ''),
(3, 1002, 'HKEX AMC202108', '', '', '', '', '', ''),
(1, 1002, 'HKEX AMC202108', '', '', '', '', '', ''),
(3, 1003, 'HKEX CSA202108', '', '', '', '', '', ''),
(1, 1003, 'HKEX CSA202108', '', '', '', '', '', ''),
(3, 1004, 'HKEX MAN202108', '', '', '', '', '', ''),
(1, 1004, 'HKEX MAN202108', '', '', '', '', '', ''),
(3, 1005, 'HKEX MCN202108', '', '', '', '', '', ''),
(1, 1005, 'HKEX MCN202108', '', '', '', '', '', ''),
(3, 1006, 'HKEX EAN202108', '', '', '', '', '', ''),
(1, 1006, 'HKEX EAN202108', '', '', '', '', '', ''),
(3, 1007, 'HKEX MIN202108', '', '', '', '', '', ''),
(1, 1007, 'HKEX MIN202108', '', '', '', '', '', ''),
(3, 1008, 'HKEX MDN202108', '', '', '', '', '', ''),
(1, 1008, 'HKEX MDN202108', '', '', '', '', '', ''),
(3, 1009, 'HKEX MJU202108', '', '', '', '', '', ''),
(1, 1009, 'HKEX MJU202108', '', '', '', '', '', ''),
(3, 1010, 'HKEX MMN202108', '', '', '', '', '', ''),
(1, 1010, 'HKEX MMN202108', '', '', '', '', '', ''),
(3, 1011, 'HKEX MTW202108', '', '', '', '', '', ''),
(1, 1011, 'HKEX MTW202108', '', '', '', '', '', ''),
(3, 1012, 'HKEX MWN202108', '', '', '', '', '', ''),
(1, 1012, 'HKEX MWN202108', '', '', '', '', '', ''),
(3, 1013, 'HKEX MTN202108', '', '', '', '', '', ''),
(1, 1013, 'HKEX MTN202108', '', '', '', '', '', ''),
(3, 1014, 'HKEX MEI202108', '', '', '', '', '', ''),
(1, 1014, 'HKEX MEI202108', '', '', '', '', '', ''),
(3, 1015, 'HKEX EMN202108', '', '', '', '', '', ''),
(1, 1015, 'HKEX EMN202108', '', '', '', '', '', ''),
(3, 1016, 'HKEX MHN202108', '', '', '', '', '', ''),
(1, 1016, 'HKEX MHN202108', '', '', '', '', '', ''),
(3, 1017, 'HKEX MIA202108', '', '', '', '', '', ''),
(1, 1017, 'HKEX MIA202108', '', '', '', '', '', ''),
(3, 1018, 'HKEX MPN202108', '', '', '', '', '', ''),
(1, 1018, 'HKEX MPN202108', '', '', '', '', '', ''),
(3, 1019, 'HKEX MSN202108', '', '', '', '', '', ''),
(1, 1019, 'HKEX MSN202108', '', '', '', '', '', ''),
(3, 1020, 'HKEX MVN202108', '', '', '', '', '', ''),
(1, 1020, 'HKEX MVN202108', '', '', '', '', '', ''),
(1, 1021, 'HKEX MCF202108', '', '', '', '', '', ''),
(3, 1021, 'HKEX MCF202108', '', '', '', '', '', ''),
(3, 1022, 'HKEX MDI202108', '', '', '', '', '', ''),
(1, 1022, 'HKEX MDI202108', '', '', '', '', '', ''),
(3, 1023, 'HKEX MMA202108', '', '', '', '', '', ''),
(1, 1023, 'HKEX MMA202108', '', '', '', '', '', ''),
(3, 1024, 'HKEX MNZ202108', '', '', '', '', '', ''),
(1, 1024, 'HKEX MNZ202108', '', '', '', '', '', ''),
(3, 1025, 'HKEX MPS202108', '', '', '', '', '', ''),
(1, 1025, 'HKEX MPS202108', '', '', '', '', '', ''),
(3, 1026, 'HKEX MGN202108', '', '', '', '', '', ''),
(1, 1026, 'HKEX MGN202108', '', '', '', '', '', ''),
(3, 1027, 'HKEX MTD202108', '', '', '', '', '', ''),
(1, 1027, 'HKEX MTD202108', '', '', '', '', '', ''),
(3, 1028, 'HKEX MVI202108', '', '', '', '', '', ''),
(1, 1028, 'HKEX MVI202108', '', '', '', '', '', ''),
(3, 1029, 'HKEX MXC202108', '', '', '', '', '', ''),
(1, 1029, 'HKEX MXC202108', '', '', '', '', '', ''),
(3, 1030, 'HKEX MXK202108', '', '', '', '', '', ''),
(1, 1030, 'HKEX MXK202108', '', '', '', '', '', ''),
(3, 1031, 'HKEX MAC202108', '', '', '', '', '', ''),
(1, 1031, 'HKEX MAC202108', '', '', '', '', '', ''),
(3, 1032, 'HKEX MAK202108', '', '', '', '', '', ''),
(1, 1032, 'HKEX MAK202108', '', '', '', '', '', ''),
(3, 1033, 'HKEX MEE202108', '', '', '', '', '', ''),
(1, 1033, 'HKEX MEE202108', '', '', '', '', '', ''),
(3, 1034, 'HKEX MEL202108', '', '', '', '', '', ''),
(1, 1034, 'HKEX MEL202108', '', '', '', '', '', ''),
(3, 1035, 'HKEX MPC202108', '', '', '', '', '', ''),
(1, 1035, 'HKEX MPC202108', '', '', '', '', '', ''),
(3, 1036, 'HKEX MPJ202108', '', '', '', '', '', ''),
(1, 1036, 'HKEX MPJ202108', '', '', '', '', '', ''),
(3, 1037, 'SGX CN202108', '', '', '', '', '', ''),
(1, 1037, 'SGX CN202108', '', '', '', '', '', ''),
(3, 1038, 'SGX FCH202108', '', '', '', '', '', ''),
(1, 1038, 'SGX FCH202108', '', '', '', '', '', ''),
(3, 1039, 'SGX NK202108', '', '', '', '', '', ''),
(1, 1039, 'SGX NK202108', '', '', '', '', '', ''),
(3, 1040, 'SGX SG202108', '', '', '', '', '', ''),
(1, 1040, 'SGX SG202108', '', '', '', '', '', ''),
(3, 1041, 'SGX UC202108', '', '', '', '', '', ''),
(1, 1041, 'SGX UC202108', '', '', '', '', '', ''),
(3, 1042, 'SGX MUC202108', '', '', '', '', '', ''),
(1, 1042, 'SGX MUC202108', '', '', '', '', '', ''),
(3, 1043, 'SGX FE202108', '', '', '', '', '', ''),
(1, 1043, 'SGX FE202108', '', '', '', '', '', ''),
(3, 1044, 'SGX IN202108', '', '', '', '', '', ''),
(1, 1044, 'SGX IN202108', '', '', '', '', '', ''),
(3, 1045, 'SGX RT202108', '', '', '', '', '', ''),
(1, 1045, 'SGX RT202108', '', '', '', '', '', ''),
(3, 1046, 'SGX TF202108', '', '', '', '', '', ''),
(1, 1046, 'SGX TF202108', '', '', '', '', '', ''),
(3, 1047, 'SGX MYR202108', '', '', '', '', '', ''),
(1, 1047, 'SGX MYR202108', '', '', '', '', '', ''),
(3, 1048, 'EUREX VS202108', '', '', '', '', '', ''),
(1, 1048, 'EUREX VS202108', '', '', '', '', '', ''),
(3, 1049, 'ICEU G202108', '', '', '', '', '', ''),
(1, 1049, 'ICEU G202108', '', '', '', '', '', ''),
(3, 1050, 'BMD CPO202108', '', '', '', '', '', ''),
(1, 1050, 'BMD CPO202108', '', '', '', '', '', ''),
(3, 1051, 'CBOE VX202108', '', '', '', '', '', ''),
(1, 1051, 'CBOE VX202108', '', '', '', '', '', ''),
(1, 1052, 'TOCOM JCO202108', '', '', '', '', '', ''),
(3, 1052, 'TOCOM JCO202108', '', '', '', '', '', ''),
(3, 1053, 'OSE JAU202108', '', '', '', '', '', ''),
(1, 1053, 'OSE JAU202108', '', '', '', '', '', ''),
(3, 1054, 'OSE JRU202108', '', '', '', '', '', ''),
(1, 1054, 'OSE JRU202108', '', '', '', '', '', ''),
(3, 1055, 'OSE NK225M202108', '', '', '', '', '', ''),
(1, 1055, 'OSE NK225M202108', '', '', '', '', '', ''),
(3, 1056, 'DCE I202108', '', '', '', '', '', ''),
(1, 1056, 'DCE I202108', '', '', '', '', '', ''),
(3, 1057, 'ZCE TA202108', '', '', '', '', '', ''),
(1, 1057, 'ZCE TA202108', '', '', '', '', '', ''),
(3, 1058, 'INE NR202108', '', '', '', '', '', ''),
(1, 1058, 'INE NR202108', '', '', '', '', '', ''),
(3, 1059, 'INE BC202108', '', '', '', '', '', ''),
(1, 1059, 'INE BC202108', '', '', '', '', '', ''),
(3, 1060, 'CBOT C202109', '', '', '', '', '', ''),
(1, 1060, 'CBOT C202109', '', '', '', '', '', ''),
(3, 1061, 'CBOT O202109', '', '', '', '', '', ''),
(1, 1061, 'CBOT O202109', '', '', '', '', '', ''),
(3, 1062, 'CBOT S202109', '', '', '', '', '', ''),
(1, 1062, 'CBOT S202109', '', '', '', '', '', ''),
(3, 1063, 'CBOT W202109', '', '', '', '', '', ''),
(1, 1063, 'CBOT W202109', '', '', '', '', '', ''),
(3, 1064, 'CBOT KW202109', '', '', '', '', '', ''),
(1, 1064, 'CBOT KW202109', '', '', '', '', '', ''),
(3, 1065, 'CBOT ZL202109', '', '', '', '', '', ''),
(1, 1065, 'CBOT ZL202109', '', '', '', '', '', ''),
(3, 1066, 'CBOT ZM202109', '', '', '', '', '', ''),
(1, 1066, 'CBOT ZM202109', '', '', '', '', '', ''),
(3, 1067, 'CBOT ZR202109', '', '', '', '', '', ''),
(1, 1067, 'CBOT ZR202109', '', '', '', '', '', ''),
(3, 1068, 'CBOT TN202109', '', '', '', '', '', ''),
(1, 1068, 'CBOT TN202109', '', '', '', '', '', ''),
(3, 1069, 'CBOT UB202109', '', '', '', '', '', ''),
(1, 1069, 'CBOT UB202109', '', '', '', '', '', ''),
(3, 1070, 'CBOT ZB202109', '', '', '', '', '', ''),
(1, 1070, 'CBOT ZB202109', '', '', '', '', '', ''),
(3, 1071, 'CBOT ZN202109', '', '', '', '', '', ''),
(1, 1071, 'CBOT ZN202109', '', '', '', '', '', ''),
(3, 1072, 'CBOT ZF202109', '', '', '', '', '', ''),
(1, 1072, 'CBOT ZF202109', '', '', '', '', '', ''),
(3, 1073, 'CBOT ZT202109', '', '', '', '', '', ''),
(1, 1073, 'CBOT ZT202109', '', '', '', '', '', ''),
(3, 1074, 'CBOT MYM202109', '', '', '', '', '', ''),
(1, 1074, 'CBOT MYM202109', '', '', '', '', '', ''),
(3, 1075, 'CBOT YM202109', '', '', '', '', '', ''),
(1, 1075, 'CBOT YM202109', '', '', '', '', '', ''),
(3, 1076, 'CBOT ZQ202109', '', '', '', '', '', ''),
(1, 1076, 'CBOT ZQ202109', '', '', '', '', '', ''),
(3, 1077, 'CME AD202109', '', '', '', '', '', ''),
(1, 1077, 'CME AD202109', '', '', '', '', '', ''),
(3, 1078, 'CME BP202109', '', '', '', '', '', ''),
(1, 1078, 'CME BP202109', '', '', '', '', '', ''),
(3, 1079, 'CME CD202109', '', '', '', '', '', ''),
(1, 1079, 'CME CD202109', '', '', '', '', '', ''),
(3, 1080, 'CME EC202109', '', '', '', '', '', ''),
(1, 1080, 'CME EC202109', '', '', '', '', '', ''),
(3, 1081, 'CME JY202109', '', '', '', '', '', ''),
(1, 1081, 'CME JY202109', '', '', '', '', '', ''),
(3, 1082, 'CME NE202109', '', '', '', '', '', ''),
(1, 1082, 'CME NE202109', '', '', '', '', '', ''),
(3, 1083, 'CME SF202109', '', '', '', '', '', ''),
(1, 1083, 'CME SF202109', '', '', '', '', '', ''),
(3, 1084, 'CME BR202109', '', '', '', '', '', ''),
(1, 1084, 'CME BR202109', '', '', '', '', '', ''),
(3, 1085, 'CME PZ202109', '', '', '', '', '', ''),
(1, 1085, 'CME PZ202109', '', '', '', '', '', ''),
(3, 1086, 'CME FR202109', '', '', '', '', '', ''),
(1, 1086, 'CME FR202109', '', '', '', '', '', ''),
(3, 1087, 'CME RU202109', '', '', '', '', '', ''),
(1, 1087, 'CME RU202109', '', '', '', '', '', ''),
(3, 1088, 'CME ECD202109', '', '', '', '', '', ''),
(1, 1088, 'CME ECD202109', '', '', '', '', '', ''),
(3, 1089, 'CME RF202109', '', '', '', '', '', ''),
(1, 1089, 'CME RF202109', '', '', '', '', '', ''),
(3, 1090, 'CME RP202109', '', '', '', '', '', ''),
(1, 1090, 'CME RP202109', '', '', '', '', '', ''),
(3, 1091, 'CME RY202109', '', '', '', '', '', ''),
(1, 1091, 'CME RY202109', '', '', '', '', '', ''),
(3, 1092, 'CME RA202109', '', '', '', '', '', ''),
(1, 1092, 'CME RA202109', '', '', '', '', '', ''),
(3, 1093, 'CME MP202109', '', '', '', '', '', ''),
(1, 1093, 'CME MP202109', '', '', '', '', '', ''),
(3, 1094, 'CME CNH202109', '', '', '', '', '', ''),
(1, 1094, 'CME CNH202109', '', '', '', '', '', ''),
(3, 1095, 'CME ED202109', '', '', '', '', '', ''),
(1, 1095, 'CME ED202109', '', '', '', '', '', ''),
(3, 1096, 'CME NKD202109', '', '', '', '', '', ''),
(1, 1096, 'CME NKD202109', '', '', '', '', '', ''),
(3, 1097, 'CME NIY202109', '', '', '', '', '', ''),
(1, 1097, 'CME NIY202109', '', '', '', '', '', ''),
(3, 1098, 'CME M2K202109', '', '', '', '', '', ''),
(1, 1098, 'CME M2K202109', '', '', '', '', '', ''),
(3, 1099, 'CME MES202109', '', '', '', '', '', ''),
(1, 1099, 'CME MES202109', '', '', '', '', '', ''),
(3, 1100, 'CME MNQ202109', '', '', '', '', '', ''),
(1, 1100, 'CME MNQ202109', '', '', '', '', '', ''),
(3, 1101, 'CME RTY202109', '', '', '', '', '', ''),
(1, 1101, 'CME RTY202109', '', '', '', '', '', ''),
(3, 1102, 'CME ES202109', '', '', '', '', '', ''),
(1, 1102, 'CME ES202109', '', '', '', '', '', ''),
(3, 1103, 'CME NQ202109', '', '', '', '', '', ''),
(1, 1103, 'CME NQ202109', '', '', '', '', '', ''),
(3, 1104, 'CME FC202109', '', '', '', '', '', ''),
(1, 1104, 'CME FC202109', '', '', '', '', '', ''),
(3, 1105, 'COMEX GC202109', '', '', '', '', '', ''),
(1, 1105, 'COMEX GC202109', '', '', '', '', '', ''),
(3, 1106, 'COMEX SI202109', '', '', '', '', '', ''),
(1, 1106, 'COMEX SI202109', '', '', '', '', '', ''),
(3, 1107, 'COMEX HG202109', '', '', '', '', '', ''),
(1, 1107, 'COMEX HG202109', '', '', '', '', '', ''),
(3, 1108, 'COMEX QI202109', '', '', '', '', '', ''),
(1, 1108, 'COMEX QI202109', '', '', '', '', '', ''),
(3, 1109, 'NYMEX CL202109', '', '', '', '', '', ''),
(1, 1109, 'NYMEX CL202109', '', '', '', '', '', ''),
(3, 1110, 'NYMEX HO202109', '', '', '', '', '', ''),
(1, 1110, 'NYMEX HO202109', '', '', '', '', '', ''),
(3, 1111, 'NYMEX NG202109', '', '', '', '', '', ''),
(1, 1111, 'NYMEX NG202109', '', '', '', '', '', ''),
(3, 1112, 'NYMEX PA202109', '', '', '', '', '', ''),
(1, 1112, 'NYMEX PA202109', '', '', '', '', '', ''),
(3, 1113, 'NYMEX PL202109', '', '', '', '', '', ''),
(1, 1113, 'NYMEX PL202109', '', '', '', '', '', ''),
(3, 1114, 'NYMEX QG202109', '', '', '', '', '', ''),
(1, 1114, 'NYMEX QG202109', '', '', '', '', '', ''),
(3, 1115, 'NYMEX QM202109', '', '', '', '', '', ''),
(1, 1115, 'NYMEX QM202109', '', '', '', '', '', ''),
(3, 1116, 'NYMEX RB202109', '', '', '', '', '', ''),
(1, 1116, 'NYMEX RB202109', '', '', '', '', '', ''),
(3, 1117, 'NYMEX BZ202109', '', '', '', '', '', ''),
(1, 1117, 'NYMEX BZ202109', '', '', '', '', '', ''),
(3, 1118, 'HKEX CUS202109', '', '', '', '', '', ''),
(1, 1118, 'HKEX CUS202109', '', '', '', '', '', ''),
(3, 1119, 'HKEX MCS202109', '', '', '', '', '', ''),
(1, 1119, 'HKEX MCS202109', '', '', '', '', '', ''),
(3, 1120, 'HKEX HTI202109', '', '', '', '', '', ''),
(1, 1120, 'HKEX HTI202109', '', '', '', '', '', ''),
(3, 1121, 'HKEX HHI202109', '', '', '', '', '', ''),
(1, 1121, 'HKEX HHI202109', '', '', '', '', '', ''),
(3, 1122, 'HKEX HSI202109', '', '', '', '', '', ''),
(1, 1122, 'HKEX HSI202109', '', '', '', '', '', ''),
(3, 1123, 'HKEX MCH202109', '', '', '', '', '', ''),
(1, 1123, 'HKEX MCH202109', '', '', '', '', '', ''),
(3, 1124, 'HKEX MCH202109', '', '', '', '', '', ''),
(1, 1124, 'HKEX MCH202109', '', '', '', '', '', ''),
(3, 1125, 'HKEX MHI202109', '', '', '', '', '', ''),
(1, 1125, 'HKEX MHI202109', '', '', '', '', '', ''),
(3, 1126, 'HKEX FEM202109', '', '', '', '', '', ''),
(1, 1126, 'HKEX FEM202109', '', '', '', '', '', ''),
(3, 1127, 'HKEX FEQ202109', '', '', '', '', '', ''),
(1, 1127, 'HKEX FEQ202109', '', '', '', '', '', ''),
(3, 1128, 'HKEX GDU202109', '', '', '', '', '', ''),
(1, 1128, 'HKEX GDU202109', '', '', '', '', '', ''),
(3, 1129, 'HKEX GDR202109', '', '', '', '', '', ''),
(1, 1129, 'HKEX GDR202109', '', '', '', '', '', ''),
(3, 1130, 'HKEX CEU202109', '', '', '', '', '', ''),
(1, 1130, 'HKEX CEU202109', '', '', '', '', '', ''),
(3, 1131, 'HKEX CJP202109', '', '', '', '', '', ''),
(1, 1131, 'HKEX CJP202109', '', '', '', '', '', ''),
(3, 1132, 'HKEX CAU202109', '', '', '', '', '', ''),
(1, 1132, 'HKEX CAU202109', '', '', '', '', '', ''),
(3, 1133, 'HKEX UIN202109', '', '', '', '', '', ''),
(1, 1133, 'HKEX UIN202109', '', '', '', '', '', ''),
(3, 1134, 'HKEX CHH202109', '', '', '', '', '', ''),
(1, 1134, 'HKEX CHH202109', '', '', '', '', '', ''),
(3, 1135, 'HKEX CCB202109', '', '', '', '', '', ''),
(1, 1135, 'HKEX CCB202109', '', '', '', '', '', ''),
(3, 1136, 'HKEX CHT202109', '', '', '', '', '', ''),
(1, 1136, 'HKEX CHT202109', '', '', '', '', '', ''),
(3, 1137, 'HKEX HEX202109', '', '', '', '', '', ''),
(1, 1137, 'HKEX HEX202109', '', '', '', '', '', ''),
(3, 1138, 'HKEX HKB202109', '', '', '', '', '', ''),
(1, 1138, 'HKEX HKB202109', '', '', '', '', '', ''),
(3, 1139, 'HKEX ICB202109', '', '', '', '', '', ''),
(1, 1139, 'HKEX ICB202109', '', '', '', '', '', ''),
(3, 1140, 'HKEX PAI202109', '', '', '', '', '', ''),
(1, 1140, 'HKEX PAI202109', '', '', '', '', '', ''),
(3, 1141, 'HKEX TCH202109', '', '', '', '', '', ''),
(1, 1141, 'HKEX TCH202109', '', '', '', '', '', ''),
(3, 1142, 'HKEX MIU202109', '', '', '', '', '', ''),
(1, 1142, 'HKEX MIU202109', '', '', '', '', '', ''),
(3, 1143, 'HKEX MET202109', '', '', '', '', '', ''),
(1, 1143, 'HKEX MET202109', '', '', '', '', '', ''),
(3, 1144, 'HKEX ALB202109', '', '', '', '', '', ''),
(1, 1144, 'HKEX ALB202109', '', '', '', '', '', ''),
(3, 1145, 'HKEX TWR202109', '', '', '', '', '', ''),
(1, 1145, 'HKEX TWR202109', '', '', '', '', '', ''),
(3, 1146, 'HKEX BUD202109', '', '', '', '', '', ''),
(1, 1146, 'HKEX BUD202109', '', '', '', '', '', ''),
(3, 1147, 'HKEX GWM202109', '', '', '', '', '', ''),
(1, 1147, 'HKEX GWM202109', '', '', '', '', '', ''),
(3, 1148, 'HKEX JDC202109', '', '', '', '', '', ''),
(1, 1148, 'HKEX JDC202109', '', '', '', '', '', ''),
(3, 1149, 'HKEX NTE202109', '', '', '', '', '', ''),
(1, 1149, 'HKEX NTE202109', '', '', '', '', '', ''),
(3, 1150, 'HKEX CPC202109', '', '', '', '', '', ''),
(1, 1150, 'HKEX CPC202109', '', '', '', '', '', ''),
(3, 1151, 'HKEX CTC202109', '', '', '', '', '', ''),
(1, 1151, 'HKEX CTC202109', '', '', '', '', '', ''),
(3, 1152, 'HKEX PEC202109', '', '', '', '', '', ''),
(1, 1152, 'HKEX PEC202109', '', '', '', '', '', ''),
(3, 1153, 'HKEX CNC202109', '', '', '', '', '', ''),
(1, 1153, 'HKEX CNC202109', '', '', '', '', '', ''),
(3, 1154, 'HKEX CCC202109', '', '', '', '', '', ''),
(1, 1154, 'HKEX CCC202109', '', '', '', '', '', ''),
(3, 1155, 'HKEX PIC202109', '', '', '', '', '', ''),
(1, 1155, 'HKEX PIC202109', '', '', '', '', '', ''),
(3, 1156, 'HKEX BOC202109', '', '', '', '', '', ''),
(1, 1156, 'HKEX BOC202109', '', '', '', '', '', ''),
(3, 1157, 'HKEX CLI202109', '', '', '', '', '', ''),
(1, 1157, 'HKEX CLI202109', '', '', '', '', '', ''),
(3, 1158, 'HKEX CMB202109', '', '', '', '', '', ''),
(1, 1158, 'HKEX CMB202109', '', '', '', '', '', ''),
(3, 1159, 'HKEX A50202109', '', '', '', '', '', ''),
(1, 1159, 'HKEX A50202109', '', '', '', '', '', ''),
(3, 1160, 'HKEX AMC202109', '', '', '', '', '', ''),
(1, 1160, 'HKEX AMC202109', '', '', '', '', '', ''),
(3, 1161, 'HKEX CSA202109', '', '', '', '', '', ''),
(1, 1161, 'HKEX CSA202109', '', '', '', '', '', ''),
(3, 1162, 'HKEX MAN202109', '', '', '', '', '', ''),
(1, 1162, 'HKEX MAN202109', '', '', '', '', '', ''),
(3, 1163, 'HKEX MCN202109', '', '', '', '', '', ''),
(1, 1163, 'HKEX MCN202109', '', '', '', '', '', ''),
(3, 1164, 'HKEX EAN202109', '', '', '', '', '', ''),
(1, 1164, 'HKEX EAN202109', '', '', '', '', '', ''),
(3, 1165, 'HKEX MIN202109', '', '', '', '', '', ''),
(1, 1165, 'HKEX MIN202109', '', '', '', '', '', ''),
(3, 1166, 'HKEX MDN202109', '', '', '', '', '', ''),
(1, 1166, 'HKEX MDN202109', '', '', '', '', '', ''),
(3, 1167, 'HKEX MJU202109', '', '', '', '', '', ''),
(1, 1167, 'HKEX MJU202109', '', '', '', '', '', '');
INSERT INTO `tb_huatai_trading_future_desc` (`language_id`, `trading_future_id`, `name`, `detail`, `url`, `seo_desc`, `seo_title`, `detail2`, `seo_h1`) VALUES
(3, 1168, 'HKEX MMN202109', '', '', '', '', '', ''),
(1, 1168, 'HKEX MMN202109', '', '', '', '', '', ''),
(3, 1169, 'HKEX MTW202109', '', '', '', '', '', ''),
(1, 1169, 'HKEX MTW202109', '', '', '', '', '', ''),
(3, 1170, 'HKEX MWN202109', '', '', '', '', '', ''),
(1, 1170, 'HKEX MWN202109', '', '', '', '', '', ''),
(3, 1171, 'HKEX MTN202109', '', '', '', '', '', ''),
(1, 1171, 'HKEX MTN202109', '', '', '', '', '', ''),
(3, 1172, 'HKEX MEI202109', '', '', '', '', '', ''),
(1, 1172, 'HKEX MEI202109', '', '', '', '', '', ''),
(3, 1173, 'HKEX EMN202109', '', '', '', '', '', ''),
(1, 1173, 'HKEX EMN202109', '', '', '', '', '', ''),
(3, 1174, 'HKEX MHN202109', '', '', '', '', '', ''),
(1, 1174, 'HKEX MHN202109', '', '', '', '', '', ''),
(3, 1175, 'HKEX MIA202109', '', '', '', '', '', ''),
(1, 1175, 'HKEX MIA202109', '', '', '', '', '', ''),
(3, 1176, 'HKEX MPN202109', '', '', '', '', '', ''),
(1, 1176, 'HKEX MPN202109', '', '', '', '', '', ''),
(3, 1177, 'HKEX MSN202109', '', '', '', '', '', ''),
(1, 1177, 'HKEX MSN202109', '', '', '', '', '', ''),
(3, 1178, 'HKEX MVN202109', '', '', '', '', '', ''),
(1, 1178, 'HKEX MVN202109', '', '', '', '', '', ''),
(3, 1179, 'HKEX MCF202109', '', '', '', '', '', ''),
(1, 1179, 'HKEX MCF202109', '', '', '', '', '', ''),
(3, 1180, 'HKEX MDI202109', '', '', '', '', '', ''),
(1, 1180, 'HKEX MDI202109', '', '', '', '', '', ''),
(3, 1181, 'HKEX MMA202109', '', '', '', '', '', ''),
(1, 1181, 'HKEX MMA202109', '', '', '', '', '', ''),
(3, 1182, 'HKEX MNZ202109', '', '', '', '', '', ''),
(1, 1182, 'HKEX MNZ202109', '', '', '', '', '', ''),
(3, 1183, 'HKEX MPS202109', '', '', '', '', '', ''),
(1, 1183, 'HKEX MPS202109', '', '', '', '', '', ''),
(3, 1184, 'HKEX MGN202109', '', '', '', '', '', ''),
(1, 1184, 'HKEX MGN202109', '', '', '', '', '', ''),
(3, 1185, 'HKEX MTD202109', '', '', '', '', '', ''),
(1, 1185, 'HKEX MTD202109', '', '', '', '', '', ''),
(3, 1186, 'HKEX MVI202109', '', '', '', '', '', ''),
(1, 1186, 'HKEX MVI202109', '', '', '', '', '', ''),
(3, 1187, 'HKEX MXC202109', '', '', '', '', '', ''),
(1, 1187, 'HKEX MXC202109', '', '', '', '', '', ''),
(3, 1188, 'HKEX MXK202109', '', '', '', '', '', ''),
(1, 1188, 'HKEX MXK202109', '', '', '', '', '', ''),
(3, 1189, 'HKEX MAC202109', '', '', '', '', '', ''),
(1, 1189, 'HKEX MAC202109', '', '', '', '', '', ''),
(3, 1190, 'HKEX MAK202109', '', '', '', '', '', ''),
(1, 1190, 'HKEX MAK202109', '', '', '', '', '', ''),
(3, 1191, 'HKEX MEE202109', '', '', '', '', '', ''),
(1, 1191, 'HKEX MEE202109', '', '', '', '', '', ''),
(3, 1192, 'HKEX MEL202109', '', '', '', '', '', ''),
(1, 1192, 'HKEX MEL202109', '', '', '', '', '', ''),
(3, 1193, 'HKEX MPC202109', '', '', '', '', '', ''),
(1, 1193, 'HKEX MPC202109', '', '', '', '', '', ''),
(3, 1194, 'HKEX MPJ202109', '', '', '', '', '', ''),
(1, 1194, 'HKEX MPJ202109', '', '', '', '', '', ''),
(3, 1195, 'SGX CN202109', '', '', '', '', '', ''),
(1, 1195, 'SGX CN202109', '', '', '', '', '', ''),
(3, 1196, 'SGX FCH202109', '', '', '', '', '', ''),
(1, 1196, 'SGX FCH202109', '', '', '', '', '', ''),
(3, 1197, 'SGX NK202109', '', '', '', '', '', ''),
(1, 1197, 'SGX NK202109', '', '', '', '', '', ''),
(3, 1198, 'SGX SG202109', '', '', '', '', '', ''),
(1, 1198, 'SGX SG202109', '', '', '', '', '', ''),
(3, 1199, 'SGX UC202109', '', '', '', '', '', ''),
(1, 1199, 'SGX UC202109', '', '', '', '', '', ''),
(3, 1200, 'SGX MUC202109', '', '', '', '', '', ''),
(1, 1200, 'SGX MUC202109', '', '', '', '', '', ''),
(3, 1201, 'SGX FE202109', '', '', '', '', '', ''),
(1, 1201, 'SGX FE202109', '', '', '', '', '', ''),
(3, 1202, 'SGX IN202109', '', '', '', '', '', ''),
(1, 1202, 'SGX IN202109', '', '', '', '', '', ''),
(3, 1203, 'SGX RT202109', '', '', '', '', '', ''),
(1, 1203, 'SGX RT202109', '', '', '', '', '', ''),
(3, 1204, 'SGX TF202109', '', '', '', '', '', ''),
(1, 1204, 'SGX TF202109', '', '', '', '', '', ''),
(3, 1205, 'SGX MYR202109', '', '', '', '', '', ''),
(1, 1205, 'SGX MYR202109', '', '', '', '', '', ''),
(3, 1206, 'EUREX DAX202109', '', '', '', '', '', ''),
(1, 1206, 'EUREX DAX202109', '', '', '', '', '', ''),
(3, 1207, 'EUREX DXM202109', '', '', '', '', '', ''),
(1, 1207, 'EUREX DXM202109', '', '', '', '', '', ''),
(3, 1208, 'EUREX ESX202109', '', '', '', '', '', ''),
(1, 1208, 'EUREX ESX202109', '', '', '', '', '', ''),
(3, 1209, 'EUREX SMI202109', '', '', '', '', '', ''),
(1, 1209, 'EUREX SMI202109', '', '', '', '', '', ''),
(3, 1210, 'EUREX VS202109', '', '', '', '', '', ''),
(1, 1210, 'EUREX VS202109', '', '', '', '', '', ''),
(3, 1211, 'EUREX GBL202109', '', '', '', '', '', ''),
(1, 1211, 'EUREX GBL202109', '', '', '', '', '', ''),
(3, 1212, 'EUREX GBM202109', '', '', '', '', '', ''),
(1, 1212, 'EUREX GBM202109', '', '', '', '', '', ''),
(3, 1213, 'EUREX GBS202109', '', '', '', '', '', ''),
(1, 1213, 'EUREX GBS202109', '', '', '', '', '', ''),
(3, 1214, 'EUREX FGBX202109', '', '', '', '', '', ''),
(1, 1214, 'EUREX FGBX202109', '', '', '', '', '', ''),
(3, 1215, 'EUREX FOAT202109', '', '', '', '', '', ''),
(1, 1215, 'EUREX FOAT202109', '', '', '', '', '', ''),
(3, 1216, 'EUREX FBTP202109', '', '', '', '', '', ''),
(1, 1216, 'EUREX FBTP202109', '', '', '', '', '', ''),
(3, 1217, 'EUREX FBON202109', '', '', '', '', '', ''),
(1, 1217, 'EUREX FBON202109', '', '', '', '', '', ''),
(3, 1218, 'EUREX FBTS202109', '', '', '', '', '', ''),
(1, 1218, 'EUREX FBTS202109', '', '', '', '', '', ''),
(3, 1219, 'ICUS DX202109', '', '', '', '', '', ''),
(1, 1219, 'ICUS DX202109', '', '', '', '', '', ''),
(3, 1220, 'ICUS CC202109', '', '', '', '', '', ''),
(1, 1220, 'ICUS CC202109', '', '', '', '', '', ''),
(3, 1221, 'ICUS KC202109', '', '', '', '', '', ''),
(1, 1221, 'ICUS KC202109', '', '', '', '', '', ''),
(3, 1222, 'ICUS OJ202109', '', '', '', '', '', ''),
(1, 1222, 'ICUS OJ202109', '', '', '', '', '', ''),
(3, 1223, 'ICE_SG BM202109', '', '', '', '', '', ''),
(1, 1223, 'ICE_SG BM202109', '', '', '', '', '', ''),
(3, 1224, 'ICE_SG SDX202109', '', '', '', '', '', ''),
(1, 1224, 'ICE_SG SDX202109', '', '', '', '', '', ''),
(3, 1225, 'ICEU G202109', '', '', '', '', '', ''),
(1, 1225, 'ICEU G202109', '', '', '', '', '', ''),
(3, 1226, 'ICEU T202109', '', '', '', '', '', ''),
(1, 1226, 'ICEU T202109', '', '', '', '', '', ''),
(3, 1227, 'ICEU Z202109', '', '', '', '', '', ''),
(1, 1227, 'ICEU Z202109', '', '', '', '', '', ''),
(3, 1228, 'ICEU C202109', '', '', '', '', '', ''),
(1, 1228, 'ICEU C202109', '', '', '', '', '', ''),
(3, 1229, 'ICEU RC202109', '', '', '', '', '', ''),
(1, 1229, 'ICEU RC202109', '', '', '', '', '', ''),
(3, 1230, 'BMD CPO202109', '', '', '', '', '', ''),
(1, 1230, 'BMD CPO202109', '', '', '', '', '', ''),
(3, 1231, 'CBOE VX202109', '', '', '', '', '', ''),
(1, 1231, 'CBOE VX202109', '', '', '', '', '', ''),
(3, 1232, 'APEX PF202109', '', '', '', '', '', ''),
(1, 1232, 'APEX PF202109', '', '', '', '', '', ''),
(3, 1233, 'TOCOM JCO202109', '', '', '', '', '', ''),
(1, 1233, 'TOCOM JCO202109', '', '', '', '', '', ''),
(3, 1234, 'OSE JRU202109', '', '', '', '', '', ''),
(1, 1234, 'OSE JRU202109', '', '', '', '', '', ''),
(3, 1235, 'OSE NK225202109', '', '', '', '', '', ''),
(1, 1235, 'OSE NK225202109', '', '', '', '', '', ''),
(3, 1236, 'OSE NK225M202109', '', '', '', '', '', ''),
(1, 1236, 'OSE NK225M202109', '', '', '', '', '', ''),
(3, 1237, 'OSE JGBL202109', '', '', '', '', '', ''),
(1, 1237, 'OSE JGBL202109', '', '', '', '', '', ''),
(3, 1238, 'OSE TOPIX202109', '', '', '', '', '', ''),
(1, 1238, 'OSE TOPIX202109', '', '', '', '', '', ''),
(3, 1239, 'DCE I202109', '', '', '', '', '', ''),
(1, 1239, 'DCE I202109', '', '', '', '', '', ''),
(3, 1240, 'ZCE	TA202109', '', '', '', '', '', ''),
(1, 1240, 'ZCE	TA202109', '', '', '', '', '', ''),
(3, 1241, 'INE SC202109', '', '', '', '', '', ''),
(1, 1241, 'INE SC202109', '', '', '', '', '', ''),
(3, 1242, 'INE SC TAS202109', '', '', '', '', '', ''),
(1, 1242, 'INE SC TAS202109', '', '', '', '', '', ''),
(3, 1243, 'INE NR202109', '', '', '', '', '', ''),
(1, 1243, 'INE NR202109', '', '', '', '', '', ''),
(3, 1244, 'INE LU202109', '', '', '', '', '', ''),
(1, 1244, 'INE LU202109', '', '', '', '', '', ''),
(3, 1245, 'INE BC202109', '', '', '', '', '', ''),
(1, 1245, 'INE BC202109', '', '', '', '', '', ''),
(1, 1246, 'CBOT ZL202110', '', '', '', '', '', ''),
(3, 1246, 'CBOT ZL202110', '', '', '', '', '', ''),
(3, 1247, 'CBOT ZM202110', '', '', '', '', '', ''),
(1, 1247, 'CBOT ZM202110', '', '', '', '', '', ''),
(3, 1248, 'CBOT ZQ202110', '', '', '', '', '', ''),
(1, 1248, 'CBOT ZQ202110', '', '', '', '', '', ''),
(3, 1249, 'CME AD202110', '', '', '', '', '', ''),
(1, 1249, 'CME AD202110', '', '', '', '', '', ''),
(3, 1250, 'CME BP202110', '', '', '', '', '', ''),
(1, 1250, 'CME BP202110', '', '', '', '', '', ''),
(3, 1251, 'CME CD202110', '', '', '', '', '', ''),
(1, 1251, 'CME CD202110', '', '', '', '', '', ''),
(3, 1252, 'CME EC202110', '', '', '', '', '', ''),
(1, 1252, 'CME EC202110', '', '', '', '', '', ''),
(3, 1253, 'CME JY202110', '', '', '', '', '', ''),
(1, 1253, 'CME JY202110', '', '', '', '', '', ''),
(3, 1254, 'CME BR202110', '', '', '', '', '', ''),
(1, 1254, 'CME BR202110', '', '', '', '', '', ''),
(3, 1255, 'CME RU202110', '', '', '', '', '', ''),
(1, 1255, 'CME RU202110', '', '', '', '', '', ''),
(3, 1256, 'CME RP202110', '', '', '', '', '', ''),
(1, 1256, 'CME RP202110', '', '', '', '', '', ''),
(3, 1257, 'CME RA202110', '', '', '', '', '', ''),
(1, 1257, 'CME RA202110', '', '', '', '', '', ''),
(3, 1258, 'CME MP202110', '', '', '', '', '', ''),
(1, 1258, 'CME MP202110', '', '', '', '', '', ''),
(3, 1259, 'CME CNH202110', '', '', '', '', '', ''),
(1, 1259, 'CME CNH202110', '', '', '', '', '', ''),
(3, 1260, 'CME ED202110', '', '', '', '', '', ''),
(1, 1260, 'CME ED202110', '', '', '', '', '', ''),
(3, 1261, 'CME NIY202110', '', '', '', '', '', ''),
(1, 1261, 'CME NIY202110', '', '', '', '', '', ''),
(3, 1262, 'CME FC202110', '', '', '', '', '', ''),
(1, 1262, 'CME FC202110', '', '', '', '', '', ''),
(3, 1263, 'CME LC202110', '', '', '', '', '', ''),
(1, 1263, 'CME LC202110', '', '', '', '', '', ''),
(3, 1264, 'CME LN202110', '', '', '', '', '', ''),
(1, 1264, 'CME LN202110', '', '', '', '', '', ''),
(3, 1265, 'COMEX GC202110', '', '', '', '', '', ''),
(1, 1265, 'COMEX GC202110', '', '', '', '', '', ''),
(3, 1266, 'COMEX SI202110', '', '', '', '', '', ''),
(1, 1266, 'COMEX SI202110', '', '', '', '', '', ''),
(3, 1267, 'COMEX HG202110', '', '', '', '', '', ''),
(1, 1267, 'COMEX HG202110', '', '', '', '', '', ''),
(3, 1268, 'COMEX QO202110', '', '', '', '', '', ''),
(1, 1268, 'COMEX QO202110', '', '', '', '', '', ''),
(3, 1269, 'NYMEX CL202110', '', '', '', '', '', ''),
(1, 1269, 'NYMEX CL202110', '', '', '', '', '', ''),
(3, 1270, 'NYMEX HO202110', '', '', '', '', '', ''),
(1, 1270, 'NYMEX HO202110', '', '', '', '', '', ''),
(3, 1271, 'NYMEX NG202110', '', '', '', '', '', ''),
(1, 1271, 'NYMEX NG202110', '', '', '', '', '', ''),
(3, 1272, 'NYMEX PA202110', '', '', '', '', '', ''),
(1, 1272, 'NYMEX PA202110', '', '', '', '', '', ''),
(3, 1273, 'NYMEX PL202110', '', '', '', '', '', ''),
(1, 1273, 'NYMEX PL202110', '', '', '', '', '', ''),
(3, 1274, 'NYMEX QG202110', '', '', '', '', '', ''),
(1, 1274, 'NYMEX QG202110', '', '', '', '', '', ''),
(3, 1275, 'NYMEX QM202110', '', '', '', '', '', ''),
(1, 1275, 'NYMEX QM202110', '', '', '', '', '', ''),
(3, 1276, 'NYMEX RB202110', '', '', '', '', '', ''),
(1, 1276, 'NYMEX RB202110', '', '', '', '', '', ''),
(3, 1277, 'NYMEX BZ202110', '', '', '', '', '', ''),
(1, 1277, 'NYMEX BZ202110', '', '', '', '', '', ''),
(3, 1278, 'HKEX CUS202110', '', '', '', '', '', ''),
(1, 1278, 'HKEX CUS202110', '', '', '', '', '', ''),
(3, 1279, 'HKEX MCS202110', '', '', '', '', '', ''),
(1, 1279, 'HKEX MCS202110', '', '', '', '', '', ''),
(3, 1280, 'HKEX FEM202110', '', '', '', '', '', ''),
(1, 1280, 'HKEX FEM202110', '', '', '', '', '', ''),
(3, 1281, 'HKEX GDU202110', '', '', '', '', '', ''),
(1, 1281, 'HKEX GDU202110', '', '', '', '', '', ''),
(3, 1282, 'HKEX GDR202110', '', '', '', '', '', ''),
(1, 1282, 'HKEX GDR202110', '', '', '', '', '', ''),
(3, 1283, 'HKEX CEU202110', '', '', '', '', '', ''),
(1, 1283, 'HKEX CEU202110', '', '', '', '', '', ''),
(3, 1284, 'HKEX CJP202110', '', '', '', '', '', ''),
(1, 1284, 'HKEX CJP202110', '', '', '', '', '', ''),
(3, 1285, 'HKEX CAU202110', '', '', '', '', '', ''),
(1, 1285, 'HKEX CAU202110', '', '', '', '', '', ''),
(3, 1286, 'HKEX UIN202110', '', '', '', '', '', ''),
(1, 1286, 'HKEX UIN202110', '', '', '', '', '', ''),
(3, 1287, 'HKEX CCB202110', '', '', '', '', '', ''),
(1, 1287, 'HKEX CCB202110', '', '', '', '', '', ''),
(3, 1288, 'HKEX CHT202110', '', '', '', '', '', ''),
(1, 1288, 'HKEX CHT202110', '', '', '', '', '', ''),
(3, 1289, 'HKEX HEX202110', '', '', '', '', '', ''),
(1, 1289, 'HKEX HEX202110', '', '', '', '', '', ''),
(3, 1290, 'HKEX HKB202110', '', '', '', '', '', ''),
(1, 1290, 'HKEX HKB202110', '', '', '', '', '', ''),
(3, 1291, 'HKEX ICB202110', '', '', '', '', '', ''),
(1, 1291, 'HKEX ICB202110', '', '', '', '', '', ''),
(3, 1292, 'HKEX PAI202110', '', '', '', '', '', ''),
(1, 1292, 'HKEX PAI202110', '', '', '', '', '', ''),
(3, 1293, 'HKEX TCH202110', '', '', '', '', '', ''),
(1, 1293, 'HKEX TCH202110', '', '', '', '', '', ''),
(3, 1294, 'HKEX MIU202110', '', '', '', '', '', ''),
(1, 1294, 'HKEX MIU202110', '', '', '', '', '', ''),
(3, 1295, 'HKEX MET202110', '', '', '', '', '', ''),
(1, 1295, 'HKEX MET202110', '', '', '', '', '', ''),
(3, 1296, 'HKEX ALB202110', '', '', '', '', '', ''),
(1, 1296, 'HKEX ALB202110', '', '', '', '', '', ''),
(3, 1297, 'HKEX TWR202110', '', '', '', '', '', ''),
(1, 1297, 'HKEX TWR202110', '', '', '', '', '', ''),
(3, 1298, 'HKEX BUD202110', '', '', '', '', '', ''),
(1, 1298, 'HKEX BUD202110', '', '', '', '', '', ''),
(3, 1299, 'HKEX GWM202110', '', '', '', '', '', ''),
(1, 1299, 'HKEX GWM202110', '', '', '', '', '', ''),
(3, 1300, 'HKEX JDC202110', '', '', '', '', '', ''),
(1, 1300, 'HKEX JDC202110', '', '', '', '', '', ''),
(3, 1301, 'HKEX NTE202110', '', '', '', '', '', ''),
(1, 1301, 'HKEX NTE202110', '', '', '', '', '', ''),
(3, 1302, 'HKEX CPC202110', '', '', '', '', '', ''),
(1, 1302, 'HKEX CPC202110', '', '', '', '', '', ''),
(3, 1303, 'HKEX CTC202110', '', '', '', '', '', ''),
(1, 1303, 'HKEX CTC202110', '', '', '', '', '', ''),
(3, 1304, 'HKEX PEC202110', '', '', '', '', '', ''),
(1, 1304, 'HKEX PEC202110', '', '', '', '', '', ''),
(3, 1305, 'HKEX CNC202110', '', '', '', '', '', ''),
(1, 1305, 'HKEX CNC202110', '', '', '', '', '', ''),
(3, 1306, 'HKEX CCC202110', '', '', '', '', '', ''),
(1, 1306, 'HKEX CCC202110', '', '', '', '', '', ''),
(3, 1307, 'HKEX PIC202110', '', '', '', '', '', ''),
(1, 1307, 'HKEX PIC202110', '', '', '', '', '', ''),
(3, 1308, 'HKEX BOC202110', '', '', '', '', '', ''),
(1, 1308, 'HKEX BOC202110', '', '', '', '', '', ''),
(3, 1309, 'HKEX CLI202110', '', '', '', '', '', ''),
(1, 1309, 'HKEX CLI202110', '', '', '', '', '', ''),
(3, 1310, 'HKEX CMB202110', '', '', '', '', '', ''),
(1, 1310, 'HKEX CMB202110', '', '', '', '', '', ''),
(3, 1311, 'HKEX A50202110', '', '', '', '', '', ''),
(1, 1311, 'HKEX A50202110', '', '', '', '', '', ''),
(3, 1312, 'HKEX AMC202110', '', '', '', '', '', ''),
(1, 1312, 'HKEX AMC202110', '', '', '', '', '', ''),
(3, 1313, 'HKEX CSA202110', '', '', '', '', '', ''),
(1, 1313, 'HKEX CSA202110', '', '', '', '', '', ''),
(3, 1314, 'HKEX MAN202110', '', '', '', '', '', ''),
(1, 1314, 'HKEX MAN202110', '', '', '', '', '', ''),
(3, 1315, 'HKEX MCN202110', '', '', '', '', '', ''),
(1, 1315, 'HKEX MCN202110', '', '', '', '', '', ''),
(3, 1316, 'HKEX EAN202110', '', '', '', '', '', ''),
(1, 1316, 'HKEX EAN202110', '', '', '', '', '', ''),
(3, 1317, 'HKEX MIN202110', '', '', '', '', '', ''),
(1, 1317, 'HKEX MIN202110', '', '', '', '', '', ''),
(3, 1318, 'HKEX MDN202110', '', '', '', '', '', ''),
(1, 1318, 'HKEX MDN202110', '', '', '', '', '', ''),
(3, 1319, 'HKEX MJU202110', '', '', '', '', '', ''),
(1, 1319, 'HKEX MJU202110', '', '', '', '', '', ''),
(3, 1320, 'HKEX MMN202110', '', '', '', '', '', ''),
(1, 1320, 'HKEX MMN202110', '', '', '', '', '', ''),
(3, 1321, 'HKEX MWN202110', '', '', '', '', '', ''),
(1, 1321, 'HKEX MWN202110', '', '', '', '', '', ''),
(3, 1322, 'HKEX MTN202110', '', '', '', '', '', ''),
(1, 1322, 'HKEX MTN202110', '', '', '', '', '', ''),
(3, 1323, 'HKEX MEI202110', '', '', '', '', '', ''),
(1, 1323, 'HKEX MEI202110', '', '', '', '', '', ''),
(3, 1324, 'HKEX EMN202110', '', '', '', '', '', ''),
(1, 1324, 'HKEX EMN202110', '', '', '', '', '', ''),
(3, 1325, 'HKEX MHK202110', '', '', '', '', '', ''),
(1, 1325, 'HKEX MHK202110', '', '', '', '', '', ''),
(3, 1326, 'HKEX MPN202110', '', '', '', '', '', ''),
(1, 1326, 'HKEX MPN202110', '', '', '', '', '', ''),
(3, 1327, 'HKEX MSN202110', '', '', '', '', '', ''),
(1, 1327, 'HKEX MSN202110', '', '', '', '', '', ''),
(3, 1328, 'HKEX MVN202110', '', '', '', '', '', ''),
(1, 1328, 'HKEX MVN202110', '', '', '', '', '', ''),
(3, 1329, 'HKEX MNZ202110', '', '', '', '', '', ''),
(1, 1329, 'HKEX MNZ202110', '', '', '', '', '', ''),
(3, 1330, 'HKEX MGN202110', '', '', '', '', '', ''),
(1, 1330, 'HKEX MGN202110', '', '', '', '', '', ''),
(3, 1331, 'HKEX MXC202110', '', '', '', '', '', ''),
(1, 1331, 'HKEX MXC202110', '', '', '', '', '', ''),
(3, 1332, 'HKEX MXK202110', '', '', '', '', '', ''),
(1, 1332, 'HKEX MXK202110', '', '', '', '', '', ''),
(3, 1333, 'HKEX MAC202110', '', '', '', '', '', ''),
(1, 1333, 'HKEX MAC202110', '', '', '', '', '', ''),
(3, 1334, 'HKEX MAK202110', '', '', '', '', '', ''),
(1, 1334, 'HKEX MAK202110', '', '', '', '', '', ''),
(3, 1335, 'HKEX MEE202110', '', '', '', '', '', ''),
(1, 1335, 'HKEX MEE202110', '', '', '', '', '', ''),
(3, 1336, 'HKEX MEL202110', '', '', '', '', '', ''),
(1, 1336, 'HKEX MEL202110', '', '', '', '', '', ''),
(3, 1337, 'HKEX MPC202110', '', '', '', '', '', ''),
(1, 1337, 'HKEX MPC202110', '', '', '', '', '', ''),
(3, 1338, 'HKEX MPJ202110', '', '', '', '', '', ''),
(1, 1338, 'HKEX MPJ202110', '', '', '', '', '', ''),
(3, 1339, 'SGX CN202110', '', '', '', '', '', ''),
(1, 1339, 'SGX CN202110', '', '', '', '', '', ''),
(3, 1340, 'SGX FCH202110', '', '', '', '', '', ''),
(1, 1340, 'SGX FCH202110', '', '', '', '', '', ''),
(3, 1341, 'SGX NK202110', '', '', '', '', '', ''),
(1, 1341, 'SGX NK202110', '', '', '', '', '', ''),
(3, 1342, 'SGX SG202110', '', '', '', '', '', ''),
(1, 1342, 'SGX SG202110', '', '', '', '', '', ''),
(3, 1343, 'SGX UC202110', '', '', '', '', '', ''),
(1, 1343, 'SGX UC202110', '', '', '', '', '', ''),
(3, 1344, 'SGX MUC202110', '', '', '', '', '', ''),
(1, 1344, 'SGX MUC202110', '', '', '', '', '', ''),
(3, 1345, 'SGX FE202110', '', '', '', '', '', ''),
(1, 1345, 'SGX FE202110', '', '', '', '', '', ''),
(3, 1346, 'SGX IN202110', '', '', '', '', '', ''),
(1, 1346, 'SGX IN202110', '', '', '', '', '', ''),
(3, 1347, 'SGX RT202110', '', '', '', '', '', ''),
(1, 1347, 'SGX RT202110', '', '', '', '', '', ''),
(3, 1348, 'SGX TF202110', '', '', '', '', '', ''),
(1, 1348, 'SGX TF202110', '', '', '', '', '', ''),
(3, 1349, 'SGX MYR202110', '', '', '', '', '', ''),
(1, 1349, 'SGX MYR202110', '', '', '', '', '', ''),
(3, 1350, 'EUREX VS202110', '', '', '', '', '', ''),
(1, 1350, 'EUREX VS202110', '', '', '', '', '', ''),
(3, 1351, 'ICUS CT202110', '', '', '', '', '', ''),
(1, 1351, 'ICUS CT202110', '', '', '', '', '', ''),
(3, 1352, 'ICUS SB202110', '', '', '', '', '', ''),
(1, 1352, 'ICUS SB202110', '', '', '', '', '', ''),
(3, 1353, 'ICE_SG BM202110', '', '', '', '', '', ''),
(1, 1353, 'ICE_SG BM202110', '', '', '', '', '', ''),
(3, 1354, 'ICEU B202110', '', '', '', '', '', ''),
(1, 1354, 'ICEU B202110', '', '', '', '', '', ''),
(3, 1355, 'ICEU G202110', '', '', '', '', '', ''),
(1, 1355, 'ICEU G202110', '', '', '', '', '', ''),
(3, 1356, 'ICEU T202110', '', '', '', '', '', ''),
(1, 1356, 'ICEU T202110', '', '', '', '', '', ''),
(3, 1357, 'ICEU W202110', '', '', '', '', '', ''),
(1, 1357, 'ICEU W202110', '', '', '', '', '', ''),
(3, 1358, 'BMD CPO202110', '', '', '', '', '', ''),
(1, 1358, 'BMD CPO202110', '', '', '', '', '', ''),
(3, 1359, 'CBOE VX202110', '', '', '', '', '', ''),
(1, 1359, 'CBOE VX202110', '', '', '', '', '', ''),
(3, 1360, 'APEX PF202110', '', '', '', '', '', ''),
(1, 1360, 'APEX PF202110', '', '', '', '', '', ''),
(3, 1361, 'TOCOM JCO202110', '', '', '', '', '', ''),
(1, 1361, 'TOCOM JCO202110', '', '', '', '', '', ''),
(3, 1362, 'OSE JAU202110', '', '', '', '', '', ''),
(1, 1362, 'OSE JAU202110', '', '', '', '', '', ''),
(3, 1363, 'OSE JRU202110', '', '', '', '', '', ''),
(1, 1363, 'OSE JRU202110', '', '', '', '', '', ''),
(3, 1364, 'OSE NK225M202110', '', '', '', '', '', ''),
(1, 1364, 'OSE NK225M202110', '', '', '', '', '', ''),
(3, 1365, 'DCE I202110', '', '', '', '', '', ''),
(1, 1365, 'DCE I202110', '', '', '', '', '', ''),
(3, 1366, 'ZCE TA202110', '', '', '', '', '', ''),
(1, 1366, 'ZCE TA202110', '', '', '', '', '', ''),
(3, 1367, 'INE SC202110', '', '', '', '', '', ''),
(1, 1367, 'INE SC202110', '', '', '', '', '', ''),
(3, 1368, 'INE SC TAS202110', '', '', '', '', '', ''),
(1, 1368, 'INE SC TAS202110', '', '', '', '', '', ''),
(3, 1369, 'INE NR202110', '', '', '', '', '', ''),
(1, 1369, 'INE NR202110', '', '', '', '', '', ''),
(3, 1370, 'INE LU202110', '', '', '', '', '', ''),
(1, 1370, 'INE LU202110', '', '', '', '', '', ''),
(3, 1371, 'INE BC202110', '', '', '', '', '', ''),
(1, 1371, 'INE BC202110', '', '', '', '', '', ''),
(3, 1372, 'HKEX HTI202110', '', '', '', '', '', ''),
(1, 1372, 'HKEX HTI202110', '', '', '', '', '', ''),
(3, 1373, 'HKEX HHI202110', '', '', '', '', '', ''),
(1, 1373, 'HKEX HHI202110', '', '', '', '', '', ''),
(3, 1374, 'HKEX HSI202110', '', '', '', '', '', ''),
(1, 1374, 'HKEX HSI202110', '', '', '', '', '', ''),
(3, 1375, 'HKEX MCH202110', '', '', '', '', '', ''),
(1, 1375, 'HKEX MCH202110', '', '', '', '', '', ''),
(3, 1376, 'HKEX MHI202110', '', '', '', '', '', ''),
(1, 1376, 'HKEX MHI202110', '', '', '', '', '', ''),
(3, 1377, 'HKEX CHH202110', '', '', '', '', '', ''),
(1, 1377, 'HKEX CHH202110', '', '', '', '', '', ''),
(3, 1378, 'HKEX MTW202110', '', '', '', '', '', ''),
(1, 1378, 'HKEX MTW202110', '', '', '', '', '', ''),
(3, 1379, 'HKEX MIA202110', '', '', '', '', '', ''),
(1, 1379, 'HKEX MIA202110', '', '', '', '', '', ''),
(3, 1380, 'HKEX MCF202110', '', '', '', '', '', ''),
(1, 1380, 'HKEX MCF202110', '', '', '', '', '', ''),
(3, 1381, 'HKEX MDI202110', '', '', '', '', '', ''),
(1, 1381, 'HKEX MDI202110', '', '', '', '', '', ''),
(3, 1382, 'HKEX MMA202110', '', '', '', '', '', ''),
(1, 1382, 'HKEX MMA202110', '', '', '', '', '', ''),
(3, 1383, 'HKEX MPS202110', '', '', '', '', '', ''),
(1, 1383, 'HKEX MPS202110', '', '', '', '', '', ''),
(3, 1384, 'HKEX MTD202110', '', '', '', '', '', ''),
(1, 1384, 'HKEX MTD202110', '', '', '', '', '', ''),
(3, 1385, 'HKEX MVI202110', '', '', '', '', '', ''),
(1, 1385, 'HKEX MVI202110', '', '', '', '', '', ''),
(3, 1386, 'CBOT S202111', '', '', '', '', '', ''),
(1, 1386, 'CBOT S202111', '', '', '', '', '', ''),
(3, 1387, 'CBOT ZR202111', '', '', '', '', '', ''),
(1, 1387, 'CBOT ZR202111', '', '', '', '', '', ''),
(3, 1388, 'CBOT ZQ202111', '', '', '', '', '', ''),
(1, 1388, 'CBOT ZQ202111', '', '', '', '', '', ''),
(3, 1389, 'CME AD202111', '', '', '', '', '', ''),
(1, 1389, 'CME AD202111', '', '', '', '', '', ''),
(3, 1390, 'CME BP202111', '', '', '', '', '', ''),
(1, 1390, 'CME BP202111', '', '', '', '', '', ''),
(3, 1391, 'CME CD202111', '', '', '', '', '', ''),
(1, 1391, 'CME CD202111', '', '', '', '', '', ''),
(3, 1392, 'CME EC202111', '', '', '', '', '', ''),
(1, 1392, 'CME EC202111', '', '', '', '', '', ''),
(3, 1393, 'CME JY202111', '', '', '', '', '', ''),
(1, 1393, 'CME JY202111', '', '', '', '', '', ''),
(3, 1394, 'CME BR202111', '', '', '', '', '', ''),
(1, 1394, 'CME BR202111', '', '', '', '', '', ''),
(3, 1395, 'CME RU202111', '', '', '', '', '', ''),
(1, 1395, 'CME RU202111', '', '', '', '', '', ''),
(3, 1396, 'CME RP202111', '', '', '', '', '', ''),
(1, 1396, 'CME RP202111', '', '', '', '', '', ''),
(3, 1397, 'CME RA202111', '', '', '', '', '', ''),
(1, 1397, 'CME RA202111', '', '', '', '', '', ''),
(3, 1398, 'CME MP202111', '', '', '', '', '', ''),
(1, 1398, 'CME MP202111', '', '', '', '', '', ''),
(3, 1399, 'CME CNH202111', '', '', '', '', '', ''),
(1, 1399, 'CME CNH202111', '', '', '', '', '', ''),
(3, 1400, 'CME ED202111', '', '', '', '', '', ''),
(1, 1400, 'CME ED202111', '', '', '', '', '', ''),
(3, 1401, 'CME NIY202111', '', '', '', '', '', ''),
(1, 1401, 'CME NIY202111', '', '', '', '', '', ''),
(3, 1402, 'CME LB202111', '', '', '', '', '', ''),
(1, 1402, 'CME LB202111', '', '', '', '', '', ''),
(3, 1403, 'CME FC202111', '', '', '', '', '', ''),
(1, 1403, 'CME FC202111', '', '', '', '', '', ''),
(3, 1404, 'COMEX GC202111', '', '', '', '', '', ''),
(1, 1404, 'COMEX GC202111', '', '', '', '', '', ''),
(3, 1405, 'COMEX SI202111', '', '', '', '', '', ''),
(1, 1405, 'COMEX SI202111', '', '', '', '', '', ''),
(3, 1406, 'COMEX HG202111', '', '', '', '', '', ''),
(1, 1406, 'COMEX HG202111', '', '', '', '', '', ''),
(3, 1407, 'COMEX GC202111', '', '', '', '', '', ''),
(1, 1407, 'COMEX GC202111', '', '', '', '', '', ''),
(3, 1408, 'COMEX SI202111', '', '', '', '', '', ''),
(1, 1408, 'COMEX SI202111', '', '', '', '', '', ''),
(3, 1409, 'COMEX HG202111', '', '', '', '', '', ''),
(1, 1409, 'COMEX HG202111', '', '', '', '', '', ''),
(3, 1410, 'NYMEX CL202111', '', '', '', '', '', ''),
(1, 1410, 'NYMEX CL202111', '', '', '', '', '', ''),
(3, 1411, 'NYMEX HO202111', '', '', '', '', '', ''),
(1, 1411, 'NYMEX HO202111', '', '', '', '', '', ''),
(3, 1412, 'NYMEX NG202111', '', '', '', '', '', ''),
(1, 1412, 'NYMEX NG202111', '', '', '', '', '', ''),
(3, 1413, 'NYMEX PA202111', '', '', '', '', '', ''),
(1, 1413, 'NYMEX PA202111', '', '', '', '', '', ''),
(3, 1414, 'NYMEX PL202111', '', '', '', '', '', ''),
(1, 1414, 'NYMEX PL202111', '', '', '', '', '', ''),
(3, 1415, 'NYMEX QG202111', '', '', '', '', '', ''),
(1, 1415, 'NYMEX QG202111', '', '', '', '', '', ''),
(3, 1416, 'NYMEX QM202111', '', '', '', '', '', ''),
(1, 1416, 'NYMEX QM202111', '', '', '', '', '', ''),
(3, 1417, 'NYMEX RB202111', '', '', '', '', '', ''),
(1, 1417, 'NYMEX RB202111', '', '', '', '', '', ''),
(3, 1418, 'NYMEX BZ202111', '', '', '', '', '', ''),
(1, 1418, 'NYMEX BZ202111', '', '', '', '', '', ''),
(3, 1419, 'HKEX CUS202111', '', '', '', '', '', ''),
(1, 1419, 'HKEX CUS202111', '', '', '', '', '', ''),
(3, 1420, 'HKEX MCS202111', '', '', '', '', '', ''),
(1, 1420, 'HKEX MCS202111', '', '', '', '', '', ''),
(3, 1421, 'HKEX HTI202111', '', '', '', '', '', ''),
(1, 1421, 'HKEX HTI202111', '', '', '', '', '', ''),
(3, 1422, 'HKEX HHI202111', '', '', '', '', '', ''),
(1, 1422, 'HKEX HHI202111', '', '', '', '', '', ''),
(3, 1423, 'HKEX HSI202111', '', '', '', '', '', ''),
(1, 1423, 'HKEX HSI202111', '', '', '', '', '', ''),
(3, 1424, 'HKEX MCH202111', '', '', '', '', '', ''),
(1, 1424, 'HKEX MCH202111', '', '', '', '', '', ''),
(3, 1425, 'HKEX MHI202111', '', '', '', '', '', ''),
(1, 1425, 'HKEX MHI202111', '', '', '', '', '', ''),
(3, 1426, 'HKEX FEM202111', '', '', '', '', '', ''),
(1, 1426, 'HKEX FEM202111', '', '', '', '', '', ''),
(3, 1427, 'HKEX GDU202111', '', '', '', '', '', ''),
(1, 1427, 'HKEX GDU202111', '', '', '', '', '', ''),
(3, 1428, 'HKEX GDR202111', '', '', '', '', '', ''),
(1, 1428, 'HKEX GDR202111', '', '', '', '', '', ''),
(3, 1429, 'HKEX CEU202111', '', '', '', '', '', ''),
(1, 1429, 'HKEX CEU202111', '', '', '', '', '', ''),
(3, 1430, 'HKEX CJP202111', '', '', '', '', '', ''),
(1, 1430, 'HKEX CJP202111', '', '', '', '', '', ''),
(3, 1431, 'HKEX CAU202111', '', '', '', '', '', ''),
(1, 1431, 'HKEX CAU202111', '', '', '', '', '', ''),
(3, 1432, 'HKEX UIN202111', '', '', '', '', '', ''),
(1, 1432, 'HKEX UIN202111', '', '', '', '', '', ''),
(3, 1433, 'HKEX CHH202111', '', '', '', '', '', ''),
(1, 1433, 'HKEX CHH202111', '', '', '', '', '', ''),
(3, 1434, 'HKEX CCB202111', '', '', '', '', '', ''),
(1, 1434, 'HKEX CCB202111', '', '', '', '', '', ''),
(3, 1435, 'HKEX HEX202111', '', '', '', '', '', ''),
(1, 1435, 'HKEX HEX202111', '', '', '', '', '', ''),
(3, 1436, 'HKEX HKB202111', '', '', '', '', '', ''),
(1, 1436, 'HKEX HKB202111', '', '', '', '', '', ''),
(3, 1437, 'HKEX ICB202111', '', '', '', '', '', ''),
(1, 1437, 'HKEX ICB202111', '', '', '', '', '', ''),
(3, 1438, 'HKEX ICB202111', '', '', '', '', '', ''),
(1, 1438, 'HKEX ICB202111', '', '', '', '', '', ''),
(3, 1439, 'HKEX PAI202111', '', '', '', '', '', ''),
(1, 1439, 'HKEX PAI202111', '', '', '', '', '', ''),
(3, 1440, 'HKEX TCH202111', '', '', '', '', '', ''),
(1, 1440, 'HKEX TCH202111', '', '', '', '', '', ''),
(3, 1441, 'HKEX MIU202111', '', '', '', '', '', ''),
(1, 1441, 'HKEX MIU202111', '', '', '', '', '', ''),
(3, 1442, 'HKEX MET202111', '', '', '', '', '', ''),
(1, 1442, 'HKEX MET202111', '', '', '', '', '', ''),
(3, 1443, 'HKEX ALB202111', '', '', '', '', '', ''),
(1, 1443, 'HKEX ALB202111', '', '', '', '', '', ''),
(3, 1444, 'HKEX TWR202111', '', '', '', '', '', ''),
(1, 1444, 'HKEX TWR202111', '', '', '', '', '', ''),
(3, 1445, 'HKEX BUD202111', '', '', '', '', '', ''),
(1, 1445, 'HKEX BUD202111', '', '', '', '', '', ''),
(3, 1446, 'HKEX GWM202111', '', '', '', '', '', ''),
(1, 1446, 'HKEX GWM202111', '', '', '', '', '', ''),
(3, 1447, 'HKEX JDC202111', '', '', '', '', '', ''),
(1, 1447, 'HKEX JDC202111', '', '', '', '', '', ''),
(3, 1448, 'HKEX NTE202111', '', '', '', '', '', ''),
(1, 1448, 'HKEX NTE202111', '', '', '', '', '', ''),
(3, 1449, 'HKEX CPC202111', '', '', '', '', '', ''),
(1, 1449, 'HKEX CPC202111', '', '', '', '', '', ''),
(3, 1450, 'HKEX CTC202111', '', '', '', '', '', ''),
(1, 1450, 'HKEX CTC202111', '', '', '', '', '', ''),
(3, 1451, 'HKEX CTC202111', '', '', '', '', '', ''),
(1, 1451, 'HKEX CTC202111', '', '', '', '', '', ''),
(3, 1452, 'HKEX PEC202111', '', '', '', '', '', ''),
(1, 1452, 'HKEX PEC202111', '', '', '', '', '', ''),
(3, 1453, 'HKEX CNC202111', '', '', '', '', '', ''),
(1, 1453, 'HKEX CNC202111', '', '', '', '', '', ''),
(3, 1454, 'HKEX CCC202111', '', '', '', '', '', ''),
(1, 1454, 'HKEX CCC202111', '', '', '', '', '', ''),
(3, 1455, 'HKEX PIC202111', '', '', '', '', '', ''),
(1, 1455, 'HKEX PIC202111', '', '', '', '', '', ''),
(3, 1456, 'HKEX BOC202111', '', '', '', '', '', ''),
(1, 1456, 'HKEX BOC202111', '', '', '', '', '', ''),
(3, 1457, 'HKEX CLI202111', '', '', '', '', '', ''),
(1, 1457, 'HKEX CLI202111', '', '', '', '', '', ''),
(3, 1458, 'HKEX CMB202111', '', '', '', '', '', ''),
(1, 1458, 'HKEX CMB202111', '', '', '', '', '', ''),
(3, 1459, 'HKEX A50202111', '', '', '', '', '', ''),
(1, 1459, 'HKEX A50202111', '', '', '', '', '', ''),
(3, 1460, 'HKEX AMC202111', '', '', '', '', '', ''),
(1, 1460, 'HKEX AMC202111', '', '', '', '', '', ''),
(3, 1461, 'HKEX CSA202111', '', '', '', '', '', ''),
(1, 1461, 'HKEX CSA202111', '', '', '', '', '', ''),
(3, 1462, 'HKEX MAN202111', '', '', '', '', '', ''),
(1, 1462, 'HKEX MAN202111', '', '', '', '', '', ''),
(3, 1463, 'HKEX MCN202111', '', '', '', '', '', ''),
(1, 1463, 'HKEX MCN202111', '', '', '', '', '', ''),
(3, 1464, 'HKEX EAN202111', '', '', '', '', '', ''),
(1, 1464, 'HKEX EAN202111', '', '', '', '', '', ''),
(3, 1465, 'HKEX MIN202111', '', '', '', '', '', ''),
(1, 1465, 'HKEX MIN202111', '', '', '', '', '', ''),
(3, 1466, 'HKEX MDN202111', '', '', '', '', '', ''),
(1, 1466, 'HKEX MDN202111', '', '', '', '', '', ''),
(3, 1467, 'HKEX MJU202111', '', '', '', '', '', ''),
(1, 1467, 'HKEX MJU202111', '', '', '', '', '', ''),
(3, 1468, 'HKEX MMN202111', '', '', '', '', '', ''),
(1, 1468, 'HKEX MMN202111', '', '', '', '', '', ''),
(3, 1469, 'HKEX MTW202111', '', '', '', '', '', ''),
(1, 1469, 'HKEX MTW202111', '', '', '', '', '', ''),
(3, 1470, 'HKEX MMN202111', '', '', '', '', '', ''),
(1, 1470, 'HKEX MMN202111', '', '', '', '', '', ''),
(3, 1471, 'HKEX MTW202111', '', '', '', '', '', ''),
(1, 1471, 'HKEX MTW202111', '', '', '', '', '', ''),
(3, 1472, 'HKEX MTN202111', '', '', '', '', '', ''),
(1, 1472, 'HKEX MTN202111', '', '', '', '', '', ''),
(3, 1473, 'HKEX MEI202111', '', '', '', '', '', ''),
(1, 1473, 'HKEX MEI202111', '', '', '', '', '', ''),
(3, 1474, 'HKEX EMN202111', '', '', '', '', '', ''),
(1, 1474, 'HKEX EMN202111', '', '', '', '', '', ''),
(3, 1475, 'HKEX MHK202111', '', '', '', '', '', ''),
(1, 1475, 'HKEX MHK202111', '', '', '', '', '', ''),
(3, 1476, 'HKEX MIA202111', '', '', '', '', '', ''),
(1, 1476, 'HKEX MIA202111', '', '', '', '', '', ''),
(3, 1477, 'HKEX MPN202111', '', '', '', '', '', ''),
(1, 1477, 'HKEX MPN202111', '', '', '', '', '', ''),
(3, 1478, 'HKEX MSN202111', '', '', '', '', '', ''),
(1, 1478, 'HKEX MSN202111', '', '', '', '', '', ''),
(3, 1479, 'HKEX MVN202111', '', '', '', '', '', ''),
(1, 1479, 'HKEX MVN202111', '', '', '', '', '', ''),
(3, 1480, 'HKEX MCF202111', '', '', '', '', '', ''),
(1, 1480, 'HKEX MCF202111', '', '', '', '', '', ''),
(3, 1481, 'HKEX MDI202111', '', '', '', '', '', ''),
(1, 1481, 'HKEX MDI202111', '', '', '', '', '', ''),
(3, 1482, 'HKEX MMA202111', '', '', '', '', '', ''),
(1, 1482, 'HKEX MMA202111', '', '', '', '', '', ''),
(3, 1483, 'HKEX MNZ202111', '', '', '', '', '', ''),
(1, 1483, 'HKEX MNZ202111', '', '', '', '', '', ''),
(3, 1484, 'HKEX MPS202111', '', '', '', '', '', ''),
(1, 1484, 'HKEX MPS202111', '', '', '', '', '', ''),
(3, 1485, 'HKEX MGN202111', '', '', '', '', '', ''),
(1, 1485, 'HKEX MGN202111', '', '', '', '', '', ''),
(3, 1486, 'HKEX MTD202111', '', '', '', '', '', ''),
(1, 1486, 'HKEX MTD202111', '', '', '', '', '', ''),
(3, 1487, 'HKEX MVI202111', '', '', '', '', '', ''),
(1, 1487, 'HKEX MVI202111', '', '', '', '', '', ''),
(3, 1488, 'HKEX MXC202111', '', '', '', '', '', ''),
(1, 1488, 'HKEX MXC202111', '', '', '', '', '', ''),
(3, 1489, 'HKEX MXK202111', '', '', '', '', '', ''),
(1, 1489, 'HKEX MXK202111', '', '', '', '', '', ''),
(3, 1490, 'HKEX MAC202111', '', '', '', '', '', ''),
(1, 1490, 'HKEX MAC202111', '', '', '', '', '', ''),
(3, 1491, 'HKEX MAK202111', '', '', '', '', '', ''),
(1, 1491, 'HKEX MAK202111', '', '', '', '', '', ''),
(3, 1492, 'HKEX MEE202111', '', '', '', '', '', ''),
(1, 1492, 'HKEX MEE202111', '', '', '', '', '', ''),
(3, 1493, 'HKEX MEL202111', '', '', '', '', '', ''),
(1, 1493, 'HKEX MEL202111', '', '', '', '', '', ''),
(3, 1494, 'HKEX MPC202111', '', '', '', '', '', ''),
(1, 1494, 'HKEX MPC202111', '', '', '', '', '', ''),
(3, 1495, 'HKEX MPJ202111', '', '', '', '', '', ''),
(1, 1495, 'HKEX MPJ202111', '', '', '', '', '', ''),
(3, 1496, 'HKEX MCA202111', '', '', '', '', '', ''),
(1, 1496, 'HKEX MCA202111', '', '', '', '', '', ''),
(3, 1497, 'SGX CN202111', '', '', '', '', '', ''),
(1, 1497, 'SGX CN202111', '', '', '', '', '', ''),
(3, 1498, 'SGX FCH202111', '', '', '', '', '', ''),
(1, 1498, 'SGX FCH202111', '', '', '', '', '', ''),
(3, 1499, 'SGX NK202111', '', '', '', '', '', ''),
(1, 1499, 'SGX NK202111', '', '', '', '', '', ''),
(3, 1500, 'SGX SG202111', '', '', '', '', '', ''),
(1, 1500, 'SGX SG202111', '', '', '', '', '', ''),
(3, 1501, 'SGX UC202111', '', '', '', '', '', ''),
(1, 1501, 'SGX UC202111', '', '', '', '', '', ''),
(3, 1502, 'SGX MUC202111', '', '', '', '', '', ''),
(1, 1502, 'SGX MUC202111', '', '', '', '', '', ''),
(3, 1503, 'SGX FE202111', '', '', '', '', '', ''),
(1, 1503, 'SGX FE202111', '', '', '', '', '', ''),
(3, 1504, 'SGX IN202111', '', '', '', '', '', ''),
(1, 1504, 'SGX IN202111', '', '', '', '', '', ''),
(3, 1505, 'SGX RT202111', '', '', '', '', '', ''),
(1, 1505, 'SGX RT202111', '', '', '', '', '', ''),
(3, 1506, 'SGX TF202111', '', '', '', '', '', ''),
(1, 1506, 'SGX TF202111', '', '', '', '', '', ''),
(3, 1507, 'SGX MYR202111', '', '', '', '', '', ''),
(1, 1507, 'SGX MYR202111', '', '', '', '', '', ''),
(3, 1508, 'EUREX VS202111', '', '', '', '', '', ''),
(1, 1508, 'EUREX VS202111', '', '', '', '', '', ''),
(3, 1509, 'ICUS OJ202111', '', '', '', '', '', ''),
(1, 1509, 'ICUS OJ202111', '', '', '', '', '', ''),
(3, 1510, 'ICE_SG BM202111', '', '', '', '', '', ''),
(1, 1510, 'ICE_SG BM202111', '', '', '', '', '', ''),
(3, 1511, 'ICEU B202111', '', '', '', '', '', ''),
(1, 1511, 'ICEU B202111', '', '', '', '', '', ''),
(3, 1512, 'ICEU B202111', '', '', '', '', '', ''),
(1, 1512, 'ICEU B202111', '', '', '', '', '', ''),
(3, 1513, 'ICEU G202111', '', '', '', '', '', ''),
(1, 1513, 'ICEU G202111', '', '', '', '', '', ''),
(3, 1514, 'ICEU T202111', '', '', '', '', '', ''),
(1, 1514, 'ICEU T202111', '', '', '', '', '', ''),
(3, 1515, 'ICEU RC202111', '', '', '', '', '', ''),
(1, 1515, 'ICEU RC202111', '', '', '', '', '', ''),
(3, 1516, 'BMD CPO202111', '', '', '', '', '', ''),
(1, 1516, 'BMD CPO202111', '', '', '', '', '', ''),
(3, 1517, 'CBOE VX202111', '', '', '', '', '', ''),
(1, 1517, 'CBOE VX202111', '', '', '', '', '', ''),
(3, 1518, 'APEX PF202111', '', '', '', '', '', ''),
(1, 1518, 'APEX PF202111', '', '', '', '', '', ''),
(3, 1519, 'TOCOM JCO202111', '', '', '', '', '', ''),
(1, 1519, 'TOCOM JCO202111', '', '', '', '', '', ''),
(3, 1520, 'OSE JRU202111', '', '', '', '', '', ''),
(1, 1520, 'OSE JRU202111', '', '', '', '', '', ''),
(3, 1521, 'OSE NK225M202111', '', '', '', '', '', ''),
(1, 1521, 'OSE NK225M202111', '', '', '', '', '', ''),
(3, 1522, 'DCE I202111', '', '', '', '', '', ''),
(1, 1522, 'DCE I202111', '', '', '', '', '', ''),
(3, 1523, 'ZCE	TA202111', '', '', '', '', '', ''),
(1, 1523, 'ZCE	TA202111', '', '', '', '', '', ''),
(3, 1524, 'INE SC202111', '', '', '', '', '', ''),
(1, 1524, 'INE SC202111', '', '', '', '', '', ''),
(3, 1525, 'INE SC TAS202111', '', '', '', '', '', ''),
(1, 1525, 'INE SC TAS202111', '', '', '', '', '', ''),
(3, 1526, 'INE NR202111', '', '', '', '', '', ''),
(1, 1526, 'INE NR202111', '', '', '', '', '', ''),
(3, 1527, 'INE LU202111', '', '', '', '', '', ''),
(1, 1527, 'INE LU202111', '', '', '', '', '', ''),
(3, 1528, 'INE BC202111', '', '', '', '', '', ''),
(1, 1528, 'INE BC202111', '', '', '', '', '', ''),
(3, 1529, 'INE BC202111', '', '', '', '', '', ''),
(1, 1529, 'INE BC202111', '', '', '', '', '', ''),
(1, 1530, 'CBOT C202112', '', '', '', '', '', ''),
(3, 1530, 'CBOT C202112', '', '', '', '', '', ''),
(3, 1531, 'CBOT O202112', '', '', '', '', '', ''),
(1, 1531, 'CBOT O202112', '', '', '', '', '', ''),
(3, 1532, 'CBOT W202112', '', '', '', '', '', ''),
(1, 1532, 'CBOT W202112', '', '', '', '', '', ''),
(3, 1533, 'CBOT KW202112', '', '', '', '', '', ''),
(1, 1533, 'CBOT KW202112', '', '', '', '', '', ''),
(3, 1534, 'CBOT ZL202112', '', '', '', '', '', ''),
(1, 1534, 'CBOT ZL202112', '', '', '', '', '', ''),
(3, 1535, 'CBOT ZM202112', '', '', '', '', '', ''),
(1, 1535, 'CBOT ZM202112', '', '', '', '', '', ''),
(3, 1536, 'CBOT ZQ202112', '', '', '', '', '', ''),
(1, 1536, 'CBOT ZQ202112', '', '', '', '', '', ''),
(1, 1537, 'CME AD202112', '', '', '', '', '', ''),
(3, 1537, 'CME AD202112', '', '', '', '', '', ''),
(1, 1538, 'CME BP202112', '', '', '', '', '', ''),
(3, 1538, 'CME BP202112', '', '', '', '', '', ''),
(1, 1539, 'CME CD202112', '', '', '', '', '', ''),
(3, 1539, 'CME CD202112', '', '', '', '', '', ''),
(1, 1540, 'CME EC202112', '', '', '', '', '', ''),
(3, 1540, 'CME EC202112', '', '', '', '', '', ''),
(1, 1541, 'CME JY202112', '', '', '', '', '', ''),
(3, 1541, 'CME JY202112', '', '', '', '', '', ''),
(1, 1542, 'CME NE202112', '', '', '', '', '', ''),
(3, 1542, 'CME NE202112', '', '', '', '', '', ''),
(1, 1543, 'CME SF202112', '', '', '', '', '', ''),
(3, 1543, 'CME SF202112', '', '', '', '', '', ''),
(1, 1544, 'CME BR202112', '', '', '', '', '', ''),
(3, 1544, 'CME BR202112', '', '', '', '', '', ''),
(1, 1545, 'CME PZ202112', '', '', '', '', '', ''),
(3, 1545, 'CME PZ202112', '', '', '', '', '', ''),
(1, 1546, 'CME FR202112', '', '', '', '', '', ''),
(3, 1546, 'CME FR202112', '', '', '', '', '', ''),
(1, 1547, 'CME RU202112', '', '', '', '', '', ''),
(3, 1547, 'CME RU202112', '', '', '', '', '', ''),
(1, 1548, 'CME ECD202112', '', '', '', '', '', ''),
(3, 1548, 'CME ECD202112', '', '', '', '', '', ''),
(1, 1549, 'CME RF202112', '', '', '', '', '', ''),
(3, 1549, 'CME RF202112', '', '', '', '', '', ''),
(1, 1550, 'CME RP202112', '', '', '', '', '', ''),
(3, 1550, 'CME RP202112', '', '', '', '', '', ''),
(1, 1551, 'CME RY202112', '', '', '', '', '', ''),
(3, 1551, 'CME RY202112', '', '', '', '', '', ''),
(1, 1552, 'CME RA202112', '', '', '', '', '', ''),
(3, 1552, 'CME RA202112', '', '', '', '', '', ''),
(1, 1553, 'CME MP202112', '', '', '', '', '', ''),
(3, 1553, 'CME MP202112', '', '', '', '', '', ''),
(1, 1554, 'CME CNH202112', '', '', '', '', '', ''),
(3, 1554, 'CME CNH202112', '', '', '', '', '', ''),
(1, 1555, 'CME ED202112', '', '', '', '', '', ''),
(3, 1555, 'CME ED202112', '', '', '', '', '', ''),
(1, 1556, 'CME NKD202112', '', '', '', '', '', ''),
(3, 1556, 'CME NKD202112', '', '', '', '', '', ''),
(1, 1557, 'CME NIY202112', '', '', '', '', '', ''),
(3, 1557, 'CME NIY202112', '', '', '', '', '', ''),
(1, 1558, 'CME M2K202112', '', '', '', '', '', ''),
(3, 1558, 'CME M2K202112', '', '', '', '', '', ''),
(1, 1559, 'CME MES202112', '', '', '', '', '', ''),
(3, 1559, 'CME MES202112', '', '', '', '', '', ''),
(1, 1560, 'CME MNQ202112', '', '', '', '', '', ''),
(3, 1560, 'CME MNQ202112', '', '', '', '', '', ''),
(1, 1561, 'CME RTY202112', '', '', '', '', '', ''),
(3, 1561, 'CME RTY202112', '', '', '', '', '', ''),
(1, 1562, 'CME ES202112', '', '', '', '', '', ''),
(3, 1562, 'CME ES202112', '', '', '', '', '', ''),
(1, 1563, 'CME NQ202112', '', '', '', '', '', ''),
(3, 1563, 'CME NQ202112', '', '', '', '', '', ''),
(1, 1564, 'CME LC202112', '', '', '', '', '', ''),
(3, 1564, 'CME LC202112', '', '', '', '', '', ''),
(1, 1565, 'CME LN202112', '', '', '', '', '', ''),
(3, 1565, 'CME LN202112', '', '', '', '', '', ''),
(3, 1566, 'COMEX GC202112', '', '', '', '', '', ''),
(1, 1566, 'COMEX GC202112', '', '', '', '', '', ''),
(3, 1567, 'COMEX SI202112', '', '', '', '', '', ''),
(1, 1567, 'COMEX SI202112', '', '', '', '', '', ''),
(3, 1568, 'COMEX HG202112', '', '', '', '', '', ''),
(1, 1568, 'COMEX HG202112', '', '', '', '', '', ''),
(1, 1569, 'COMEX QO202212', '', '', '', '', '', ''),
(3, 1569, 'COMEX QO202212', '', '', '', '', '', ''),
(3, 1570, 'CBOT TN202112', '', '', '', '', '', ''),
(1, 1570, 'CBOT TN202112', '', '', '', '', '', ''),
(3, 1571, 'CBOT UB202112', '', '', '', '', '', ''),
(1, 1571, 'CBOT UB202112', '', '', '', '', '', ''),
(3, 1572, 'CBOT ZB202112', '', '', '', '', '', ''),
(1, 1572, 'CBOT ZB202112', '', '', '', '', '', ''),
(3, 1573, 'CBOT ZN202112', '', '', '', '', '', ''),
(1, 1573, 'CBOT ZN202112', '', '', '', '', '', ''),
(3, 1574, 'CBOT ZF202112', '', '', '', '', '', ''),
(1, 1574, 'CBOT ZF202112', '', '', '', '', '', ''),
(3, 1575, 'CBOT ZT202112', '', '', '', '', '', ''),
(1, 1575, 'CBOT ZT202112', '', '', '', '', '', ''),
(3, 1576, 'CBOT MYM202112', '', '', '', '', '', ''),
(1, 1576, 'CBOT MYM202112', '', '', '', '', '', ''),
(3, 1577, 'CBOT YM202112', '', '', '', '', '', ''),
(1, 1577, 'CBOT YM202112', '', '', '', '', '', ''),
(3, 1578, 'CBOT ZQ202112', '', '', '', '', '', ''),
(1, 1578, 'CBOT ZQ202112', '', '', '', '', '', ''),
(3, 1579, 'COMEX SI202112', '', '', '', '', '', ''),
(1, 1579, 'COMEX SI202112', '', '', '', '', '', ''),
(3, 1580, 'COMEX HG202112', '', '', '', '', '', ''),
(1, 1580, 'COMEX HG202112', '', '', '', '', '', ''),
(3, 1581, 'COMEX QO202112', '', '', '', '', '', ''),
(1, 1581, 'COMEX QO202112', '', '', '', '', '', ''),
(3, 1582, 'COMEX QI202112', '', '', '', '', '', ''),
(1, 1582, 'COMEX QI202112', '', '', '', '', '', ''),
(3, 1583, 'NYMEX CL202112', '', '', '', '', '', ''),
(1, 1583, 'NYMEX CL202112', '', '', '', '', '', ''),
(3, 1584, 'NYMEX HO202112', '', '', '', '', '', ''),
(1, 1584, 'NYMEX HO202112', '', '', '', '', '', ''),
(3, 1585, 'NYMEX NG202112', '', '', '', '', '', ''),
(1, 1585, 'NYMEX NG202112', '', '', '', '', '', ''),
(3, 1586, 'NYMEX PA202112', '', '', '', '', '', ''),
(1, 1586, 'NYMEX PA202112', '', '', '', '', '', ''),
(3, 1587, 'NYMEX PL202112', '', '', '', '', '', ''),
(1, 1587, 'NYMEX PL202112', '', '', '', '', '', ''),
(3, 1588, 'NYMEX QG202112', '', '', '', '', '', ''),
(1, 1588, 'NYMEX QG202112', '', '', '', '', '', ''),
(3, 1589, 'NYMEX QM202112', '', '', '', '', '', ''),
(1, 1589, 'NYMEX QM202112', '', '', '', '', '', ''),
(3, 1590, 'NYMEX RB202112', '', '', '', '', '', ''),
(1, 1590, 'NYMEX RB202112', '', '', '', '', '', ''),
(3, 1591, 'NYMEX BZ202112', '', '', '', '', '', ''),
(1, 1591, 'NYMEX BZ202112', '', '', '', '', '', ''),
(3, 1592, 'HKEX CUS202112', '', '', '', '', '', ''),
(1, 1592, 'HKEX CUS202112', '', '', '', '', '', ''),
(3, 1593, 'HKEX MCS202112', '', '', '', '', '', ''),
(1, 1593, 'HKEX MCS202112', '', '', '', '', '', ''),
(3, 1594, 'HKEX HTI202112', '', '', '', '', '', ''),
(1, 1594, 'HKEX HTI202112', '', '', '', '', '', ''),
(3, 1595, 'HKEX HHI202112', '', '', '', '', '', ''),
(1, 1595, 'HKEX HHI202112', '', '', '', '', '', ''),
(3, 1596, 'HKEX HSI202112', '', '', '', '', '', ''),
(1, 1596, 'HKEX HSI202112', '', '', '', '', '', ''),
(3, 1597, 'HKEX MCH202112', '', '', '', '', '', ''),
(1, 1597, 'HKEX MCH202112', '', '', '', '', '', ''),
(3, 1598, 'HKEX MHI202112', '', '', '', '', '', ''),
(1, 1598, 'HKEX MHI202112', '', '', '', '', '', ''),
(3, 1599, 'HKEX FEM202112', '', '', '', '', '', ''),
(1, 1599, 'HKEX FEM202112', '', '', '', '', '', ''),
(3, 1600, 'HKEX FEQ202112', '', '', '', '', '', ''),
(1, 1600, 'HKEX FEQ202112', '', '', '', '', '', ''),
(3, 1601, 'HKEX GDU202112', '', '', '', '', '', ''),
(1, 1601, 'HKEX GDU202112', '', '', '', '', '', ''),
(3, 1602, 'HKEX GDR202112', '', '', '', '', '', ''),
(1, 1602, 'HKEX GDR202112', '', '', '', '', '', ''),
(3, 1603, 'HKEX CEU202112', '', '', '', '', '', ''),
(1, 1603, 'HKEX CEU202112', '', '', '', '', '', ''),
(3, 1604, 'HKEX CJP202112', '', '', '', '', '', ''),
(1, 1604, 'HKEX CJP202112', '', '', '', '', '', ''),
(3, 1605, 'HKEX CAU202112', '', '', '', '', '', ''),
(1, 1605, 'HKEX CAU202112', '', '', '', '', '', ''),
(3, 1606, 'HKEX UIN202112', '', '', '', '', '', ''),
(1, 1606, 'HKEX UIN202112', '', '', '', '', '', ''),
(3, 1607, 'HKEX CHH202112', '', '', '', '', '', ''),
(1, 1607, 'HKEX CHH202112', '', '', '', '', '', ''),
(3, 1608, 'HKEX CCB202112', '', '', '', '', '', ''),
(1, 1608, 'HKEX CCB202112', '', '', '', '', '', ''),
(3, 1609, 'HKEX CHT202112', '', '', '', '', '', ''),
(1, 1609, 'HKEX CHT202112', '', '', '', '', '', ''),
(3, 1610, 'HKEX HEX202112', '', '', '', '', '', ''),
(1, 1610, 'HKEX HEX202112', '', '', '', '', '', ''),
(3, 1611, 'HKEX HKB202112', '', '', '', '', '', ''),
(1, 1611, 'HKEX HKB202112', '', '', '', '', '', ''),
(3, 1612, 'HKEX ICB202112', '', '', '', '', '', ''),
(1, 1612, 'HKEX ICB202112', '', '', '', '', '', ''),
(3, 1613, 'HKEX PAI202112', '', '', '', '', '', ''),
(1, 1613, 'HKEX PAI202112', '', '', '', '', '', ''),
(3, 1614, 'HKEX TCH202112', '', '', '', '', '', ''),
(1, 1614, 'HKEX TCH202112', '', '', '', '', '', ''),
(3, 1615, 'HKEX MIU202112', '', '', '', '', '', ''),
(1, 1615, 'HKEX MIU202112', '', '', '', '', '', ''),
(3, 1616, 'HKEX MET202112', '', '', '', '', '', ''),
(1, 1616, 'HKEX MET202112', '', '', '', '', '', ''),
(3, 1617, 'HKEX ALB202112', '', '', '', '', '', ''),
(1, 1617, 'HKEX ALB202112', '', '', '', '', '', ''),
(3, 1618, 'HKEX TWR202112', '', '', '', '', '', ''),
(1, 1618, 'HKEX TWR202112', '', '', '', '', '', ''),
(3, 1619, 'HKEX BUD202112', '', '', '', '', '', ''),
(1, 1619, 'HKEX BUD202112', '', '', '', '', '', ''),
(3, 1620, 'HKEX GWM202112', '', '', '', '', '', ''),
(1, 1620, 'HKEX GWM202112', '', '', '', '', '', ''),
(3, 1621, 'HKEX JDC202112', '', '', '', '', '', ''),
(1, 1621, 'HKEX JDC202112', '', '', '', '', '', ''),
(3, 1622, 'HKEX NTE202112', '', '', '', '', '', ''),
(1, 1622, 'HKEX NTE202112', '', '', '', '', '', ''),
(3, 1623, 'HKEX CPC202112', '', '', '', '', '', ''),
(1, 1623, 'HKEX CPC202112', '', '', '', '', '', ''),
(3, 1624, 'HKEX CTC202112', '', '', '', '', '', ''),
(1, 1624, 'HKEX CTC202112', '', '', '', '', '', ''),
(3, 1625, 'HKEX PEC202112', '', '', '', '', '', ''),
(1, 1625, 'HKEX PEC202112', '', '', '', '', '', ''),
(3, 1626, 'HKEX CNC202112', '', '', '', '', '', ''),
(1, 1626, 'HKEX CNC202112', '', '', '', '', '', ''),
(3, 1627, 'HKEX CCC202112', '', '', '', '', '', ''),
(1, 1627, 'HKEX CCC202112', '', '', '', '', '', ''),
(3, 1628, 'HKEX PIC202112', '', '', '', '', '', ''),
(1, 1628, 'HKEX PIC202112', '', '', '', '', '', ''),
(3, 1629, 'HKEX BOC202112', '', '', '', '', '', ''),
(1, 1629, 'HKEX BOC202112', '', '', '', '', '', ''),
(3, 1630, 'HKEX CLI202112', '', '', '', '', '', ''),
(1, 1630, 'HKEX CLI202112', '', '', '', '', '', ''),
(3, 1631, 'HKEX CMB202112', '', '', '', '', '', ''),
(1, 1631, 'HKEX CMB202112', '', '', '', '', '', ''),
(3, 1632, 'HKEX A50202112', '', '', '', '', '', ''),
(1, 1632, 'HKEX A50202112', '', '', '', '', '', ''),
(3, 1633, 'HKEX AMC202112', '', '', '', '', '', ''),
(1, 1633, 'HKEX AMC202112', '', '', '', '', '', ''),
(3, 1634, 'HKEX CSA202112', '', '', '', '', '', ''),
(1, 1634, 'HKEX CSA202112', '', '', '', '', '', ''),
(3, 1635, 'HKEX MAN202112', '', '', '', '', '', ''),
(1, 1635, 'HKEX MAN202112', '', '', '', '', '', ''),
(3, 1636, 'HKEX MCN202112', '', '', '', '', '', ''),
(1, 1636, 'HKEX MCN202112', '', '', '', '', '', ''),
(3, 1637, 'HKEX EAN202112', '', '', '', '', '', ''),
(1, 1637, 'HKEX EAN202112', '', '', '', '', '', ''),
(3, 1638, 'HKEX MIN202112', '', '', '', '', '', ''),
(1, 1638, 'HKEX MIN202112', '', '', '', '', '', ''),
(3, 1639, 'HKEX MDN202112', '', '', '', '', '', ''),
(1, 1639, 'HKEX MDN202112', '', '', '', '', '', ''),
(3, 1640, 'HKEX MJU202112', '', '', '', '', '', ''),
(1, 1640, 'HKEX MJU202112', '', '', '', '', '', ''),
(3, 1641, 'HKEX MMN202112', '', '', '', '', '', ''),
(1, 1641, 'HKEX MMN202112', '', '', '', '', '', ''),
(3, 1642, 'HKEX MTW202112', '', '', '', '', '', ''),
(1, 1642, 'HKEX MTW202112', '', '', '', '', '', ''),
(3, 1643, 'HKEX MWN202112', '', '', '', '', '', ''),
(1, 1643, 'HKEX MWN202112', '', '', '', '', '', ''),
(3, 1644, 'HKEX MTN202112', '', '', '', '', '', ''),
(1, 1644, 'HKEX MTN202112', '', '', '', '', '', ''),
(3, 1645, 'HKEX MEI202112', '', '', '', '', '', ''),
(1, 1645, 'HKEX MEI202112', '', '', '', '', '', ''),
(3, 1646, 'HKEX EMN202112', '', '', '', '', '', ''),
(1, 1646, 'HKEX EMN202112', '', '', '', '', '', ''),
(3, 1647, 'HKEX MHK202112', '', '', '', '', '', ''),
(1, 1647, 'HKEX MHK202112', '', '', '', '', '', ''),
(3, 1648, 'HKEX MIA202112', '', '', '', '', '', ''),
(1, 1648, 'HKEX MIA202112', '', '', '', '', '', ''),
(3, 1649, 'HKEX MPN202112', '', '', '', '', '', ''),
(1, 1649, 'HKEX MPN202112', '', '', '', '', '', ''),
(3, 1650, 'HKEX MSN202112', '', '', '', '', '', ''),
(1, 1650, 'HKEX MSN202112', '', '', '', '', '', ''),
(3, 1651, 'HKEX MVN202112', '', '', '', '', '', ''),
(1, 1651, 'HKEX MVN202112', '', '', '', '', '', ''),
(3, 1652, 'HKEX MCF202112', '', '', '', '', '', ''),
(1, 1652, 'HKEX MCF202112', '', '', '', '', '', ''),
(3, 1653, 'HKEX MDI202112', '', '', '', '', '', ''),
(1, 1653, 'HKEX MDI202112', '', '', '', '', '', ''),
(3, 1654, 'HKEX MMA202112', '', '', '', '', '', ''),
(1, 1654, 'HKEX MMA202112', '', '', '', '', '', ''),
(3, 1655, 'HKEX MNZ202112', '', '', '', '', '', ''),
(1, 1655, 'HKEX MNZ202112', '', '', '', '', '', ''),
(3, 1656, 'HKEX MPS202112', '', '', '', '', '', ''),
(1, 1656, 'HKEX MPS202112', '', '', '', '', '', ''),
(3, 1657, 'HKEX MGN202112', '', '', '', '', '', ''),
(1, 1657, 'HKEX MGN202112', '', '', '', '', '', ''),
(3, 1658, 'HKEX MTD202112', '', '', '', '', '', ''),
(1, 1658, 'HKEX MTD202112', '', '', '', '', '', ''),
(3, 1659, 'HKEX MVI202112', '', '', '', '', '', ''),
(1, 1659, 'HKEX MVI202112', '', '', '', '', '', ''),
(3, 1660, 'HKEX MXC202112', '', '', '', '', '', ''),
(1, 1660, 'HKEX MXC202112', '', '', '', '', '', '');
INSERT INTO `tb_huatai_trading_future_desc` (`language_id`, `trading_future_id`, `name`, `detail`, `url`, `seo_desc`, `seo_title`, `detail2`, `seo_h1`) VALUES
(3, 1661, 'HKEX MXK202112', '', '', '', '', '', ''),
(1, 1661, 'HKEX MXK202112', '', '', '', '', '', ''),
(3, 1662, 'HKEX MAC202112', '', '', '', '', '', ''),
(1, 1662, 'HKEX MAC202112', '', '', '', '', '', ''),
(3, 1663, 'HKEX MAK202112', '', '', '', '', '', ''),
(1, 1663, 'HKEX MAK202112', '', '', '', '', '', ''),
(3, 1664, 'HKEX MEE202112', '', '', '', '', '', ''),
(1, 1664, 'HKEX MEE202112', '', '', '', '', '', ''),
(3, 1665, 'HKEX MEL202112', '', '', '', '', '', ''),
(1, 1665, 'HKEX MEL202112', '', '', '', '', '', ''),
(3, 1666, 'HKEX MPC202112', '', '', '', '', '', ''),
(1, 1666, 'HKEX MPC202112', '', '', '', '', '', ''),
(3, 1667, 'HKEX MPJ202112', '', '', '', '', '', ''),
(1, 1667, 'HKEX MPJ202112', '', '', '', '', '', ''),
(3, 1668, 'HKEX MCA202112', '', '', '', '', '', ''),
(1, 1668, 'HKEX MCA202112', '', '', '', '', '', ''),
(3, 1669, 'SGX CN202112', '', '', '', '', '', ''),
(1, 1669, 'SGX CN202112', '', '', '', '', '', ''),
(3, 1670, 'SGX FCH202112', '', '', '', '', '', ''),
(1, 1670, 'SGX FCH202112', '', '', '', '', '', ''),
(3, 1671, 'SGX NK202112', '', '', '', '', '', ''),
(1, 1671, 'SGX NK202112', '', '', '', '', '', ''),
(3, 1672, 'SGX SG202112', '', '', '', '', '', ''),
(1, 1672, 'SGX SG202112', '', '', '', '', '', ''),
(3, 1673, 'SGX UC202112', '', '', '', '', '', ''),
(1, 1673, 'SGX UC202112', '', '', '', '', '', ''),
(3, 1674, 'SGX MUC202112', '', '', '', '', '', ''),
(1, 1674, 'SGX MUC202112', '', '', '', '', '', ''),
(3, 1675, 'SGX FE202112', '', '', '', '', '', ''),
(1, 1675, 'SGX FE202112', '', '', '', '', '', ''),
(3, 1676, 'SGX IN202112', '', '', '', '', '', ''),
(1, 1676, 'SGX IN202112', '', '', '', '', '', ''),
(3, 1677, 'SGX RT202112', '', '', '', '', '', ''),
(1, 1677, 'SGX RT202112', '', '', '', '', '', ''),
(3, 1678, 'SGX TF202112', '', '', '', '', '', ''),
(1, 1678, 'SGX TF202112', '', '', '', '', '', ''),
(3, 1679, 'SGX MYR202112', '', '', '', '', '', ''),
(1, 1679, 'SGX MYR202112', '', '', '', '', '', ''),
(3, 1680, 'EUREX DAX202112', '', '', '', '', '', ''),
(1, 1680, 'EUREX DAX202112', '', '', '', '', '', ''),
(3, 1681, 'EUREX DXM202112', '', '', '', '', '', ''),
(1, 1681, 'EUREX DXM202112', '', '', '', '', '', ''),
(3, 1682, 'EUREX ESX202112', '', '', '', '', '', ''),
(1, 1682, 'EUREX ESX202112', '', '', '', '', '', ''),
(3, 1683, 'EUREX SMI202112', '', '', '', '', '', ''),
(1, 1683, 'EUREX SMI202112', '', '', '', '', '', ''),
(3, 1684, 'EUREX VS202112', '', '', '', '', '', ''),
(1, 1684, 'EUREX VS202112', '', '', '', '', '', ''),
(3, 1685, 'EUREX GBL202112', '', '', '', '', '', ''),
(1, 1685, 'EUREX GBL202112', '', '', '', '', '', ''),
(3, 1686, 'EUREX GBM202112', '', '', '', '', '', ''),
(1, 1686, 'EUREX GBM202112', '', '', '', '', '', ''),
(3, 1687, 'EUREX GBS202112', '', '', '', '', '', ''),
(1, 1687, 'EUREX GBS202112', '', '', '', '', '', ''),
(3, 1688, 'EUREX FGBX202112', '', '', '', '', '', ''),
(1, 1688, 'EUREX FGBX202112', '', '', '', '', '', ''),
(3, 1689, 'EUREX FOAT202112', '', '', '', '', '', ''),
(1, 1689, 'EUREX FOAT202112', '', '', '', '', '', ''),
(3, 1690, 'EUREX FBTP202112', '', '', '', '', '', ''),
(1, 1690, 'EUREX FBTP202112', '', '', '', '', '', ''),
(3, 1691, 'EUREX FBON202112', '', '', '', '', '', ''),
(1, 1691, 'EUREX FBON202112', '', '', '', '', '', ''),
(3, 1692, 'EUREX FBTS202112', '', '', '', '', '', ''),
(1, 1692, 'EUREX FBTS202112', '', '', '', '', '', ''),
(3, 1693, 'ICUS DX202112', '', '', '', '', '', ''),
(1, 1693, 'ICUS DX202112', '', '', '', '', '', ''),
(3, 1694, 'ICUS CC202112', '', '', '', '', '', ''),
(1, 1694, 'ICUS CC202112', '', '', '', '', '', ''),
(3, 1695, 'ICUS CT202112', '', '', '', '', '', ''),
(1, 1695, 'ICUS CT202112', '', '', '', '', '', ''),
(3, 1696, 'ICUS KC202112', '', '', '', '', '', ''),
(1, 1696, 'ICUS KC202112', '', '', '', '', '', ''),
(3, 1697, 'ICE_SG BM202112', '', '', '', '', '', ''),
(1, 1697, 'ICE_SG BM202112', '', '', '', '', '', ''),
(3, 1698, 'ICE_SG SDX202112', '', '', '', '', '', ''),
(1, 1698, 'ICE_SG SDX202112', '', '', '', '', '', ''),
(3, 1699, 'ICEU B202112', '', '', '', '', '', ''),
(1, 1699, 'ICEU B202112', '', '', '', '', '', ''),
(3, 1700, 'ICEU G202112', '', '', '', '', '', ''),
(1, 1700, 'ICEU G202112', '', '', '', '', '', ''),
(3, 1701, 'ICEU T202112', '', '', '', '', '', ''),
(1, 1701, 'ICEU T202112', '', '', '', '', '', ''),
(3, 1702, 'ICEU Z202112', '', '', '', '', '', ''),
(1, 1702, 'ICEU Z202112', '', '', '', '', '', ''),
(3, 1703, 'ICEU W202112', '', '', '', '', '', ''),
(1, 1703, 'ICEU W202112', '', '', '', '', '', ''),
(3, 1704, 'ICEU C202112', '', '', '', '', '', ''),
(1, 1704, 'ICEU C202112', '', '', '', '', '', ''),
(3, 1705, 'BMD CPO202112', '', '', '', '', '', ''),
(1, 1705, 'BMD CPO202112', '', '', '', '', '', ''),
(3, 1706, 'CBOE VX202112', '', '', '', '', '', ''),
(1, 1706, 'CBOE VX202112', '', '', '', '', '', ''),
(3, 1707, 'APEX PF202112', '', '', '', '', '', ''),
(1, 1707, 'APEX PF202112', '', '', '', '', '', ''),
(3, 1708, 'TOCOM JCO202112', '', '', '', '', '', ''),
(1, 1708, 'TOCOM JCO202112', '', '', '', '', '', ''),
(3, 1709, 'OSE JAU202112', '', '', '', '', '', ''),
(1, 1709, 'OSE JAU202112', '', '', '', '', '', ''),
(3, 1710, 'OSE JRU202112', '', '', '', '', '', ''),
(1, 1710, 'OSE JRU202112', '', '', '', '', '', ''),
(3, 1711, 'OSE NK225202112', '', '', '', '', '', ''),
(1, 1711, 'OSE NK225202112', '', '', '', '', '', ''),
(3, 1712, 'OSE NK225M202112', '', '', '', '', '', ''),
(1, 1712, 'OSE NK225M202112', '', '', '', '', '', ''),
(3, 1713, 'OSE JGBL202112', '', '', '', '', '', ''),
(1, 1713, 'OSE JGBL202112', '', '', '', '', '', ''),
(3, 1714, 'OSE TOPIX202112', '', '', '', '', '', ''),
(1, 1714, 'OSE TOPIX202112', '', '', '', '', '', ''),
(3, 1715, 'DCE I202112', '', '', '', '', '', ''),
(1, 1715, 'DCE I202112', '', '', '', '', '', ''),
(3, 1716, 'ZCE	TA202112', '', '', '', '', '', ''),
(1, 1716, 'ZCE	TA202112', '', '', '', '', '', ''),
(3, 1717, 'INE SC202112', '', '', '', '', '', ''),
(1, 1717, 'INE SC202112', '', '', '', '', '', ''),
(3, 1718, 'INE SC TAS202112', '', '', '', '', '', ''),
(1, 1718, 'INE SC TAS202112', '', '', '', '', '', ''),
(3, 1719, 'INE NR202112', '', '', '', '', '', ''),
(1, 1719, 'INE NR202112', '', '', '', '', '', ''),
(3, 1720, 'INE LU202112', '', '', '', '', '', ''),
(1, 1720, 'INE LU202112', '', '', '', '', '', ''),
(3, 1721, 'INE BC202112', '', '', '', '', '', ''),
(1, 1721, 'INE BC202112', '', '', '', '', '', ''),
(3, 1722, 'CBOT S202201', '', '', '', '', '', ''),
(1, 1722, 'CBOT S202201', '', '', '', '', '', ''),
(3, 1723, 'CBOT ZL202201', '', '', '', '', '', ''),
(1, 1723, 'CBOT ZL202201', '', '', '', '', '', ''),
(3, 1724, 'CBOT ZM202201', '', '', '', '', '', ''),
(1, 1724, 'CBOT ZM202201', '', '', '', '', '', ''),
(3, 1725, 'CBOT ZR202201', '', '', '', '', '', ''),
(1, 1725, 'CBOT ZR202201', '', '', '', '', '', ''),
(3, 1726, 'CBOT ZQ202201', '', '', '', '', '', ''),
(1, 1726, 'CBOT ZQ202201', '', '', '', '', '', ''),
(3, 1727, 'CME AD202201', '', '', '', '', '', ''),
(1, 1727, 'CME AD202201', '', '', '', '', '', ''),
(3, 1728, 'CME BP202201', '', '', '', '', '', ''),
(1, 1728, 'CME BP202201', '', '', '', '', '', ''),
(3, 1729, 'CME CD202201', '', '', '', '', '', ''),
(1, 1729, 'CME CD202201', '', '', '', '', '', ''),
(3, 1730, 'CME EC202201', '', '', '', '', '', ''),
(1, 1730, 'CME EC202201', '', '', '', '', '', ''),
(3, 1731, 'CME JY202201', '', '', '', '', '', ''),
(1, 1731, 'CME JY202201', '', '', '', '', '', ''),
(3, 1732, 'CME BR202201', '', '', '', '', '', ''),
(1, 1732, 'CME BR202201', '', '', '', '', '', ''),
(3, 1733, 'CME RU202201', '', '', '', '', '', ''),
(1, 1733, 'CME RU202201', '', '', '', '', '', ''),
(3, 1734, 'CME RP202201', '', '', '', '', '', ''),
(1, 1734, 'CME RP202201', '', '', '', '', '', ''),
(3, 1735, 'CME RA202201', '', '', '', '', '', ''),
(1, 1735, 'CME RA202201', '', '', '', '', '', ''),
(3, 1736, 'CME MP202201', '', '', '', '', '', ''),
(1, 1736, 'CME MP202201', '', '', '', '', '', ''),
(3, 1737, 'CME CNH202201', '', '', '', '', '', ''),
(1, 1737, 'CME CNH202201', '', '', '', '', '', ''),
(3, 1738, 'CME ED202201', '', '', '', '', '', ''),
(1, 1738, 'CME ED202201', '', '', '', '', '', ''),
(3, 1739, 'CME NIY202201', '', '', '', '', '', ''),
(1, 1739, 'CME NIY202201', '', '', '', '', '', ''),
(3, 1740, 'CME FC202201', '', '', '', '', '', ''),
(1, 1740, 'CME FC202201', '', '', '', '', '', ''),
(3, 1741, 'COMEX GC202201', '', '', '', '', '', ''),
(1, 1741, 'COMEX GC202201', '', '', '', '', '', ''),
(3, 1742, 'COMEX SI202201', '', '', '', '', '', ''),
(1, 1742, 'COMEX SI202201', '', '', '', '', '', ''),
(3, 1743, 'COMEX HG202201', '', '', '', '', '', ''),
(1, 1743, 'COMEX HG202201', '', '', '', '', '', ''),
(3, 1744, 'COMEX QI202201', '', '', '', '', '', ''),
(1, 1744, 'COMEX QI202201', '', '', '', '', '', ''),
(3, 1745, 'NYMEX CL202201', '', '', '', '', '', ''),
(1, 1745, 'NYMEX CL202201', '', '', '', '', '', ''),
(3, 1746, 'NYMEX HO202201', '', '', '', '', '', ''),
(1, 1746, 'NYMEX HO202201', '', '', '', '', '', ''),
(3, 1747, 'NYMEX PA202201', '', '', '', '', '', ''),
(1, 1747, 'NYMEX PA202201', '', '', '', '', '', ''),
(3, 1748, 'NYMEX PL202201', '', '', '', '', '', ''),
(1, 1748, 'NYMEX PL202201', '', '', '', '', '', ''),
(3, 1749, 'NYMEX QG202201', '', '', '', '', '', ''),
(1, 1749, 'NYMEX QG202201', '', '', '', '', '', ''),
(3, 1750, 'NYMEX QM202201', '', '', '', '', '', ''),
(1, 1750, 'NYMEX QM202201', '', '', '', '', '', ''),
(3, 1751, 'NYMEX RB202201', '', '', '', '', '', ''),
(1, 1751, 'NYMEX RB202201', '', '', '', '', '', ''),
(3, 1752, 'NYMEX BZ202201', '', '', '', '', '', ''),
(1, 1752, 'NYMEX BZ202201', '', '', '', '', '', ''),
(3, 1753, 'HKEX CUS202201', '', '', '', '', '', ''),
(1, 1753, 'HKEX CUS202201', '', '', '', '', '', ''),
(3, 1754, 'HKEX MCS202201', '', '', '', '', '', ''),
(1, 1754, 'HKEX MCS202201', '', '', '', '', '', ''),
(3, 1755, 'HKEX FEM202201', '', '', '', '', '', ''),
(1, 1755, 'HKEX FEM202201', '', '', '', '', '', ''),
(3, 1756, 'HKEX GDU202201', '', '', '', '', '', ''),
(1, 1756, 'HKEX GDU202201', '', '', '', '', '', ''),
(3, 1757, 'HKEX GDR202201', '', '', '', '', '', ''),
(1, 1757, 'HKEX GDR202201', '', '', '', '', '', ''),
(3, 1758, 'HKEX GDR202201', '', '', '', '', '', ''),
(1, 1758, 'HKEX GDR202201', '', '', '', '', '', ''),
(3, 1759, 'HKEX CEU202201', '', '', '', '', '', ''),
(1, 1759, 'HKEX CEU202201', '', '', '', '', '', ''),
(3, 1760, 'HKEX CJP202201', '', '', '', '', '', ''),
(1, 1760, 'HKEX CJP202201', '', '', '', '', '', ''),
(3, 1761, 'HKEX CAU202201', '', '', '', '', '', ''),
(1, 1761, 'HKEX CAU202201', '', '', '', '', '', ''),
(3, 1762, 'HKEX UIN202201', '', '', '', '', '', ''),
(1, 1762, 'HKEX UIN202201', '', '', '', '', '', ''),
(3, 1763, 'HKEX CCB202201', '', '', '', '', '', ''),
(1, 1763, 'HKEX CCB202201', '', '', '', '', '', ''),
(3, 1764, 'HKEX CHT202201', '', '', '', '', '', ''),
(1, 1764, 'HKEX CHT202201', '', '', '', '', '', ''),
(3, 1765, 'HKEX HEX202201', '', '', '', '', '', ''),
(1, 1765, 'HKEX HEX202201', '', '', '', '', '', ''),
(3, 1766, 'HKEX HKB202201', '', '', '', '', '', ''),
(1, 1766, 'HKEX HKB202201', '', '', '', '', '', ''),
(3, 1767, 'HKEX ICB202201', '', '', '', '', '', ''),
(1, 1767, 'HKEX ICB202201', '', '', '', '', '', ''),
(3, 1768, 'HKEX PAI202201', '', '', '', '', '', ''),
(1, 1768, 'HKEX PAI202201', '', '', '', '', '', ''),
(3, 1769, 'HKEX TCH202201', '', '', '', '', '', ''),
(1, 1769, 'HKEX TCH202201', '', '', '', '', '', ''),
(3, 1770, 'HKEX MIU202201', '', '', '', '', '', ''),
(1, 1770, 'HKEX MIU202201', '', '', '', '', '', ''),
(3, 1771, 'HKEX MET202201', '', '', '', '', '', ''),
(1, 1771, 'HKEX MET202201', '', '', '', '', '', ''),
(3, 1772, 'HKEX ALB202201', '', '', '', '', '', ''),
(1, 1772, 'HKEX ALB202201', '', '', '', '', '', ''),
(3, 1773, 'HKEX TWR202201', '', '', '', '', '', ''),
(1, 1773, 'HKEX TWR202201', '', '', '', '', '', ''),
(3, 1774, 'HKEX BUD202201', '', '', '', '', '', ''),
(1, 1774, 'HKEX BUD202201', '', '', '', '', '', ''),
(3, 1775, 'HKEX GWM202201', '', '', '', '', '', ''),
(1, 1775, 'HKEX GWM202201', '', '', '', '', '', ''),
(3, 1776, 'HKEX JDC202201', '', '', '', '', '', ''),
(1, 1776, 'HKEX JDC202201', '', '', '', '', '', ''),
(3, 1777, 'HKEX NTE202201', '', '', '', '', '', ''),
(1, 1777, 'HKEX NTE202201', '', '', '', '', '', ''),
(3, 1778, 'HKEX CPC202201', '', '', '', '', '', ''),
(1, 1778, 'HKEX CPC202201', '', '', '', '', '', ''),
(3, 1779, 'HKEX CTC202201', '', '', '', '', '', ''),
(1, 1779, 'HKEX CTC202201', '', '', '', '', '', ''),
(3, 1780, 'HKEX PEC202201', '', '', '', '', '', ''),
(1, 1780, 'HKEX PEC202201', '', '', '', '', '', ''),
(3, 1781, 'HKEX CNC202201', '', '', '', '', '', ''),
(1, 1781, 'HKEX CNC202201', '', '', '', '', '', ''),
(3, 1782, 'HKEX CCC202201', '', '', '', '', '', ''),
(1, 1782, 'HKEX CCC202201', '', '', '', '', '', ''),
(3, 1783, 'HKEX PIC202201', '', '', '', '', '', ''),
(1, 1783, 'HKEX PIC202201', '', '', '', '', '', ''),
(3, 1784, 'HKEX BOC202201', '', '', '', '', '', ''),
(1, 1784, 'HKEX BOC202201', '', '', '', '', '', ''),
(3, 1785, 'HKEX CLI202201', '', '', '', '', '', ''),
(1, 1785, 'HKEX CLI202201', '', '', '', '', '', ''),
(3, 1786, 'HKEX CMB202201', '', '', '', '', '', ''),
(1, 1786, 'HKEX CMB202201', '', '', '', '', '', ''),
(3, 1787, 'HKEX A50202201', '', '', '', '', '', ''),
(1, 1787, 'HKEX A50202201', '', '', '', '', '', ''),
(3, 1788, 'HKEX AMC202201', '', '', '', '', '', ''),
(1, 1788, 'HKEX AMC202201', '', '', '', '', '', ''),
(3, 1789, 'HKEX CSA202201', '', '', '', '', '', ''),
(1, 1789, 'HKEX CSA202201', '', '', '', '', '', ''),
(3, 1790, 'HKEX MAN202201', '', '', '', '', '', ''),
(1, 1790, 'HKEX MAN202201', '', '', '', '', '', ''),
(3, 1791, 'HKEX EAN202201', '', '', '', '', '', ''),
(1, 1791, 'HKEX EAN202201', '', '', '', '', '', ''),
(3, 1792, 'HKEX MIN202201', '', '', '', '', '', ''),
(1, 1792, 'HKEX MIN202201', '', '', '', '', '', ''),
(3, 1793, 'HKEX MDN202201', '', '', '', '', '', ''),
(1, 1793, 'HKEX MDN202201', '', '', '', '', '', ''),
(3, 1794, 'HKEX MJU202201', '', '', '', '', '', ''),
(1, 1794, 'HKEX MJU202201', '', '', '', '', '', ''),
(3, 1795, 'HKEX MMN202201', '', '', '', '', '', ''),
(1, 1795, 'HKEX MMN202201', '', '', '', '', '', ''),
(3, 1796, 'HKEX MWN202201', '', '', '', '', '', ''),
(1, 1796, 'HKEX MWN202201', '', '', '', '', '', ''),
(3, 1797, 'HKEX MTN202201', '', '', '', '', '', ''),
(1, 1797, 'HKEX MTN202201', '', '', '', '', '', ''),
(3, 1798, 'HKEX MEI202201', '', '', '', '', '', ''),
(1, 1798, 'HKEX MEI202201', '', '', '', '', '', ''),
(3, 1799, 'HKEX EMN202201', '', '', '', '', '', ''),
(1, 1799, 'HKEX EMN202201', '', '', '', '', '', ''),
(3, 1800, 'HKEX MHK202201', '', '', '', '', '', ''),
(1, 1800, 'HKEX MHK202201', '', '', '', '', '', ''),
(3, 1801, 'HKEX MPN202201', '', '', '', '', '', ''),
(1, 1801, 'HKEX MPN202201', '', '', '', '', '', ''),
(3, 1802, 'HKEX MSN202201', '', '', '', '', '', ''),
(1, 1802, 'HKEX MSN202201', '', '', '', '', '', ''),
(3, 1803, 'HKEX MVN202201', '', '', '', '', '', ''),
(1, 1803, 'HKEX MVN202201', '', '', '', '', '', ''),
(3, 1804, 'HKEX MDI202201', '', '', '', '', '', ''),
(1, 1804, 'HKEX MDI202201', '', '', '', '', '', ''),
(3, 1805, 'HKEX MNZ202201', '', '', '', '', '', ''),
(1, 1805, 'HKEX MNZ202201', '', '', '', '', '', ''),
(3, 1806, 'HKEX MGN202201', '', '', '', '', '', ''),
(1, 1806, 'HKEX MGN202201', '', '', '', '', '', ''),
(3, 1807, 'HKEX MXC202201', '', '', '', '', '', ''),
(1, 1807, 'HKEX MXC202201', '', '', '', '', '', ''),
(3, 1808, 'HKEX MXK202201', '', '', '', '', '', ''),
(1, 1808, 'HKEX MXK202201', '', '', '', '', '', ''),
(3, 1809, 'HKEX MAC202201', '', '', '', '', '', ''),
(1, 1809, 'HKEX MAC202201', '', '', '', '', '', ''),
(3, 1810, 'HKEX MAK202201', '', '', '', '', '', ''),
(1, 1810, 'HKEX MAK202201', '', '', '', '', '', ''),
(3, 1811, 'HKEX MEE202201', '', '', '', '', '', ''),
(1, 1811, 'HKEX MEE202201', '', '', '', '', '', ''),
(3, 1812, 'HKEX MEL202201', '', '', '', '', '', ''),
(1, 1812, 'HKEX MEL202201', '', '', '', '', '', ''),
(3, 1813, 'HKEX MPC202201', '', '', '', '', '', ''),
(1, 1813, 'HKEX MPC202201', '', '', '', '', '', ''),
(3, 1814, 'HKEX MPJ202201', '', '', '', '', '', ''),
(1, 1814, 'HKEX MPJ202201', '', '', '', '', '', ''),
(3, 1815, 'HKEX MCA202201', '', '', '', '', '', ''),
(1, 1815, 'HKEX MCA202201', '', '', '', '', '', ''),
(3, 1816, 'SGX CN202201', '', '', '', '', '', ''),
(1, 1816, 'SGX CN202201', '', '', '', '', '', ''),
(3, 1817, 'SGX FCH202201', '', '', '', '', '', ''),
(1, 1817, 'SGX FCH202201', '', '', '', '', '', ''),
(3, 1818, 'SGX NK202201', '', '', '', '', '', ''),
(1, 1818, 'SGX NK202201', '', '', '', '', '', ''),
(3, 1819, 'SGX SG202201', '', '', '', '', '', ''),
(1, 1819, 'SGX SG202201', '', '', '', '', '', ''),
(3, 1820, 'SGX UC202201', '', '', '', '', '', ''),
(1, 1820, 'SGX UC202201', '', '', '', '', '', ''),
(3, 1821, 'SGX MUC202201', '', '', '', '', '', ''),
(1, 1821, 'SGX MUC202201', '', '', '', '', '', ''),
(3, 1822, 'SGX FE202201', '', '', '', '', '', ''),
(1, 1822, 'SGX FE202201', '', '', '', '', '', ''),
(3, 1823, 'SGX IN202201', '', '', '', '', '', ''),
(1, 1823, 'SGX IN202201', '', '', '', '', '', ''),
(3, 1824, 'SGX RT202201', '', '', '', '', '', ''),
(1, 1824, 'SGX RT202201', '', '', '', '', '', ''),
(3, 1825, 'SGX TF202201', '', '', '', '', '', ''),
(1, 1825, 'SGX TF202201', '', '', '', '', '', ''),
(3, 1826, 'SGX MYR202201', '', '', '', '', '', ''),
(1, 1826, 'SGX MYR202201', '', '', '', '', '', ''),
(3, 1827, 'EUREX VS202201', '', '', '', '', '', ''),
(1, 1827, 'EUREX VS202201', '', '', '', '', '', ''),
(3, 1828, 'ICUS OJ202201', '', '', '', '', '', ''),
(1, 1828, 'ICUS OJ202201', '', '', '', '', '', ''),
(3, 1829, 'ICE_SG BM202201', '', '', '', '', '', ''),
(1, 1829, 'ICE_SG BM202201', '', '', '', '', '', ''),
(3, 1830, 'ICEU B202201', '', '', '', '', '', ''),
(1, 1830, 'ICEU B202201', '', '', '', '', '', ''),
(3, 1831, 'ICEU G202201', '', '', '', '', '', ''),
(1, 1831, 'ICEU G202201', '', '', '', '', '', ''),
(3, 1832, 'ICEU T202201', '', '', '', '', '', ''),
(1, 1832, 'ICEU T202201', '', '', '', '', '', ''),
(3, 1833, 'ICEU RC202201', '', '', '', '', '', ''),
(1, 1833, 'ICEU RC202201', '', '', '', '', '', ''),
(3, 1834, 'BMD CPO202201', '', '', '', '', '', ''),
(1, 1834, 'BMD CPO202201', '', '', '', '', '', ''),
(3, 1835, 'CBOE VX202201', '', '', '', '', '', ''),
(1, 1835, 'CBOE VX202201', '', '', '', '', '', ''),
(3, 1836, 'APEX PF202201', '', '', '', '', '', ''),
(1, 1836, 'APEX PF202201', '', '', '', '', '', ''),
(3, 1837, 'TOCOM JCO202201', '', '', '', '', '', ''),
(1, 1837, 'TOCOM JCO202201', '', '', '', '', '', ''),
(3, 1838, 'OSE JRU202201', '', '', '', '', '', ''),
(1, 1838, 'OSE JRU202201', '', '', '', '', '', ''),
(3, 1839, 'OSE NK225M202201', '', '', '', '', '', ''),
(1, 1839, 'OSE NK225M202201', '', '', '', '', '', ''),
(3, 1840, 'DCE I202201', '', '', '', '', '', ''),
(1, 1840, 'DCE I202201', '', '', '', '', '', ''),
(3, 1841, 'ZCE TA202201', '', '', '', '', '', ''),
(1, 1841, 'ZCE TA202201', '', '', '', '', '', ''),
(3, 1842, 'INE SC202201', '', '', '', '', '', ''),
(1, 1842, 'INE SC202201', '', '', '', '', '', ''),
(3, 1843, 'INE SC202201', '', '', '', '', '', ''),
(1, 1843, 'INE SC202201', '', '', '', '', '', ''),
(3, 1844, 'INE NR202201', '', '', '', '', '', ''),
(1, 1844, 'INE NR202201', '', '', '', '', '', ''),
(3, 1845, 'INE LU202201', '', '', '', '', '', ''),
(1, 1845, 'INE LU202201', '', '', '', '', '', ''),
(3, 1846, 'INE BC202201', '', '', '', '', '', ''),
(1, 1846, 'INE BC202201', '', '', '', '', '', ''),
(3, 1847, 'CBOT ZQ202202', '', '', '', '', '', ''),
(1, 1847, 'CBOT ZQ202202', '', '', '', '', '', ''),
(3, 1848, 'CME AD202202', '', '', '', '', '', ''),
(1, 1848, 'CME AD202202', '', '', '', '', '', ''),
(3, 1849, 'CME BP202202', '', '', '', '', '', ''),
(1, 1849, 'CME BP202202', '', '', '', '', '', ''),
(3, 1850, 'CME CD202202', '', '', '', '', '', ''),
(1, 1850, 'CME CD202202', '', '', '', '', '', ''),
(3, 1851, 'CME EC202202', '', '', '', '', '', ''),
(1, 1851, 'CME EC202202', '', '', '', '', '', ''),
(3, 1852, 'CME JY202202', '', '', '', '', '', ''),
(1, 1852, 'CME JY202202', '', '', '', '', '', ''),
(3, 1853, 'CME BR202202', '', '', '', '', '', ''),
(1, 1853, 'CME BR202202', '', '', '', '', '', ''),
(3, 1854, 'CME RU202202', '', '', '', '', '', ''),
(1, 1854, 'CME RU202202', '', '', '', '', '', ''),
(3, 1855, 'CME RP202202', '', '', '', '', '', ''),
(1, 1855, 'CME RP202202', '', '', '', '', '', ''),
(3, 1856, 'CME RA202202', '', '', '', '', '', ''),
(1, 1856, 'CME RA202202', '', '', '', '', '', ''),
(3, 1857, 'CME MP202202', '', '', '', '', '', ''),
(1, 1857, 'CME MP202202', '', '', '', '', '', ''),
(3, 1858, 'CME CNH202202', '', '', '', '', '', ''),
(1, 1858, 'CME CNH202202', '', '', '', '', '', ''),
(3, 1859, 'CME ED202202', '', '', '', '', '', ''),
(1, 1859, 'CME ED202202', '', '', '', '', '', ''),
(3, 1860, 'CME NIY202202', '', '', '', '', '', ''),
(1, 1860, 'CME NIY202202', '', '', '', '', '', ''),
(3, 1861, 'CME LC202202', '', '', '', '', '', ''),
(1, 1861, 'CME LC202202', '', '', '', '', '', ''),
(3, 1862, 'CME LN202202', '', '', '', '', '', ''),
(1, 1862, 'CME LN202202', '', '', '', '', '', ''),
(3, 1863, 'COMEX GC202202', '', '', '', '', '', ''),
(1, 1863, 'COMEX GC202202', '', '', '', '', '', ''),
(3, 1864, 'COMEX HG202202', '', '', '', '', '', ''),
(1, 1864, 'COMEX HG202202', '', '', '', '', '', ''),
(3, 1865, 'COMEX QO202202', '', '', '', '', '', ''),
(1, 1865, 'COMEX QO202202', '', '', '', '', '', ''),
(3, 1866, 'NYMEX CL202202', '', '', '', '', '', ''),
(1, 1866, 'NYMEX CL202202', '', '', '', '', '', ''),
(3, 1867, 'NYMEX HO202202', '', '', '', '', '', ''),
(1, 1867, 'NYMEX HO202202', '', '', '', '', '', ''),
(3, 1868, 'NYMEX PA202202', '', '', '', '', '', ''),
(1, 1868, 'NYMEX PA202202', '', '', '', '', '', ''),
(3, 1869, 'NYMEX PL202202', '', '', '', '', '', ''),
(1, 1869, 'NYMEX PL202202', '', '', '', '', '', ''),
(3, 1870, 'NYMEX QG202202', '', '', '', '', '', ''),
(1, 1870, 'NYMEX QG202202', '', '', '', '', '', ''),
(3, 1871, 'NYMEX QM202202', '', '', '', '', '', ''),
(1, 1871, 'NYMEX QM202202', '', '', '', '', '', ''),
(3, 1872, 'NYMEX RB202202', '', '', '', '', '', ''),
(1, 1872, 'NYMEX RB202202', '', '', '', '', '', ''),
(3, 1873, 'NYMEX BZ202202', '', '', '', '', '', ''),
(1, 1873, 'NYMEX BZ202202', '', '', '', '', '', ''),
(3, 1874, 'HKEX CUS202202', '', '', '', '', '', ''),
(1, 1874, 'HKEX CUS202202', '', '', '', '', '', ''),
(3, 1875, 'HKEX MCS202202', '', '', '', '', '', ''),
(1, 1875, 'HKEX MCS202202', '', '', '', '', '', ''),
(3, 1876, 'HKEX FEM202202', '', '', '', '', '', ''),
(1, 1876, 'HKEX FEM202202', '', '', '', '', '', ''),
(3, 1877, 'HKEX GDU202202', '', '', '', '', '', ''),
(1, 1877, 'HKEX GDU202202', '', '', '', '', '', ''),
(3, 1878, 'HKEX GDR202202', '', '', '', '', '', ''),
(1, 1878, 'HKEX GDR202202', '', '', '', '', '', ''),
(3, 1879, 'HKEX UIN202202', '', '', '', '', '', ''),
(1, 1879, 'HKEX UIN202202', '', '', '', '', '', ''),
(3, 1880, 'SGX CN202202', '', '', '', '', '', ''),
(1, 1880, 'SGX CN202202', '', '', '', '', '', ''),
(3, 1881, 'SGX FCH202202', '', '', '', '', '', ''),
(1, 1881, 'SGX FCH202202', '', '', '', '', '', ''),
(3, 1882, 'SGX NK202202', '', '', '', '', '', ''),
(1, 1882, 'SGX NK202202', '', '', '', '', '', ''),
(3, 1883, 'SGX SG202202', '', '', '', '', '', ''),
(1, 1883, 'SGX SG202202', '', '', '', '', '', ''),
(3, 1884, 'SGX UC202202', '', '', '', '', '', ''),
(1, 1884, 'SGX UC202202', '', '', '', '', '', ''),
(3, 1885, 'SGX MUC202202', '', '', '', '', '', ''),
(1, 1885, 'SGX MUC202202', '', '', '', '', '', ''),
(3, 1886, 'SGX FE202202', '', '', '', '', '', ''),
(1, 1886, 'SGX FE202202', '', '', '', '', '', ''),
(3, 1887, 'SGX IN202202', '', '', '', '', '', ''),
(1, 1887, 'SGX IN202202', '', '', '', '', '', ''),
(3, 1888, 'SGX RT202202', '', '', '', '', '', ''),
(1, 1888, 'SGX RT202202', '', '', '', '', '', ''),
(3, 1889, 'SGX TF202202', '', '', '', '', '', ''),
(1, 1889, 'SGX TF202202', '', '', '', '', '', ''),
(3, 1890, 'SGX MYR202202', '', '', '', '', '', ''),
(1, 1890, 'SGX MYR202202', '', '', '', '', '', ''),
(3, 1891, 'EUREX VS202202', '', '', '', '', '', ''),
(1, 1891, 'EUREX VS202202', '', '', '', '', '', ''),
(3, 1892, 'ICE_SG BM202202', '', '', '', '', '', ''),
(1, 1892, 'ICE_SG BM202202', '', '', '', '', '', ''),
(3, 1893, 'ICEU B202202', '', '', '', '', '', ''),
(1, 1893, 'ICEU B202202', '', '', '', '', '', ''),
(3, 1894, 'ICEU G202202', '', '', '', '', '', ''),
(1, 1894, 'ICEU G202202', '', '', '', '', '', ''),
(3, 1895, 'ICEU T202202', '', '', '', '', '', ''),
(1, 1895, 'ICEU T202202', '', '', '', '', '', ''),
(3, 1896, 'BMD CPO202202', '', '', '', '', '', ''),
(1, 1896, 'BMD CPO202202', '', '', '', '', '', ''),
(3, 1897, 'CBOE VX202202', '', '', '', '', '', ''),
(1, 1897, 'CBOE VX202202', '', '', '', '', '', ''),
(3, 1898, 'APEX PF202202', '', '', '', '', '', ''),
(1, 1898, 'APEX PF202202', '', '', '', '', '', ''),
(3, 1899, 'TOCOM JCO202202', '', '', '', '', '', ''),
(1, 1899, 'TOCOM JCO202202', '', '', '', '', '', ''),
(3, 1900, 'OSE JAU202202', '', '', '', '', '', ''),
(1, 1900, 'OSE JAU202202', '', '', '', '', '', ''),
(3, 1901, 'OSE JRU202202', '', '', '', '', '', ''),
(1, 1901, 'OSE JRU202202', '', '', '', '', '', ''),
(3, 1902, 'OSE NK225M202202', '', '', '', '', '', ''),
(1, 1902, 'OSE NK225M202202', '', '', '', '', '', ''),
(3, 1903, 'DCE I202202', '', '', '', '', '', ''),
(1, 1903, 'DCE I202202', '', '', '', '', '', ''),
(3, 1904, 'ZCE TA202202', '', '', '', '', '', ''),
(1, 1904, 'ZCE TA202202', '', '', '', '', '', ''),
(3, 1905, 'INE SC202202', '', '', '', '', '', ''),
(1, 1905, 'INE SC202202', '', '', '', '', '', ''),
(3, 1906, 'INE SC202202', '', '', '', '', '', ''),
(1, 1906, 'INE SC202202', '', '', '', '', '', ''),
(3, 1907, 'INE NR202202', '', '', '', '', '', ''),
(1, 1907, 'INE NR202202', '', '', '', '', '', ''),
(3, 1908, 'INE LU202202', '', '', '', '', '', ''),
(1, 1908, 'INE LU202202', '', '', '', '', '', ''),
(3, 1909, 'INE BC202202', '', '', '', '', '', ''),
(1, 1909, 'INE BC202202', '', '', '', '', '', ''),
(3, 1910, 'CBOT C202203', '', '', '', '', '', ''),
(1, 1910, 'CBOT C202203', '', '', '', '', '', ''),
(3, 1911, 'CBOT O202203', '', '', '', '', '', ''),
(1, 1911, 'CBOT O202203', '', '', '', '', '', ''),
(3, 1912, 'CBOT S202203', '', '', '', '', '', ''),
(1, 1912, 'CBOT S202203', '', '', '', '', '', ''),
(3, 1913, 'CBOT W202203', '', '', '', '', '', ''),
(1, 1913, 'CBOT W202203', '', '', '', '', '', ''),
(3, 1914, 'CBOT KW202203', '', '', '', '', '', ''),
(1, 1914, 'CBOT KW202203', '', '', '', '', '', ''),
(3, 1915, 'CBOT ZL202203', '', '', '', '', '', ''),
(1, 1915, 'CBOT ZL202203', '', '', '', '', '', ''),
(3, 1916, 'CBOT ZM202203', '', '', '', '', '', ''),
(1, 1916, 'CBOT ZM202203', '', '', '', '', '', ''),
(3, 1917, 'CBOT ZR202203', '', '', '', '', '', ''),
(1, 1917, 'CBOT ZR202203', '', '', '', '', '', ''),
(3, 1918, 'CBOT TN202203', '', '', '', '', '', ''),
(1, 1918, 'CBOT TN202203', '', '', '', '', '', ''),
(3, 1919, 'CBOT UB202203', '', '', '', '', '', ''),
(1, 1919, 'CBOT UB202203', '', '', '', '', '', ''),
(3, 1920, 'CBOT ZB202203', '', '', '', '', '', ''),
(1, 1920, 'CBOT ZB202203', '', '', '', '', '', ''),
(3, 1921, 'CBOT ZN202203', '', '', '', '', '', ''),
(1, 1921, 'CBOT ZN202203', '', '', '', '', '', ''),
(3, 1922, 'CBOT ZF202203', '', '', '', '', '', ''),
(1, 1922, 'CBOT ZF202203', '', '', '', '', '', ''),
(3, 1923, 'CBOT ZT202203', '', '', '', '', '', ''),
(1, 1923, 'CBOT ZT202203', '', '', '', '', '', ''),
(3, 1924, 'CBOT MYM202203', '', '', '', '', '', ''),
(1, 1924, 'CBOT MYM202203', '', '', '', '', '', ''),
(3, 1925, 'CBOT YM202203', '', '', '', '', '', ''),
(1, 1925, 'CBOT YM202203', '', '', '', '', '', ''),
(3, 1926, 'CBOT ZQ202203', '', '', '', '', '', ''),
(1, 1926, 'CBOT ZQ202203', '', '', '', '', '', ''),
(3, 1927, 'CME AD202203', '', '', '', '', '', ''),
(1, 1927, 'CME AD202203', '', '', '', '', '', ''),
(3, 1928, 'CME BP202203', '', '', '', '', '', ''),
(1, 1928, 'CME BP202203', '', '', '', '', '', ''),
(3, 1929, 'CME CD202203', '', '', '', '', '', ''),
(1, 1929, 'CME CD202203', '', '', '', '', '', ''),
(3, 1930, 'CME EC202203', '', '', '', '', '', ''),
(1, 1930, 'CME EC202203', '', '', '', '', '', ''),
(3, 1931, 'CME JY202203', '', '', '', '', '', ''),
(1, 1931, 'CME JY202203', '', '', '', '', '', ''),
(3, 1932, 'CME NE202203', '', '', '', '', '', ''),
(1, 1932, 'CME NE202203', '', '', '', '', '', ''),
(3, 1933, 'CME SF202203', '', '', '', '', '', ''),
(1, 1933, 'CME SF202203', '', '', '', '', '', ''),
(3, 1934, 'CME BR202203', '', '', '', '', '', ''),
(1, 1934, 'CME BR202203', '', '', '', '', '', ''),
(3, 1935, 'CME PZ202203', '', '', '', '', '', ''),
(1, 1935, 'CME PZ202203', '', '', '', '', '', ''),
(3, 1936, 'CME FR202203', '', '', '', '', '', ''),
(1, 1936, 'CME FR202203', '', '', '', '', '', ''),
(3, 1937, 'CME RU202203', '', '', '', '', '', ''),
(1, 1937, 'CME RU202203', '', '', '', '', '', ''),
(3, 1938, 'CME ECD202203', '', '', '', '', '', ''),
(1, 1938, 'CME ECD202203', '', '', '', '', '', ''),
(3, 1939, 'CME RF202203', '', '', '', '', '', ''),
(1, 1939, 'CME RF202203', '', '', '', '', '', ''),
(3, 1940, 'CME RP202203', '', '', '', '', '', ''),
(1, 1940, 'CME RP202203', '', '', '', '', '', ''),
(3, 1941, 'CME RY202203', '', '', '', '', '', ''),
(1, 1941, 'CME RY202203', '', '', '', '', '', ''),
(3, 1942, 'CME RA202203', '', '', '', '', '', ''),
(1, 1942, 'CME RA202203', '', '', '', '', '', ''),
(3, 1943, 'CME MP202203', '', '', '', '', '', ''),
(1, 1943, 'CME MP202203', '', '', '', '', '', ''),
(3, 1944, 'CME CNH202203', '', '', '', '', '', ''),
(1, 1944, 'CME CNH202203', '', '', '', '', '', ''),
(3, 1945, 'CME ED202203', '', '', '', '', '', ''),
(1, 1945, 'CME ED202203', '', '', '', '', '', ''),
(3, 1946, 'CME NKD202203', '', '', '', '', '', ''),
(1, 1946, 'CME NKD202203', '', '', '', '', '', ''),
(3, 1947, 'CME NIY202203', '', '', '', '', '', ''),
(1, 1947, 'CME NIY202203', '', '', '', '', '', ''),
(3, 1948, 'CME M2K202203', '', '', '', '', '', ''),
(1, 1948, 'CME M2K202203', '', '', '', '', '', ''),
(3, 1949, 'CME MES202203', '', '', '', '', '', ''),
(1, 1949, 'CME MES202203', '', '', '', '', '', ''),
(3, 1950, 'CME MNQ202203', '', '', '', '', '', ''),
(1, 1950, 'CME MNQ202203', '', '', '', '', '', ''),
(3, 1951, 'CME RTY202203', '', '', '', '', '', ''),
(1, 1951, 'CME RTY202203', '', '', '', '', '', ''),
(3, 1952, 'CME ES202203', '', '', '', '', '', ''),
(1, 1952, 'CME ES202203', '', '', '', '', '', ''),
(3, 1953, 'CME NQ202203', '', '', '', '', '', ''),
(1, 1953, 'CME NQ202203', '', '', '', '', '', ''),
(3, 1954, 'CME FC202203', '', '', '', '', '', ''),
(1, 1954, 'CME FC202203', '', '', '', '', '', ''),
(3, 1955, 'COMEX SI202203', '', '', '', '', '', ''),
(1, 1955, 'COMEX SI202203', '', '', '', '', '', ''),
(3, 1956, 'COMEX HG202203', '', '', '', '', '', ''),
(1, 1956, 'COMEX HG202203', '', '', '', '', '', ''),
(3, 1957, 'COMEX QI202203', '', '', '', '', '', ''),
(1, 1957, 'COMEX QI202203', '', '', '', '', '', ''),
(3, 1958, 'NYMEX CL202203', '', '', '', '', '', ''),
(1, 1958, 'NYMEX CL202203', '', '', '', '', '', ''),
(3, 1959, 'NYMEX HO202203', '', '', '', '', '', ''),
(1, 1959, 'NYMEX HO202203', '', '', '', '', '', ''),
(3, 1960, 'NYMEX PA202203', '', '', '', '', '', ''),
(1, 1960, 'NYMEX PA202203', '', '', '', '', '', ''),
(3, 1961, 'NYMEX QG202203', '', '', '', '', '', ''),
(1, 1961, 'NYMEX QG202203', '', '', '', '', '', ''),
(3, 1962, 'NYMEX QM202203', '', '', '', '', '', ''),
(1, 1962, 'NYMEX QM202203', '', '', '', '', '', ''),
(3, 1963, 'NYMEX RB202203', '', '', '', '', '', ''),
(1, 1963, 'NYMEX RB202203', '', '', '', '', '', ''),
(3, 1964, 'NYMEX BZ202203', '', '', '', '', '', ''),
(1, 1964, 'NYMEX BZ202203', '', '', '', '', '', ''),
(3, 1965, 'HKEX CUS202203', '', '', '', '', '', ''),
(1, 1965, 'HKEX CUS202203', '', '', '', '', '', ''),
(3, 1966, 'HKEX MCS202203', '', '', '', '', '', ''),
(1, 1966, 'HKEX MCS202203', '', '', '', '', '', ''),
(3, 1967, 'HKEX HTI202203', '', '', '', '', '', ''),
(1, 1967, 'HKEX HTI202203', '', '', '', '', '', ''),
(3, 1968, 'HKEX HHI202203', '', '', '', '', '', ''),
(1, 1968, 'HKEX HHI202203', '', '', '', '', '', ''),
(3, 1969, 'HKEX HSI202203', '', '', '', '', '', ''),
(1, 1969, 'HKEX HSI202203', '', '', '', '', '', ''),
(3, 1970, 'HKEX MCH202203', '', '', '', '', '', ''),
(1, 1970, 'HKEX MCH202203', '', '', '', '', '', ''),
(3, 1971, 'HKEX MHI202203', '', '', '', '', '', ''),
(1, 1971, 'HKEX MHI202203', '', '', '', '', '', ''),
(3, 1972, 'HKEX FEM202203', '', '', '', '', '', ''),
(1, 1972, 'HKEX FEM202203', '', '', '', '', '', ''),
(3, 1973, 'HKEX FEQ202203', '', '', '', '', '', ''),
(1, 1973, 'HKEX FEQ202203', '', '', '', '', '', ''),
(3, 1974, 'HKEX GDU202203', '', '', '', '', '', ''),
(1, 1974, 'HKEX GDU202203', '', '', '', '', '', ''),
(3, 1975, 'HKEX GDR202203', '', '', '', '', '', ''),
(1, 1975, 'HKEX GDR202203', '', '', '', '', '', ''),
(3, 1976, 'HKEX CEU202203', '', '', '', '', '', ''),
(1, 1976, 'HKEX CEU202203', '', '', '', '', '', ''),
(3, 1977, 'HKEX CJP202203', '', '', '', '', '', ''),
(1, 1977, 'HKEX CJP202203', '', '', '', '', '', ''),
(3, 1978, 'HKEX CAU202203', '', '', '', '', '', ''),
(1, 1978, 'HKEX CAU202203', '', '', '', '', '', ''),
(3, 1979, 'HKEX UIN202203', '', '', '', '', '', ''),
(1, 1979, 'HKEX UIN202203', '', '', '', '', '', ''),
(3, 1980, 'HKEX CHH202203', '', '', '', '', '', ''),
(1, 1980, 'HKEX CHH202203', '', '', '', '', '', ''),
(3, 1981, 'HKEX CCB202203', '', '', '', '', '', ''),
(1, 1981, 'HKEX CCB202203', '', '', '', '', '', ''),
(3, 1982, 'HKEX CHT202203', '', '', '', '', '', ''),
(1, 1982, 'HKEX CHT202203', '', '', '', '', '', ''),
(3, 1983, 'HKEX HEX202203', '', '', '', '', '', ''),
(1, 1983, 'HKEX HEX202203', '', '', '', '', '', ''),
(3, 1984, 'HKEX HKB202203', '', '', '', '', '', ''),
(1, 1984, 'HKEX HKB202203', '', '', '', '', '', ''),
(3, 1985, 'HKEX ICB202203', '', '', '', '', '', ''),
(1, 1985, 'HKEX ICB202203', '', '', '', '', '', ''),
(3, 1986, 'HKEX PAI202203', '', '', '', '', '', ''),
(1, 1986, 'HKEX PAI202203', '', '', '', '', '', ''),
(3, 1987, 'HKEX TCH202203', '', '', '', '', '', ''),
(1, 1987, 'HKEX TCH202203', '', '', '', '', '', ''),
(3, 1988, 'HKEX MIU202203', '', '', '', '', '', ''),
(1, 1988, 'HKEX MIU202203', '', '', '', '', '', ''),
(3, 1989, 'HKEX MET202203', '', '', '', '', '', ''),
(1, 1989, 'HKEX MET202203', '', '', '', '', '', ''),
(3, 1990, 'HKEX ALB202203', '', '', '', '', '', ''),
(1, 1990, 'HKEX ALB202203', '', '', '', '', '', ''),
(3, 1991, 'HKEX TWR202203', '', '', '', '', '', ''),
(1, 1991, 'HKEX TWR202203', '', '', '', '', '', ''),
(3, 1992, 'HKEX BUD202203', '', '', '', '', '', ''),
(1, 1992, 'HKEX BUD202203', '', '', '', '', '', ''),
(3, 1993, 'HKEX GWM202203', '', '', '', '', '', ''),
(1, 1993, 'HKEX GWM202203', '', '', '', '', '', ''),
(3, 1994, 'HKEX JDC202203', '', '', '', '', '', ''),
(1, 1994, 'HKEX JDC202203', '', '', '', '', '', ''),
(3, 1995, 'HKEX NTE202203', '', '', '', '', '', ''),
(1, 1995, 'HKEX NTE202203', '', '', '', '', '', ''),
(3, 1996, 'HKEX CPC202203', '', '', '', '', '', ''),
(1, 1996, 'HKEX CPC202203', '', '', '', '', '', ''),
(3, 1997, 'HKEX CTC202203', '', '', '', '', '', ''),
(1, 1997, 'HKEX CTC202203', '', '', '', '', '', ''),
(3, 1998, 'HKEX PEC202203', '', '', '', '', '', ''),
(1, 1998, 'HKEX PEC202203', '', '', '', '', '', ''),
(3, 1999, 'HKEX CNC202203', '', '', '', '', '', ''),
(1, 1999, 'HKEX CNC202203', '', '', '', '', '', ''),
(3, 2000, 'HKEX CCC202203', '', '', '', '', '', ''),
(1, 2000, 'HKEX CCC202203', '', '', '', '', '', ''),
(3, 2001, 'HKEX PIC202203', '', '', '', '', '', ''),
(1, 2001, 'HKEX PIC202203', '', '', '', '', '', ''),
(3, 2002, 'HKEX BOC202203', '', '', '', '', '', ''),
(1, 2002, 'HKEX BOC202203', '', '', '', '', '', ''),
(3, 2003, 'HKEX CLI202203', '', '', '', '', '', ''),
(1, 2003, 'HKEX CLI202203', '', '', '', '', '', ''),
(3, 2004, 'HKEX CMB202203', '', '', '', '', '', ''),
(1, 2004, 'HKEX CMB202203', '', '', '', '', '', ''),
(3, 2005, 'HKEX A50202203', '', '', '', '', '', ''),
(1, 2005, 'HKEX A50202203', '', '', '', '', '', ''),
(3, 2006, 'HKEX AMC202203', '', '', '', '', '', ''),
(1, 2006, 'HKEX AMC202203', '', '', '', '', '', ''),
(3, 2007, 'HKEX CSA202203', '', '', '', '', '', ''),
(1, 2007, 'HKEX CSA202203', '', '', '', '', '', ''),
(3, 2008, 'HKEX MAN202203', '', '', '', '', '', ''),
(1, 2008, 'HKEX MAN202203', '', '', '', '', '', ''),
(3, 2009, 'HKEX MCN202203', '', '', '', '', '', ''),
(1, 2009, 'HKEX MCN202203', '', '', '', '', '', ''),
(3, 2010, 'HKEX EAN202203', '', '', '', '', '', ''),
(1, 2010, 'HKEX EAN202203', '', '', '', '', '', ''),
(3, 2011, 'HKEX MIN202203', '', '', '', '', '', ''),
(1, 2011, 'HKEX MIN202203', '', '', '', '', '', ''),
(3, 2012, 'HKEX MDN202203', '', '', '', '', '', ''),
(1, 2012, 'HKEX MDN202203', '', '', '', '', '', ''),
(3, 2013, 'HKEX MJU202203', '', '', '', '', '', ''),
(1, 2013, 'HKEX MJU202203', '', '', '', '', '', ''),
(3, 2014, 'HKEX MMN202203', '', '', '', '', '', ''),
(1, 2014, 'HKEX MMN202203', '', '', '', '', '', ''),
(3, 2015, 'HKEX MTW202203', '', '', '', '', '', ''),
(1, 2015, 'HKEX MTW202203', '', '', '', '', '', ''),
(3, 2016, 'HKEX MWN202203', '', '', '', '', '', ''),
(1, 2016, 'HKEX MWN202203', '', '', '', '', '', ''),
(3, 2017, 'HKEX MTN202203', '', '', '', '', '', ''),
(1, 2017, 'HKEX MTN202203', '', '', '', '', '', ''),
(3, 2018, 'HKEX MEI202203', '', '', '', '', '', ''),
(1, 2018, 'HKEX MEI202203', '', '', '', '', '', ''),
(3, 2019, 'HKEX EMN202203', '', '', '', '', '', ''),
(1, 2019, 'HKEX EMN202203', '', '', '', '', '', ''),
(3, 2020, 'HKEX MHK202203', '', '', '', '', '', ''),
(1, 2020, 'HKEX MHK202203', '', '', '', '', '', ''),
(3, 2021, 'HKEX MIA202203', '', '', '', '', '', ''),
(1, 2021, 'HKEX MIA202203', '', '', '', '', '', ''),
(3, 2022, 'HKEX MPN202203', '', '', '', '', '', ''),
(1, 2022, 'HKEX MPN202203', '', '', '', '', '', ''),
(3, 2023, 'HKEX MSN202203', '', '', '', '', '', ''),
(1, 2023, 'HKEX MSN202203', '', '', '', '', '', ''),
(3, 2024, 'HKEX MVN202203', '', '', '', '', '', ''),
(1, 2024, 'HKEX MVN202203', '', '', '', '', '', ''),
(3, 2025, 'HKEX MCF202203', '', '', '', '', '', ''),
(1, 2025, 'HKEX MCF202203', '', '', '', '', '', ''),
(3, 2026, 'HKEX MDI202203', '', '', '', '', '', ''),
(1, 2026, 'HKEX MDI202203', '', '', '', '', '', ''),
(3, 2027, 'HKEX MMA202203', '', '', '', '', '', ''),
(1, 2027, 'HKEX MMA202203', '', '', '', '', '', ''),
(3, 2028, 'HKEX MNZ202203', '', '', '', '', '', ''),
(1, 2028, 'HKEX MNZ202203', '', '', '', '', '', ''),
(3, 2029, 'HKEX MPS202203', '', '', '', '', '', ''),
(1, 2029, 'HKEX MPS202203', '', '', '', '', '', ''),
(3, 2030, 'HKEX MGN202203', '', '', '', '', '', ''),
(1, 2030, 'HKEX MGN202203', '', '', '', '', '', ''),
(3, 2031, 'HKEX MTD202203', '', '', '', '', '', ''),
(1, 2031, 'HKEX MTD202203', '', '', '', '', '', ''),
(3, 2032, 'HKEX MVI202203', '', '', '', '', '', ''),
(1, 2032, 'HKEX MVI202203', '', '', '', '', '', ''),
(3, 2033, 'HKEX MXC202203', '', '', '', '', '', ''),
(1, 2033, 'HKEX MXC202203', '', '', '', '', '', ''),
(3, 2034, 'HKEX MXK202203', '', '', '', '', '', ''),
(1, 2034, 'HKEX MXK202203', '', '', '', '', '', ''),
(3, 2035, 'HKEX MAC202203', '', '', '', '', '', ''),
(1, 2035, 'HKEX MAC202203', '', '', '', '', '', ''),
(3, 2036, 'HKEX MAK202203', '', '', '', '', '', ''),
(1, 2036, 'HKEX MAK202203', '', '', '', '', '', ''),
(3, 2037, 'HKEX MEE202203', '', '', '', '', '', ''),
(1, 2037, 'HKEX MEE202203', '', '', '', '', '', ''),
(3, 2038, 'HKEX MEL202203', '', '', '', '', '', ''),
(1, 2038, 'HKEX MEL202203', '', '', '', '', '', ''),
(3, 2039, 'HKEX MPC202203', '', '', '', '', '', ''),
(1, 2039, 'HKEX MPC202203', '', '', '', '', '', ''),
(3, 2040, 'HKEX MPJ202203', '', '', '', '', '', ''),
(1, 2040, 'HKEX MPJ202203', '', '', '', '', '', ''),
(1, 2041, 'HKEX MCA202203', '', '', '', '', '', ''),
(3, 2041, 'HKEX MCA202203', '', '', '', '', '', ''),
(3, 2042, 'SGX CN202203', '', '', '', '', '', ''),
(1, 2042, 'SGX CN202203', '', '', '', '', '', ''),
(3, 2043, 'SGX FCH202203', '', '', '', '', '', ''),
(1, 2043, 'SGX FCH202203', '', '', '', '', '', ''),
(3, 2044, 'SGX NK202203', '', '', '', '', '', ''),
(1, 2044, 'SGX NK202203', '', '', '', '', '', ''),
(3, 2045, 'SGX SG202203', '', '', '', '', '', ''),
(1, 2045, 'SGX SG202203', '', '', '', '', '', ''),
(3, 2046, 'SGX UC202203', '', '', '', '', '', ''),
(1, 2046, 'SGX UC202203', '', '', '', '', '', ''),
(3, 2047, 'SGX MUC202203', '', '', '', '', '', ''),
(1, 2047, 'SGX MUC202203', '', '', '', '', '', ''),
(3, 2048, 'SGX FE202203', '', '', '', '', '', ''),
(1, 2048, 'SGX FE202203', '', '', '', '', '', ''),
(3, 2049, 'SGX IN202203', '', '', '', '', '', ''),
(1, 2049, 'SGX IN202203', '', '', '', '', '', ''),
(3, 2050, 'SGX RT202203', '', '', '', '', '', ''),
(1, 2050, 'SGX RT202203', '', '', '', '', '', ''),
(3, 2051, 'SGX TF202203', '', '', '', '', '', ''),
(1, 2051, 'SGX TF202203', '', '', '', '', '', ''),
(1, 2052, 'SGX MYR202203', '', '', '', '', '', ''),
(3, 2052, 'SGX MYR202203', '', '', '', '', '', ''),
(3, 2053, 'EUREX DAX202203', '', '', '', '', '', ''),
(1, 2053, 'EUREX DAX202203', '', '', '', '', '', ''),
(3, 2054, 'EUREX DXM202203', '', '', '', '', '', ''),
(1, 2054, 'EUREX DXM202203', '', '', '', '', '', ''),
(3, 2055, 'EUREX ESX202203', '', '', '', '', '', ''),
(1, 2055, 'EUREX ESX202203', '', '', '', '', '', ''),
(3, 2056, 'EUREX SMI202203', '', '', '', '', '', ''),
(1, 2056, 'EUREX SMI202203', '', '', '', '', '', ''),
(3, 2057, 'EUREX VS202203', '', '', '', '', '', ''),
(1, 2057, 'EUREX VS202203', '', '', '', '', '', ''),
(3, 2058, 'EUREX GBL202203', '', '', '', '', '', ''),
(1, 2058, 'EUREX GBL202203', '', '', '', '', '', ''),
(3, 2059, 'EUREX GBM202203', '', '', '', '', '', ''),
(1, 2059, 'EUREX GBM202203', '', '', '', '', '', ''),
(3, 2060, 'EUREX GBS202203', '', '', '', '', '', ''),
(1, 2060, 'EUREX GBS202203', '', '', '', '', '', ''),
(3, 2061, 'EUREX FGBX202203', '', '', '', '', '', ''),
(1, 2061, 'EUREX FGBX202203', '', '', '', '', '', ''),
(3, 2062, 'EUREX FOAT202203', '', '', '', '', '', ''),
(1, 2062, 'EUREX FOAT202203', '', '', '', '', '', ''),
(3, 2063, 'EUREX FBTP202203', '', '', '', '', '', ''),
(1, 2063, 'EUREX FBTP202203', '', '', '', '', '', ''),
(3, 2064, 'EUREX FBON202203', '', '', '', '', '', ''),
(1, 2064, 'EUREX FBON202203', '', '', '', '', '', ''),
(3, 2065, 'EUREX FBTS202203', '', '', '', '', '', ''),
(1, 2065, 'EUREX FBTS202203', '', '', '', '', '', ''),
(3, 2066, 'ICUS DX202203', '', '', '', '', '', ''),
(1, 2066, 'ICUS DX202203', '', '', '', '', '', ''),
(3, 2067, 'ICUS CC202203', '', '', '', '', '', ''),
(1, 2067, 'ICUS CC202203', '', '', '', '', '', ''),
(3, 2068, 'ICUS CT202203', '', '', '', '', '', ''),
(1, 2068, 'ICUS CT202203', '', '', '', '', '', ''),
(3, 2069, 'ICUS KC202203', '', '', '', '', '', ''),
(1, 2069, 'ICUS KC202203', '', '', '', '', '', ''),
(3, 2070, 'ICUS OJ202203', '', '', '', '', '', ''),
(1, 2070, 'ICUS OJ202203', '', '', '', '', '', ''),
(3, 2071, 'ICUS SB202203', '', '', '', '', '', ''),
(1, 2071, 'ICUS SB202203', '', '', '', '', '', ''),
(3, 2072, 'ICE_SG BM202203', '', '', '', '', '', ''),
(1, 2072, 'ICE_SG BM202203', '', '', '', '', '', ''),
(3, 2073, 'ICE_SG SDX202203', '', '', '', '', '', ''),
(1, 2073, 'ICE_SG SDX202203', '', '', '', '', '', ''),
(3, 2074, 'ICEU B202203', '', '', '', '', '', ''),
(1, 2074, 'ICEU B202203', '', '', '', '', '', ''),
(3, 2075, 'ICEU G202203', '', '', '', '', '', ''),
(1, 2075, 'ICEU G202203', '', '', '', '', '', ''),
(3, 2076, 'ICEU G202203', '', '', '', '', '', ''),
(1, 2076, 'ICEU G202203', '', '', '', '', '', ''),
(3, 2077, 'ICEU T202203', '', '', '', '', '', ''),
(1, 2077, 'ICEU T202203', '', '', '', '', '', ''),
(3, 2078, 'ICEU Z202203', '', '', '', '', '', ''),
(1, 2078, 'ICEU Z202203', '', '', '', '', '', ''),
(3, 2079, 'ICEU W202203', '', '', '', '', '', ''),
(1, 2079, 'ICEU W202203', '', '', '', '', '', ''),
(3, 2080, 'ICEU C202203', '', '', '', '', '', ''),
(1, 2080, 'ICEU C202203', '', '', '', '', '', ''),
(3, 2081, 'ICEU RC202203', '', '', '', '', '', ''),
(1, 2081, 'ICEU RC202203', '', '', '', '', '', ''),
(3, 2082, 'BMD CPO202203', '', '', '', '', '', ''),
(1, 2082, 'BMD CPO202203', '', '', '', '', '', ''),
(3, 2083, 'CBOE VX202203', '', '', '', '', '', ''),
(1, 2083, 'CBOE VX202203', '', '', '', '', '', ''),
(3, 2084, 'APEX PF202203', '', '', '', '', '', ''),
(1, 2084, 'APEX PF202203', '', '', '', '', '', ''),
(3, 2085, 'TOCOM JCO202203', '', '', '', '', '', ''),
(1, 2085, 'TOCOM JCO202203', '', '', '', '', '', ''),
(3, 2086, 'OSE JRU202203', '', '', '', '', '', ''),
(1, 2086, 'OSE JRU202203', '', '', '', '', '', ''),
(3, 2087, 'OSE NK225202203', '', '', '', '', '', ''),
(1, 2087, 'OSE NK225202203', '', '', '', '', '', ''),
(3, 2088, 'OSE NK225M202203', '', '', '', '', '', ''),
(1, 2088, 'OSE NK225M202203', '', '', '', '', '', ''),
(3, 2089, 'OSE JGBL202203', '', '', '', '', '', ''),
(1, 2089, 'OSE JGBL202203', '', '', '', '', '', ''),
(3, 2090, 'OSE TOPIX202203', '', '', '', '', '', ''),
(1, 2090, 'OSE TOPIX202203', '', '', '', '', '', ''),
(3, 2091, 'DCE I202203', '', '', '', '', '', ''),
(1, 2091, 'DCE I202203', '', '', '', '', '', ''),
(3, 2092, 'ZCE TA202203', '', '', '', '', '', ''),
(1, 2092, 'ZCE TA202203', '', '', '', '', '', ''),
(3, 2093, 'INE SC202203', '', '', '', '', '', ''),
(1, 2093, 'INE SC202203', '', '', '', '', '', ''),
(3, 2094, 'INE NR202203', '', '', '', '', '', ''),
(1, 2094, 'INE NR202203', '', '', '', '', '', ''),
(3, 2095, 'INE LU202203', '', '', '', '', '', ''),
(1, 2095, 'INE LU202203', '', '', '', '', '', ''),
(3, 2096, 'INE BC202203', '', '', '', '', '', ''),
(1, 2096, 'INE BC202203', '', '', '', '', '', ''),
(3, 2097, 'CBOT ZQ202204', '', '', '', '', '', ''),
(1, 2097, 'CBOT ZQ202204', '', '', '', '', '', ''),
(3, 2098, 'CME AD202204', '', '', '', '', '', ''),
(1, 2098, 'CME AD202204', '', '', '', '', '', ''),
(3, 2099, 'CME BP202204', '', '', '', '', '', ''),
(1, 2099, 'CME BP202204', '', '', '', '', '', ''),
(3, 2100, 'CME CD202204', '', '', '', '', '', ''),
(1, 2100, 'CME CD202204', '', '', '', '', '', ''),
(3, 2101, 'CME EC202204', '', '', '', '', '', ''),
(1, 2101, 'CME EC202204', '', '', '', '', '', ''),
(3, 2102, 'CME JY202204', '', '', '', '', '', ''),
(1, 2102, 'CME JY202204', '', '', '', '', '', ''),
(3, 2103, 'CME BR202204', '', '', '', '', '', ''),
(1, 2103, 'CME BR202204', '', '', '', '', '', ''),
(3, 2104, 'CME RU202204', '', '', '', '', '', ''),
(1, 2104, 'CME RU202204', '', '', '', '', '', ''),
(3, 2105, 'CME RP202204', '', '', '', '', '', ''),
(1, 2105, 'CME RP202204', '', '', '', '', '', ''),
(3, 2106, 'CME RA202204', '', '', '', '', '', ''),
(1, 2106, 'CME RA202204', '', '', '', '', '', ''),
(3, 2107, 'CME MP202204', '', '', '', '', '', ''),
(1, 2107, 'CME MP202204', '', '', '', '', '', ''),
(3, 2108, 'CME CNH202204', '', '', '', '', '', ''),
(1, 2108, 'CME CNH202204', '', '', '', '', '', ''),
(3, 2109, 'CME ED202204', '', '', '', '', '', ''),
(1, 2109, 'CME ED202204', '', '', '', '', '', ''),
(3, 2110, 'CME NIY202204', '', '', '', '', '', ''),
(1, 2110, 'CME NIY202204', '', '', '', '', '', ''),
(3, 2111, 'CME FC202204', '', '', '', '', '', ''),
(1, 2111, 'CME FC202204', '', '', '', '', '', ''),
(3, 2112, 'CME LC202204', '', '', '', '', '', ''),
(1, 2112, 'CME LC202204', '', '', '', '', '', ''),
(3, 2113, 'CME LN202204', '', '', '', '', '', ''),
(1, 2113, 'CME LN202204', '', '', '', '', '', ''),
(3, 2114, 'COMEX GC202204', '', '', '', '', '', ''),
(1, 2114, 'COMEX GC202204', '', '', '', '', '', ''),
(3, 2115, 'COMEX HG202204', '', '', '', '', '', ''),
(1, 2115, 'COMEX HG202204', '', '', '', '', '', ''),
(3, 2116, 'COMEX QO202204', '', '', '', '', '', ''),
(1, 2116, 'COMEX QO202204', '', '', '', '', '', ''),
(3, 2117, 'NYMEX CL202204', '', '', '', '', '', ''),
(1, 2117, 'NYMEX CL202204', '', '', '', '', '', ''),
(3, 2118, 'NYMEX HO202204', '', '', '', '', '', ''),
(1, 2118, 'NYMEX HO202204', '', '', '', '', '', ''),
(3, 2119, 'NYMEX PL202204', '', '', '', '', '', ''),
(1, 2119, 'NYMEX PL202204', '', '', '', '', '', ''),
(3, 2120, 'NYMEX QG202204', '', '', '', '', '', ''),
(1, 2120, 'NYMEX QG202204', '', '', '', '', '', ''),
(3, 2121, 'NYMEX QM202204', '', '', '', '', '', ''),
(1, 2121, 'NYMEX QM202204', '', '', '', '', '', ''),
(3, 2122, 'NYMEX RB202204', '', '', '', '', '', ''),
(1, 2122, 'NYMEX RB202204', '', '', '', '', '', ''),
(3, 2123, 'NYMEX BZ202204', '', '', '', '', '', ''),
(1, 2123, 'NYMEX BZ202204', '', '', '', '', '', ''),
(3, 2124, 'HKEX FEM202204', '', '', '', '', '', ''),
(1, 2124, 'HKEX FEM202204', '', '', '', '', '', ''),
(3, 2125, 'HKEX GDU202204', '', '', '', '', '', ''),
(1, 2125, 'HKEX GDU202204', '', '', '', '', '', ''),
(3, 2126, 'HKEX GDR202204', '', '', '', '', '', ''),
(1, 2126, 'HKEX GDR202204', '', '', '', '', '', ''),
(1, 2127, 'HKEX UIN202204', '', '', '', '', '', ''),
(3, 2127, 'HKEX UIN202204', '', '', '', '', '', ''),
(3, 2128, 'SGX NK202204', '', '', '', '', '', ''),
(1, 2128, 'SGX NK202204', '', '', '', '', '', ''),
(3, 2129, 'SGX UC202204', '', '', '', '', '', ''),
(1, 2129, 'SGX UC202204', '', '', '', '', '', ''),
(3, 2130, 'SGX MUC202204', '', '', '', '', '', ''),
(1, 2130, 'SGX MUC202204', '', '', '', '', '', ''),
(3, 2131, 'SGX FE202204', '', '', '', '', '', ''),
(1, 2131, 'SGX FE202204', '', '', '', '', '', ''),
(3, 2132, 'SGX RT202204', '', '', '', '', '', ''),
(1, 2132, 'SGX RT202204', '', '', '', '', '', ''),
(3, 2133, 'SGX TF202204', '', '', '', '', '', ''),
(1, 2133, 'SGX TF202204', '', '', '', '', '', ''),
(3, 2134, 'SGX MYR202204', '', '', '', '', '', ''),
(1, 2134, 'SGX MYR202204', '', '', '', '', '', ''),
(1, 2135, 'EUREX VS202204', '', '', '', '', '', ''),
(3, 2135, 'EUREX VS202204', '', '', '', '', '', ''),
(3, 2136, 'ICE_SG BM202204', '', '', '', '', '', ''),
(1, 2136, 'ICE_SG BM202204', '', '', '', '', '', ''),
(3, 2137, 'ICEU B202204', '', '', '', '', '', ''),
(1, 2137, 'ICEU B202204', '', '', '', '', '', ''),
(3, 2138, 'ICEU G202204', '', '', '', '', '', ''),
(1, 2138, 'ICEU G202204', '', '', '', '', '', ''),
(3, 2139, 'ICEU T202204', '', '', '', '', '', ''),
(1, 2139, 'ICEU T202204', '', '', '', '', '', ''),
(3, 2140, 'BMD CPO202204', '', '', '', '', '', ''),
(1, 2140, 'BMD CPO202204', '', '', '', '', '', ''),
(3, 2141, 'CBOE VX202204', '', '', '', '', '', ''),
(1, 2141, 'CBOE VX202204', '', '', '', '', '', ''),
(3, 2142, 'APEX PF202204', '', '', '', '', '', ''),
(1, 2142, 'APEX PF202204', '', '', '', '', '', ''),
(3, 2143, 'TOCOM JCO202204', '', '', '', '', '', ''),
(1, 2143, 'TOCOM JCO202204', '', '', '', '', '', ''),
(3, 2144, 'OSE JAU202204', '', '', '', '', '', ''),
(1, 2144, 'OSE JAU202204', '', '', '', '', '', ''),
(3, 2145, 'OSE JRU202204', '', '', '', '', '', ''),
(1, 2145, 'OSE JRU202204', '', '', '', '', '', ''),
(3, 2146, 'OSE NK225M202204', '', '', '', '', '', ''),
(1, 2146, 'OSE NK225M202204', '', '', '', '', '', ''),
(3, 2147, 'DCE I202204', '', '', '', '', '', ''),
(1, 2147, 'DCE I202204', '', '', '', '', '', ''),
(3, 2148, 'ZCE	TA202204', '', '', '', '', '', ''),
(1, 2148, 'ZCE	TA202204', '', '', '', '', '', ''),
(3, 2149, 'INE SC202204', '', '', '', '', '', ''),
(1, 2149, 'INE SC202204', '', '', '', '', '', ''),
(3, 2150, 'INE NR202204', '', '', '', '', '', ''),
(1, 2150, 'INE NR202204', '', '', '', '', '', ''),
(3, 2151, 'INE	LU202204', '', '', '', '', '', ''),
(1, 2151, 'INE	LU202204', '', '', '', '', '', ''),
(3, 2152, 'INE BC202204', '', '', '', '', '', ''),
(1, 2152, 'INE BC202204', '', '', '', '', '', ''),
(3, 2153, 'CBOT C202205', '', '', '', '', '', ''),
(1, 2153, 'CBOT C202205', '', '', '', '', '', ''),
(3, 2154, 'CBOT O202205', '', '', '', '', '', ''),
(1, 2154, 'CBOT O202205', '', '', '', '', '', ''),
(3, 2155, 'CBOT S202205', '', '', '', '', '', ''),
(1, 2155, 'CBOT S202205', '', '', '', '', '', '');
INSERT INTO `tb_huatai_trading_future_desc` (`language_id`, `trading_future_id`, `name`, `detail`, `url`, `seo_desc`, `seo_title`, `detail2`, `seo_h1`) VALUES
(3, 2156, 'CBOT W202205', '', '', '', '', '', ''),
(1, 2156, 'CBOT W202205', '', '', '', '', '', ''),
(3, 2157, 'CBOT KW202205', '', '', '', '', '', ''),
(1, 2157, 'CBOT KW202205', '', '', '', '', '', ''),
(3, 2158, 'CBOT ZL202205', '', '', '', '', '', ''),
(1, 2158, 'CBOT ZL202205', '', '', '', '', '', ''),
(3, 2159, 'CBOT ZM202205', '', '', '', '', '', ''),
(1, 2159, 'CBOT ZM202205', '', '', '', '', '', ''),
(3, 2160, 'CBOT ZQ202205', '', '', '', '', '', ''),
(1, 2160, 'CBOT ZQ202205', '', '', '', '', '', ''),
(3, 2161, 'CME BR202205', '', '', '', '', '', ''),
(1, 2161, 'CME BR202205', '', '', '', '', '', ''),
(3, 2162, 'CME RU202205', '', '', '', '', '', ''),
(1, 2162, 'CME RU202205', '', '', '', '', '', ''),
(3, 2163, 'CME RA202205', '', '', '', '', '', ''),
(1, 2163, 'CME RA202205', '', '', '', '', '', ''),
(3, 2164, 'CME MP202205', '', '', '', '', '', ''),
(1, 2164, 'CME MP202205', '', '', '', '', '', ''),
(3, 2165, 'CME CNH202205', '', '', '', '', '', ''),
(1, 2165, 'CME CNH202205', '', '', '', '', '', ''),
(3, 2166, 'CME ED202205', '', '', '', '', '', ''),
(1, 2166, 'CME ED202205', '', '', '', '', '', ''),
(3, 2167, 'CME FC202205', '', '', '', '', '', ''),
(1, 2167, 'CME FC202205', '', '', '', '', '', ''),
(3, 2168, 'CME LN202205', '', '', '', '', '', ''),
(1, 2168, 'CME LN202205', '', '', '', '', '', ''),
(3, 2169, 'COMEX SI202205', '', '', '', '', '', ''),
(1, 2169, 'COMEX SI202205', '', '', '', '', '', ''),
(3, 2170, 'COMEX HG202205', '', '', '', '', '', ''),
(1, 2170, 'COMEX HG202205', '', '', '', '', '', ''),
(1, 2171, 'COMEX QI202205', '', '', '', '', '', ''),
(3, 2171, 'COMEX QI202205', '', '', '', '', '', ''),
(3, 2172, 'NYMEX CL202205', '', '', '', '', '', ''),
(1, 2172, 'NYMEX CL202205', '', '', '', '', '', ''),
(3, 2173, 'NYMEX HO202205', '', '', '', '', '', ''),
(1, 2173, 'NYMEX HO202205', '', '', '', '', '', ''),
(3, 2174, 'NYMEX QG202205', '', '', '', '', '', ''),
(1, 2174, 'NYMEX QG202205', '', '', '', '', '', ''),
(3, 2175, 'NYMEX QM202205', '', '', '', '', '', ''),
(1, 2175, 'NYMEX QM202205', '', '', '', '', '', ''),
(3, 2176, 'NYMEX RB202205', '', '', '', '', '', ''),
(1, 2176, 'NYMEX RB202205', '', '', '', '', '', ''),
(3, 2177, 'NYMEX BZ202205', '', '', '', '', '', ''),
(1, 2177, 'NYMEX BZ202205', '', '', '', '', '', ''),
(3, 2178, 'HKEX FEM202205', '', '', '', '', '', ''),
(1, 2178, 'HKEX FEM202205', '', '', '', '', '', ''),
(3, 2179, 'HKEX GDU202205', '', '', '', '', '', ''),
(1, 2179, 'HKEX GDU202205', '', '', '', '', '', ''),
(3, 2180, 'HKEX GDR202205', '', '', '', '', '', ''),
(1, 2180, 'HKEX GDR202205', '', '', '', '', '', ''),
(3, 2181, 'SGX UC202205', '', '', '', '', '', ''),
(1, 2181, 'SGX UC202205', '', '', '', '', '', ''),
(3, 2182, 'SGX MUC202205', '', '', '', '', '', ''),
(1, 2182, 'SGX MUC202205', '', '', '', '', '', ''),
(3, 2183, 'SGX FE202205', '', '', '', '', '', ''),
(1, 2183, 'SGX FE202205', '', '', '', '', '', ''),
(3, 2184, 'SGX RT202205', '', '', '', '', '', ''),
(1, 2184, 'SGX RT202205', '', '', '', '', '', ''),
(3, 2185, 'SGX TF202205', '', '', '', '', '', ''),
(1, 2185, 'SGX TF202205', '', '', '', '', '', ''),
(3, 2186, 'SGX MYR202205', '', '', '', '', '', ''),
(1, 2186, 'SGX MYR202205', '', '', '', '', '', ''),
(3, 2187, 'EUREX VS202205', '', '', '', '', '', ''),
(1, 2187, 'EUREX VS202205', '', '', '', '', '', ''),
(3, 2188, 'ICUS CC202205', '', '', '', '', '', ''),
(1, 2188, 'ICUS CC202205', '', '', '', '', '', ''),
(3, 2189, 'ICUS CT202205', '', '', '', '', '', ''),
(1, 2189, 'ICUS CT202205', '', '', '', '', '', ''),
(1, 2190, 'ICUS KC202205', '', '', '', '', '', ''),
(3, 2190, 'ICUS KC202205', '', '', '', '', '', ''),
(3, 2191, 'ICUS OJ202205', '', '', '', '', '', ''),
(1, 2191, 'ICUS OJ202205', '', '', '', '', '', ''),
(3, 2192, 'ICUS SB202205', '', '', '', '', '', ''),
(1, 2192, 'ICUS SB202205', '', '', '', '', '', ''),
(3, 2193, 'ICE_SG BM202205', '', '', '', '', '', ''),
(1, 2193, 'ICE_SG BM202205', '', '', '', '', '', ''),
(3, 2194, 'ICEU B202205', '', '', '', '', '', ''),
(1, 2194, 'ICEU B202205', '', '', '', '', '', ''),
(3, 2195, 'ICEU G202205', '', '', '', '', '', ''),
(1, 2195, 'ICEU G202205', '', '', '', '', '', ''),
(3, 2196, 'ICEU T202205', '', '', '', '', '', ''),
(1, 2196, 'ICEU T202205', '', '', '', '', '', ''),
(3, 2197, 'ICEU W202205', '', '', '', '', '', ''),
(1, 2197, 'ICEU W202205', '', '', '', '', '', ''),
(3, 2198, 'ICEU C202205', '', '', '', '', '', ''),
(1, 2198, 'ICEU C202205', '', '', '', '', '', ''),
(3, 2199, 'ICEU RC202205', '', '', '', '', '', ''),
(1, 2199, 'ICEU RC202205', '', '', '', '', '', ''),
(3, 2200, 'BMD CPO202205', '', '', '', '', '', ''),
(1, 2200, 'BMD CPO202205', '', '', '', '', '', ''),
(3, 2201, 'CBOE VX202205', '', '', '', '', '', ''),
(1, 2201, 'CBOE VX202205', '', '', '', '', '', ''),
(3, 2202, 'APEX PF202205', '', '', '', '', '', ''),
(1, 2202, 'APEX PF202205', '', '', '', '', '', ''),
(3, 2203, 'TOCOM JCO202205', '', '', '', '', '', ''),
(1, 2203, 'TOCOM JCO202205', '', '', '', '', '', ''),
(3, 2204, 'OSE JRU202205', '', '', '', '', '', ''),
(1, 2204, 'OSE JRU202205', '', '', '', '', '', ''),
(3, 2205, 'DCE I202205', '', '', '', '', '', ''),
(1, 2205, 'DCE I202205', '', '', '', '', '', ''),
(3, 2206, 'ZCE TA202205', '', '', '', '', '', ''),
(1, 2206, 'ZCE TA202205', '', '', '', '', '', ''),
(3, 2207, 'INE SC202205', '', '', '', '', '', ''),
(1, 2207, 'INE SC202205', '', '', '', '', '', ''),
(3, 2208, 'INE NR202205', '', '', '', '', '', ''),
(1, 2208, 'INE NR202205', '', '', '', '', '', ''),
(3, 2209, 'INE LU202205', '', '', '', '', '', ''),
(1, 2209, 'INE LU202205', '', '', '', '', '', ''),
(3, 2210, 'INE BC202205', '', '', '', '', '', ''),
(1, 2210, 'INE BC202205', '', '', '', '', '', ''),
(3, 2211, 'CBOT TN202206', '', '', '', '', '', ''),
(1, 2211, 'CBOT TN202206', '', '', '', '', '', ''),
(3, 2212, 'CBOT UB202206', '', '', '', '', '', ''),
(1, 2212, 'CBOT UB202206', '', '', '', '', '', ''),
(3, 2213, 'CBOT ZB202206', '', '', '', '', '', ''),
(1, 2213, 'CBOT ZB202206', '', '', '', '', '', ''),
(3, 2214, 'CBOT ZN202206', '', '', '', '', '', ''),
(1, 2214, 'CBOT ZN202206', '', '', '', '', '', ''),
(3, 2215, 'CBOT ZF202206', '', '', '', '', '', ''),
(1, 2215, 'CBOT ZF202206', '', '', '', '', '', ''),
(3, 2216, 'CBOT ZT202206', '', '', '', '', '', ''),
(1, 2216, 'CBOT ZT202206', '', '', '', '', '', ''),
(3, 2217, 'CBOT MYM202206', '', '', '', '', '', ''),
(1, 2217, 'CBOT MYM202206', '', '', '', '', '', ''),
(3, 2218, 'CBOT YM202206', '', '', '', '', '', ''),
(1, 2218, 'CBOT YM202206', '', '', '', '', '', ''),
(3, 2219, 'CBOT ZQ202206', '', '', '', '', '', ''),
(1, 2219, 'CBOT ZQ202206', '', '', '', '', '', ''),
(3, 2220, 'CME AD202206', '', '', '', '', '', ''),
(1, 2220, 'CME AD202206', '', '', '', '', '', ''),
(3, 2221, 'CME BP202206', '', '', '', '', '', ''),
(1, 2221, 'CME BP202206', '', '', '', '', '', ''),
(3, 2222, 'CME CD202206', '', '', '', '', '', ''),
(1, 2222, 'CME CD202206', '', '', '', '', '', ''),
(3, 2223, 'CME EC202206', '', '', '', '', '', ''),
(1, 2223, 'CME EC202206', '', '', '', '', '', ''),
(3, 2224, 'CME JY202206', '', '', '', '', '', ''),
(1, 2224, 'CME JY202206', '', '', '', '', '', ''),
(3, 2225, 'CME NE202206', '', '', '', '', '', ''),
(1, 2225, 'CME NE202206', '', '', '', '', '', ''),
(3, 2226, 'CME SF202206', '', '', '', '', '', ''),
(1, 2226, 'CME SF202206', '', '', '', '', '', ''),
(3, 2227, 'CME BR202206', '', '', '', '', '', ''),
(1, 2227, 'CME BR202206', '', '', '', '', '', ''),
(3, 2228, 'CME PZ202206', '', '', '', '', '', ''),
(1, 2228, 'CME PZ202206', '', '', '', '', '', ''),
(3, 2229, 'CME FR202206', '', '', '', '', '', ''),
(1, 2229, 'CME FR202206', '', '', '', '', '', ''),
(3, 2230, 'CME RU202206', '', '', '', '', '', ''),
(1, 2230, 'CME RU202206', '', '', '', '', '', ''),
(3, 2231, 'CME ECD202206', '', '', '', '', '', ''),
(1, 2231, 'CME ECD202206', '', '', '', '', '', ''),
(3, 2232, 'CME RF202206', '', '', '', '', '', ''),
(1, 2232, 'CME RF202206', '', '', '', '', '', ''),
(3, 2233, 'CME RP202206', '', '', '', '', '', ''),
(1, 2233, 'CME RP202206', '', '', '', '', '', ''),
(3, 2234, 'CME RY202206', '', '', '', '', '', ''),
(1, 2234, 'CME RY202206', '', '', '', '', '', ''),
(3, 2235, 'CME RA202206', '', '', '', '', '', ''),
(1, 2235, 'CME RA202206', '', '', '', '', '', ''),
(3, 2236, 'CME MP202206', '', '', '', '', '', ''),
(1, 2236, 'CME MP202206', '', '', '', '', '', ''),
(3, 2237, 'CME CNH202206', '', '', '', '', '', ''),
(1, 2237, 'CME CNH202206', '', '', '', '', '', ''),
(3, 2238, 'CME ED202206', '', '', '', '', '', ''),
(1, 2238, 'CME ED202206', '', '', '', '', '', ''),
(3, 2239, 'CME NKD202206', '', '', '', '', '', ''),
(1, 2239, 'CME NKD202206', '', '', '', '', '', ''),
(3, 2240, 'CME NIY202206', '', '', '', '', '', ''),
(1, 2240, 'CME NIY202206', '', '', '', '', '', ''),
(3, 2241, 'CME NIY202206', '', '', '', '', '', ''),
(1, 2241, 'CME NIY202206', '', '', '', '', '', ''),
(3, 2242, 'CME M2K202206', '', '', '', '', '', ''),
(1, 2242, 'CME M2K202206', '', '', '', '', '', ''),
(3, 2243, 'CME MES202206', '', '', '', '', '', ''),
(1, 2243, 'CME MES202206', '', '', '', '', '', ''),
(3, 2244, 'CME MNQ202206', '', '', '', '', '', ''),
(1, 2244, 'CME MNQ202206', '', '', '', '', '', ''),
(3, 2245, 'CME RTY202206', '', '', '', '', '', ''),
(1, 2245, 'CME RTY202206', '', '', '', '', '', ''),
(3, 2246, 'CME ES202206', '', '', '', '', '', ''),
(1, 2246, 'CME ES202206', '', '', '', '', '', ''),
(3, 2247, 'CME NQ202206', '', '', '', '', '', ''),
(1, 2247, 'CME NQ202206', '', '', '', '', '', ''),
(3, 2248, 'CME LC202206', '', '', '', '', '', ''),
(1, 2248, 'CME LC202206', '', '', '', '', '', ''),
(3, 2249, 'CME LN202206', '', '', '', '', '', ''),
(1, 2249, 'CME LN202206', '', '', '', '', '', ''),
(3, 2250, 'COMEX GC202206', '', '', '', '', '', ''),
(1, 2250, 'COMEX GC202206', '', '', '', '', '', ''),
(3, 2251, 'COMEX HG202206', '', '', '', '', '', ''),
(1, 2251, 'COMEX HG202206', '', '', '', '', '', ''),
(3, 2252, 'COMEX QO202206', '', '', '', '', '', ''),
(1, 2252, 'COMEX QO202206', '', '', '', '', '', ''),
(3, 2253, 'NYMEX CL202206', '', '', '', '', '', ''),
(1, 2253, 'NYMEX CL202206', '', '', '', '', '', ''),
(3, 2254, 'NYMEX HO202206', '', '', '', '', '', ''),
(1, 2254, 'NYMEX HO202206', '', '', '', '', '', ''),
(3, 2255, 'NYMEX PA202206', '', '', '', '', '', ''),
(1, 2255, 'NYMEX PA202206', '', '', '', '', '', ''),
(3, 2256, 'NYMEX QG202206', '', '', '', '', '', ''),
(1, 2256, 'NYMEX QG202206', '', '', '', '', '', ''),
(3, 2257, 'NYMEX QM202206', '', '', '', '', '', ''),
(1, 2257, 'NYMEX QM202206', '', '', '', '', '', ''),
(3, 2258, 'NYMEX RB202206', '', '', '', '', '', ''),
(1, 2258, 'NYMEX RB202206', '', '', '', '', '', ''),
(3, 2259, 'NYMEX BZ202206', '', '', '', '', '', ''),
(1, 2259, 'NYMEX BZ202206', '', '', '', '', '', ''),
(3, 2260, 'HKEX CUS202206', '', '', '', '', '', ''),
(1, 2260, 'HKEX CUS202206', '', '', '', '', '', ''),
(3, 2261, 'HKEX MCS202206', '', '', '', '', '', ''),
(1, 2261, 'HKEX MCS202206', '', '', '', '', '', ''),
(3, 2262, 'HKEX HTI202206', '', '', '', '', '', ''),
(1, 2262, 'HKEX HTI202206', '', '', '', '', '', ''),
(3, 2263, 'HKEX HHI202206', '', '', '', '', '', ''),
(1, 2263, 'HKEX HHI202206', '', '', '', '', '', ''),
(3, 2264, 'HKEX HSI202206', '', '', '', '', '', ''),
(1, 2264, 'HKEX HSI202206', '', '', '', '', '', ''),
(3, 2265, 'HKEX MCH202206', '', '', '', '', '', ''),
(1, 2265, 'HKEX MCH202206', '', '', '', '', '', ''),
(3, 2266, 'HKEX MHI202206', '', '', '', '', '', ''),
(1, 2266, 'HKEX MHI202206', '', '', '', '', '', ''),
(3, 2267, 'HKEX FEM202206', '', '', '', '', '', ''),
(1, 2267, 'HKEX FEM202206', '', '', '', '', '', ''),
(3, 2268, 'HKEX FEQ202206', '', '', '', '', '', ''),
(1, 2268, 'HKEX FEQ202206', '', '', '', '', '', ''),
(3, 2269, 'HKEX GDU202206', '', '', '', '', '', ''),
(1, 2269, 'HKEX GDU202206', '', '', '', '', '', ''),
(3, 2270, 'HKEX GDR202206', '', '', '', '', '', ''),
(1, 2270, 'HKEX GDR202206', '', '', '', '', '', ''),
(3, 2271, 'HKEX CEU202206', '', '', '', '', '', ''),
(1, 2271, 'HKEX CEU202206', '', '', '', '', '', ''),
(3, 2272, 'HKEX CJP202206', '', '', '', '', '', ''),
(1, 2272, 'HKEX CJP202206', '', '', '', '', '', ''),
(1, 2273, 'HKEX CAU202206', '', '', '', '', '', ''),
(3, 2273, 'HKEX CAU202206', '', '', '', '', '', ''),
(3, 2274, 'HKEX CHH202206', '', '', '', '', '', ''),
(1, 2274, 'HKEX CHH202206', '', '', '', '', '', ''),
(3, 2275, 'HKEX UIN202206', '', '', '', '', '', ''),
(1, 2275, 'HKEX UIN202206', '', '', '', '', '', ''),
(3, 2276, 'HKEX CHH202206', '', '', '', '', '', ''),
(1, 2276, 'HKEX CHH202206', '', '', '', '', '', ''),
(3, 2277, 'HKEX CCB202206', '', '', '', '', '', ''),
(1, 2277, 'HKEX CCB202206', '', '', '', '', '', ''),
(3, 2278, 'HKEX CHT202206', '', '', '', '', '', ''),
(1, 2278, 'HKEX CHT202206', '', '', '', '', '', ''),
(3, 2279, 'HKEX HEX202206', '', '', '', '', '', ''),
(1, 2279, 'HKEX HEX202206', '', '', '', '', '', ''),
(3, 2280, 'HKEX HKB202206', '', '', '', '', '', ''),
(1, 2280, 'HKEX HKB202206', '', '', '', '', '', ''),
(3, 2281, 'HKEX ICB202206', '', '', '', '', '', ''),
(1, 2281, 'HKEX ICB202206', '', '', '', '', '', ''),
(3, 2282, 'HKEX PAI202206', '', '', '', '', '', ''),
(1, 2282, 'HKEX PAI202206', '', '', '', '', '', ''),
(3, 2283, 'HKEX TCH202206', '', '', '', '', '', ''),
(1, 2283, 'HKEX TCH202206', '', '', '', '', '', ''),
(3, 2284, 'HKEX MIU202206', '', '', '', '', '', ''),
(1, 2284, 'HKEX MIU202206', '', '', '', '', '', ''),
(3, 2285, 'HKEX MET202206', '', '', '', '', '', ''),
(1, 2285, 'HKEX MET202206', '', '', '', '', '', ''),
(3, 2286, 'HKEX ALB202206', '', '', '', '', '', ''),
(1, 2286, 'HKEX ALB202206', '', '', '', '', '', ''),
(3, 2287, 'HKEX TWR202206', '', '', '', '', '', ''),
(1, 2287, 'HKEX TWR202206', '', '', '', '', '', ''),
(3, 2288, 'HKEX BUD202206', '', '', '', '', '', ''),
(1, 2288, 'HKEX BUD202206', '', '', '', '', '', ''),
(3, 2289, 'HKEX GWM202206', '', '', '', '', '', ''),
(1, 2289, 'HKEX GWM202206', '', '', '', '', '', ''),
(3, 2290, 'HKEX JDC202206', '', '', '', '', '', ''),
(1, 2290, 'HKEX JDC202206', '', '', '', '', '', ''),
(3, 2291, 'HKEX NTE202206', '', '', '', '', '', ''),
(1, 2291, 'HKEX NTE202206', '', '', '', '', '', ''),
(3, 2292, 'HKEX CPC202206', '', '', '', '', '', ''),
(1, 2292, 'HKEX CPC202206', '', '', '', '', '', ''),
(3, 2293, 'HKEX CTC202206', '', '', '', '', '', ''),
(1, 2293, 'HKEX CTC202206', '', '', '', '', '', ''),
(3, 2294, 'HKEX PEC202206', '', '', '', '', '', ''),
(1, 2294, 'HKEX PEC202206', '', '', '', '', '', ''),
(3, 2295, 'HKEX CNC202206', '', '', '', '', '', ''),
(1, 2295, 'HKEX CNC202206', '', '', '', '', '', ''),
(3, 2296, 'HKEX CCC202206', '', '', '', '', '', ''),
(1, 2296, 'HKEX CCC202206', '', '', '', '', '', ''),
(3, 2297, 'HKEX PIC202206', '', '', '', '', '', ''),
(1, 2297, 'HKEX PIC202206', '', '', '', '', '', ''),
(3, 2298, 'HKEX BOC202206', '', '', '', '', '', ''),
(1, 2298, 'HKEX BOC202206', '', '', '', '', '', ''),
(3, 2299, 'HKEX CLI202206', '', '', '', '', '', ''),
(1, 2299, 'HKEX CLI202206', '', '', '', '', '', ''),
(3, 2300, 'HKEX CMB202206', '', '', '', '', '', ''),
(1, 2300, 'HKEX CMB202206', '', '', '', '', '', ''),
(3, 2301, 'HKEX A50202206', '', '', '', '', '', ''),
(1, 2301, 'HKEX A50202206', '', '', '', '', '', ''),
(3, 2302, 'HKEX AMC202206', '', '', '', '', '', ''),
(1, 2302, 'HKEX AMC202206', '', '', '', '', '', ''),
(3, 2303, 'HKEX CSA202206', '', '', '', '', '', ''),
(1, 2303, 'HKEX CSA202206', '', '', '', '', '', ''),
(3, 2304, 'HKEX MAN202206', '', '', '', '', '', ''),
(1, 2304, 'HKEX MAN202206', '', '', '', '', '', ''),
(3, 2305, 'HKEX MCN202206', '', '', '', '', '', ''),
(1, 2305, 'HKEX MCN202206', '', '', '', '', '', ''),
(3, 2306, 'HKEX EAN202206', '', '', '', '', '', ''),
(1, 2306, 'HKEX EAN202206', '', '', '', '', '', ''),
(3, 2307, 'HKEX MIN202206', '', '', '', '', '', ''),
(1, 2307, 'HKEX MIN202206', '', '', '', '', '', ''),
(3, 2308, 'HKEX MDN202206', '', '', '', '', '', ''),
(1, 2308, 'HKEX MDN202206', '', '', '', '', '', ''),
(3, 2309, 'HKEX MJU202206', '', '', '', '', '', ''),
(1, 2309, 'HKEX MJU202206', '', '', '', '', '', ''),
(3, 2310, 'HKEX MMN202206', '', '', '', '', '', ''),
(1, 2310, 'HKEX MMN202206', '', '', '', '', '', ''),
(3, 2311, 'HKEX MTW202206', '', '', '', '', '', ''),
(1, 2311, 'HKEX MTW202206', '', '', '', '', '', ''),
(3, 2312, 'HKEX MWN202206', '', '', '', '', '', ''),
(1, 2312, 'HKEX MWN202206', '', '', '', '', '', ''),
(3, 2313, 'HKEX MTN202206', '', '', '', '', '', ''),
(1, 2313, 'HKEX MTN202206', '', '', '', '', '', ''),
(3, 2314, 'HKEX MEI202206', '', '', '', '', '', ''),
(1, 2314, 'HKEX MEI202206', '', '', '', '', '', ''),
(3, 2315, 'HKEX EMN202206', '', '', '', '', '', ''),
(1, 2315, 'HKEX EMN202206', '', '', '', '', '', ''),
(3, 2316, 'HKEX MHK202206', '', '', '', '', '', ''),
(1, 2316, 'HKEX MHK202206', '', '', '', '', '', ''),
(3, 2317, 'HKEX MIA202206', '', '', '', '', '', ''),
(1, 2317, 'HKEX MIA202206', '', '', '', '', '', ''),
(3, 2318, 'HKEX MPN202206', '', '', '', '', '', ''),
(1, 2318, 'HKEX MPN202206', '', '', '', '', '', ''),
(3, 2319, 'HKEX MSN202206', '', '', '', '', '', ''),
(1, 2319, 'HKEX MSN202206', '', '', '', '', '', ''),
(3, 2320, 'HKEX MVN202206', '', '', '', '', '', ''),
(1, 2320, 'HKEX MVN202206', '', '', '', '', '', ''),
(3, 2321, 'HKEX MCF202206', '', '', '', '', '', ''),
(1, 2321, 'HKEX MCF202206', '', '', '', '', '', ''),
(3, 2322, 'HKEX MDI202206', '', '', '', '', '', ''),
(1, 2322, 'HKEX MDI202206', '', '', '', '', '', ''),
(3, 2323, 'HKEX MMA202206', '', '', '', '', '', ''),
(1, 2323, 'HKEX MMA202206', '', '', '', '', '', ''),
(3, 2324, 'HKEX MNZ202206', '', '', '', '', '', ''),
(1, 2324, 'HKEX MNZ202206', '', '', '', '', '', ''),
(3, 2325, 'HKEX MPS202206', '', '', '', '', '', ''),
(1, 2325, 'HKEX MPS202206', '', '', '', '', '', ''),
(1, 2326, 'HKEX MGN202206', '', '', '', '', '', ''),
(3, 2326, 'HKEX MGN202206', '', '', '', '', '', ''),
(3, 2327, 'HKEX MTD202206', '', '', '', '', '', ''),
(1, 2327, 'HKEX MTD202206', '', '', '', '', '', ''),
(3, 2328, 'HKEX MVI202206', '', '', '', '', '', ''),
(1, 2328, 'HKEX MVI202206', '', '', '', '', '', ''),
(3, 2329, 'HKEX MXC202206', '', '', '', '', '', ''),
(1, 2329, 'HKEX MXC202206', '', '', '', '', '', ''),
(3, 2330, 'HKEX MXK202206', '', '', '', '', '', ''),
(1, 2330, 'HKEX MXK202206', '', '', '', '', '', ''),
(3, 2331, 'HKEX MAC202206', '', '', '', '', '', ''),
(1, 2331, 'HKEX MAC202206', '', '', '', '', '', ''),
(3, 2332, 'HKEX MAK202206', '', '', '', '', '', ''),
(1, 2332, 'HKEX MAK202206', '', '', '', '', '', ''),
(3, 2333, 'HKEX MEE202206', '', '', '', '', '', ''),
(1, 2333, 'HKEX MEE202206', '', '', '', '', '', ''),
(3, 2334, 'HKEX MEL202206', '', '', '', '', '', ''),
(1, 2334, 'HKEX MEL202206', '', '', '', '', '', ''),
(3, 2335, 'HKEX MPC202206', '', '', '', '', '', ''),
(1, 2335, 'HKEX MPC202206', '', '', '', '', '', ''),
(3, 2336, 'HKEX MPJ202206', '', '', '', '', '', ''),
(1, 2336, 'HKEX MPJ202206', '', '', '', '', '', ''),
(1, 2337, 'HKEX MCA202206', '', '', '', '', '', ''),
(3, 2337, 'HKEX MCA202206', '', '', '', '', '', ''),
(3, 2338, 'EUREX DXM202206', '', '', '', '', '', ''),
(1, 2338, 'EUREX DXM202206', '', '', '', '', '', ''),
(3, 2339, 'EUREX ESX202206', '', '', '', '', '', ''),
(1, 2339, 'EUREX ESX202206', '', '', '', '', '', ''),
(3, 2340, 'EUREX SMI202206', '', '', '', '', '', ''),
(1, 2340, 'EUREX SMI202206', '', '', '', '', '', ''),
(3, 2341, 'EUREX VS202206', '', '', '', '', '', ''),
(1, 2341, 'EUREX VS202206', '', '', '', '', '', ''),
(3, 2342, 'EUREX GBL202206', '', '', '', '', '', ''),
(1, 2342, 'EUREX GBL202206', '', '', '', '', '', ''),
(3, 2343, 'EUREX GBM202206', '', '', '', '', '', ''),
(1, 2343, 'EUREX GBM202206', '', '', '', '', '', ''),
(3, 2344, 'EUREX GBS202206', '', '', '', '', '', ''),
(1, 2344, 'EUREX GBS202206', '', '', '', '', '', ''),
(3, 2345, 'EUREX FGBX202206', '', '', '', '', '', ''),
(1, 2345, 'EUREX FGBX202206', '', '', '', '', '', ''),
(3, 2346, 'EUREX FOAT202206', '', '', '', '', '', ''),
(1, 2346, 'EUREX FOAT202206', '', '', '', '', '', ''),
(3, 2347, 'EUREX FBTP202206', '', '', '', '', '', ''),
(1, 2347, 'EUREX FBTP202206', '', '', '', '', '', ''),
(3, 2348, 'EUREX FBON202206', '', '', '', '', '', ''),
(1, 2348, 'EUREX FBON202206', '', '', '', '', '', ''),
(3, 2349, 'EUREX FBTS202206', '', '', '', '', '', ''),
(1, 2349, 'EUREX FBTS202206', '', '', '', '', '', ''),
(3, 2350, 'ICUS DX202206', '', '', '', '', '', ''),
(1, 2350, 'ICUS DX202206', '', '', '', '', '', ''),
(3, 2351, 'ICE_SG BM202206', '', '', '', '', '', ''),
(1, 2351, 'ICE_SG BM202206', '', '', '', '', '', ''),
(3, 2352, 'ICE_SG SDX202206', '', '', '', '', '', ''),
(1, 2352, 'ICE_SG SDX202206', '', '', '', '', '', ''),
(3, 2353, 'ICEU B202206', '', '', '', '', '', ''),
(1, 2353, 'ICEU B202206', '', '', '', '', '', ''),
(3, 2354, 'ICEU G202206', '', '', '', '', '', ''),
(1, 2354, 'ICEU G202206', '', '', '', '', '', ''),
(3, 2355, 'ICEU T202206', '', '', '', '', '', ''),
(1, 2355, 'ICEU T202206', '', '', '', '', '', ''),
(3, 2356, 'ICEU Z202206', '', '', '', '', '', ''),
(1, 2356, 'ICEU Z202206', '', '', '', '', '', ''),
(3, 2357, 'BMD CPO202206', '', '', '', '', '', ''),
(1, 2357, 'BMD CPO202206', '', '', '', '', '', ''),
(3, 2358, 'CBOE VX202206', '', '', '', '', '', ''),
(1, 2358, 'CBOE VX202206', '', '', '', '', '', ''),
(3, 2359, 'APEX PF202206', '', '', '', '', '', ''),
(1, 2359, 'APEX PF202206', '', '', '', '', '', ''),
(3, 2360, 'TOCOM JCO202206', '', '', '', '', '', ''),
(1, 2360, 'TOCOM JCO202206', '', '', '', '', '', ''),
(3, 2361, 'OSE JAU202206', '', '', '', '', '', ''),
(1, 2361, 'OSE JAU202206', '', '', '', '', '', ''),
(3, 2362, 'OSE JRU202206', '', '', '', '', '', ''),
(1, 2362, 'OSE JRU202206', '', '', '', '', '', ''),
(3, 2363, 'OSE NK225202206', '', '', '', '', '', ''),
(1, 2363, 'OSE NK225202206', '', '', '', '', '', ''),
(3, 2364, 'OSE NK225M202206', '', '', '', '', '', ''),
(1, 2364, 'OSE NK225M202206', '', '', '', '', '', ''),
(3, 2365, 'OSE JGBL202206', '', '', '', '', '', ''),
(1, 2365, 'OSE JGBL202206', '', '', '', '', '', ''),
(3, 2366, 'OSE TOPIX202206', '', '', '', '', '', ''),
(1, 2366, 'OSE TOPIX202206', '', '', '', '', '', ''),
(3, 2367, 'DCE I202206', '', '', '', '', '', ''),
(1, 2367, 'DCE I202206', '', '', '', '', '', ''),
(3, 2368, 'ZCE TA202206', '', '', '', '', '', ''),
(1, 2368, 'ZCE TA202206', '', '', '', '', '', ''),
(3, 2369, 'INE SC202205', '', '', '', '', '', ''),
(1, 2369, 'INE SC202205', '', '', '', '', '', ''),
(3, 2370, 'INE NR202206', '', '', '', '', '', ''),
(1, 2370, 'INE NR202206', '', '', '', '', '', ''),
(3, 2371, 'INE LU202206', '', '', '', '', '', ''),
(1, 2371, 'INE LU202206', '', '', '', '', '', ''),
(3, 2372, 'INE BC202206', '', '', '', '', '', ''),
(1, 2372, 'INE BC202206', '', '', '', '', '', ''),
(3, 2373, 'CBOT C202207', '', '', '', '', '', ''),
(1, 2373, 'CBOT C202207', '', '', '', '', '', ''),
(1, 2374, 'CBOT O202207', '', '', '', '', '', ''),
(3, 2374, 'CBOT O202207', '', '', '', '', '', ''),
(3, 2375, 'CBOT S202207', '', '', '', '', '', ''),
(1, 2375, 'CBOT S202207', '', '', '', '', '', ''),
(3, 2376, 'CBOT W202207', '', '', '', '', '', ''),
(1, 2376, 'CBOT W202207', '', '', '', '', '', ''),
(3, 2377, 'CBOT KW202207', '', '', '', '', '', ''),
(1, 2377, 'CBOT KW202207', '', '', '', '', '', ''),
(3, 2378, 'CBOT ZL202207', '', '', '', '', '', ''),
(1, 2378, 'CBOT ZL202207', '', '', '', '', '', ''),
(3, 2379, 'CBOT ZM202207', '', '', '', '', '', ''),
(1, 2379, 'CBOT ZM202207', '', '', '', '', '', ''),
(3, 2380, 'CBOT ZR202207', '', '', '', '', '', ''),
(1, 2380, 'CBOT ZR202207', '', '', '', '', '', ''),
(3, 2381, 'CBOT ZQ202207', '', '', '', '', '', ''),
(1, 2381, 'CBOT ZQ202207', '', '', '', '', '', ''),
(3, 2382, 'CME BR202207', '', '', '', '', '', ''),
(1, 2382, 'CME BR202207', '', '', '', '', '', ''),
(3, 2383, 'CME RU202207', '', '', '', '', '', ''),
(1, 2383, 'CME RU202207', '', '', '', '', '', ''),
(3, 2384, 'CME RA202207', '', '', '', '', '', ''),
(1, 2384, 'CME RA202207', '', '', '', '', '', ''),
(3, 2385, 'CME MP202207', '', '', '', '', '', ''),
(1, 2385, 'CME MP202207', '', '', '', '', '', ''),
(3, 2386, 'CME CNH202207', '', '', '', '', '', ''),
(1, 2386, 'CME CNH202207', '', '', '', '', '', ''),
(3, 2387, 'CME LN202207', '', '', '', '', '', ''),
(1, 2387, 'CME LN202207', '', '', '', '', '', ''),
(3, 2388, 'COMEX SI202207', '', '', '', '', '', ''),
(1, 2388, 'COMEX SI202207', '', '', '', '', '', ''),
(3, 2389, 'COMEX HG202207', '', '', '', '', '', ''),
(1, 2389, 'COMEX HG202207', '', '', '', '', '', ''),
(3, 2390, 'COMEX QI202207', '', '', '', '', '', ''),
(1, 2390, 'COMEX QI202207', '', '', '', '', '', ''),
(3, 2391, 'NYMEX CL202207', '', '', '', '', '', ''),
(1, 2391, 'NYMEX CL202207', '', '', '', '', '', ''),
(3, 2392, 'NYMEX HO202207', '', '', '', '', '', ''),
(1, 2392, 'NYMEX HO202207', '', '', '', '', '', ''),
(3, 2393, 'NYMEX PL202207', '', '', '', '', '', ''),
(1, 2393, 'NYMEX PL202207', '', '', '', '', '', ''),
(3, 2394, 'NYMEX QG202207', '', '', '', '', '', ''),
(1, 2394, 'NYMEX QG202207', '', '', '', '', '', ''),
(3, 2395, 'NYMEX QM202207', '', '', '', '', '', ''),
(1, 2395, 'NYMEX QM202207', '', '', '', '', '', ''),
(3, 2396, 'NYMEX RB202207', '', '', '', '', '', ''),
(1, 2396, 'NYMEX RB202207', '', '', '', '', '', ''),
(3, 2397, 'NYMEX BZ202207', '', '', '', '', '', ''),
(1, 2397, 'NYMEX BZ202207', '', '', '', '', '', ''),
(3, 2398, 'HKEX FEM202207', '', '', '', '', '', ''),
(1, 2398, 'HKEX FEM202207', '', '', '', '', '', ''),
(3, 2399, 'HKEX GDU202207', '', '', '', '', '', ''),
(1, 2399, 'HKEX GDU202207', '', '', '', '', '', ''),
(3, 2400, 'HKEX GDR202207', '', '', '', '', '', ''),
(1, 2400, 'HKEX GDR202207', '', '', '', '', '', ''),
(3, 2401, 'SGX NK202207', '', '', '', '', '', ''),
(1, 2401, 'SGX NK202207', '', '', '', '', '', ''),
(3, 2402, 'SGX UC202207 ', '', '', '', '', '', ''),
(1, 2402, 'SGX UC202207 ', '', '', '', '', '', ''),
(3, 2403, 'SGX FE202207', '', '', '', '', '', ''),
(1, 2403, 'SGX FE202207', '', '', '', '', '', ''),
(3, 2404, 'SGX RT202207', '', '', '', '', '', ''),
(1, 2404, 'SGX RT202207', '', '', '', '', '', ''),
(3, 2405, 'SGX TF202207', '', '', '', '', '', ''),
(1, 2405, 'SGX TF202207', '', '', '', '', '', ''),
(3, 2406, 'SGX MYR202207', '', '', '', '', '', ''),
(1, 2406, 'SGX MYR202207', '', '', '', '', '', ''),
(3, 2407, 'EUREX VS202207', '', '', '', '', '', ''),
(1, 2407, 'EUREX VS202207', '', '', '', '', '', ''),
(3, 2408, 'ICUS CT202207', '', '', '', '', '', ''),
(1, 2408, 'ICUS CT202207', '', '', '', '', '', ''),
(3, 2409, 'ICUS KC202207', '', '', '', '', '', ''),
(1, 2409, 'ICUS KC202207', '', '', '', '', '', ''),
(3, 2410, 'ICUS OJ202207', '', '', '', '', '', ''),
(1, 2410, 'ICUS OJ202207', '', '', '', '', '', ''),
(3, 2411, 'ICUS SB202207', '', '', '', '', '', ''),
(1, 2411, 'ICUS SB202207', '', '', '', '', '', ''),
(3, 2412, 'ICE_SG BM202207', '', '', '', '', '', ''),
(1, 2412, 'ICE_SG BM202207', '', '', '', '', '', ''),
(3, 2413, 'ICEU B202207', '', '', '', '', '', ''),
(1, 2413, 'ICEU B202207', '', '', '', '', '', ''),
(3, 2414, 'ICEU G202207', '', '', '', '', '', ''),
(1, 2414, 'ICEU G202207', '', '', '', '', '', ''),
(3, 2415, 'ICEU T202207', '', '', '', '', '', ''),
(1, 2415, 'ICEU T202207', '', '', '', '', '', ''),
(3, 2416, 'ICEU C202207', '', '', '', '', '', ''),
(1, 2416, 'ICEU C202207', '', '', '', '', '', ''),
(3, 2417, 'ICEU RC202207', '', '', '', '', '', ''),
(1, 2417, 'ICEU RC202207', '', '', '', '', '', ''),
(3, 2418, 'BMD CPO202207', '', '', '', '', '', ''),
(1, 2418, 'BMD CPO202207', '', '', '', '', '', ''),
(3, 2419, 'CBOE VX202207', '', '', '', '', '', ''),
(1, 2419, 'CBOE VX202207', '', '', '', '', '', ''),
(3, 2420, 'APEX PF202207', '', '', '', '', '', ''),
(1, 2420, 'APEX PF202207', '', '', '', '', '', ''),
(3, 2421, 'TOCOM JCO202207', '', '', '', '', '', ''),
(1, 2421, 'TOCOM JCO202207', '', '', '', '', '', ''),
(3, 2422, 'OSE JRU202207', '', '', '', '', '', ''),
(1, 2422, 'OSE JRU202207', '', '', '', '', '', ''),
(3, 2423, 'DCE I202207', '', '', '', '', '', ''),
(1, 2423, 'DCE I202207', '', '', '', '', '', ''),
(3, 2424, 'ZCE TA202207', '', '', '', '', '', ''),
(1, 2424, 'ZCE TA202207', '', '', '', '', '', ''),
(3, 2425, 'INE SC202207', '', '', '', '', '', ''),
(1, 2425, 'INE SC202207', '', '', '', '', '', ''),
(3, 2426, 'INE NR202207', '', '', '', '', '', ''),
(1, 2426, 'INE NR202207', '', '', '', '', '', ''),
(3, 2427, 'INE LU202207', '', '', '', '', '', ''),
(1, 2427, 'INE LU202207', '', '', '', '', '', ''),
(3, 2428, 'INE BC202207', '', '', '', '', '', ''),
(1, 2428, 'INE BC202207', '', '', '', '', '', ''),
(3, 2429, 'CBOT S202208', '', '', '', '', '', ''),
(1, 2429, 'CBOT S202208', '', '', '', '', '', ''),
(3, 2430, 'CBOT ZL202208', '', '', '', '', '', ''),
(1, 2430, 'CBOT ZL202208', '', '', '', '', '', ''),
(3, 2431, 'CBOT ZM202208', '', '', '', '', '', ''),
(1, 2431, 'CBOT ZM202208', '', '', '', '', '', ''),
(3, 2432, 'CBOT ZQ202208', '', '', '', '', '', ''),
(1, 2432, 'CBOT ZQ202208', '', '', '', '', '', ''),
(3, 2433, 'CME BR202208', '', '', '', '', '', ''),
(1, 2433, 'CME BR202208', '', '', '', '', '', ''),
(3, 2434, 'CME RU202208', '', '', '', '', '', ''),
(1, 2434, 'CME RU202208', '', '', '', '', '', ''),
(3, 2435, 'CME RA202208', '', '', '', '', '', ''),
(1, 2435, 'CME RA202208', '', '', '', '', '', ''),
(3, 2436, 'CME MP202208', '', '', '', '', '', ''),
(1, 2436, 'CME MP202208', '', '', '', '', '', ''),
(3, 2437, 'CME CNH202208', '', '', '', '', '', ''),
(1, 2437, 'CME CNH202208', '', '', '', '', '', ''),
(3, 2438, 'CME FC202208', '', '', '', '', '', ''),
(1, 2438, 'CME FC202208', '', '', '', '', '', ''),
(3, 2439, 'CME LC202208', '', '', '', '', '', ''),
(1, 2439, 'CME LC202208', '', '', '', '', '', ''),
(3, 2440, 'CME LN202208', '', '', '', '', '', ''),
(1, 2440, 'CME LN202208', '', '', '', '', '', ''),
(3, 2441, 'COMEX GC202208', '', '', '', '', '', ''),
(1, 2441, 'COMEX GC202208', '', '', '', '', '', ''),
(3, 2442, 'COMEX HG202209', '', '', '', '', '', ''),
(1, 2442, 'COMEX HG202209', '', '', '', '', '', ''),
(3, 2443, 'COMEX QO202209', '', '', '', '', '', ''),
(1, 2443, 'COMEX QO202209', '', '', '', '', '', ''),
(3, 2444, 'NYMEX CL202209', '', '', '', '', '', ''),
(1, 2444, 'NYMEX CL202209', '', '', '', '', '', ''),
(3, 2445, 'NYMEX HO202209', '', '', '', '', '', ''),
(1, 2445, 'NYMEX HO202209', '', '', '', '', '', ''),
(3, 2446, 'NYMEX QG202209', '', '', '', '', '', ''),
(1, 2446, 'NYMEX QG202209', '', '', '', '', '', ''),
(3, 2447, 'NYMEX QM202209', '', '', '', '', '', ''),
(1, 2447, 'NYMEX QM202209', '', '', '', '', '', ''),
(3, 2448, 'NYMEX RB202209', '', '', '', '', '', ''),
(1, 2448, 'NYMEX RB202209', '', '', '', '', '', ''),
(3, 2449, 'NYMEX BZ202209', '', '', '', '', '', ''),
(1, 2449, 'NYMEX BZ202209', '', '', '', '', '', ''),
(3, 2450, 'HKEX FEM202209', '', '', '', '', '', ''),
(1, 2450, 'HKEX FEM202209', '', '', '', '', '', ''),
(3, 2451, 'HKEX GDU202209', '', '', '', '', '', ''),
(1, 2451, 'HKEX GDU202209', '', '', '', '', '', ''),
(3, 2452, 'HKEX GDR202208', '', '', '', '', '', ''),
(1, 2452, 'HKEX GDR202208', '', '', '', '', '', ''),
(3, 2453, 'SGX NK202208', '', '', '', '', '', ''),
(1, 2453, 'SGX NK202208', '', '', '', '', '', ''),
(3, 2454, 'SGX UC202208', '', '', '', '', '', ''),
(1, 2454, 'SGX UC202208', '', '', '', '', '', ''),
(3, 2455, 'SGX FE202208', '', '', '', '', '', ''),
(1, 2455, 'SGX FE202208', '', '', '', '', '', ''),
(3, 2456, 'SGX RT202208', '', '', '', '', '', ''),
(1, 2456, 'SGX RT202208', '', '', '', '', '', ''),
(3, 2457, 'SGX TF202208', '', '', '', '', '', ''),
(1, 2457, 'SGX TF202208', '', '', '', '', '', ''),
(3, 2458, 'SGX MYR202208', '', '', '', '', '', ''),
(1, 2458, 'SGX MYR202208', '', '', '', '', '', ''),
(3, 2459, 'EUREX VS202208', '', '', '', '', '', ''),
(1, 2459, 'EUREX VS202208', '', '', '', '', '', ''),
(3, 2460, 'BMD CPO202208', '', '', '', '', '', ''),
(1, 2460, 'BMD CPO202208', '', '', '', '', '', ''),
(3, 2461, 'CBOE VX202208', '', '', '', '', '', ''),
(1, 2461, 'CBOE VX202208', '', '', '', '', '', ''),
(3, 2462, 'APEX PF202208', '', '', '', '', '', ''),
(1, 2462, 'APEX PF202208', '', '', '', '', '', ''),
(3, 2463, 'TOCOM JCO202208', '', '', '', '', '', ''),
(1, 2463, 'TOCOM JCO202208', '', '', '', '', '', ''),
(3, 2464, 'OSE JAU202208', '', '', '', '', '', ''),
(1, 2464, 'OSE JAU202208', '', '', '', '', '', ''),
(3, 2465, 'OSE JRU202208', '', '', '', '', '', ''),
(1, 2465, 'OSE JRU202208', '', '', '', '', '', ''),
(3, 2466, 'DCE I202208', '', '', '', '', '', ''),
(1, 2466, 'DCE I202208', '', '', '', '', '', ''),
(3, 2467, 'ZCE TA202208', '', '', '', '', '', ''),
(1, 2467, 'ZCE TA202208', '', '', '', '', '', ''),
(3, 2468, 'INE SC202208', '', '', '', '', '', ''),
(1, 2468, 'INE SC202208', '', '', '', '', '', ''),
(3, 2469, 'INE NR202208', '', '', '', '', '', ''),
(1, 2469, 'INE NR202208', '', '', '', '', '', ''),
(3, 2470, 'INE LU202208', '', '', '', '', '', ''),
(1, 2470, 'INE LU202208', '', '', '', '', '', ''),
(3, 2471, 'INE BC202208', '', '', '', '', '', ''),
(1, 2471, 'INE BC202208', '', '', '', '', '', ''),
(3, 2472, 'CBOT C202209', '', '', '', '', '', ''),
(1, 2472, 'CBOT C202209', '', '', '', '', '', ''),
(3, 2473, 'CBOT O202209', '', '', '', '', '', ''),
(1, 2473, 'CBOT O202209', '', '', '', '', '', ''),
(3, 2474, 'CBOT S202209', '', '', '', '', '', ''),
(1, 2474, 'CBOT S202209', '', '', '', '', '', ''),
(3, 2475, 'CBOT W202209', '', '', '', '', '', ''),
(1, 2475, 'CBOT W202209', '', '', '', '', '', ''),
(3, 2476, 'CBOT KW202209', '', '', '', '', '', ''),
(1, 2476, 'CBOT KW202209', '', '', '', '', '', ''),
(3, 2477, 'CBOT ZL202209', '', '', '', '', '', ''),
(1, 2477, 'CBOT ZL202209', '', '', '', '', '', ''),
(3, 2478, 'CBOT ZM202209', '', '', '', '', '', ''),
(1, 2478, 'CBOT ZM202209', '', '', '', '', '', ''),
(3, 2479, 'CBOT ZR202209', '', '', '', '', '', ''),
(1, 2479, 'CBOT ZR202209', '', '', '', '', '', ''),
(3, 2480, 'CBOT UB202209', '', '', '', '', '', ''),
(1, 2480, 'CBOT UB202209', '', '', '', '', '', ''),
(3, 2481, 'CBOT ZB202209', '', '', '', '', '', ''),
(1, 2481, 'CBOT ZB202209', '', '', '', '', '', ''),
(3, 2482, 'CBOT ZN202209', '', '', '', '', '', ''),
(1, 2482, 'CBOT ZN202209', '', '', '', '', '', ''),
(3, 2483, 'CBOT ZF202209', '', '', '', '', '', ''),
(1, 2483, 'CBOT ZF202209', '', '', '', '', '', ''),
(3, 2484, 'CBOT ZT202209', '', '', '', '', '', ''),
(1, 2484, 'CBOT ZT202209', '', '', '', '', '', ''),
(3, 2485, 'CBOT MYM202209', '', '', '', '', '', ''),
(1, 2485, 'CBOT MYM202209', '', '', '', '', '', ''),
(3, 2486, 'CBOT YM202209', '', '', '', '', '', ''),
(1, 2486, 'CBOT YM202209', '', '', '', '', '', ''),
(3, 2487, 'CBOT ZQ202209', '', '', '', '', '', ''),
(1, 2487, 'CBOT ZQ202209', '', '', '', '', '', ''),
(3, 2488, 'CME AD202209', '', '', '', '', '', ''),
(1, 2488, 'CME AD202209', '', '', '', '', '', ''),
(3, 2489, 'CME BP202209', '', '', '', '', '', ''),
(1, 2489, 'CME BP202209', '', '', '', '', '', ''),
(3, 2490, 'CME CD202209', '', '', '', '', '', ''),
(1, 2490, 'CME CD202209', '', '', '', '', '', ''),
(3, 2491, 'CME EC202209', '', '', '', '', '', ''),
(1, 2491, 'CME EC202209', '', '', '', '', '', ''),
(3, 2492, 'CME JY202209', '', '', '', '', '', ''),
(1, 2492, 'CME JY202209', '', '', '', '', '', ''),
(3, 2493, 'CME NE202209', '', '', '', '', '', ''),
(1, 2493, 'CME NE202209', '', '', '', '', '', ''),
(3, 2494, 'CME SF202209', '', '', '', '', '', ''),
(1, 2494, 'CME SF202209', '', '', '', '', '', ''),
(3, 2495, 'CME BR202209', '', '', '', '', '', ''),
(1, 2495, 'CME BR202209', '', '', '', '', '', ''),
(3, 2496, 'CME PZ202209', '', '', '', '', '', ''),
(1, 2496, 'CME PZ202209', '', '', '', '', '', ''),
(3, 2497, 'CME FR202209', '', '', '', '', '', ''),
(1, 2497, 'CME FR202209', '', '', '', '', '', ''),
(3, 2498, 'CME RU202209', '', '', '', '', '', ''),
(1, 2498, 'CME RU202209', '', '', '', '', '', ''),
(3, 2499, 'CME ECD202209', '', '', '', '', '', ''),
(1, 2499, 'CME ECD202209', '', '', '', '', '', ''),
(3, 2500, 'CME RF202209', '', '', '', '', '', ''),
(1, 2500, 'CME RF202209', '', '', '', '', '', ''),
(3, 2501, 'CME RP202209', '', '', '', '', '', ''),
(1, 2501, 'CME RP202209', '', '', '', '', '', ''),
(3, 2502, 'CME RY202209', '', '', '', '', '', ''),
(1, 2502, 'CME RY202209', '', '', '', '', '', ''),
(3, 2503, 'CME RA202209', '', '', '', '', '', ''),
(1, 2503, 'CME RA202209', '', '', '', '', '', ''),
(3, 2504, 'CME MP202209', '', '', '', '', '', ''),
(1, 2504, 'CME MP202209', '', '', '', '', '', ''),
(3, 2505, 'CME CNH202209', '', '', '', '', '', ''),
(1, 2505, 'CME CNH202209', '', '', '', '', '', ''),
(3, 2506, 'CME ED202209', '', '', '', '', '', ''),
(1, 2506, 'CME ED202209', '', '', '', '', '', ''),
(3, 2507, 'CME NKD202209', '', '', '', '', '', ''),
(1, 2507, 'CME NKD202209', '', '', '', '', '', ''),
(3, 2508, 'CME NIY202209', '', '', '', '', '', ''),
(1, 2508, 'CME NIY202209', '', '', '', '', '', ''),
(3, 2509, 'CME M2K202209', '', '', '', '', '', ''),
(1, 2509, 'CME M2K202209', '', '', '', '', '', ''),
(3, 2510, 'CME MES202209', '', '', '', '', '', ''),
(1, 2510, 'CME MES202209', '', '', '', '', '', ''),
(3, 2511, 'CME MNQ202209', '', '', '', '', '', ''),
(1, 2511, 'CME MNQ202209', '', '', '', '', '', ''),
(3, 2512, 'CME RTY202209', '', '', '', '', '', ''),
(1, 2512, 'CME RTY202209', '', '', '', '', '', ''),
(3, 2513, 'CME ES202209', '', '', '', '', '', ''),
(1, 2513, 'CME ES202209', '', '', '', '', '', ''),
(3, 2514, 'CME NQ202209', '', '', '', '', '', ''),
(1, 2514, 'CME NQ202209', '', '', '', '', '', ''),
(3, 2515, 'CME FC202209', '', '', '', '', '', ''),
(1, 2515, 'CME FC202209', '', '', '', '', '', ''),
(3, 2516, 'COMEX SI202209', '', '', '', '', '', ''),
(1, 2516, 'COMEX SI202209', '', '', '', '', '', ''),
(3, 2517, 'COMEX HG202209', '', '', '', '', '', ''),
(1, 2517, 'COMEX HG202209', '', '', '', '', '', ''),
(3, 2518, 'COMEX QI202209', '', '', '', '', '', ''),
(1, 2518, 'COMEX QI202209', '', '', '', '', '', ''),
(3, 2519, 'NYMEX CL202209', '', '', '', '', '', ''),
(1, 2519, 'NYMEX CL202209', '', '', '', '', '', ''),
(3, 2520, 'NYMEX HO202209', '', '', '', '', '', ''),
(1, 2520, 'NYMEX HO202209', '', '', '', '', '', ''),
(3, 2521, 'NYMEX PA202209', '', '', '', '', '', ''),
(1, 2521, 'NYMEX PA202209', '', '', '', '', '', ''),
(3, 2522, 'NYMEX QG202209', '', '', '', '', '', ''),
(1, 2522, 'NYMEX QG202209', '', '', '', '', '', ''),
(3, 2523, 'NYMEX QM202209', '', '', '', '', '', ''),
(1, 2523, 'NYMEX QM202209', '', '', '', '', '', ''),
(3, 2524, 'NYMEX RB202209', '', '', '', '', '', ''),
(1, 2524, 'NYMEX RB202209', '', '', '', '', '', ''),
(3, 2525, 'NYMEX BZ202209', '', '', '', '', '', ''),
(1, 2525, 'NYMEX BZ202209', '', '', '', '', '', ''),
(3, 2526, 'HKEX CUS202209', '', '', '', '', '', ''),
(1, 2526, 'HKEX CUS202209', '', '', '', '', '', ''),
(3, 2527, 'HKEX MCS202209', '', '', '', '', '', ''),
(1, 2527, 'HKEX MCS202209', '', '', '', '', '', ''),
(3, 2528, 'HKEX FEM202209', '', '', '', '', '', ''),
(1, 2528, 'HKEX FEM202209', '', '', '', '', '', ''),
(3, 2529, 'HKEX FEQ202209', '', '', '', '', '', ''),
(1, 2529, 'HKEX FEQ202209', '', '', '', '', '', ''),
(3, 2530, 'HKEX GDU202209', '', '', '', '', '', ''),
(1, 2530, 'HKEX GDU202209', '', '', '', '', '', ''),
(3, 2531, 'HKEX GDR202209', '', '', '', '', '', ''),
(1, 2531, 'HKEX GDR202209', '', '', '', '', '', ''),
(3, 2532, 'HKEX UIN202209', '', '', '', '', '', ''),
(1, 2532, 'HKEX UIN202209', '', '', '', '', '', ''),
(3, 2533, 'HKEX CCB202209', '', '', '', '', '', ''),
(1, 2533, 'HKEX CCB202209', '', '', '', '', '', ''),
(3, 2534, 'HKEX CHT202209', '', '', '', '', '', ''),
(1, 2534, 'HKEX CHT202209', '', '', '', '', '', ''),
(3, 2535, 'HKEX HEX202209', '', '', '', '', '', ''),
(1, 2535, 'HKEX HEX202209', '', '', '', '', '', ''),
(3, 2536, 'HKEX HKB202209', '', '', '', '', '', ''),
(1, 2536, 'HKEX HKB202209', '', '', '', '', '', ''),
(3, 2537, 'HKEX ICB202209', '', '', '', '', '', ''),
(1, 2537, 'HKEX ICB202209', '', '', '', '', '', ''),
(3, 2538, 'HKEX PAI202209', '', '', '', '', '', ''),
(1, 2538, 'HKEX PAI202209', '', '', '', '', '', ''),
(3, 2539, 'HKEX TCH202209', '', '', '', '', '', ''),
(1, 2539, 'HKEX TCH202209', '', '', '', '', '', ''),
(3, 2540, 'HKEX MIU202209', '', '', '', '', '', ''),
(1, 2540, 'HKEX MIU202209', '', '', '', '', '', ''),
(3, 2541, 'HKEX MET202209', '', '', '', '', '', ''),
(1, 2541, 'HKEX MET202209', '', '', '', '', '', ''),
(3, 2542, 'HKEX ALB202209', '', '', '', '', '', ''),
(1, 2542, 'HKEX ALB202209', '', '', '', '', '', ''),
(3, 2543, 'HKEX TWR202209', '', '', '', '', '', ''),
(1, 2543, 'HKEX TWR202209', '', '', '', '', '', ''),
(3, 2544, 'HKEX BUD202209', '', '', '', '', '', ''),
(1, 2544, 'HKEX BUD202209', '', '', '', '', '', ''),
(3, 2545, 'HKEX GWM202209', '', '', '', '', '', ''),
(1, 2545, 'HKEX GWM202209', '', '', '', '', '', ''),
(3, 2546, 'HKEX JDC202209', '', '', '', '', '', ''),
(1, 2546, 'HKEX JDC202209', '', '', '', '', '', ''),
(3, 2547, 'HKEX NTE202209', '', '', '', '', '', ''),
(1, 2547, 'HKEX NTE202209', '', '', '', '', '', ''),
(3, 2548, 'HKEX CPC202209', '', '', '', '', '', ''),
(1, 2548, 'HKEX CPC202209', '', '', '', '', '', ''),
(3, 2549, 'HKEX CTC202209', '', '', '', '', '', ''),
(1, 2549, 'HKEX CTC202209', '', '', '', '', '', ''),
(3, 2550, 'HKEX PEC202209', '', '', '', '', '', ''),
(1, 2550, 'HKEX PEC202209', '', '', '', '', '', ''),
(3, 2551, 'HKEX CNC202209', '', '', '', '', '', ''),
(1, 2551, 'HKEX CNC202209', '', '', '', '', '', ''),
(3, 2552, 'HKEX CCC202209', '', '', '', '', '', ''),
(1, 2552, 'HKEX CCC202209', '', '', '', '', '', ''),
(3, 2553, 'HKEX PIC202209', '', '', '', '', '', ''),
(1, 2553, 'HKEX PIC202209', '', '', '', '', '', ''),
(3, 2554, 'HKEX BOC202209', '', '', '', '', '', ''),
(1, 2554, 'HKEX BOC202209', '', '', '', '', '', ''),
(3, 2555, 'HKEX CLI202209', '', '', '', '', '', ''),
(1, 2555, 'HKEX CLI202209', '', '', '', '', '', ''),
(3, 2556, 'HKEX CMB202209', '', '', '', '', '', ''),
(1, 2556, 'HKEX CMB202209', '', '', '', '', '', ''),
(3, 2557, 'HKEX A50202209', '', '', '', '', '', ''),
(1, 2557, 'HKEX A50202209', '', '', '', '', '', ''),
(3, 2558, 'HKEX AMC202209', '', '', '', '', '', ''),
(1, 2558, 'HKEX AMC202209', '', '', '', '', '', ''),
(3, 2559, 'HKEX CSA202209', '', '', '', '', '', ''),
(1, 2559, 'HKEX CSA202209', '', '', '', '', '', ''),
(3, 2560, 'HKEX MAN202209', '', '', '', '', '', ''),
(1, 2560, 'HKEX MAN202209', '', '', '', '', '', ''),
(1, 2561, 'HKEX MCN202209', '', '', '', '', '', ''),
(3, 2561, 'HKEX MCN202209', '', '', '', '', '', ''),
(3, 2562, 'HKEX EAN202209', '', '', '', '', '', ''),
(1, 2562, 'HKEX EAN202209', '', '', '', '', '', ''),
(3, 2563, 'HKEX MIN202209', '', '', '', '', '', ''),
(1, 2563, 'HKEX MIN202209', '', '', '', '', '', ''),
(3, 2564, 'HKEX MDN202209', '', '', '', '', '', ''),
(1, 2564, 'HKEX MDN202209', '', '', '', '', '', ''),
(3, 2565, 'HKEX MJU202209', '', '', '', '', '', ''),
(1, 2565, 'HKEX MJU202209', '', '', '', '', '', ''),
(3, 2566, 'HKEX MMN202209', '', '', '', '', '', ''),
(1, 2566, 'HKEX MMN202209', '', '', '', '', '', ''),
(3, 2567, 'HKEX MTW202209', '', '', '', '', '', ''),
(1, 2567, 'HKEX MTW202209', '', '', '', '', '', ''),
(3, 2568, 'HKEX MWN202209', '', '', '', '', '', ''),
(1, 2568, 'HKEX MWN202209', '', '', '', '', '', ''),
(3, 2569, 'HKEX MTN202209', '', '', '', '', '', ''),
(1, 2569, 'HKEX MTN202209', '', '', '', '', '', ''),
(3, 2570, 'HKEX MEI202209', '', '', '', '', '', ''),
(1, 2570, 'HKEX MEI202209', '', '', '', '', '', ''),
(3, 2571, 'HKEX EMN202209', '', '', '', '', '', ''),
(1, 2571, 'HKEX EMN202209', '', '', '', '', '', ''),
(3, 2572, 'HKEX MHK202209', '', '', '', '', '', ''),
(1, 2572, 'HKEX MHK202209', '', '', '', '', '', ''),
(3, 2573, 'HKEX MIA202209', '', '', '', '', '', ''),
(1, 2573, 'HKEX MIA202209', '', '', '', '', '', ''),
(3, 2574, 'HKEX MIA202209', '', '', '', '', '', ''),
(1, 2574, 'HKEX MIA202209', '', '', '', '', '', ''),
(3, 2575, 'HKEX MPN202209', '', '', '', '', '', ''),
(1, 2575, 'HKEX MPN202209', '', '', '', '', '', ''),
(3, 2576, 'HKEX MSN202209', '', '', '', '', '', ''),
(1, 2576, 'HKEX MSN202209', '', '', '', '', '', ''),
(3, 2577, 'HKEX MVN202209', '', '', '', '', '', ''),
(1, 2577, 'HKEX MVN202209', '', '', '', '', '', ''),
(3, 2578, 'HKEX MCF202209', '', '', '', '', '', ''),
(1, 2578, 'HKEX MCF202209', '', '', '', '', '', ''),
(3, 2579, 'HKEX MDI202209', '', '', '', '', '', ''),
(1, 2579, 'HKEX MDI202209', '', '', '', '', '', ''),
(3, 2580, 'HKEX MMA202209', '', '', '', '', '', ''),
(1, 2580, 'HKEX MMA202209', '', '', '', '', '', ''),
(3, 2581, 'HKEX MNZ202209', '', '', '', '', '', ''),
(1, 2581, 'HKEX MNZ202209', '', '', '', '', '', ''),
(3, 2582, 'HKEX MPS202209', '', '', '', '', '', ''),
(1, 2582, 'HKEX MPS202209', '', '', '', '', '', ''),
(3, 2583, 'HKEX MGN202209', '', '', '', '', '', ''),
(1, 2583, 'HKEX MGN202209', '', '', '', '', '', ''),
(3, 2584, 'HKEX MTD202209', '', '', '', '', '', ''),
(1, 2584, 'HKEX MTD202209', '', '', '', '', '', ''),
(3, 2585, 'HKEX MVI202209', '', '', '', '', '', ''),
(1, 2585, 'HKEX MVI202209', '', '', '', '', '', ''),
(3, 2586, 'HKEX MXC202209', '', '', '', '', '', ''),
(1, 2586, 'HKEX MXC202209', '', '', '', '', '', ''),
(3, 2587, 'HKEX MXK202209', '', '', '', '', '', ''),
(1, 2587, 'HKEX MXK202209', '', '', '', '', '', ''),
(3, 2588, 'HKEX MAC202209', '', '', '', '', '', ''),
(1, 2588, 'HKEX MAC202209', '', '', '', '', '', ''),
(3, 2589, 'HKEX MAK202209', '', '', '', '', '', ''),
(1, 2589, 'HKEX MAK202209', '', '', '', '', '', ''),
(3, 2590, 'HKEX MEE202209', '', '', '', '', '', ''),
(1, 2590, 'HKEX MEE202209', '', '', '', '', '', ''),
(3, 2591, 'HKEX MEL202209', '', '', '', '', '', ''),
(1, 2591, 'HKEX MEL202209', '', '', '', '', '', ''),
(3, 2592, 'HKEX MPC202209', '', '', '', '', '', ''),
(1, 2592, 'HKEX MPC202209', '', '', '', '', '', ''),
(3, 2593, 'HKEX MPJ202209', '', '', '', '', '', ''),
(1, 2593, 'HKEX MPJ202209', '', '', '', '', '', ''),
(3, 2594, 'HKEX MCA202209', '', '', '', '', '', ''),
(1, 2594, 'HKEX MCA202209', '', '', '', '', '', ''),
(3, 2595, 'SGX CN202209', '', '', '', '', '', ''),
(1, 2595, 'SGX CN202209', '', '', '', '', '', ''),
(3, 2596, 'SGX FCH202209', '', '', '', '', '', ''),
(1, 2596, 'SGX FCH202209', '', '', '', '', '', ''),
(3, 2597, 'SGX NK202209', '', '', '', '', '', ''),
(1, 2597, 'SGX NK202209', '', '', '', '', '', ''),
(3, 2598, 'SGX SG202209', '', '', '', '', '', ''),
(1, 2598, 'SGX SG202209', '', '', '', '', '', ''),
(3, 2599, 'SGX UC202209', '', '', '', '', '', ''),
(1, 2599, 'SGX UC202209', '', '', '', '', '', ''),
(3, 2600, 'SGX MUC202209', '', '', '', '', '', ''),
(1, 2600, 'SGX MUC202209', '', '', '', '', '', ''),
(3, 2601, 'SGX FE202209', '', '', '', '', '', ''),
(1, 2601, 'SGX FE202209', '', '', '', '', '', ''),
(3, 2602, 'SGX IN202209', '', '', '', '', '', ''),
(1, 2602, 'SGX IN202209', '', '', '', '', '', ''),
(3, 2603, 'SGX RT202209', '', '', '', '', '', ''),
(1, 2603, 'SGX RT202209', '', '', '', '', '', ''),
(3, 2604, 'SGX TF202209', '', '', '', '', '', ''),
(1, 2604, 'SGX TF202209', '', '', '', '', '', ''),
(3, 2605, 'SGX MYR202209', '', '', '', '', '', ''),
(1, 2605, 'SGX MYR202209', '', '', '', '', '', ''),
(3, 2606, 'EUREX DXM202209', '', '', '', '', '', ''),
(1, 2606, 'EUREX DXM202209', '', '', '', '', '', ''),
(3, 2607, 'EUREX ESX202209', '', '', '', '', '', ''),
(1, 2607, 'EUREX ESX202209', '', '', '', '', '', ''),
(3, 2608, 'EUREX SMI202209', '', '', '', '', '', ''),
(1, 2608, 'EUREX SMI202209', '', '', '', '', '', ''),
(3, 2609, 'EUREX GBL202209', '', '', '', '', '', ''),
(1, 2609, 'EUREX GBL202209', '', '', '', '', '', ''),
(3, 2610, 'EUREX GBM202209', '', '', '', '', '', ''),
(1, 2610, 'EUREX GBM202209', '', '', '', '', '', ''),
(3, 2611, 'EUREX GBS202209', '', '', '', '', '', ''),
(1, 2611, 'EUREX GBS202209', '', '', '', '', '', ''),
(3, 2612, 'EUREX FGBX202209', '', '', '', '', '', ''),
(1, 2612, 'EUREX FGBX202209', '', '', '', '', '', ''),
(3, 2613, 'EUREX FOAT202209', '', '', '', '', '', ''),
(1, 2613, 'EUREX FOAT202209', '', '', '', '', '', ''),
(3, 2614, 'EUREX FBTP202209', '', '', '', '', '', ''),
(1, 2614, 'EUREX FBTP202209', '', '', '', '', '', ''),
(3, 2615, 'EUREX FBON202209', '', '', '', '', '', ''),
(1, 2615, 'EUREX FBON202209', '', '', '', '', '', ''),
(3, 2616, 'EUREX FBTS202209', '', '', '', '', '', ''),
(1, 2616, 'EUREX FBTS202209', '', '', '', '', '', ''),
(3, 2617, 'ICUS DX202209', '', '', '', '', '', ''),
(1, 2617, 'ICUS DX202209', '', '', '', '', '', ''),
(3, 2618, 'ICUS KC202209', '', '', '', '', '', ''),
(1, 2618, 'ICUS KC202209', '', '', '', '', '', ''),
(3, 2619, 'ICUS OJ202209', '', '', '', '', '', ''),
(1, 2619, 'ICUS OJ202209', '', '', '', '', '', ''),
(3, 2620, 'ICE_SG BM202209', '', '', '', '', '', ''),
(1, 2620, 'ICE_SG BM202209', '', '', '', '', '', ''),
(3, 2621, 'ICE_SG SDX202209', '', '', '', '', '', ''),
(1, 2621, 'ICE_SG SDX202209', '', '', '', '', '', ''),
(3, 2622, 'ICEU B202209', '', '', '', '', '', ''),
(1, 2622, 'ICEU B202209', '', '', '', '', '', ''),
(1, 2623, 'ICEU G202209', '', '', '', '', '', ''),
(3, 2623, 'ICEU G202209', '', '', '', '', '', ''),
(3, 2624, 'ICEU T202209', '', '', '', '', '', ''),
(1, 2624, 'ICEU T202209', '', '', '', '', '', ''),
(3, 2625, 'ICEU Z202209', '', '', '', '', '', ''),
(1, 2625, 'ICEU Z202209', '', '', '', '', '', ''),
(3, 2626, 'ICEU C202209', '', '', '', '', '', ''),
(1, 2626, 'ICEU C202209', '', '', '', '', '', ''),
(1, 2627, 'ICEU RC202209', '', '', '', '', '', ''),
(3, 2627, 'ICEU RC202209', '', '', '', '', '', ''),
(3, 2628, 'BMD CPO202209', '', '', '', '', '', ''),
(1, 2628, 'BMD CPO202209', '', '', '', '', '', ''),
(3, 2629, 'CBOE VX202209', '', '', '', '', '', ''),
(1, 2629, 'CBOE VX202209', '', '', '', '', '', ''),
(3, 2630, 'APEX PF202209', '', '', '', '', '', ''),
(1, 2630, 'APEX PF202209', '', '', '', '', '', ''),
(3, 2631, 'TOCOM JCO202209', '', '', '', '', '', ''),
(1, 2631, 'TOCOM JCO202209', '', '', '', '', '', ''),
(3, 2632, 'OSE JRU202209', '', '', '', '', '', ''),
(1, 2632, 'OSE JRU202209', '', '', '', '', '', ''),
(3, 2633, 'OSE NK225202209', '', '', '', '', '', ''),
(1, 2633, 'OSE NK225202209', '', '', '', '', '', ''),
(3, 2634, 'OSE NK225M202209', '', '', '', '', '', ''),
(1, 2634, 'OSE NK225M202209', '', '', '', '', '', ''),
(3, 2635, 'OSE JGBL202209', '', '', '', '', '', ''),
(1, 2635, 'OSE JGBL202209', '', '', '', '', '', ''),
(3, 2636, 'OSE TOPIX202209', '', '', '', '', '', ''),
(1, 2636, 'OSE TOPIX202209', '', '', '', '', '', ''),
(3, 2637, 'DCE I202209', '', '', '', '', '', ''),
(1, 2637, 'DCE I202209', '', '', '', '', '', ''),
(3, 2638, 'ZCE TA202209', '', '', '', '', '', ''),
(1, 2638, 'ZCE TA202209', '', '', '', '', '', ''),
(3, 2639, 'INE SC202209', '', '', '', '', '', ''),
(1, 2639, 'INE SC202209', '', '', '', '', '', ''),
(3, 2640, 'INE NR202209', '', '', '', '', '', ''),
(1, 2640, 'INE NR202209', '', '', '', '', '', ''),
(3, 2641, 'INE LU202209', '', '', '', '', '', ''),
(1, 2641, 'INE LU202209', '', '', '', '', '', ''),
(3, 2642, 'INE BC202209', '', '', '', '', '', ''),
(1, 2642, 'INE BC202209', '', '', '', '', '', ''),
(1, 2643, 'CBOT ZL202210', '', '', '', '', '', ''),
(3, 2643, 'CBOT ZL202210', '', '', '', '', '', ''),
(3, 2644, 'CBOT ZM202210', '', '', '', '', '', ''),
(1, 2644, 'CBOT ZM202210', '', '', '', '', '', ''),
(3, 2645, 'CBOT ZQ202210', '', '', '', '', '', ''),
(1, 2645, 'CBOT ZQ202210', '', '', '', '', '', ''),
(3, 2646, 'CME BR202210', '', '', '', '', '', ''),
(1, 2646, 'CME BR202210', '', '', '', '', '', ''),
(3, 2647, 'CME RU202210', '', '', '', '', '', ''),
(1, 2647, 'CME RU202210', '', '', '', '', '', ''),
(1, 2648, 'CME RA202210', '', '', '', '', '', ''),
(3, 2648, 'CME RA202210', '', '', '', '', '', ''),
(3, 2649, 'CME MP202210', '', '', '', '', '', ''),
(1, 2649, 'CME MP202210', '', '', '', '', '', ''),
(3, 2650, 'CME CNH202210', '', '', '', '', '', ''),
(1, 2650, 'CME CNH202210', '', '', '', '', '', '');
INSERT INTO `tb_huatai_trading_future_desc` (`language_id`, `trading_future_id`, `name`, `detail`, `url`, `seo_desc`, `seo_title`, `detail2`, `seo_h1`) VALUES
(1, 2651, 'CME FC202210', '', '', '', '', '', ''),
(3, 2651, 'CME FC202210', '', '', '', '', '', ''),
(1, 2652, 'CME LC202210', '', '', '', '', '', ''),
(3, 2652, 'CME LC202210', '', '', '', '', '', ''),
(3, 2653, 'CME LN202210', '', '', '', '', '', ''),
(1, 2653, 'CME LN202210', '', '', '', '', '', ''),
(3, 2654, 'COMEX GC202210', '', '', '', '', '', ''),
(1, 2654, 'COMEX GC202210', '', '', '', '', '', ''),
(3, 2655, 'COMEX HG202210', '', '', '', '', '', ''),
(1, 2655, 'COMEX HG202210', '', '', '', '', '', ''),
(3, 2656, 'COMEX QO202210', '', '', '', '', '', ''),
(1, 2656, 'COMEX QO202210', '', '', '', '', '', ''),
(3, 2657, 'NYMEX CL202210', '', '', '', '', '', ''),
(1, 2657, 'NYMEX CL202210', '', '', '', '', '', ''),
(3, 2658, 'NYMEX HO202210', '', '', '', '', '', ''),
(1, 2658, 'NYMEX HO202210', '', '', '', '', '', ''),
(3, 2659, 'NYMEX PL202210', '', '', '', '', '', ''),
(1, 2659, 'NYMEX PL202210', '', '', '', '', '', ''),
(3, 2660, 'NYMEX QG202210', '', '', '', '', '', ''),
(1, 2660, 'NYMEX QG202210', '', '', '', '', '', ''),
(3, 2661, 'NYMEX QM202210', '', '', '', '', '', ''),
(1, 2661, 'NYMEX QM202210', '', '', '', '', '', ''),
(3, 2662, 'NYMEX RB202210', '', '', '', '', '', ''),
(1, 2662, 'NYMEX RB202210', '', '', '', '', '', ''),
(3, 2663, 'NYMEX BZ202210', '', '', '', '', '', ''),
(1, 2663, 'NYMEX BZ202210', '', '', '', '', '', ''),
(3, 2664, 'HKEX FEM202210', '', '', '', '', '', ''),
(1, 2664, 'HKEX FEM202210', '', '', '', '', '', ''),
(3, 2665, 'HKEX GDU202210', '', '', '', '', '', ''),
(1, 2665, 'HKEX GDU202210', '', '', '', '', '', ''),
(3, 2666, 'HKEX GDR202210', '', '', '', '', '', ''),
(1, 2666, 'HKEX GDR202210', '', '', '', '', '', ''),
(3, 2667, 'SGX NK202210', '', '', '', '', '', ''),
(1, 2667, 'SGX NK202210', '', '', '', '', '', ''),
(3, 2668, 'SGX UC202210', '', '', '', '', '', ''),
(1, 2668, 'SGX UC202210', '', '', '', '', '', ''),
(3, 2669, 'SGX FE202210', '', '', '', '', '', ''),
(1, 2669, 'SGX FE202210', '', '', '', '', '', ''),
(3, 2670, 'SGX RT202210', '', '', '', '', '', ''),
(1, 2670, 'SGX RT202210', '', '', '', '', '', ''),
(3, 2671, 'SGX TF202210', '', '', '', '', '', ''),
(1, 2671, 'SGX TF202210', '', '', '', '', '', ''),
(3, 2672, 'SGX MYR202210', '', '', '', '', '', ''),
(1, 2672, 'SGX MYR202210', '', '', '', '', '', ''),
(3, 2673, 'ICUS CT202210', '', '', '', '', '', ''),
(1, 2673, 'ICUS CT202210', '', '', '', '', '', ''),
(3, 2674, 'ICUS SB202210', '', '', '', '', '', ''),
(1, 2674, 'ICUS SB202210', '', '', '', '', '', ''),
(3, 2675, 'ICE_SG BM202210', '', '', '', '', '', ''),
(1, 2675, 'ICE_SG BM202210', '', '', '', '', '', ''),
(3, 2676, 'ICEU B202210', '', '', '', '', '', ''),
(1, 2676, 'ICEU B202210', '', '', '', '', '', ''),
(3, 2677, 'ICEU G202210', '', '', '', '', '', ''),
(1, 2677, 'ICEU G202210', '', '', '', '', '', ''),
(3, 2678, 'ICEU T202210', '', '', '', '', '', ''),
(1, 2678, 'ICEU T202210', '', '', '', '', '', ''),
(3, 2679, 'ICEU W202210', '', '', '', '', '', ''),
(1, 2679, 'ICEU W202210', '', '', '', '', '', ''),
(3, 2680, 'BMD CPO202210', '', '', '', '', '', ''),
(1, 2680, 'BMD CPO202210', '', '', '', '', '', ''),
(3, 2681, 'APEX PF202210', '', '', '', '', '', ''),
(1, 2681, 'APEX PF202210', '', '', '', '', '', ''),
(3, 2682, 'TOCOM JCO202210', '', '', '', '', '', ''),
(1, 2682, 'TOCOM JCO202210', '', '', '', '', '', ''),
(3, 2683, 'OSE JAU202210', '', '', '', '', '', ''),
(1, 2683, 'OSE JAU202210', '', '', '', '', '', ''),
(3, 2684, 'OSE JRU202210', '', '', '', '', '', ''),
(1, 2684, 'OSE JRU202210', '', '', '', '', '', ''),
(3, 2685, 'DCE I202210', '', '', '', '', '', ''),
(1, 2685, 'DCE I202210', '', '', '', '', '', ''),
(3, 2686, 'ZCE TA202210', '', '', '', '', '', ''),
(1, 2686, 'ZCE TA202210', '', '', '', '', '', ''),
(3, 2687, 'INE SC202210', '', '', '', '', '', ''),
(1, 2687, 'INE SC202210', '', '', '', '', '', ''),
(3, 2688, 'INE	NR202210', '', '', '', '', '', ''),
(1, 2688, 'INE	NR202210', '', '', '', '', '', ''),
(3, 2689, 'INE	LU202210', '', '', '', '', '', ''),
(1, 2689, 'INE	LU202210', '', '', '', '', '', ''),
(3, 2690, 'INE BC202210', '', '', '', '', '', ''),
(1, 2690, 'INE BC202210', '', '', '', '', '', ''),
(1, 2691, 'CBOT S202211', '', '', '', '', '', ''),
(3, 2691, 'CBOT S202211', '', '', '', '', '', ''),
(3, 2692, 'CBOT ZR202211', '', '', '', '', '', ''),
(1, 2692, 'CBOT ZR202211', '', '', '', '', '', ''),
(3, 2693, 'CBOT ZQ202211', '', '', '', '', '', ''),
(1, 2693, 'CBOT ZQ202211', '', '', '', '', '', ''),
(3, 2694, 'CME BR202211', '', '', '', '', '', ''),
(1, 2694, 'CME BR202211', '', '', '', '', '', ''),
(3, 2695, 'CME RU202211', '', '', '', '', '', ''),
(1, 2695, 'CME RU202211', '', '', '', '', '', ''),
(3, 2696, 'CME RA202211', '', '', '', '', '', ''),
(1, 2696, 'CME RA202211', '', '', '', '', '', ''),
(3, 2697, 'CME MP202211', '', '', '', '', '', ''),
(1, 2697, 'CME MP202211', '', '', '', '', '', ''),
(3, 2698, 'CME CNH202211', '', '', '', '', '', ''),
(1, 2698, 'CME CNH202211', '', '', '', '', '', ''),
(3, 2699, 'CME FC202211', '', '', '', '', '', ''),
(1, 2699, 'CME FC202211', '', '', '', '', '', ''),
(3, 2700, 'COMEX HG202211', '', '', '', '', '', ''),
(1, 2700, 'COMEX HG202211', '', '', '', '', '', ''),
(3, 2701, 'NYMEX CL202211', '', '', '', '', '', ''),
(1, 2701, 'NYMEX CL202211', '', '', '', '', '', ''),
(3, 2702, 'NYMEX HO202211', '', '', '', '', '', ''),
(1, 2702, 'NYMEX HO202211', '', '', '', '', '', ''),
(3, 2703, 'NYMEX QG202211', '', '', '', '', '', ''),
(1, 2703, 'NYMEX QG202211', '', '', '', '', '', ''),
(3, 2704, 'NYMEX QM202211', '', '', '', '', '', ''),
(1, 2704, 'NYMEX QM202211', '', '', '', '', '', ''),
(3, 2705, 'NYMEX RB202211', '', '', '', '', '', ''),
(1, 2705, 'NYMEX RB202211', '', '', '', '', '', ''),
(3, 2706, 'NYMEX BZ202211', '', '', '', '', '', ''),
(1, 2706, 'NYMEX BZ202211', '', '', '', '', '', ''),
(3, 2707, 'HKEX FEM202211', '', '', '', '', '', ''),
(1, 2707, 'HKEX FEM202211', '', '', '', '', '', ''),
(3, 2708, 'HKEX GDU202211', '', '', '', '', '', ''),
(1, 2708, 'HKEX GDU202211', '', '', '', '', '', ''),
(3, 2709, 'HKEX GDR202211', '', '', '', '', '', ''),
(1, 2709, 'HKEX GDR202211', '', '', '', '', '', ''),
(3, 2710, 'SGX UC202211', '', '', '', '', '', ''),
(1, 2710, 'SGX UC202211', '', '', '', '', '', ''),
(3, 2711, 'SGX FE202211', '', '', '', '', '', ''),
(1, 2711, 'SGX FE202211', '', '', '', '', '', ''),
(3, 2712, 'SGX RT202211', '', '', '', '', '', ''),
(1, 2712, 'SGX RT202211', '', '', '', '', '', ''),
(3, 2713, 'SGX TF202211', '', '', '', '', '', ''),
(1, 2713, 'SGX TF202211', '', '', '', '', '', ''),
(3, 2714, 'SGX MYR202211', '', '', '', '', '', ''),
(1, 2714, 'SGX MYR202211', '', '', '', '', '', ''),
(1, 2715, 'ICUS OJ202211', '', '', '', '', '', ''),
(3, 2715, 'ICUS OJ202211', '', '', '', '', '', ''),
(3, 2716, 'ICE_SG BM202211', '', '', '', '', '', ''),
(1, 2716, 'ICE_SG BM202211', '', '', '', '', '', ''),
(3, 2717, 'ICEU B202211', '', '', '', '', '', ''),
(1, 2717, 'ICEU B202211', '', '', '', '', '', ''),
(3, 2718, 'ICEU G202211', '', '', '', '', '', ''),
(1, 2718, 'ICEU G202211', '', '', '', '', '', ''),
(3, 2719, 'ICEU T202211', '', '', '', '', '', ''),
(1, 2719, 'ICEU T202211', '', '', '', '', '', ''),
(3, 2720, 'ICEU RC202211', '', '', '', '', '', ''),
(1, 2720, 'ICEU RC202211', '', '', '', '', '', ''),
(3, 2721, 'BMD CPO202211', '', '', '', '', '', ''),
(1, 2721, 'BMD CPO202211', '', '', '', '', '', ''),
(3, 2722, 'APEX PF202211', '', '', '', '', '', ''),
(1, 2722, 'APEX PF202211', '', '', '', '', '', ''),
(3, 2723, 'TOCOM JCO202211', '', '', '', '', '', ''),
(1, 2723, 'TOCOM JCO202211', '', '', '', '', '', ''),
(3, 2724, 'OSE JRU202211', '', '', '', '', '', ''),
(1, 2724, 'OSE JRU202211', '', '', '', '', '', ''),
(3, 2725, 'DCE I202211', '', '', '', '', '', ''),
(1, 2725, 'DCE I202211', '', '', '', '', '', ''),
(3, 2726, 'ZCE TA202211', '', '', '', '', '', ''),
(1, 2726, 'ZCE TA202211', '', '', '', '', '', ''),
(3, 2727, 'INE SC202211', '', '', '', '', '', ''),
(1, 2727, 'INE SC202211', '', '', '', '', '', ''),
(3, 2728, 'INE	NR202211', '', '', '', '', '', ''),
(1, 2728, 'INE	NR202211', '', '', '', '', '', ''),
(3, 2729, 'INE	LU202211', '', '', '', '', '', ''),
(1, 2729, 'INE	LU202211', '', '', '', '', '', ''),
(3, 2730, 'INE	BC202211', '', '', '', '', '', ''),
(1, 2730, 'INE	BC202211', '', '', '', '', '', ''),
(3, 2731, 'CBOT C202212', '', '', '', '', '', ''),
(1, 2731, 'CBOT C202212', '', '', '', '', '', ''),
(3, 2732, 'CBOT O202212', '', '', '', '', '', ''),
(1, 2732, 'CBOT O202212', '', '', '', '', '', ''),
(3, 2733, 'CBOT W202212', '', '', '', '', '', ''),
(1, 2733, 'CBOT W202212', '', '', '', '', '', ''),
(3, 2734, 'CBOT KW202212', '', '', '', '', '', ''),
(1, 2734, 'CBOT KW202212', '', '', '', '', '', ''),
(3, 2735, 'CBOT ZL202212', '', '', '', '', '', ''),
(1, 2735, 'CBOT ZL202212', '', '', '', '', '', ''),
(3, 2736, 'CBOT ZM202212', '', '', '', '', '', ''),
(1, 2736, 'CBOT ZM202212', '', '', '', '', '', ''),
(3, 2737, 'CBOT MYM202212', '', '', '', '', '', ''),
(1, 2737, 'CBOT MYM202212', '', '', '', '', '', ''),
(3, 2738, 'CBOT YM202212', '', '', '', '', '', ''),
(1, 2738, 'CBOT YM202212', '', '', '', '', '', ''),
(3, 2739, 'CBOT ZQ202212', '', '', '', '', '', ''),
(1, 2739, 'CBOT ZQ202212', '', '', '', '', '', ''),
(3, 2740, 'CME AD202212', '', '', '', '', '', ''),
(1, 2740, 'CME AD202212', '', '', '', '', '', ''),
(3, 2741, 'CME BP202212', '', '', '', '', '', ''),
(1, 2741, 'CME BP202212', '', '', '', '', '', ''),
(3, 2742, 'CME CD202212', '', '', '', '', '', ''),
(1, 2742, 'CME CD202212', '', '', '', '', '', ''),
(3, 2743, 'CME EC202212', '', '', '', '', '', ''),
(1, 2743, 'CME EC202212', '', '', '', '', '', ''),
(3, 2744, 'CME JY202212', '', '', '', '', '', ''),
(1, 2744, 'CME JY202212', '', '', '', '', '', ''),
(3, 2745, 'CME NE202212', '', '', '', '', '', ''),
(1, 2745, 'CME NE202212', '', '', '', '', '', ''),
(3, 2746, 'CME SF202212', '', '', '', '', '', ''),
(1, 2746, 'CME SF202212', '', '', '', '', '', ''),
(3, 2747, 'CME BR202212', '', '', '', '', '', ''),
(1, 2747, 'CME BR202212', '', '', '', '', '', ''),
(3, 2748, 'CME PZ202212', '', '', '', '', '', ''),
(1, 2748, 'CME PZ202212', '', '', '', '', '', ''),
(3, 2749, 'CME FR202212', '', '', '', '', '', ''),
(1, 2749, 'CME FR202212', '', '', '', '', '', ''),
(3, 2750, 'CME RU202212', '', '', '', '', '', ''),
(1, 2750, 'CME RU202212', '', '', '', '', '', ''),
(1, 2751, 'CME ECD202212', '', '', '', '', '', ''),
(3, 2751, 'CME ECD202212', '', '', '', '', '', ''),
(3, 2752, 'CME RF202212', '', '', '', '', '', ''),
(1, 2752, 'CME RF202212', '', '', '', '', '', ''),
(3, 2753, 'CME RP202212', '', '', '', '', '', ''),
(1, 2753, 'CME RP202212', '', '', '', '', '', ''),
(3, 2754, 'CME RY202212', '', '', '', '', '', ''),
(1, 2754, 'CME RY202212', '', '', '', '', '', ''),
(3, 2755, 'CME RA202212', '', '', '', '', '', ''),
(1, 2755, 'CME RA202212', '', '', '', '', '', ''),
(3, 2756, 'CME MP202212', '', '', '', '', '', ''),
(1, 2756, 'CME MP202212', '', '', '', '', '', ''),
(3, 2757, 'CME CNH202212', '', '', '', '', '', ''),
(1, 2757, 'CME CNH202212', '', '', '', '', '', ''),
(3, 2758, 'CME ED202212', '', '', '', '', '', ''),
(1, 2758, 'CME ED202212', '', '', '', '', '', ''),
(3, 2759, 'CME NKD202212', '', '', '', '', '', ''),
(1, 2759, 'CME NKD202212', '', '', '', '', '', ''),
(3, 2760, 'CME NIY202212', '', '', '', '', '', ''),
(1, 2760, 'CME NIY202212', '', '', '', '', '', ''),
(3, 2761, 'CME M2K202212', '', '', '', '', '', ''),
(1, 2761, 'CME M2K202212', '', '', '', '', '', ''),
(3, 2762, 'CME MES202212', '', '', '', '', '', ''),
(1, 2762, 'CME MES202212', '', '', '', '', '', ''),
(3, 2763, 'CME MNQ202212', '', '', '', '', '', ''),
(1, 2763, 'CME MNQ202212', '', '', '', '', '', ''),
(3, 2764, 'CME RTY202212', '', '', '', '', '', ''),
(1, 2764, 'CME RTY202212', '', '', '', '', '', ''),
(3, 2765, 'CME ES202212', '', '', '', '', '', ''),
(1, 2765, 'CME ES202212', '', '', '', '', '', ''),
(3, 2766, 'CME NQ202212', '', '', '', '', '', ''),
(1, 2766, 'CME NQ202212', '', '', '', '', '', ''),
(3, 2767, 'CME LC202212', '', '', '', '', '', ''),
(1, 2767, 'CME LC202212', '', '', '', '', '', ''),
(3, 2768, 'CME LN202212', '', '', '', '', '', ''),
(1, 2768, 'CME LN202212', '', '', '', '', '', ''),
(3, 2769, 'COMEX GC202212', '', '', '', '', '', ''),
(1, 2769, 'COMEX GC202212', '', '', '', '', '', ''),
(3, 2770, 'COMEX SI202212', '', '', '', '', '', ''),
(1, 2770, 'COMEX SI202212', '', '', '', '', '', ''),
(3, 2771, 'COMEX HG202212', '', '', '', '', '', ''),
(1, 2771, 'COMEX HG202212', '', '', '', '', '', ''),
(3, 2772, 'COMEX QO202212', '', '', '', '', '', ''),
(1, 2772, 'COMEX QO202212', '', '', '', '', '', ''),
(1, 2773, 'COMEX QI202212', '', '', '', '', '', ''),
(3, 2773, 'COMEX QI202212', '', '', '', '', '', ''),
(3, 2774, 'NYMEX CL202212', '', '', '', '', '', ''),
(1, 2774, 'NYMEX CL202212', '', '', '', '', '', ''),
(3, 2775, 'NYMEX HO202212', '', '', '', '', '', ''),
(1, 2775, 'NYMEX HO202212', '', '', '', '', '', ''),
(3, 2776, 'NYMEX PA202212', '', '', '', '', '', ''),
(1, 2776, 'NYMEX PA202212', '', '', '', '', '', ''),
(3, 2777, 'NYMEX QG202212', '', '', '', '', '', ''),
(1, 2777, 'NYMEX QG202212', '', '', '', '', '', ''),
(3, 2778, 'NYMEX QM202212', '', '', '', '', '', ''),
(1, 2778, 'NYMEX QM202212', '', '', '', '', '', ''),
(3, 2779, 'NYMEX RB202212', '', '', '', '', '', ''),
(1, 2779, 'NYMEX RB202212', '', '', '', '', '', ''),
(3, 2780, 'NYMEX BZ202212', '', '', '', '', '', ''),
(1, 2780, 'NYMEX BZ202212', '', '', '', '', '', ''),
(3, 2781, 'HKEX CUS202212', '', '', '', '', '', ''),
(1, 2781, 'HKEX CUS202212', '', '', '', '', '', ''),
(3, 2782, 'HKEX MCS202212', '', '', '', '', '', ''),
(1, 2782, 'HKEX MCS202212', '', '', '', '', '', ''),
(3, 2783, 'HKEX HHI202212', '', '', '', '', '', ''),
(1, 2783, 'HKEX HHI202212', '', '', '', '', '', ''),
(3, 2784, 'HKEX HSI202212', '', '', '', '', '', ''),
(1, 2784, 'HKEX HSI202212', '', '', '', '', '', ''),
(3, 2785, 'HKEX FEM202212', '', '', '', '', '', ''),
(1, 2785, 'HKEX FEM202212', '', '', '', '', '', ''),
(3, 2786, 'HKEX FEQ202212', '', '', '', '', '', ''),
(1, 2786, 'HKEX FEQ202212', '', '', '', '', '', ''),
(3, 2787, 'HKEX GDU202212', '', '', '', '', '', ''),
(1, 2787, 'HKEX GDU202212', '', '', '', '', '', ''),
(3, 2788, 'HKEX GDR202212', '', '', '', '', '', ''),
(1, 2788, 'HKEX GDR202212', '', '', '', '', '', ''),
(1, 2789, 'HKEX UIN202212', '', '', '', '', '', ''),
(3, 2789, 'HKEX UIN202212', '', '', '', '', '', ''),
(3, 2790, 'HKEX MAN202212', '', '', '', '', '', ''),
(1, 2790, 'HKEX MAN202212', '', '', '', '', '', ''),
(3, 2791, 'HKEX MCN202212', '', '', '', '', '', ''),
(1, 2791, 'HKEX MCN202212', '', '', '', '', '', ''),
(3, 2792, 'HKEX EAN202212', '', '', '', '', '', ''),
(1, 2792, 'HKEX EAN202212', '', '', '', '', '', ''),
(3, 2793, 'HKEX MIN202212', '', '', '', '', '', ''),
(1, 2793, 'HKEX MIN202212', '', '', '', '', '', ''),
(3, 2794, 'HKEX MDN202212', '', '', '', '', '', ''),
(1, 2794, 'HKEX MDN202212', '', '', '', '', '', ''),
(3, 2795, 'HKEX MJU202212', '', '', '', '', '', ''),
(1, 2795, 'HKEX MJU202212', '', '', '', '', '', ''),
(3, 2796, 'HKEX MMN202212', '', '', '', '', '', ''),
(1, 2796, 'HKEX MMN202212', '', '', '', '', '', ''),
(3, 2797, 'HKEX MTW202212', '', '', '', '', '', ''),
(1, 2797, 'HKEX MTW202212', '', '', '', '', '', ''),
(3, 2798, 'HKEX MWN202212', '', '', '', '', '', ''),
(1, 2798, 'HKEX MWN202212', '', '', '', '', '', ''),
(3, 2799, 'HKEX MTN202212', '', '', '', '', '', ''),
(1, 2799, 'HKEX MTN202212', '', '', '', '', '', ''),
(3, 2800, 'HKEX MEI202212', '', '', '', '', '', ''),
(1, 2800, 'HKEX MEI202212', '', '', '', '', '', ''),
(3, 2801, 'HKEX EMN202212', '', '', '', '', '', ''),
(1, 2801, 'HKEX EMN202212', '', '', '', '', '', ''),
(3, 2802, 'HKEX MHK202212', '', '', '', '', '', ''),
(1, 2802, 'HKEX MHK202212', '', '', '', '', '', ''),
(3, 2803, 'HKEX MIA202212', '', '', '', '', '', ''),
(1, 2803, 'HKEX MIA202212', '', '', '', '', '', ''),
(3, 2804, 'HKEX MPN202212', '', '', '', '', '', ''),
(1, 2804, 'HKEX MPN202212', '', '', '', '', '', ''),
(3, 2805, 'HKEX MSN202212', '', '', '', '', '', ''),
(1, 2805, 'HKEX MSN202212', '', '', '', '', '', ''),
(3, 2806, 'HKEX MVN202212', '', '', '', '', '', ''),
(1, 2806, 'HKEX MVN202212', '', '', '', '', '', ''),
(3, 2807, 'HKEX MCF202212', '', '', '', '', '', ''),
(1, 2807, 'HKEX MCF202212', '', '', '', '', '', ''),
(3, 2808, 'HKEX MDI202212', '', '', '', '', '', ''),
(1, 2808, 'HKEX MDI202212', '', '', '', '', '', ''),
(3, 2809, 'HKEX MMA202212', '', '', '', '', '', ''),
(1, 2809, 'HKEX MMA202212', '', '', '', '', '', ''),
(3, 2810, 'HKEX MNZ202212', '', '', '', '', '', ''),
(1, 2810, 'HKEX MNZ202212', '', '', '', '', '', ''),
(3, 2811, 'HKEX MPS202212', '', '', '', '', '', ''),
(1, 2811, 'HKEX MPS202212', '', '', '', '', '', ''),
(3, 2812, 'HKEX MGN202212', '', '', '', '', '', ''),
(1, 2812, 'HKEX MGN202212', '', '', '', '', '', ''),
(3, 2813, 'HKEX MTD202212', '', '', '', '', '', ''),
(1, 2813, 'HKEX MTD202212', '', '', '', '', '', ''),
(3, 2814, 'HKEX MVI202212', '', '', '', '', '', ''),
(1, 2814, 'HKEX MVI202212', '', '', '', '', '', ''),
(3, 2815, 'HKEX MXC202212', '', '', '', '', '', ''),
(1, 2815, 'HKEX MXC202212', '', '', '', '', '', ''),
(3, 2816, 'HKEX MXK202212', '', '', '', '', '', ''),
(1, 2816, 'HKEX MXK202212', '', '', '', '', '', ''),
(3, 2817, 'HKEX MAC202212', '', '', '', '', '', ''),
(1, 2817, 'HKEX MAC202212', '', '', '', '', '', ''),
(3, 2818, 'HKEX MAK202212', '', '', '', '', '', ''),
(1, 2818, 'HKEX MAK202212', '', '', '', '', '', ''),
(3, 2819, 'HKEX MEE202212', '', '', '', '', '', ''),
(1, 2819, 'HKEX MEE202212', '', '', '', '', '', ''),
(3, 2820, 'HKEX MEL202212', '', '', '', '', '', ''),
(1, 2820, 'HKEX MEL202212', '', '', '', '', '', ''),
(3, 2821, 'HKEX MPC202212', '', '', '', '', '', ''),
(1, 2821, 'HKEX MPC202212', '', '', '', '', '', ''),
(3, 2822, 'HKEX MPJ202212', '', '', '', '', '', ''),
(1, 2822, 'HKEX MPJ202212', '', '', '', '', '', ''),
(3, 2823, 'HKEX MCA202212', '', '', '', '', '', ''),
(1, 2823, 'HKEX MCA202212', '', '', '', '', '', ''),
(3, 2824, 'SGX CN202212', '', '', '', '', '', ''),
(1, 2824, 'SGX CN202212', '', '', '', '', '', ''),
(3, 2825, 'SGX FCH202212', '', '', '', '', '', ''),
(1, 2825, 'SGX FCH202212', '', '', '', '', '', ''),
(3, 2826, 'SGX NK202212', '', '', '', '', '', ''),
(1, 2826, 'SGX NK202212', '', '', '', '', '', ''),
(3, 2827, 'SGX SG202212', '', '', '', '', '', ''),
(1, 2827, 'SGX SG202212', '', '', '', '', '', ''),
(3, 2828, 'SGX UC202212', '', '', '', '', '', ''),
(1, 2828, 'SGX UC202212', '', '', '', '', '', ''),
(3, 2829, 'SGX MUC202212', '', '', '', '', '', ''),
(1, 2829, 'SGX MUC202212', '', '', '', '', '', ''),
(3, 2830, 'SGX FE202212', '', '', '', '', '', ''),
(1, 2830, 'SGX FE202212', '', '', '', '', '', ''),
(3, 2831, 'SGX IN202212', '', '', '', '', '', ''),
(1, 2831, 'SGX IN202212', '', '', '', '', '', ''),
(3, 2832, 'SGX RT202212', '', '', '', '', '', ''),
(1, 2832, 'SGX RT202212', '', '', '', '', '', ''),
(3, 2833, 'SGX TF202212', '', '', '', '', '', ''),
(1, 2833, 'SGX TF202212', '', '', '', '', '', ''),
(3, 2834, 'SGX MYR202212', '', '', '', '', '', ''),
(1, 2834, 'SGX MYR202212', '', '', '', '', '', ''),
(3, 2835, 'EUREX ESX202212', '', '', '', '', '', ''),
(1, 2835, 'EUREX ESX202212', '', '', '', '', '', ''),
(3, 2836, 'ICUS DX202212', '', '', '', '', '', ''),
(1, 2836, 'ICUS DX202212', '', '', '', '', '', ''),
(3, 2837, 'ICUS CT202212', '', '', '', '', '', ''),
(1, 2837, 'ICUS CT202212', '', '', '', '', '', ''),
(3, 2838, 'ICUS KC202212', '', '', '', '', '', ''),
(1, 2838, 'ICUS KC202212', '', '', '', '', '', ''),
(3, 2839, 'ICE_SG BM202212', '', '', '', '', '', ''),
(1, 2839, 'ICE_SG BM202212', '', '', '', '', '', ''),
(3, 2840, 'ICE_SG SDX202212', '', '', '', '', '', ''),
(1, 2840, 'ICE_SG SDX202212', '', '', '', '', '', ''),
(3, 2841, 'ICEU B202212', '', '', '', '', '', ''),
(1, 2841, 'ICEU B202212', '', '', '', '', '', ''),
(3, 2842, 'ICEU G202212', '', '', '', '', '', ''),
(1, 2842, 'ICEU G202212', '', '', '', '', '', ''),
(3, 2843, 'ICEU T202212', '', '', '', '', '', ''),
(1, 2843, 'ICEU T202212', '', '', '', '', '', ''),
(3, 2844, 'ICEU Z202212', '', '', '', '', '', ''),
(1, 2844, 'ICEU Z202212', '', '', '', '', '', ''),
(3, 2845, 'ICEU W202212', '', '', '', '', '', ''),
(1, 2845, 'ICEU W202212', '', '', '', '', '', ''),
(3, 2846, 'ICEU C202212', '', '', '', '', '', ''),
(1, 2846, 'ICEU C202212', '', '', '', '', '', ''),
(3, 2847, 'BMD CPO202212', '', '', '', '', '', ''),
(1, 2847, 'BMD CPO202212', '', '', '', '', '', ''),
(3, 2848, 'APEX PF202212', '', '', '', '', '', ''),
(1, 2848, 'APEX PF202212', '', '', '', '', '', ''),
(3, 2849, 'TOCOM JCO202212', '', '', '', '', '', ''),
(1, 2849, 'TOCOM JCO202212', '', '', '', '', '', ''),
(3, 2850, 'OSE JAU202212', '', '', '', '', '', ''),
(1, 2850, 'OSE JAU202212', '', '', '', '', '', ''),
(3, 2851, 'OSE JRU202212', '', '', '', '', '', ''),
(1, 2851, 'OSE JRU202212', '', '', '', '', '', ''),
(3, 2852, 'OSE NK225202212', '', '', '', '', '', ''),
(1, 2852, 'OSE NK225202212', '', '', '', '', '', ''),
(3, 2853, 'OSE NK225M202212', '', '', '', '', '', ''),
(1, 2853, 'OSE NK225M202212', '', '', '', '', '', ''),
(3, 2854, 'OSE TOPIX202212', '', '', '', '', '', ''),
(1, 2854, 'OSE TOPIX202212', '', '', '', '', '', ''),
(3, 2855, 'DCE I202212', '', '', '', '', '', ''),
(1, 2855, 'DCE I202212', '', '', '', '', '', ''),
(3, 2856, 'ZCE TA202212', '', '', '', '', '', ''),
(1, 2856, 'ZCE TA202212', '', '', '', '', '', ''),
(3, 2857, 'INE SC202212', '', '', '', '', '', ''),
(1, 2857, 'INE SC202212', '', '', '', '', '', ''),
(3, 2858, 'INE	NR202212', '', '', '', '', '', ''),
(1, 2858, 'INE	NR202212', '', '', '', '', '', ''),
(3, 2859, 'INE	LU202212', '', '', '', '', '', ''),
(1, 2859, 'INE	LU202212', '', '', '', '', '', ''),
(3, 2860, 'INE	BC202212', '', '', '', '', '', ''),
(1, 2860, 'INE	BC202212', '', '', '', '', '', ''),
(1, 2861, 'CBOT ZR202205', '', '', '', '', '', ''),
(3, 2861, 'CBOT ZR202205', '', '', '', '', '', ''),
(3, 2862, 'CME AD202205', '', '', '', '', '', ''),
(1, 2862, 'CME AD202205', '', '', '', '', '', ''),
(3, 2863, 'CME BP202205', '', '', '', '', '', ''),
(1, 2863, 'CME BP202205', '', '', '', '', '', ''),
(3, 2864, 'CME CD202205', '', '', '', '', '', ''),
(1, 2864, 'CME CD202205', '', '', '', '', '', ''),
(3, 2865, 'CME EC202205', '', '', '', '', '', ''),
(1, 2865, 'CME EC202205', '', '', '', '', '', ''),
(3, 2866, 'CME JY202205', '', '', '', '', '', ''),
(1, 2866, 'CME JY202205', '', '', '', '', '', ''),
(3, 2867, 'CME RP202205', '', '', '', '', '', ''),
(1, 2867, 'CME RP202205', '', '', '', '', '', ''),
(3, 2868, 'CME NIY202205', '', '', '', '', '', ''),
(1, 2868, 'CME NIY202205', '', '', '', '', '', ''),
(1, 2869, 'COMEX GC202205', '', '', '', '', '', ''),
(3, 2869, 'COMEX GC202205', '', '', '', '', '', ''),
(3, 2870, 'NYMEX PA202205', '', '', '', '', '', ''),
(1, 2870, 'NYMEX PA202205', '', '', '', '', '', ''),
(3, 2871, 'NYMEX PL202205', '', '', '', '', '', ''),
(1, 2871, 'NYMEX PL202205', '', '', '', '', '', ''),
(3, 2872, 'NYMEX QG202205', '', '', '', '', '', ''),
(1, 2872, 'NYMEX QG202205', '', '', '', '', '', ''),
(3, 2873, 'HKEX CUS202205', '', '', '', '', '', ''),
(1, 2873, 'HKEX CUS202205', '', '', '', '', '', ''),
(3, 2874, 'HKEX MCS202205', '', '', '', '', '', ''),
(1, 2874, 'HKEX MCS202205', '', '', '', '', '', ''),
(3, 2875, 'HKEX HTI202205', '', '', '', '', '', ''),
(1, 2875, 'HKEX HTI202205', '', '', '', '', '', ''),
(3, 2876, 'HKEX HHI202205', '', '', '', '', '', ''),
(1, 2876, 'HKEX HHI202205', '', '', '', '', '', ''),
(3, 2877, 'HKEX HSI202205', '', '', '', '', '', ''),
(1, 2877, 'HKEX HSI202205', '', '', '', '', '', ''),
(3, 2878, 'HKEX MCH202205', '', '', '', '', '', ''),
(1, 2878, 'HKEX MCH202205', '', '', '', '', '', ''),
(1, 2879, 'HKEX MHI202205', '', '', '', '', '', ''),
(3, 2879, 'HKEX MHI202205', '', '', '', '', '', ''),
(3, 2880, 'HKEX CEU202205', '', '', '', '', '', ''),
(1, 2880, 'HKEX CEU202205', '', '', '', '', '', ''),
(3, 2881, 'HKEX CJP202205', '', '', '', '', '', ''),
(1, 2881, 'HKEX CJP202205', '', '', '', '', '', ''),
(3, 2882, 'HKEX CAU202205', '', '', '', '', '', ''),
(1, 2882, 'HKEX CAU202205', '', '', '', '', '', ''),
(3, 2883, 'HKEX UIN202205', '', '', '', '', '', ''),
(1, 2883, 'HKEX UIN202205', '', '', '', '', '', ''),
(3, 2884, 'HKEX CHH202205', '', '', '', '', '', ''),
(1, 2884, 'HKEX CHH202205', '', '', '', '', '', ''),
(3, 2885, 'HKEX CCB202205', '', '', '', '', '', ''),
(1, 2885, 'HKEX CCB202205', '', '', '', '', '', ''),
(3, 2886, 'HKEX CHT202205', '', '', '', '', '', ''),
(1, 2886, 'HKEX CHT202205', '', '', '', '', '', ''),
(3, 2887, 'HKEX HEX202205', '', '', '', '', '', ''),
(1, 2887, 'HKEX HEX202205', '', '', '', '', '', ''),
(3, 2888, 'HKEX HKB202205', '', '', '', '', '', ''),
(1, 2888, 'HKEX HKB202205', '', '', '', '', '', ''),
(3, 2889, 'HKEX ICB202205', '', '', '', '', '', ''),
(1, 2889, 'HKEX ICB202205', '', '', '', '', '', ''),
(3, 2890, 'HKEX PAI202205', '', '', '', '', '', ''),
(1, 2890, 'HKEX PAI202205', '', '', '', '', '', ''),
(3, 2891, 'HKEX TCH202205', '', '', '', '', '', ''),
(1, 2891, 'HKEX TCH202205', '', '', '', '', '', ''),
(1, 2892, 'HKEX MIU202205', '', '', '', '', '', ''),
(3, 2892, 'HKEX MIU202205', '', '', '', '', '', ''),
(3, 2893, 'HKEX MET202205', '', '', '', '', '', ''),
(1, 2893, 'HKEX MET202205', '', '', '', '', '', ''),
(3, 2894, 'HKEX ALB202205', '', '', '', '', '', ''),
(1, 2894, 'HKEX ALB202205', '', '', '', '', '', ''),
(3, 2895, 'HKEX TWR202205', '', '', '', '', '', ''),
(1, 2895, 'HKEX TWR202205', '', '', '', '', '', ''),
(1, 2896, 'HKEX BUD202205', '', '', '', '', '', ''),
(3, 2896, 'HKEX BUD202205', '', '', '', '', '', ''),
(3, 2897, 'HKEX GWM202205', '', '', '', '', '', ''),
(1, 2897, 'HKEX GWM202205', '', '', '', '', '', ''),
(3, 2898, 'HKEX JDC202205', '', '', '', '', '', ''),
(1, 2898, 'HKEX JDC202205', '', '', '', '', '', ''),
(3, 2899, 'HKEX NTE202205', '', '', '', '', '', ''),
(1, 2899, 'HKEX NTE202205', '', '', '', '', '', ''),
(3, 2900, 'HKEX CPC202205', '', '', '', '', '', ''),
(1, 2900, 'HKEX CPC202205', '', '', '', '', '', ''),
(3, 2901, 'HKEX CTC202205', '', '', '', '', '', ''),
(1, 2901, 'HKEX CTC202205', '', '', '', '', '', ''),
(3, 2902, 'HKEX PEC202205', '', '', '', '', '', ''),
(1, 2902, 'HKEX PEC202205', '', '', '', '', '', ''),
(3, 2903, 'HKEX CNC202205', '', '', '', '', '', ''),
(1, 2903, 'HKEX CNC202205', '', '', '', '', '', ''),
(3, 2904, 'HKEX CCC202205', '', '', '', '', '', ''),
(1, 2904, 'HKEX CCC202205', '', '', '', '', '', ''),
(3, 2905, 'HKEX PIC202205', '', '', '', '', '', ''),
(1, 2905, 'HKEX PIC202205', '', '', '', '', '', ''),
(3, 2906, 'HKEX BOC202205', '', '', '', '', '', ''),
(1, 2906, 'HKEX BOC202205', '', '', '', '', '', ''),
(3, 2907, 'HKEX CLI202205', '', '', '', '', '', ''),
(1, 2907, 'HKEX CLI202205', '', '', '', '', '', ''),
(3, 2908, 'HKEX CMB202205', '', '', '', '', '', ''),
(1, 2908, 'HKEX CMB202205', '', '', '', '', '', ''),
(3, 2909, 'HKEX A50202205', '', '', '', '', '', ''),
(1, 2909, 'HKEX A50202205', '', '', '', '', '', ''),
(1, 2910, 'HKEX AMC202205', '', '', '', '', '', ''),
(3, 2910, 'HKEX AMC202205', '', '', '', '', '', ''),
(3, 2911, 'HKEX CSA202205', '', '', '', '', '', ''),
(1, 2911, 'HKEX CSA202205', '', '', '', '', '', ''),
(3, 2912, 'HKEX MAN202205', '', '', '', '', '', ''),
(1, 2912, 'HKEX MAN202205', '', '', '', '', '', ''),
(3, 2913, 'HKEX EAN202205', '', '', '', '', '', ''),
(1, 2913, 'HKEX EAN202205', '', '', '', '', '', ''),
(3, 2914, 'HKEX MIN202205', '', '', '', '', '', ''),
(1, 2914, 'HKEX MIN202205', '', '', '', '', '', ''),
(3, 2915, 'HKEX MDN202205', '', '', '', '', '', ''),
(1, 2915, 'HKEX MDN202205', '', '', '', '', '', ''),
(3, 2916, 'HKEX MJU202205', '', '', '', '', '', ''),
(1, 2916, 'HKEX MJU202205', '', '', '', '', '', ''),
(1, 2917, 'HKEX MMN202205', '', '', '', '', '', ''),
(3, 2917, 'HKEX MMN202205', '', '', '', '', '', ''),
(1, 2918, 'HKEX MTW202205', '', '', '', '', '', ''),
(3, 2918, 'HKEX MTW202205', '', '', '', '', '', ''),
(3, 2919, 'HKEX MWN202205', '', '', '', '', '', ''),
(1, 2919, 'HKEX MWN202205', '', '', '', '', '', ''),
(3, 2920, 'HKEX MTN202205', '', '', '', '', '', ''),
(1, 2920, 'HKEX MTN202205', '', '', '', '', '', ''),
(3, 2921, 'HKEX MEI202205', '', '', '', '', '', ''),
(1, 2921, 'HKEX MEI202205', '', '', '', '', '', ''),
(3, 2922, 'HKEX EMN202205', '', '', '', '', '', ''),
(1, 2922, 'HKEX EMN202205', '', '', '', '', '', ''),
(3, 2923, 'HKEX MHK202205', '', '', '', '', '', ''),
(1, 2923, 'HKEX MHK202205', '', '', '', '', '', ''),
(3, 2924, 'HKEX MIA202205', '', '', '', '', '', ''),
(1, 2924, 'HKEX MIA202205', '', '', '', '', '', ''),
(3, 2925, 'HKEX MPN202205', '', '', '', '', '', ''),
(1, 2925, 'HKEX MPN202205', '', '', '', '', '', ''),
(3, 2926, 'HKEX MSN202205', '', '', '', '', '', ''),
(1, 2926, 'HKEX MSN202205', '', '', '', '', '', ''),
(3, 2927, 'HKEX MVN202205', '', '', '', '', '', ''),
(1, 2927, 'HKEX MVN202205', '', '', '', '', '', ''),
(3, 2928, 'HKEX MDI202205', '', '', '', '', '', ''),
(1, 2928, 'HKEX MDI202205', '', '', '', '', '', ''),
(3, 2929, 'HKEX MMA202205', '', '', '', '', '', ''),
(1, 2929, 'HKEX MMA202205', '', '', '', '', '', ''),
(3, 2930, 'HKEX MNZ202205', '', '', '', '', '', ''),
(1, 2930, 'HKEX MNZ202205', '', '', '', '', '', ''),
(3, 2931, 'HKEX MPS202205', '', '', '', '', '', ''),
(1, 2931, 'HKEX MPS202205', '', '', '', '', '', ''),
(3, 2932, 'HKEX MGN202205', '', '', '', '', '', ''),
(1, 2932, 'HKEX MGN202205', '', '', '', '', '', ''),
(3, 2933, 'HKEX MTD202205', '', '', '', '', '', ''),
(1, 2933, 'HKEX MTD202205', '', '', '', '', '', ''),
(3, 2934, 'HKEX MVI202205', '', '', '', '', '', ''),
(1, 2934, 'HKEX MVI202205', '', '', '', '', '', ''),
(3, 2935, 'HKEX MXC202205', '', '', '', '', '', ''),
(1, 2935, 'HKEX MXC202205', '', '', '', '', '', ''),
(3, 2936, 'HKEX MXK202205', '', '', '', '', '', ''),
(1, 2936, 'HKEX MXK202205', '', '', '', '', '', ''),
(3, 2937, 'HKEX MAC202205', '', '', '', '', '', ''),
(1, 2937, 'HKEX MAC202205', '', '', '', '', '', ''),
(3, 2938, 'HKEX MAK202205', '', '', '', '', '', ''),
(1, 2938, 'HKEX MAK202205', '', '', '', '', '', ''),
(3, 2939, 'HKEX MEE202205', '', '', '', '', '', ''),
(1, 2939, 'HKEX MEE202205', '', '', '', '', '', ''),
(3, 2940, 'HKEX MEL202205', '', '', '', '', '', ''),
(1, 2940, 'HKEX MEL202205', '', '', '', '', '', ''),
(3, 2941, 'HKEX MPC202205', '', '', '', '', '', ''),
(1, 2941, 'HKEX MPC202205', '', '', '', '', '', ''),
(3, 2942, 'HKEX MPJ202205', '', '', '', '', '', ''),
(1, 2942, 'HKEX MPJ202205', '', '', '', '', '', ''),
(3, 2943, 'HKEX MCA202205', '', '', '', '', '', ''),
(1, 2943, 'HKEX MCA202205', '', '', '', '', '', ''),
(3, 2944, 'SGX CN202205', '', '', '', '', '', ''),
(1, 2944, 'SGX CN202205', '', '', '', '', '', ''),
(3, 2945, 'SGX FCH202205', '', '', '', '', '', ''),
(1, 2945, 'SGX FCH202205', '', '', '', '', '', ''),
(3, 2946, 'SGX NK202205', '', '', '', '', '', ''),
(1, 2946, 'SGX NK202205', '', '', '', '', '', ''),
(3, 2947, 'SGX SG202205', '', '', '', '', '', ''),
(1, 2947, 'SGX SG202205', '', '', '', '', '', ''),
(3, 2948, 'ICUS KC202205', '', '', '', '', '', ''),
(1, 2948, 'ICUS KC202205', '', '', '', '', '', ''),
(3, 2949, 'OSE NK225M202205', '', '', '', '', '', ''),
(1, 2949, 'OSE NK225M202205', '', '', '', '', '', ''),
(3, 2950, 'DCE I202205', '', '', '', '', '', ''),
(1, 2950, 'DCE I202205', '', '', '', '', '', ''),
(3, 2951, 'ZCE	TA202205', '', '', '', '', '', ''),
(1, 2951, 'ZCE	TA202205', '', '', '', '', '', ''),
(3, 2952, 'INE SC202205', '', '', '', '', '', ''),
(1, 2952, 'INE SC202205', '', '', '', '', '', ''),
(3, 2953, 'COMEX SI202206', '', '', '', '', '', ''),
(1, 2953, 'COMEX SI202206', '', '', '', '', '', '');

-- --------------------------------------------------------

--
-- 資料表結構 `tb_huatai_trading_future_photo`
--

CREATE TABLE IF NOT EXISTS `tb_huatai_trading_future_photo` (
  `id` bigint(20) unsigned NOT NULL,
  `trading_future_id` bigint(20) NOT NULL DEFAULT '0',
  `sort_order` bigint(11) NOT NULL DEFAULT '0',
  `img` text CHARACTER SET utf8 COLLATE utf8_unicode_ci NOT NULL,
  `caption` text CHARACTER SET utf8 COLLATE utf8_unicode_ci NOT NULL,
  `language_id` int(11) NOT NULL DEFAULT '0',
  `disabled` tinyint(1) NOT NULL DEFAULT '0',
  `create_date` timestamp NOT NULL DEFAULT '0000-00-00 00:00:00',
  `last_update_date` timestamp NOT NULL DEFAULT CURRENT_TIMESTAMP ON UPDATE CURRENT_TIMESTAMP,
  `create_by` bigint(20) NOT NULL DEFAULT '0',
  `last_update_by` bigint(20) NOT NULL DEFAULT '0',
  `img2` text,
  `thumb` text NOT NULL,
  `title_sc` text NOT NULL,
  `title_tc` text NOT NULL,
  `title_en` text NOT NULL,
  `detail_tc` text NOT NULL,
  `detail_sc` text NOT NULL,
  `detail_en` text NOT NULL
) ENGINE=MyISAM DEFAULT CHARSET=utf8;

-- --------------------------------------------------------

--
-- 資料表結構 `tb_huatai_trading_future_photo02`
--

CREATE TABLE IF NOT EXISTS `tb_huatai_trading_future_photo02` (
  `id` bigint(20) unsigned NOT NULL,
  `trading_future_id` bigint(20) NOT NULL DEFAULT '0',
  `sort_order` bigint(11) NOT NULL DEFAULT '0',
  `img` text CHARACTER SET utf8 COLLATE utf8_unicode_ci NOT NULL,
  `caption` text CHARACTER SET utf8 COLLATE utf8_unicode_ci NOT NULL,
  `language_id` int(11) NOT NULL DEFAULT '0',
  `disabled` tinyint(1) NOT NULL DEFAULT '0',
  `create_date` timestamp NOT NULL DEFAULT '0000-00-00 00:00:00',
  `last_update_date` timestamp NOT NULL DEFAULT CURRENT_TIMESTAMP ON UPDATE CURRENT_TIMESTAMP,
  `create_by` bigint(20) NOT NULL DEFAULT '0',
  `last_update_by` bigint(20) NOT NULL DEFAULT '0',
  `img2` text,
  `thumb` text NOT NULL,
  `title_sc` text NOT NULL,
  `title_tc` text NOT NULL,
  `title_en` text NOT NULL,
  `detail_tc` text NOT NULL,
  `detail_sc` text NOT NULL,
  `detail_en` text NOT NULL
) ENGINE=MyISAM DEFAULT CHARSET=utf8;

-- --------------------------------------------------------

--
-- 資料表結構 `tb_huatai_trading_hoilday`
--

CREATE TABLE IF NOT EXISTS `tb_huatai_trading_hoilday` (
  `id` bigint(20) unsigned NOT NULL,
  `sort_order` int(11) NOT NULL DEFAULT '0',
  `code` text CHARACTER SET utf8 COLLATE utf8_unicode_ci NOT NULL,
  `remark` text CHARACTER SET utf8 COLLATE utf8_unicode_ci NOT NULL,
  `disabled` tinyint(1) NOT NULL DEFAULT '0',
  `create_date` timestamp NOT NULL DEFAULT '0000-00-00 00:00:00',
  `last_update_date` timestamp NOT NULL DEFAULT CURRENT_TIMESTAMP ON UPDATE CURRENT_TIMESTAMP,
  `create_by` bigint(20) NOT NULL DEFAULT '0',
  `last_update_by` bigint(20) NOT NULL DEFAULT '0',
  `url_target` text NOT NULL,
  `seo_url` text NOT NULL,
  `seo_keyword` text NOT NULL,
  `start_date` date DEFAULT '0000-00-00',
  `end_date` date DEFAULT '0000-00-00',
  `display_date` date DEFAULT '0000-00-00',
  `youtube_id` text NOT NULL,
  `other_link` text NOT NULL,
  `trading_hoilday_category_id` text NOT NULL
) ENGINE=MyISAM AUTO_INCREMENT=459 DEFAULT CHARSET=utf8;

--
-- 資料表的匯出資料 `tb_huatai_trading_hoilday`
--

INSERT INTO `tb_huatai_trading_hoilday` (`id`, `sort_order`, `code`, `remark`, `disabled`, `create_date`, `last_update_date`, `create_by`, `last_update_by`, `url_target`, `seo_url`, `seo_keyword`, `start_date`, `end_date`, `display_date`, `youtube_id`, `other_link`, `trading_hoilday_category_id`) VALUES
(1, 1, '', '', 2, '2020-12-29 09:52:42', '2021-02-04 13:28:00', 1, 1, '', '', '', '0000-00-00', '0000-00-00', '2020-12-22', '', '', '1'),
(2, 2, '', '', 2, '2020-12-29 09:52:56', '2021-02-04 13:28:00', 1, 1, '', '', '', '0000-00-00', '0000-00-00', '2020-12-22', '', '', '1'),
(3, 3, '', '', 2, '2020-12-29 09:53:08', '2021-02-04 13:28:00', 1, 1, '', 'test-xxxxx', '', '0000-00-00', '0000-00-00', '2020-12-31', '', '', '1'),
(4, 4, '', '', 2, '2021-02-02 02:19:10', '2021-02-02 04:30:59', 1, 1, '', '', '', '0000-00-00', '0000-00-00', '2021-02-02', '', '', '1'),
(5, 1, '', '', 0, '2021-02-04 13:16:31', '2021-02-04 13:28:37', 2, 2, '', 'bmd棕榈油期货休市', '', '0000-00-00', '0000-00-00', '2021-02-01', '', '', '1'),
(6, 2, '', '', 0, '2021-02-04 13:17:24', '2021-02-04 13:28:37', 2, 2, '', 'hkex指数-外汇-金属期货12-30-收市', '', '0000-00-00', '0000-00-00', '2021-02-11', '', '', '1'),
(7, 3, '', '', 0, '2021-02-04 13:18:03', '2021-02-04 13:28:37', 2, 2, '', 'sgxrss3-橡膠-橡膠期货休市', '', '0000-00-00', '0000-00-00', '2021-02-11', '', '', '1'),
(8, 4, '', '', 0, '2021-02-04 13:18:25', '2021-02-04 13:28:37', 2, 2, '', 'bmd棕榈油期货12-30-收市', '', '0000-00-00', '0000-00-00', '2021-02-11', '', '', '1'),
(9, 5, '', '', 0, '2021-02-04 13:19:11', '2021-02-04 13:28:37', 2, 2, '', 'tocom橡胶期货休市', '', '0000-00-00', '0000-00-00', '2021-02-11', '', '', '1'),
(10, 6, '', '', 0, '2021-02-04 13:19:40', '2021-02-04 13:28:37', 2, 2, '', 'ose大阪日经指数期货-利率期货休市', '', '0000-00-00', '0000-00-00', '2021-02-11', '', '', '1'),
(11, 7, '', '', 0, '2021-02-04 13:20:26', '2021-02-04 13:28:37', 2, 2, '', 'hkex指数-外汇-金属期货休市', '', '0000-00-00', '0000-00-00', '2021-02-12', '', '', '1'),
(12, 8, '', '', 0, '2021-02-04 13:20:44', '2021-02-04 13:28:37', 2, 2, '', 'sgxrss3-橡膠-橡膠期货休市', '', '0000-00-00', '0000-00-00', '2021-02-12', '', '', '1'),
(13, 9, '', '', 0, '2021-02-04 13:23:10', '2021-02-04 13:28:37', 2, 2, '', 'bmd棕榈油期货休市', '', '0000-00-00', '0000-00-00', '2021-02-12', '', '', '1'),
(14, 10, '', '', 0, '2021-02-04 13:23:58', '2021-02-04 13:28:37', 2, 2, '', 'apex精棕榈油期货-美元兌離岸人民幣期貨休市', '', '0000-00-00', '0000-00-00', '2021-02-12', '', '', '1'),
(15, 11, '', '', 0, '2021-02-04 13:25:12', '2021-02-04 13:28:37', 2, 2, '', 'cme-group指数-外汇-利率期货02-00收市', '', '0000-00-00', '0000-00-00', '2021-02-15', '', '', '1'),
(16, 12, '', '', 0, '2021-02-04 13:25:33', '2021-02-04 13:28:37', 2, 2, '', 'cme-group金属-能源期货02-00收市', '', '0000-00-00', '0000-00-00', '2021-02-15', '', '', '1'),
(17, 13, '', '', 0, '2021-02-04 13:26:13', '2021-02-04 13:28:37', 2, 2, '', 'cme-group农产品期货休市', '', '0000-00-00', '0000-00-00', '2021-02-15', '', '', '1'),
(18, 14, '', '', 0, '2021-02-04 13:26:44', '2021-02-04 13:28:37', 2, 2, '', 'cme-group家畜期货-休市', '', '0000-00-00', '0000-00-00', '2021-02-15', '', '', '1'),
(19, 15, '', '', 0, '2021-02-04 13:27:29', '2021-02-04 13:28:37', 2, 2, '', 'hkex指数-外汇-金属期货休市', '', '0000-00-00', '0000-00-00', '2021-02-15', '', '', '1'),
(20, 16, '', '', 0, '2021-02-04 13:28:37', '2021-02-04 13:28:37', 2, 2, '', 'ice-us原糖-11-美可可-咖啡-棉-花-橙汁期货休市', '', '0000-00-00', '0000-00-00', '2021-02-15', '', '', '1'),
(21, 17, '', '', 0, '2021-02-04 13:29:08', '2021-02-04 13:29:08', 2, 2, '', 'ice-us美元指数期货02-00收市', '', '0000-00-00', '0000-00-00', '2021-02-15', '', '', '1'),
(22, 18, '', '', 0, '2021-02-04 13:30:00', '2021-02-04 13:30:00', 2, 2, '', 'ice-sg美元指数期货02-00收市', '', '0000-00-00', '0000-00-00', '2021-02-15', '', '', '1'),
(23, 19, '', '', 0, '2021-02-04 13:30:27', '2021-02-04 13:30:27', 2, 2, '', 'ice-eu白糖期货01-00收市', '', '0000-00-00', '0000-00-00', '2021-02-15', '', '', '1'),
(24, 20, '', '', 0, '2021-02-04 13:30:49', '2021-02-04 13:30:49', 2, 2, '', 'cboevix-期货00-30收市', '', '0000-00-00', '0000-00-00', '2021-02-15', '', '', '1'),
(25, 21, '', '', 0, '2021-02-04 13:32:10', '2021-02-04 13:32:10', 2, 2, '', 'tocom橡胶期货休市', '', '0000-00-00', '0000-00-00', '2021-02-23', '', '', '1'),
(26, 22, '', '', 0, '2021-02-04 13:32:42', '2021-02-04 13:32:42', 2, 2, '', 'ose大阪日经指数期货-利率期货休市', '', '0000-00-00', '0000-00-00', '2021-02-23', '', '', '1'),
(27, 23, '', '', 0, '2021-03-29 02:33:00', '2021-03-29 02:33:00', 2, 2, '', '', '', '0000-00-00', '0000-00-00', '2021-04-02', '', '', '1'),
(28, 24, '', '', 0, '2021-03-29 02:33:45', '2021-03-29 02:33:45', 2, 2, '', '', '', '0000-00-00', '0000-00-00', '2021-04-02', '', '', '1'),
(29, 25, '', '', 0, '2021-03-29 02:34:14', '2021-03-29 02:34:14', 2, 2, '', '', '', '0000-00-00', '0000-00-00', '2021-04-02', '', '', '1'),
(30, 26, '', '', 0, '2021-03-29 02:34:38', '2021-03-29 02:34:38', 2, 2, '', '', '', '0000-00-00', '0000-00-00', '2021-04-02', '', '', '1'),
(31, 27, '', '', 0, '2021-03-29 02:35:39', '2021-03-29 02:35:39', 2, 2, '', '', '', '0000-00-00', '0000-00-00', '2021-04-02', '', '', '1'),
(32, 28, '', '', 0, '2021-03-29 02:36:03', '2021-03-29 02:36:03', 2, 2, '', '', '', '0000-00-00', '0000-00-00', '2021-04-02', '', '', '1'),
(33, 29, '', '', 0, '2021-03-29 02:43:19', '2021-03-29 02:43:19', 2, 2, '', '', '', '0000-00-00', '0000-00-00', '2021-04-02', '', '', '1'),
(34, 30, '', '', 0, '2021-03-29 02:43:46', '2021-03-29 02:43:46', 2, 2, '', '', '', '0000-00-00', '0000-00-00', '2021-04-02', '', '', '1'),
(35, 31, '', '', 0, '2021-03-29 02:44:15', '2021-03-29 02:44:15', 2, 2, '', '', '', '0000-00-00', '0000-00-00', '2021-04-02', '', '', '1'),
(36, 32, '', '', 0, '2021-03-29 02:44:34', '2021-03-29 02:44:34', 2, 2, '', '', '', '0000-00-00', '0000-00-00', '2021-04-02', '', '', '1'),
(37, 33, '', '', 0, '2021-03-29 02:44:52', '2021-03-29 02:44:52', 2, 2, '', '', '', '0000-00-00', '0000-00-00', '2021-04-02', '', '', '1'),
(38, 34, '', '', 0, '2021-03-29 02:45:12', '2021-03-29 02:45:12', 2, 2, '', '', '', '0000-00-00', '0000-00-00', '2021-04-02', '', '', '1'),
(39, 35, '', '', 0, '2021-03-29 02:45:30', '2021-03-29 02:45:30', 2, 2, '', '', '', '0000-00-00', '0000-00-00', '2021-04-02', '', '', '1'),
(40, 36, '', '', 0, '2021-03-29 02:45:52', '2021-03-29 02:45:52', 2, 2, '', '', '', '0000-00-00', '0000-00-00', '2021-04-02', '', '', '1'),
(41, 37, '', '', 0, '2021-03-29 02:46:16', '2021-03-29 02:46:16', 2, 2, '', '', '', '0000-00-00', '0000-00-00', '2021-04-02', '', '', '1'),
(42, 38, '', '', 0, '2021-03-29 02:46:41', '2021-03-29 02:46:41', 2, 2, '', '', '', '0000-00-00', '0000-00-00', '2021-04-02', '', '', '1'),
(43, 39, '', '', 0, '2021-03-29 02:46:58', '2021-03-29 02:46:58', 2, 2, '', '', '', '0000-00-00', '0000-00-00', '2021-04-02', '', '', '1'),
(44, 40, '', '', 0, '2021-03-29 02:47:29', '2021-03-29 02:47:29', 2, 2, '', '', '', '0000-00-00', '0000-00-00', '2021-04-05', '', '', '1'),
(45, 41, '', '', 0, '2021-03-29 02:47:50', '2021-03-29 02:47:50', 2, 2, '', '', '', '0000-00-00', '0000-00-00', '2021-04-05', '', '', '1'),
(46, 42, '', '', 0, '2021-03-29 02:48:51', '2021-03-29 02:48:51', 2, 2, '', '', '', '0000-00-00', '0000-00-00', '2021-04-05', '', '', '1'),
(47, 43, '', '', 0, '2021-03-29 02:49:12', '2021-03-29 02:49:12', 2, 2, '', '', '', '0000-00-00', '0000-00-00', '2021-04-05', '', '', '1'),
(48, 44, '', '', 0, '2021-03-29 02:49:41', '2021-03-29 02:49:41', 2, 2, '', '', '', '0000-00-00', '0000-00-00', '2021-04-05', '', '', '1'),
(49, 45, '', '', 0, '2021-03-29 02:50:26', '2021-03-29 02:50:26', 2, 2, '', '', '', '0000-00-00', '0000-00-00', '2021-04-05', '', '', '1'),
(50, 46, '', '', 0, '2021-03-29 02:50:53', '2021-03-29 02:50:53', 2, 2, '', '', '', '0000-00-00', '0000-00-00', '2021-04-06', '', '', '1'),
(51, 47, '', '', 0, '2021-03-29 02:51:23', '2021-03-29 02:51:23', 2, 2, '', '', '', '0000-00-00', '0000-00-00', '2021-04-29', '', '', '1'),
(52, 48, '', '', 0, '2021-03-29 02:51:53', '2021-03-29 02:51:53', 2, 2, '', '', '', '0000-00-00', '0000-00-00', '2021-04-29', '', '', '1'),
(53, 49, '', '', 0, '2021-03-29 02:52:14', '2021-03-29 02:52:14', 2, 2, '', '', '', '0000-00-00', '0000-00-00', '2021-04-29', '', '', '1'),
(54, 50, '', '', 0, '2021-04-29 10:19:36', '2021-04-29 10:19:36', 2, 2, '', '', '', '0000-00-00', '0000-00-00', '2021-05-03', '', '', '1'),
(55, 51, '', '', 0, '2021-04-29 10:20:06', '2021-04-29 10:20:06', 2, 2, '', '', '', '0000-00-00', '0000-00-00', '2021-05-03', '', '', '1'),
(56, 52, '', '', 0, '2021-04-29 10:20:29', '2021-04-29 10:20:29', 2, 2, '', '', '', '0000-00-00', '0000-00-00', '2021-05-03', '', '', '1'),
(57, 53, '', '', 0, '2021-04-29 10:20:55', '2021-04-29 10:20:55', 2, 2, '', '', '', '0000-00-00', '0000-00-00', '2021-05-03', '', '', '1'),
(58, 54, '', '', 0, '2021-04-29 10:22:20', '2021-04-29 10:22:20', 2, 2, '', '', '', '0000-00-00', '0000-00-00', '2021-05-03', '', '', '1'),
(59, 55, '', '', 0, '2021-04-29 10:22:59', '2021-04-29 10:22:59', 2, 2, '', '', '', '0000-00-00', '0000-00-00', '2021-05-03', '', '', '1'),
(60, 56, '', '', 0, '2021-04-29 10:23:17', '2021-04-29 10:23:17', 2, 2, '', '', '', '0000-00-00', '0000-00-00', '2021-05-03', '', '', '1'),
(61, 57, '', '', 0, '2021-04-29 10:24:01', '2021-04-29 10:24:01', 2, 2, '', '', '', '0000-00-00', '0000-00-00', '2021-05-04', '', '', '1'),
(62, 58, '', '', 0, '2021-04-29 10:24:09', '2021-04-29 10:24:09', 2, 2, '', '', '', '0000-00-00', '0000-00-00', '2021-05-05', '', '', '1'),
(63, 59, '', '', 0, '2021-04-29 10:24:30', '2021-04-29 10:24:30', 2, 2, '', '', '', '0000-00-00', '0000-00-00', '2021-05-04', '', '', '1'),
(64, 60, '', '', 0, '2021-04-29 10:24:38', '2021-04-29 10:24:38', 2, 2, '', '', '', '0000-00-00', '0000-00-00', '2021-05-05', '', '', '1'),
(65, 61, '', '', 0, '2021-04-29 10:24:59', '2021-04-29 10:24:59', 2, 2, '', '', '', '0000-00-00', '0000-00-00', '2021-05-05', '', '', '1'),
(66, 62, '', '', 0, '2021-04-29 10:25:16', '2021-04-29 10:25:16', 2, 2, '', '', '', '0000-00-00', '0000-00-00', '2021-05-04', '', '', '1'),
(67, 63, '', '', 0, '2021-04-29 10:25:55', '2021-04-29 10:25:55', 2, 2, '', '', '', '0000-00-00', '0000-00-00', '2021-05-12', '', '', '1'),
(68, 64, '', '', 0, '2021-04-29 10:26:25', '2021-04-29 10:26:25', 2, 2, '', '', '', '0000-00-00', '0000-00-00', '2021-05-13', '', '', '1'),
(69, 65, '', '', 0, '2021-04-29 10:27:19', '2021-04-29 10:27:19', 2, 2, '', '', '', '0000-00-00', '0000-00-00', '2021-05-13', '', '', '1'),
(70, 66, '', '', 0, '2021-04-29 10:27:41', '2021-04-29 10:27:41', 2, 2, '', '', '', '0000-00-00', '0000-00-00', '2021-05-13', '', '', '1'),
(71, 67, '', '', 0, '2021-04-29 10:28:17', '2021-04-29 10:28:17', 2, 2, '', '', '', '0000-00-00', '0000-00-00', '2021-05-14', '', '', '1'),
(72, 68, '', '', 0, '2021-04-29 10:28:43', '2021-04-29 10:28:43', 2, 2, '', '', '', '0000-00-00', '0000-00-00', '2021-05-19', '', '', '1'),
(73, 69, '', '', 0, '2021-04-29 10:29:44', '2021-04-29 10:29:44', 2, 2, '', '', '', '0000-00-00', '0000-00-00', '2021-05-26', '', '', '1'),
(74, 70, '', '', 0, '2021-04-29 10:30:07', '2021-04-29 10:30:07', 2, 2, '', '', '', '0000-00-00', '0000-00-00', '2021-05-26', '', '', '1'),
(75, 71, '', '', 0, '2021-04-29 10:30:30', '2021-04-29 10:30:30', 2, 2, '', '', '', '0000-00-00', '0000-00-00', '2021-05-26', '', '', '1'),
(76, 72, '', '', 0, '2021-04-29 10:32:30', '2021-04-29 10:32:30', 2, 2, '', '', '', '0000-00-00', '0000-00-00', '2021-05-31', '', '', '1'),
(77, 73, '', '', 0, '2021-04-29 10:33:35', '2021-04-29 10:33:35', 2, 2, '', '', '', '0000-00-00', '0000-00-00', '2021-05-31', '', '', '1'),
(78, 74, '', '', 0, '2021-04-29 10:34:01', '2021-04-29 10:34:01', 2, 2, '', '', '', '0000-00-00', '0000-00-00', '2021-05-31', '', '', '1'),
(79, 75, '', '', 0, '2021-04-29 10:34:32', '2021-04-29 10:34:32', 2, 2, '', '', '', '0000-00-00', '0000-00-00', '2021-05-31', '', '', '1'),
(80, 76, '', '', 0, '2021-04-29 10:35:47', '2021-04-29 10:35:47', 2, 2, '', '', '', '0000-00-00', '0000-00-00', '2021-05-31', '', '', '1'),
(81, 77, '', '', 0, '2021-04-29 10:36:40', '2021-04-29 10:36:40', 2, 2, '', '', '', '0000-00-00', '0000-00-00', '2021-05-31', '', '', '1'),
(82, 78, '', '', 0, '2021-04-29 10:37:08', '2021-04-29 10:37:08', 2, 2, '', '', '', '0000-00-00', '0000-00-00', '2021-05-31', '', '', '1'),
(83, 79, '', '', 0, '2021-04-29 10:37:33', '2021-04-29 10:37:33', 2, 2, '', '', '', '0000-00-00', '0000-00-00', '2021-05-31', '', '', '1'),
(84, 80, '', '', 0, '2021-04-29 10:38:01', '2021-04-29 10:38:01', 2, 2, '', '', '', '0000-00-00', '0000-00-00', '2021-05-31', '', '', '1'),
(85, 81, '', '', 0, '2021-04-29 10:39:12', '2021-04-29 10:39:12', 2, 2, '', '', '', '0000-00-00', '0000-00-00', '2021-05-31', '', '', '1'),
(86, 82, '', '', 0, '2021-04-29 10:39:37', '2021-04-29 10:39:37', 2, 2, '', '', '', '0000-00-00', '0000-00-00', '2021-05-31', '', '', '1'),
(87, 83, '', '', 0, '2021-04-29 10:40:17', '2021-04-29 10:40:17', 2, 2, '', '', '', '0000-00-00', '0000-00-00', '2021-05-31', '', '', '1'),
(88, 84, '', '', 0, '2021-04-29 10:40:47', '2021-04-29 10:40:47', 2, 2, '', '', '', '0000-00-00', '0000-00-00', '2021-05-31', '', '', '1'),
(89, 85, '', '', 0, '2021-04-29 10:41:37', '2021-04-29 10:41:37', 2, 2, '', '', '', '0000-00-00', '0000-00-00', '2021-05-31', '', '', '1'),
(90, 86, '', '', 0, '2021-05-27 07:10:43', '2021-05-27 07:10:43', 2, 2, '', '', '', '0000-00-00', '0000-00-00', '2021-06-01', '', '', '1'),
(91, 87, '', '', 0, '2021-05-27 07:11:09', '2021-05-27 07:11:09', 2, 2, '', '', '', '0000-00-00', '0000-00-00', '2021-06-07', '', '', '1'),
(92, 88, '', '', 0, '2021-05-27 07:11:51', '2021-05-27 07:11:51', 2, 2, '', '', '', '0000-00-00', '0000-00-00', '2021-06-11', '', '', '1'),
(93, 89, '', '', 0, '2021-05-27 07:12:16', '2021-05-27 07:12:16', 2, 2, '', '', '', '0000-00-00', '0000-00-00', '2021-06-14', '', '', '1'),
(94, 90, '', '', 0, '2021-05-27 07:12:43', '2021-05-27 07:12:43', 2, 2, '', '', '', '0000-00-00', '0000-00-00', '2021-06-14', '', '', '1'),
(95, 91, '', '', 0, '2021-06-28 05:49:22', '2021-06-28 05:49:22', 2, 2, '', '', '', '0000-00-00', '0000-00-00', '2021-07-01', '', '', '1'),
(96, 92, '', '', 0, '2021-06-28 05:49:51', '2021-06-30 11:33:50', 2, 2, '', '', '', '0000-00-00', '0000-00-00', '2021-07-05', '', '', '1'),
(97, 93, '', '', 0, '2021-06-28 05:50:11', '2021-06-30 11:34:09', 2, 2, '', '', '', '0000-00-00', '0000-00-00', '2021-07-05', '', '', '1'),
(98, 94, '', '', 0, '2021-06-28 05:50:33', '2021-06-30 11:34:55', 2, 2, '', '', '', '0000-00-00', '0000-00-00', '2021-07-05', '', '', '1'),
(99, 95, '', '', 0, '2021-06-28 05:50:56', '2021-06-30 11:35:07', 2, 2, '', '', '', '0000-00-00', '0000-00-00', '2021-07-05', '', '', '1'),
(100, 96, '', '', 0, '2021-06-28 05:51:19', '2021-06-30 11:35:18', 2, 2, '', '', '', '0000-00-00', '0000-00-00', '2021-07-05', '', '', '1'),
(101, 97, '', '', 0, '2021-06-28 05:51:56', '2021-06-30 11:35:34', 2, 2, '', '', '', '0000-00-00', '0000-00-00', '2021-07-05', '', '', '1'),
(102, 98, '', '', 0, '2021-06-28 05:53:08', '2021-06-30 11:35:43', 2, 2, '', '', '', '0000-00-00', '0000-00-00', '2021-07-05', '', '', '1'),
(103, 99, '', '', 0, '2021-06-28 05:54:13', '2021-06-30 11:35:58', 2, 2, '', '', '', '0000-00-00', '0000-00-00', '2021-07-05', '', '', '1'),
(104, 100, '', '', 0, '2021-06-28 05:54:43', '2021-06-30 11:36:14', 2, 2, '', '', '', '0000-00-00', '0000-00-00', '2021-07-05', '', '', '1'),
(105, 101, '', '', 0, '2021-06-28 05:55:02', '2021-06-30 11:36:49', 2, 2, '', '', '', '0000-00-00', '0000-00-00', '2021-07-05', '', '', '1'),
(106, 102, '', '', 0, '2021-06-30 11:38:21', '2021-06-30 11:38:21', 2, 2, '', '', '', '0000-00-00', '0000-00-00', '2021-07-05', '', '', '1'),
(107, 103, '', '', 0, '2021-06-30 11:39:29', '2021-06-30 11:39:29', 2, 2, '', '', '', '0000-00-00', '0000-00-00', '2021-07-05', '', '', '1'),
(108, 104, '', '', 0, '2021-06-30 11:39:53', '2021-06-30 11:39:53', 2, 2, '', '', '', '0000-00-00', '0000-00-00', '2021-07-05', '', '', '1'),
(109, 105, '', '', 0, '2021-06-30 11:40:50', '2021-06-30 11:40:50', 2, 2, '', '', '', '0000-00-00', '0000-00-00', '2021-07-06', '', '', '1'),
(110, 106, '', '', 0, '2021-06-30 11:42:27', '2021-06-30 11:42:27', 2, 2, '', '', '', '0000-00-00', '0000-00-00', '2021-07-20', '', '', '1'),
(111, 107, '', '', 0, '2021-06-30 12:27:15', '2021-06-30 12:27:15', 2, 2, '', '', '', '0000-00-00', '0000-00-00', '2021-07-20', '', '', '1'),
(112, 108, '', '', 0, '2021-06-30 12:31:03', '2021-06-30 12:31:03', 2, 2, '', '', '', '0000-00-00', '0000-00-00', '2021-07-20', '', '', '1'),
(113, 109, '', '', 0, '2021-06-30 12:31:28', '2021-06-30 12:31:28', 2, 2, '', '', '', '0000-00-00', '0000-00-00', '2021-07-22', '', '', '1'),
(114, 110, '', '', 0, '2021-06-30 12:32:21', '2021-06-30 12:32:21', 2, 2, '', '', '', '0000-00-00', '0000-00-00', '2021-07-22', '', '', '1'),
(115, 111, '', '', 0, '2021-06-30 12:32:39', '2021-06-30 12:32:39', 2, 2, '', '', '', '0000-00-00', '0000-00-00', '2021-07-23', '', '', '1'),
(116, 112, '', '', 0, '2021-06-30 12:33:02', '2021-06-30 12:33:02', 2, 2, '', '', '', '0000-00-00', '0000-00-00', '2021-07-23', '', '', '1'),
(117, 113, '', '', 0, '2021-07-27 13:15:30', '2021-07-27 13:15:30', 2, 2, '', '', '', '0000-00-00', '0000-00-00', '2021-08-09', '', '', '1'),
(118, 114, '', '', 0, '2021-07-27 13:15:53', '2021-07-27 13:15:53', 2, 2, '', '', '', '0000-00-00', '0000-00-00', '2021-08-09', '', '', '1'),
(119, 115, '', '', 0, '2021-07-27 13:16:18', '2021-07-27 13:16:18', 2, 2, '', '', '', '0000-00-00', '0000-00-00', '2021-08-09', '', '', '1'),
(120, 116, '', '', 0, '2021-07-27 13:16:45', '2021-07-27 13:16:45', 2, 2, '', '', '', '0000-00-00', '0000-00-00', '2021-08-09', '', '', '1'),
(121, 117, '', '', 0, '2021-07-27 13:17:15', '2021-07-27 13:17:15', 2, 2, '', '', '', '0000-00-00', '0000-00-00', '2021-08-10', '', '', '1'),
(122, 118, '', '', 0, '2021-07-27 13:17:46', '2021-07-27 13:17:46', 2, 2, '', '', '', '0000-00-00', '0000-00-00', '2021-08-30', '', '', '1'),
(123, 119, '', '', 0, '2021-07-27 13:18:11', '2021-07-27 13:18:11', 2, 2, '', '', '', '0000-00-00', '0000-00-00', '2021-08-30', '', '', '1'),
(124, 120, '', '', 0, '2021-07-27 13:18:34', '2021-07-27 13:18:34', 2, 2, '', '', '', '0000-00-00', '0000-00-00', '2021-08-30', '', '', '1'),
(125, 121, '', '', 0, '2021-07-27 13:18:58', '2021-07-27 13:18:58', 2, 2, '', '', '', '0000-00-00', '0000-00-00', '2021-08-30', '', '', '1'),
(126, 122, '', '', 0, '2021-07-27 13:19:17', '2021-07-27 13:19:17', 2, 2, '', '', '', '0000-00-00', '0000-00-00', '2021-08-31', '', '', '1'),
(127, 123, '', '', 0, '2021-08-24 07:47:54', '2021-08-24 07:47:54', 2, 2, '', '', '', '0000-00-00', '0000-00-00', '2021-09-06', '', '', '1'),
(128, 124, '', '', 0, '2021-08-24 07:50:08', '2021-08-24 07:50:08', 2, 2, '', '', '', '0000-00-00', '0000-00-00', '2021-09-06', '', '', '1'),
(129, 125, '', '', 0, '2021-08-24 07:50:38', '2021-08-24 07:50:38', 2, 2, '', '', '', '0000-00-00', '0000-00-00', '2021-09-06', '', '', '1'),
(130, 126, '', '', 0, '2021-08-24 07:57:36', '2021-08-24 07:57:36', 2, 2, '', '', '', '0000-00-00', '0000-00-00', '2021-09-06', '', '', '1'),
(131, 127, '', '', 0, '2021-08-24 07:58:09', '2021-08-24 07:58:09', 2, 2, '', '', '', '0000-00-00', '0000-00-00', '2021-09-06', '', '', '1'),
(132, 128, '', '', 0, '2021-08-24 08:00:42', '2021-08-24 08:00:42', 2, 2, '', '', '', '0000-00-00', '0000-00-00', '2021-09-06', '', '', '1'),
(133, 129, '', '', 0, '2021-08-24 08:01:18', '2021-08-24 08:01:18', 2, 2, '', '', '', '0000-00-00', '0000-00-00', '2021-09-06', '', '', '1'),
(134, 130, '', '', 0, '2021-08-24 08:01:42', '2021-08-24 08:01:42', 2, 2, '', '', '', '0000-00-00', '0000-00-00', '2021-09-06', '', '', '1'),
(135, 131, '', '', 0, '2021-08-24 08:02:16', '2021-08-24 08:02:16', 2, 2, '', '', '', '0000-00-00', '0000-00-00', '2021-09-06', '', '', '1'),
(136, 132, '', '', 0, '2021-08-24 08:02:55', '2021-08-24 08:02:55', 2, 2, '', '', '', '0000-00-00', '0000-00-00', '2021-09-06', '', '', '1'),
(137, 133, '', '', 0, '2021-08-24 08:03:42', '2021-08-24 08:03:42', 2, 2, '', '', '', '0000-00-00', '0000-00-00', '2021-09-06', '', '', '1'),
(138, 134, '', '', 0, '2021-08-24 08:04:07', '2021-08-24 08:04:07', 2, 2, '', '', '', '0000-00-00', '0000-00-00', '2021-09-06', '', '', '1'),
(139, 135, '', '', 0, '2021-08-24 08:04:48', '2021-08-24 08:04:48', 2, 2, '', '', '', '0000-00-00', '0000-00-00', '2021-09-06', '', '', '1'),
(140, 136, '', '', 0, '2021-08-24 08:05:26', '2021-08-24 08:05:26', 2, 2, '', '', '', '0000-00-00', '0000-00-00', '2021-09-16', '', '', '1'),
(141, 137, '', '', 0, '2021-08-24 08:05:55', '2021-08-24 08:05:55', 2, 2, '', '', '', '0000-00-00', '0000-00-00', '2021-09-17', '', '', '1'),
(142, 138, '', '', 0, '2021-08-24 08:07:51', '2021-08-24 08:07:51', 2, 2, '', '', '', '0000-00-00', '0000-00-00', '2021-09-20', '', '', '1'),
(143, 139, '', '', 0, '2021-08-24 08:08:19', '2021-08-24 08:08:19', 2, 2, '', '', '', '0000-00-00', '0000-00-00', '2021-09-20', '', '', '1'),
(144, 140, '', '', 0, '2021-08-24 08:08:46', '2021-08-24 08:08:46', 2, 2, '', '', '', '0000-00-00', '0000-00-00', '2021-09-20', '', '', '1'),
(145, 141, '', '', 0, '2021-08-24 08:09:13', '2021-08-24 08:09:13', 2, 2, '', '', '', '0000-00-00', '0000-00-00', '2021-09-21', '', '', '1'),
(146, 142, '', '', 0, '2021-08-24 08:09:46', '2021-08-24 08:09:46', 2, 2, '', '', '', '0000-00-00', '0000-00-00', '2021-09-22', '', '', '1'),
(147, 143, '', '', 0, '2021-08-24 08:10:12', '2021-08-24 08:10:12', 2, 2, '', '', '', '0000-00-00', '0000-00-00', '2021-09-23', '', '', '1'),
(148, 144, '', '', 0, '2021-08-24 08:11:22', '2021-08-24 08:11:22', 2, 2, '', '', '', '0000-00-00', '0000-00-00', '2021-09-23', '', '', '1'),
(149, 145, '', '', 0, '2021-09-28 07:46:16', '2021-09-28 07:46:16', 2, 2, '', '', '', '0000-00-00', '0000-00-00', '2021-10-01', '', '', '1'),
(150, 146, '', '', 0, '2021-09-28 07:46:43', '2021-09-28 07:46:43', 2, 2, '', '', '', '0000-00-00', '0000-00-00', '2021-10-01', '', '', '1'),
(151, 147, '', '', 0, '2021-09-28 08:06:18', '2021-09-28 08:06:18', 2, 2, '', '', '', '0000-00-00', '0000-00-00', '2021-10-04', '', '', '1'),
(152, 148, '', '', 0, '2021-09-28 08:06:26', '2021-09-28 08:06:26', 2, 2, '', '', '', '0000-00-00', '0000-00-00', '2021-10-05', '', '', '1'),
(153, 149, '', '', 0, '2021-09-28 08:06:35', '2021-09-28 08:06:35', 2, 2, '', '', '', '0000-00-00', '0000-00-00', '2021-10-06', '', '', '1'),
(154, 150, '', '', 0, '2021-09-28 08:06:44', '2021-09-28 08:06:44', 2, 2, '', '', '', '0000-00-00', '0000-00-00', '2021-10-07', '', '', '1'),
(155, 151, '', '', 0, '2021-09-28 08:07:21', '2021-09-28 08:07:21', 2, 2, '', '', '', '0000-00-00', '0000-00-00', '2021-10-14', '', '', '1'),
(156, 152, '', '', 0, '2021-09-28 08:07:46', '2021-09-28 08:07:46', 2, 2, '', '', '', '0000-00-00', '0000-00-00', '2021-10-19', '', '', '1'),
(157, 153, '', '', 0, '2021-10-26 10:59:43', '2021-10-26 10:59:43', 2, 2, '', '', '', '0000-00-00', '0000-00-00', '2021-11-03', '', '', '1'),
(158, 154, '', '', 0, '2021-10-26 11:00:11', '2021-10-26 11:00:11', 2, 2, '', '', '', '0000-00-00', '0000-00-00', '2021-11-03', '', '', '1'),
(159, 155, '', '', 0, '2021-10-26 11:00:39', '2021-10-26 11:00:39', 2, 2, '', '', '', '0000-00-00', '0000-00-00', '2021-11-04', '', '', '1'),
(160, 156, '', '', 0, '2021-10-26 11:01:49', '2021-10-26 11:01:49', 2, 2, '', '', '', '0000-00-00', '0000-00-00', '2021-10-26', '', '', '1'),
(161, 157, '', '', 0, '2021-10-26 11:02:15', '2021-10-26 11:02:15', 2, 2, '', '', '', '0000-00-00', '0000-00-00', '2021-11-04', '', '', '1'),
(162, 158, '', '', 0, '2021-10-26 11:03:06', '2021-10-26 11:03:06', 2, 2, '', '', '', '0000-00-00', '0000-00-00', '2021-11-23', '', '', '1'),
(163, 159, '', '', 0, '2021-10-26 11:03:27', '2021-10-26 11:03:27', 2, 2, '', '', '', '0000-00-00', '0000-00-00', '2021-11-23', '', '', '1'),
(164, 160, '', '', 0, '2021-10-28 05:22:59', '2021-10-28 05:22:59', 2, 2, '', '', '', '0000-00-00', '0000-00-00', '2021-11-25', '', '', '1'),
(165, 161, '', '', 0, '2021-10-28 05:23:26', '2021-10-28 05:23:26', 2, 2, '', '', '', '0000-00-00', '0000-00-00', '2021-11-25', '', '', '1'),
(166, 162, '', '', 2, '2021-10-28 05:24:05', '2021-10-28 05:25:10', 2, 2, '', '', '', '0000-00-00', '0000-00-00', '2021-11-25', '', '', '1'),
(167, 162, '', '', 0, '2021-10-28 05:24:32', '2021-10-28 05:25:10', 2, 2, '', '', '', '0000-00-00', '0000-00-00', '2021-11-25', '', '', '1'),
(168, 163, '', '', 0, '2021-10-28 05:24:59', '2021-10-28 05:25:10', 2, 2, '', '', '', '0000-00-00', '0000-00-00', '2021-11-25', '', '', '1'),
(169, 164, '', '', 0, '2021-10-28 05:25:45', '2021-10-28 05:25:45', 2, 2, '', '', '', '0000-00-00', '0000-00-00', '2021-11-25', '', '', '1'),
(170, 165, '', '', 0, '2021-10-28 05:26:21', '2021-10-28 05:26:21', 2, 2, '', '', '', '0000-00-00', '0000-00-00', '2021-10-28', '', '', '1'),
(171, 166, '', '', 0, '2021-10-28 05:26:57', '2021-10-28 05:26:57', 2, 2, '', '', '', '0000-00-00', '0000-00-00', '2021-11-25', '', '', '1'),
(172, 167, '', '', 0, '2021-10-28 05:28:03', '2021-10-28 05:28:03', 2, 2, '', '', '', '0000-00-00', '0000-00-00', '2021-11-25', '', '', '1'),
(173, 168, '', '', 0, '2021-10-28 05:28:33', '2021-10-28 05:28:33', 2, 2, '', '', '', '0000-00-00', '0000-00-00', '2021-11-25', '', '', '1'),
(174, 169, '', '', 0, '2021-10-28 05:29:16', '2021-10-28 05:29:16', 2, 2, '', '', '', '0000-00-00', '0000-00-00', '2021-11-25', '', '', '1'),
(175, 170, '', '', 0, '2021-10-28 05:29:59', '2021-10-28 05:29:59', 2, 2, '', '', '', '0000-00-00', '0000-00-00', '2021-11-25', '', '', '1'),
(176, 171, '', '', 0, '2021-10-28 05:30:35', '2021-10-28 05:30:35', 2, 2, '', '', '', '0000-00-00', '0000-00-00', '2021-11-25', '', '', '1'),
(177, 172, '', '', 0, '2021-10-28 05:30:59', '2021-10-28 05:30:59', 2, 2, '', '', '', '0000-00-00', '0000-00-00', '2021-11-25', '', '', '1'),
(178, 173, '', '', 0, '2021-10-28 05:31:20', '2021-10-28 05:31:20', 2, 2, '', '', '', '0000-00-00', '0000-00-00', '2021-11-25', '', '', '1'),
(179, 174, '', '', 0, '2021-10-28 05:32:27', '2021-10-28 05:32:27', 2, 2, '', '', '', '0000-00-00', '0000-00-00', '2021-11-26', '', '', '1'),
(180, 175, '', '', 0, '2021-10-28 05:32:56', '2021-10-28 05:32:56', 2, 2, '', '', '', '0000-00-00', '0000-00-00', '2021-11-26', '', '', '1'),
(181, 176, '', '', 0, '2021-10-28 05:33:27', '2021-10-28 05:33:27', 2, 2, '', '', '', '0000-00-00', '0000-00-00', '2021-11-26', '', '', '1'),
(182, 177, '', '', 0, '2021-10-28 05:33:52', '2021-10-28 05:33:52', 2, 2, '', '', '', '0000-00-00', '0000-00-00', '2021-11-26', '', '', '1'),
(183, 178, '', '', 0, '2021-10-28 05:34:38', '2021-10-28 05:34:38', 2, 2, '', '', '', '0000-00-00', '0000-00-00', '2021-11-26', '', '', '1'),
(184, 179, '', '', 0, '2021-10-28 05:35:04', '2021-10-28 05:35:04', 2, 2, '', '', '', '0000-00-00', '0000-00-00', '2021-11-26', '', '', '1'),
(185, 180, '', '', 0, '2021-10-28 05:35:30', '2021-10-28 05:35:30', 2, 2, '', '', '', '0000-00-00', '0000-00-00', '2021-11-26', '', '', '1'),
(186, 181, '', '', 0, '2021-10-28 05:36:31', '2021-10-28 05:36:31', 2, 2, '', '', '', '0000-00-00', '0000-00-00', '2021-11-26', '', '', '1'),
(187, 182, '', '', 0, '2021-10-28 05:37:08', '2021-10-28 05:37:08', 2, 2, '', '', '', '0000-00-00', '0000-00-00', '2021-11-26', '', '', '1'),
(188, 183, '', '', 0, '2021-10-28 05:37:43', '2021-10-28 05:37:43', 2, 2, '', '', '', '0000-00-00', '0000-00-00', '2021-11-26', '', '', '1'),
(189, 184, '', '', 0, '2021-10-28 05:38:05', '2021-10-28 05:38:05', 2, 2, '', '', '', '0000-00-00', '0000-00-00', '2021-11-26', '', '', '1'),
(190, 185, '', '', 0, '2021-11-26 00:40:03', '2021-11-26 00:40:03', 2, 2, '', '', '', '0000-00-00', '0000-00-00', '2021-12-24', '', '', '1'),
(191, 186, '', '', 0, '2021-11-26 00:40:28', '2021-11-26 00:40:28', 2, 2, '', '', '', '0000-00-00', '0000-00-00', '2021-12-24', '', '', '1'),
(192, 187, '', '', 0, '2021-11-26 00:40:50', '2021-11-26 00:40:50', 2, 2, '', '', '', '0000-00-00', '0000-00-00', '2021-12-24', '', '', '1'),
(193, 188, '', '', 0, '2021-11-26 00:41:10', '2021-11-26 00:41:10', 2, 2, '', '', '', '0000-00-00', '0000-00-00', '2021-12-24', '', '', '1'),
(194, 189, '', '', 0, '2021-11-26 00:41:32', '2021-11-26 00:41:32', 2, 2, '', '', '', '0000-00-00', '0000-00-00', '2021-12-24', '', '', '1'),
(195, 190, '', '', 0, '2021-11-26 00:42:05', '2021-11-26 00:42:05', 2, 2, '', '', '', '0000-00-00', '0000-00-00', '2021-12-24', '', '', '1'),
(196, 191, '', '', 0, '2021-11-26 00:42:27', '2021-11-26 00:42:27', 2, 2, '', '', '', '0000-00-00', '0000-00-00', '2021-12-24', '', '', '1'),
(197, 192, '', '', 0, '2021-11-26 00:42:50', '2021-11-26 00:42:50', 2, 2, '', '', '', '0000-00-00', '0000-00-00', '2021-12-24', '', '', '1'),
(198, 193, '', '', 0, '2021-11-26 00:43:16', '2021-11-26 00:43:16', 2, 2, '', '', '', '0000-00-00', '0000-00-00', '2021-12-24', '', '', '1'),
(199, 194, '', '', 0, '2021-11-26 00:44:13', '2021-11-26 00:44:13', 2, 2, '', '', '', '0000-00-00', '0000-00-00', '2021-12-24', '', '', '1'),
(200, 195, '', '', 0, '2021-11-26 00:44:36', '2021-11-26 00:44:36', 2, 2, '', '', '', '0000-00-00', '0000-00-00', '2021-12-24', '', '', '1'),
(201, 196, '', '', 0, '2021-11-26 00:45:04', '2021-11-26 00:45:04', 2, 2, '', '', '', '0000-00-00', '0000-00-00', '2021-12-24', '', '', '1'),
(202, 197, '', '', 0, '2021-11-26 00:45:39', '2021-11-26 00:45:39', 2, 2, '', '', '', '0000-00-00', '0000-00-00', '2021-12-24', '', '', '1'),
(203, 198, '', '', 0, '2021-11-26 00:46:04', '2021-11-26 00:46:04', 2, 2, '', '', '', '0000-00-00', '0000-00-00', '2021-12-24', '', '', '1'),
(204, 199, '', '', 0, '2021-11-26 00:46:19', '2021-11-26 00:46:19', 2, 2, '', '', '', '0000-00-00', '0000-00-00', '2021-12-24', '', '', '1'),
(205, 200, '', '', 0, '2021-11-26 00:46:38', '2021-11-26 00:46:38', 2, 2, '', '', '', '0000-00-00', '0000-00-00', '2021-12-24', '', '', '1'),
(206, 201, '', '', 0, '2021-11-26 00:48:18', '2021-11-26 00:48:18', 2, 2, '', '', '', '0000-00-00', '0000-00-00', '2021-12-24', '', '', '1'),
(207, 202, '', '', 0, '2021-11-26 00:48:40', '2021-11-26 00:48:40', 2, 2, '', '', '', '0000-00-00', '0000-00-00', '2021-12-27', '', '', '1'),
(208, 203, '', '', 0, '2021-11-26 00:49:03', '2021-11-26 00:49:03', 2, 2, '', '', '', '0000-00-00', '0000-00-00', '2021-12-27', '', '', '1'),
(209, 204, '', '', 0, '2021-11-26 00:50:27', '2021-11-26 00:50:27', 2, 2, '', '', '', '0000-00-00', '0000-00-00', '2021-12-27', '', '', '1'),
(210, 205, '', '', 0, '2021-11-26 00:50:49', '2021-11-26 00:50:49', 2, 2, '', '', '', '0000-00-00', '0000-00-00', '2021-12-27', '', '', '1'),
(211, 206, '', '', 0, '2021-11-26 00:51:22', '2021-11-26 00:51:22', 2, 2, '', '', '', '0000-00-00', '0000-00-00', '2021-12-27', '', '', '1'),
(212, 207, '', '', 0, '2021-11-26 00:52:46', '2021-11-26 00:52:46', 2, 2, '', '', '', '0000-00-00', '0000-00-00', '2021-12-27', '', '', '1'),
(213, 208, '', '', 0, '2021-11-26 00:53:07', '2021-11-26 00:53:07', 2, 2, '', '', '', '0000-00-00', '0000-00-00', '2021-12-28', '', '', '1'),
(214, 209, '', '', 0, '2021-11-26 00:53:32', '2021-11-26 00:53:32', 2, 2, '', '', '', '0000-00-00', '0000-00-00', '2021-12-28', '', '', '1'),
(215, 210, '', '', 0, '2021-11-26 00:54:08', '2021-11-26 00:54:08', 2, 2, '', '', '', '0000-00-00', '0000-00-00', '2021-12-31', '', '', '1'),
(216, 211, '', '', 0, '2021-11-26 00:54:33', '2021-11-26 00:54:33', 2, 2, '', '', '', '0000-00-00', '0000-00-00', '2021-12-31', '', '', '1'),
(217, 212, '', '', 0, '2021-11-26 00:55:03', '2021-11-26 00:55:03', 2, 2, '', '', '', '0000-00-00', '0000-00-00', '2021-12-31', '', '', '1'),
(218, 213, '', '', 0, '2021-11-26 00:55:27', '2021-11-26 00:55:27', 2, 2, '', '', '', '0000-00-00', '0000-00-00', '2021-12-31', '', '', '1'),
(219, 214, '', '', 0, '2021-11-26 00:55:45', '2021-11-26 00:55:45', 2, 2, '', '', '', '0000-00-00', '0000-00-00', '2021-12-31', '', '', '1'),
(220, 215, '', '', 0, '2021-11-26 00:56:03', '2021-11-26 00:56:03', 2, 2, '', '', '', '0000-00-00', '0000-00-00', '2021-12-31', '', '', '1'),
(221, 216, '', '', 0, '2021-11-26 00:56:22', '2021-11-26 00:56:22', 2, 2, '', '', '', '0000-00-00', '0000-00-00', '2021-12-31', '', '', '1'),
(222, 217, '', '', 0, '2021-11-26 00:57:14', '2021-11-26 00:57:14', 2, 2, '', '', '', '0000-00-00', '0000-00-00', '2021-12-31', '', '', '1'),
(223, 218, '', '', 0, '2021-11-26 00:57:38', '2021-11-26 00:57:38', 2, 2, '', '', '', '0000-00-00', '0000-00-00', '2021-12-31', '', '', '1'),
(224, 219, '', '', 0, '2021-11-26 00:57:56', '2021-11-26 00:57:56', 2, 2, '', '', '', '0000-00-00', '0000-00-00', '2021-12-31', '', '', '1'),
(225, 220, '', '', 0, '2021-11-26 00:58:17', '2021-11-26 00:58:17', 2, 2, '', '', '', '0000-00-00', '0000-00-00', '2021-12-31', '', '', '1'),
(226, 221, '', '', 0, '2021-11-26 00:59:03', '2021-11-26 00:59:03', 2, 2, '', '', '', '0000-00-00', '0000-00-00', '2021-12-31', '', '', '1'),
(227, 222, '', '', 0, '2021-11-26 00:59:20', '2021-11-26 00:59:20', 2, 2, '', '', '', '0000-00-00', '0000-00-00', '2021-12-31', '', '', '1'),
(228, 223, '', '', 0, '2021-11-26 00:59:40', '2021-11-26 00:59:40', 2, 2, '', '', '', '0000-00-00', '0000-00-00', '2021-12-31', '', '', '1'),
(229, 224, '', '', 0, '2021-11-26 01:00:43', '2021-11-26 01:00:43', 2, 2, '', '', '', '0000-00-00', '0000-00-00', '2022-01-03', '', '', '1'),
(230, 225, '', '', 0, '2021-11-26 01:01:18', '2021-11-26 01:01:18', 2, 2, '', '', '', '0000-00-00', '0000-00-00', '2022-01-03', '', '', '1'),
(231, 226, '', '', 0, '2021-11-26 01:01:44', '2021-11-26 01:01:44', 2, 2, '', '', '', '0000-00-00', '0000-00-00', '2022-01-03', '', '', '1'),
(232, 227, '', '', 0, '2021-11-26 01:02:03', '2021-11-26 01:02:03', 2, 2, '', '', '', '0000-00-00', '0000-00-00', '2022-01-03', '', '', '1'),
(233, 228, '', '', 0, '2021-11-26 01:02:23', '2021-11-26 01:02:23', 2, 2, '', '', '', '0000-00-00', '0000-00-00', '2022-01-03', '', '', '1'),
(234, 229, '', '', 0, '2021-11-26 01:02:41', '2021-11-26 01:02:41', 2, 2, '', '', '', '0000-00-00', '0000-00-00', '2022-01-03', '', '', '1'),
(235, 230, '', '', 0, '2021-12-02 14:44:31', '2021-12-02 14:44:31', 2, 2, '', '', '', '0000-00-00', '0000-00-00', '2021-12-03', '', '', '1'),
(236, 231, '', '', 0, '2021-12-29 07:43:08', '2021-12-29 07:43:08', 2, 2, '', '', '', '0000-00-00', '0000-00-00', '2022-01-03', '', '', '1'),
(237, 232, '', '', 0, '2021-12-29 07:43:34', '2021-12-29 07:43:34', 2, 2, '', '', '', '0000-00-00', '0000-00-00', '2022-01-10', '', '', '1'),
(238, 233, '', '', 0, '2021-12-30 00:52:48', '2021-12-30 00:52:48', 2, 2, '', '', '', '0000-00-00', '0000-00-00', '2022-01-10', '', '', '1'),
(239, 234, '', '', 0, '2021-12-30 00:54:27', '2021-12-30 00:54:27', 2, 2, '', '', '', '0000-00-00', '0000-00-00', '2022-01-17', '', '', '1'),
(240, 235, '', '', 0, '2021-12-30 00:54:52', '2021-12-30 00:54:52', 2, 2, '', '', '', '0000-00-00', '0000-00-00', '2022-01-17', '', '', '1'),
(241, 236, '', '', 0, '2021-12-30 00:55:13', '2021-12-30 00:55:13', 2, 2, '', '', '', '0000-00-00', '0000-00-00', '2022-01-17', '', '', '1'),
(242, 237, '', '', 0, '2021-12-30 00:55:43', '2021-12-30 00:55:43', 2, 2, '', '', '', '0000-00-00', '0000-00-00', '2022-01-17', '', '', '1'),
(243, 238, '', '', 0, '2021-12-30 00:56:13', '2021-12-30 00:56:13', 2, 2, '', '', '', '0000-00-00', '0000-00-00', '2022-01-17', '', '', '1'),
(244, 239, '', '', 0, '2021-12-30 00:56:37', '2021-12-30 00:56:37', 2, 2, '', '', '', '0000-00-00', '0000-00-00', '2022-01-17', '', '', '1'),
(245, 240, '', '', 0, '2021-12-30 00:57:01', '2021-12-30 00:57:01', 2, 2, '', '', '', '0000-00-00', '0000-00-00', '2022-01-17', '', '', '1'),
(246, 241, '', '', 0, '2021-12-30 00:57:28', '2021-12-30 00:57:28', 2, 2, '', '', '', '0000-00-00', '0000-00-00', '2022-01-17', '', '', '1'),
(247, 242, '', '', 0, '2021-12-30 00:57:51', '2021-12-30 00:57:51', 2, 2, '', '', '', '0000-00-00', '0000-00-00', '2022-01-17', '', '', '1'),
(248, 243, '', '', 0, '2021-12-30 00:58:18', '2021-12-30 00:58:18', 2, 2, '', '', '', '0000-00-00', '0000-00-00', '2022-01-18', '', '', '1'),
(249, 244, '', '', 0, '2021-12-30 00:58:44', '2021-12-30 00:58:44', 2, 2, '', '', '', '0000-00-00', '0000-00-00', '2022-01-28', '', '', '1'),
(250, 245, '', '', 0, '2021-12-30 00:59:17', '2021-12-30 00:59:17', 2, 2, '', '', '', '0000-00-00', '0000-00-00', '2022-01-31', '', '', '1'),
(251, 246, '', '', 0, '2021-12-30 01:00:07', '2021-12-30 01:00:07', 2, 2, '', '', '', '0000-00-00', '0000-00-00', '2022-01-31', '', '', '1'),
(252, 247, '', '', 0, '2021-12-30 01:00:34', '2021-12-30 01:00:34', 2, 2, '', '', '', '0000-00-00', '0000-00-00', '2022-01-31', '', '', '1'),
(253, 248, '', '', 0, '2021-12-30 01:00:59', '2021-12-30 01:00:59', 2, 2, '', '', '', '0000-00-00', '0000-00-00', '2022-01-31', '', '', '1'),
(254, 249, '', '', 0, '2021-12-30 11:36:16', '2021-12-30 11:36:16', 2, 2, '', '', '', '0000-00-00', '0000-00-00', '2022-02-01', '', '', '1'),
(255, 250, '', '', 0, '2021-12-30 11:36:29', '2021-12-30 11:36:29', 2, 2, '', '', '', '0000-00-00', '0000-00-00', '2022-02-02', '', '', '1'),
(256, 251, '', '', 0, '2021-12-30 11:37:10', '2021-12-30 11:37:10', 2, 2, '', '', '', '0000-00-00', '0000-00-00', '2022-02-03', '', '', '1'),
(257, 252, '', '', 0, '2021-12-30 11:37:33', '2021-12-30 11:37:33', 2, 2, '', '', '', '0000-00-00', '0000-00-00', '2022-02-01', '', '', '1'),
(258, 253, '', '', 0, '2021-12-30 11:37:46', '2021-12-30 11:37:46', 2, 2, '', '', '', '0000-00-00', '0000-00-00', '2022-02-02', '', '', '1'),
(259, 254, '', '', 0, '2021-12-30 11:38:02', '2021-12-30 11:38:02', 2, 2, '', '', '', '0000-00-00', '0000-00-00', '2022-02-01', '', '', '1'),
(260, 255, '', '', 0, '2021-12-30 11:38:09', '2021-12-30 11:38:09', 2, 2, '', '', '', '0000-00-00', '0000-00-00', '2022-02-02', '', '', '1'),
(261, 256, '', '', 0, '2021-12-30 11:38:26', '2021-12-30 11:38:26', 2, 2, '', '', '', '0000-00-00', '0000-00-00', '2022-02-01', '', '', '1'),
(262, 257, '', '', 0, '2021-12-30 11:38:41', '2021-12-30 11:38:41', 2, 2, '', '', '', '0000-00-00', '0000-00-00', '2022-02-02', '', '', '1'),
(263, 258, '', '', 0, '2021-12-30 11:38:58', '2021-12-30 11:38:58', 2, 2, '', '', '', '0000-00-00', '0000-00-00', '2022-02-01', '', '', '1'),
(264, 259, '', '', 0, '2021-12-30 11:39:05', '2021-12-30 11:39:05', 2, 2, '', '', '', '0000-00-00', '0000-00-00', '2022-02-02', '', '', '1'),
(265, 260, '', '', 0, '2021-12-30 11:39:12', '2021-12-30 11:39:12', 2, 2, '', '', '', '0000-00-00', '0000-00-00', '2022-02-03', '', '', '1'),
(266, 261, '', '', 0, '2021-12-30 11:39:25', '2021-12-30 11:39:25', 2, 2, '', '', '', '0000-00-00', '0000-00-00', '2022-02-04', '', '', '1'),
(267, 262, '', '', 0, '2022-01-25 03:07:01', '2022-01-25 03:07:01', 2, 2, '', '', '', '0000-00-00', '0000-00-00', '2022-02-11', '', '', '1'),
(268, 263, '', '', 0, '2022-01-25 03:07:16', '2022-01-25 03:07:16', 2, 2, '', '', '', '0000-00-00', '0000-00-00', '2022-02-11', '', '', '1'),
(269, 264, '', '', 0, '2022-01-25 03:08:24', '2022-01-25 03:08:24', 2, 2, '', '', '', '0000-00-00', '0000-00-00', '2022-02-21', '', '', '1'),
(270, 265, '', '', 0, '2022-01-25 03:08:47', '2022-01-25 03:08:47', 2, 2, '', '', '', '0000-00-00', '0000-00-00', '2022-02-21', '', '', '1'),
(271, 266, '', '', 0, '2022-01-25 03:09:13', '2022-01-25 03:09:13', 2, 2, '', '', '', '0000-00-00', '0000-00-00', '2022-02-21', '', '', '1'),
(272, 267, '', '', 0, '2022-01-25 03:09:34', '2022-01-25 03:09:34', 2, 2, '', '', '', '0000-00-00', '0000-00-00', '2022-02-21', '', '', '1'),
(273, 268, '', '', 0, '2022-01-25 03:10:02', '2022-01-25 03:10:02', 2, 2, '', '', '', '0000-00-00', '0000-00-00', '2022-02-21', '', '', '1'),
(274, 269, '', '', 0, '2022-01-25 03:10:30', '2022-01-25 03:10:30', 2, 2, '', '', '', '0000-00-00', '0000-00-00', '2022-02-21', '', '', '1'),
(275, 270, '', '', 0, '2022-01-25 03:11:02', '2022-01-25 03:11:02', 2, 2, '', '', '', '0000-00-00', '0000-00-00', '2022-02-21', '', '', '1'),
(276, 271, '', '', 0, '2022-01-25 03:12:00', '2022-01-25 03:12:00', 2, 2, '', '', '', '0000-00-00', '0000-00-00', '2022-02-23', '', '', '1'),
(277, 272, '', '', 0, '2022-01-25 03:12:24', '2022-01-25 03:12:24', 2, 2, '', '', '', '0000-00-00', '0000-00-00', '2022-02-23', '', '', '1'),
(278, 273, '', '', 0, '2022-01-26 02:00:50', '2022-01-26 02:00:50', 2, 2, '', '', '', '0000-00-00', '0000-00-00', '2022-02-21', '', '', '1'),
(279, 274, '', '', 0, '2022-03-03 05:47:06', '2022-03-03 05:47:06', 2, 2, '', '', '', '0000-00-00', '0000-00-00', '2022-03-21', '', '', '1'),
(280, 275, '', '', 0, '2022-03-03 05:47:23', '2022-03-03 05:47:23', 2, 2, '', '', '', '0000-00-00', '0000-00-00', '2022-03-21', '', '', '1'),
(281, 276, '', '', 0, '2022-03-28 02:24:27', '2022-03-28 02:24:27', 2, 2, '', '', '', '0000-00-00', '0000-00-00', '2022-04-01', '', '', '1'),
(282, 277, '', '', 0, '2022-03-28 02:24:48', '2022-03-28 02:24:48', 2, 2, '', '', '', '0000-00-00', '0000-00-00', '2022-04-04', '', '', '1'),
(283, 278, '', '', 0, '2022-03-28 02:25:11', '2022-03-28 02:25:11', 2, 2, '', '', '', '0000-00-00', '0000-00-00', '2022-04-05', '', '', '1'),
(284, 279, '', '', 0, '2022-03-28 02:25:30', '2022-03-28 02:25:30', 2, 2, '', '', '', '0000-00-00', '0000-00-00', '2022-04-05', '', '', '1'),
(285, 280, '', '', 0, '2022-03-28 02:26:30', '2022-03-28 02:26:30', 2, 2, '', '', '', '0000-00-00', '0000-00-00', '2022-04-15', '', '', '1'),
(286, 281, '', '', 0, '2022-03-28 02:26:49', '2022-03-28 02:26:49', 2, 2, '', '', '', '0000-00-00', '0000-00-00', '2022-04-15', '', '', '1'),
(287, 282, '', '', 0, '2022-03-28 02:27:07', '2022-03-28 02:27:07', 2, 2, '', '', '', '0000-00-00', '0000-00-00', '2022-04-15', '', '', '1'),
(288, 283, '', '', 0, '2022-03-28 02:27:36', '2022-03-28 02:27:36', 2, 2, '', '', '', '0000-00-00', '0000-00-00', '2022-04-15', '', '', '1'),
(289, 284, '', '', 0, '2022-03-28 02:27:53', '2022-03-28 02:27:53', 2, 2, '', '', '', '0000-00-00', '0000-00-00', '2022-04-15', '', '', '1'),
(290, 285, '', '', 0, '2022-03-28 02:28:48', '2022-03-28 02:28:48', 2, 2, '', '', '', '0000-00-00', '0000-00-00', '2022-04-15', '', '', '1'),
(291, 286, '', '', 0, '2022-03-28 02:29:32', '2022-03-28 02:29:32', 2, 2, '', '', '', '0000-00-00', '0000-00-00', '2022-04-15', '', '', '1'),
(292, 287, '', '', 0, '2022-03-28 02:30:04', '2022-03-28 02:30:04', 2, 2, '', '', '', '0000-00-00', '0000-00-00', '2022-04-15', '', '', '1'),
(293, 288, '', '', 0, '2022-03-28 02:31:53', '2022-03-28 02:31:53', 2, 2, '', '', '', '0000-00-00', '0000-00-00', '2022-04-15', '', '', '1'),
(294, 289, '', '', 0, '2022-03-28 02:32:13', '2022-03-28 02:32:13', 2, 2, '', '', '', '0000-00-00', '0000-00-00', '2022-04-15', '', '', '1'),
(295, 290, '', '', 0, '2022-03-28 02:32:34', '2022-03-28 02:32:34', 2, 2, '', '', '', '0000-00-00', '0000-00-00', '2022-04-15', '', '', '1'),
(296, 291, '', '', 0, '2022-03-28 02:33:34', '2022-03-28 02:33:34', 2, 2, '', '', '', '0000-00-00', '0000-00-00', '2022-04-15', '', '', '1'),
(297, 292, '', '', 0, '2022-03-28 02:33:54', '2022-03-28 02:33:54', 2, 2, '', '', '', '0000-00-00', '0000-00-00', '2022-04-15', '', '', '1'),
(298, 293, '', '', 0, '2022-03-28 02:35:43', '2022-03-28 02:35:43', 2, 2, '', '', '', '0000-00-00', '0000-00-00', '2022-04-15', '', '', '1'),
(299, 294, '', '', 0, '2022-03-28 02:36:03', '2022-03-28 02:36:03', 2, 2, '', '', '', '0000-00-00', '0000-00-00', '2022-04-15', '', '', '1'),
(300, 295, '', '', 0, '2022-03-28 02:36:23', '2022-03-28 02:36:23', 2, 2, '', '', '', '0000-00-00', '0000-00-00', '2022-04-15', '', '', '1'),
(301, 296, '', '', 0, '2022-03-28 02:36:42', '2022-03-28 02:36:42', 2, 2, '', '', '', '0000-00-00', '0000-00-00', '2022-04-15', '', '', '1'),
(302, 297, '', '', 0, '2022-03-28 02:36:57', '2022-03-28 02:36:57', 2, 2, '', '', '', '0000-00-00', '0000-00-00', '2022-04-15', '', '', '1'),
(303, 298, '', '', 0, '2022-03-28 02:37:32', '2022-03-28 02:37:32', 2, 2, '', '', '', '0000-00-00', '0000-00-00', '2022-04-15', '', '', '1'),
(304, 299, '', '', 0, '2022-03-28 02:37:47', '2022-03-28 02:37:47', 2, 2, '', '', '', '0000-00-00', '0000-00-00', '2022-04-15', '', '', '1'),
(305, 300, '', '', 0, '2022-03-28 02:40:47', '2022-03-28 02:40:47', 2, 2, '', '', '', '0000-00-00', '0000-00-00', '2022-04-18', '', '', '1'),
(306, 301, '', '', 0, '2022-03-28 02:41:05', '2022-03-28 02:41:05', 2, 2, '', '', '', '0000-00-00', '0000-00-00', '2022-04-18', '', '', '1'),
(307, 302, '', '', 0, '2022-03-28 02:41:25', '2022-03-28 02:41:25', 2, 2, '', '', '', '0000-00-00', '0000-00-00', '2022-04-18', '', '', '1'),
(308, 303, '', '', 0, '2022-03-28 02:43:09', '2022-03-28 02:43:09', 2, 2, '', '', '', '0000-00-00', '0000-00-00', '2022-04-18', '', '', '1'),
(309, 304, '', '', 0, '2022-03-28 02:46:27', '2022-03-28 02:46:27', 2, 2, '', '', '', '0000-00-00', '0000-00-00', '2022-04-18', '', '', '1'),
(310, 305, '', '', 0, '2022-03-28 02:48:28', '2022-03-28 02:48:28', 2, 2, '', '', '', '0000-00-00', '0000-00-00', '2022-04-18', '', '', '1'),
(311, 306, '', '', 0, '2022-03-28 02:50:06', '2022-03-28 02:50:36', 2, 2, '', '', '', '0000-00-00', '0000-00-00', '2022-04-18', '', '', '1'),
(312, 307, '', '', 0, '2022-03-28 02:50:59', '2022-03-28 02:50:59', 2, 2, '', '', '', '0000-00-00', '0000-00-00', '2022-04-19', '', '', '1'),
(313, 308, '', '', 0, '2022-03-28 02:51:51', '2022-03-28 02:51:51', 2, 2, '', '', '', '0000-00-00', '0000-00-00', '2022-04-29', '', '', '1'),
(314, 309, '', '', 0, '2022-03-28 02:52:35', '2022-03-28 02:52:35', 2, 2, '', '', '', '0000-00-00', '0000-00-00', '2022-04-29', '', '', '1'),
(315, 310, '', '', 0, '2022-04-11 03:01:56', '2022-04-11 03:01:56', 2, 2, '', '', '', '0000-00-00', '0000-00-00', '2022-04-18', '', '', '1'),
(316, 311, '', '', 0, '2022-04-26 01:07:18', '2022-04-26 01:07:18', 2, 2, '', '', '', '0000-00-00', '0000-00-00', '2022-05-02', '', '', '1'),
(317, 312, '', '', 0, '2022-04-26 01:07:32', '2022-04-26 01:07:32', 2, 2, '', '', '', '0000-00-00', '0000-00-00', '2022-05-02', '', '', '1'),
(318, 313, '', '', 0, '2022-04-26 01:08:20', '2022-04-26 01:08:20', 2, 2, '', '', '', '0000-00-00', '0000-00-00', '2022-05-02', '', '', '1'),
(319, 314, '', '', 0, '2022-04-26 01:10:37', '2022-04-26 01:10:37', 2, 2, '', '', '', '0000-00-00', '0000-00-00', '2022-05-02', '', '', '1'),
(320, 315, '', '', 0, '2022-04-26 01:11:03', '2022-04-26 01:11:03', 2, 2, '', '', '', '0000-00-00', '0000-00-00', '2022-05-02', '', '', '1'),
(321, 316, '', '', 0, '2022-04-26 01:11:23', '2022-04-26 01:11:23', 2, 2, '', '', '', '0000-00-00', '0000-00-00', '2022-05-02', '', '', '1'),
(322, 317, '', '', 0, '2022-04-26 01:12:53', '2022-04-26 01:12:53', 2, 2, '', '', '', '0000-00-00', '0000-00-00', '2022-05-02', '', '', '1'),
(323, 318, '', '', 0, '2022-04-26 01:13:05', '2022-04-26 01:13:05', 2, 2, '', '', '', '0000-00-00', '0000-00-00', '2022-05-02', '', '', '1'),
(324, 319, '', '', 0, '2022-04-26 01:13:18', '2022-04-26 01:13:18', 2, 2, '', '', '', '0000-00-00', '0000-00-00', '2022-05-02', '', '', '1'),
(325, 320, '', '', 0, '2022-04-26 01:13:33', '2022-04-26 01:13:33', 2, 2, '', '', '', '0000-00-00', '0000-00-00', '2022-05-02', '', '', '1'),
(326, 321, '', '', 0, '2022-04-26 01:14:31', '2022-04-26 01:14:31', 2, 2, '', '', '', '0000-00-00', '0000-00-00', '2022-05-03', '', '', '1'),
(327, 322, '', '', 0, '2022-04-26 01:14:46', '2022-04-26 01:14:46', 2, 2, '', '', '', '0000-00-00', '0000-00-00', '2022-05-03', '', '', '1'),
(328, 323, '', '', 0, '2022-04-26 01:15:45', '2022-04-26 01:15:45', 2, 2, '', '', '', '0000-00-00', '0000-00-00', '2022-05-03', '', '', '1'),
(329, 324, '', '', 0, '2022-04-26 01:16:08', '2022-04-26 01:16:08', 2, 2, '', '', '', '0000-00-00', '0000-00-00', '2022-05-03', '', '', '1'),
(330, 325, '', '', 0, '2022-04-26 01:16:21', '2022-04-26 01:16:21', 2, 2, '', '', '', '0000-00-00', '0000-00-00', '2022-05-03', '', '', '1'),
(331, 326, '', '', 0, '2022-04-26 01:16:36', '2022-04-26 01:16:36', 2, 2, '', '', '', '0000-00-00', '0000-00-00', '2022-05-03', '', '', '1'),
(332, 327, '', '', 0, '2022-04-26 01:20:03', '2022-04-26 01:20:03', 2, 2, '', '', '', '0000-00-00', '0000-00-00', '2022-05-04', '', '', '1'),
(333, 328, '', '', 0, '2022-04-26 01:20:23', '2022-04-26 01:20:23', 2, 2, '', '', '', '0000-00-00', '0000-00-00', '2022-05-04', '', '', '1'),
(334, 329, '', '', 0, '2022-04-26 01:20:55', '2022-04-26 01:20:55', 2, 2, '', '', '', '0000-00-00', '0000-00-00', '2022-05-04', '', '', '1'),
(335, 330, '', '', 0, '2022-04-26 01:21:07', '2022-04-26 01:21:07', 2, 2, '', '', '', '0000-00-00', '0000-00-00', '2022-05-04', '', '', '1'),
(336, 331, '', '', 0, '2022-04-26 01:21:46', '2022-04-26 01:21:46', 2, 2, '', '', '', '0000-00-00', '0000-00-00', '2022-05-05', '', '', '1'),
(337, 332, '', '', 0, '2022-04-26 01:22:06', '2022-04-26 01:22:06', 2, 2, '', '', '', '0000-00-00', '0000-00-00', '2022-05-05', '', '', '1'),
(338, 333, '', '', 0, '2022-04-26 01:22:22', '2022-04-26 01:22:22', 2, 2, '', '', '', '0000-00-00', '0000-00-00', '2022-05-09', '', '', '1'),
(339, 334, '', '', 0, '2022-04-26 01:25:17', '2022-04-26 01:25:17', 2, 2, '', '', '', '0000-00-00', '0000-00-00', '2022-05-16', '', '', '1'),
(340, 335, '', '', 0, '2022-04-26 01:28:28', '2022-04-26 01:28:28', 2, 2, '', '', '', '0000-00-00', '0000-00-00', '2022-05-16', '', '', '1'),
(341, 336, '', '', 0, '2022-04-26 01:28:45', '2022-04-26 01:28:45', 2, 2, '', '', '', '0000-00-00', '0000-00-00', '2022-05-16', '', '', '1'),
(342, 337, '', '', 0, '2022-04-26 01:36:58', '2022-04-26 01:36:58', 2, 2, '', '', '', '0000-00-00', '0000-00-00', '2022-05-30', '', '', '1'),
(343, 338, '', '', 0, '2022-04-26 01:37:20', '2022-04-26 01:37:20', 2, 2, '', '', '', '0000-00-00', '0000-00-00', '2022-05-30', '', '', '1'),
(344, 339, '', '', 0, '2022-04-26 01:37:39', '2022-04-26 01:37:39', 2, 2, '', '', '', '0000-00-00', '0000-00-00', '2022-05-30', '', '', '1'),
(345, 340, '', '', 0, '2022-04-26 01:37:57', '2022-04-26 01:37:57', 2, 2, '', '', '', '0000-00-00', '0000-00-00', '2022-05-30', '', '', '1'),
(346, 341, '', '', 0, '2022-04-26 01:38:41', '2022-04-26 01:38:41', 2, 2, '', '', '', '0000-00-00', '0000-00-00', '2022-05-30', '', '', '1'),
(347, 342, '', '', 0, '2022-04-26 01:39:34', '2022-04-26 01:39:34', 2, 2, '', '', '', '0000-00-00', '0000-00-00', '2022-05-30', '', '', '1'),
(348, 343, '', '', 0, '2022-04-26 01:39:59', '2022-04-26 01:39:59', 2, 2, '', '', '', '0000-00-00', '0000-00-00', '2022-05-30', '', '', '1'),
(349, 344, '', '', 0, '2022-04-26 01:40:20', '2022-04-26 01:40:20', 2, 2, '', '', '', '0000-00-00', '0000-00-00', '2022-05-30', '', '', '1'),
(350, 345, '', '', 0, '2022-04-26 01:41:02', '2022-04-26 01:41:02', 2, 2, '', '', '', '0000-00-00', '0000-00-00', '2022-05-03', '', '', '1'),
(351, 346, '', '', 0, '2022-04-26 01:41:33', '2022-04-26 01:41:33', 2, 2, '', '', '', '0000-00-00', '0000-00-00', '2022-05-30', '', '', '1'),
(352, 347, '', '', 0, '2022-05-31 01:24:36', '2022-05-31 01:24:36', 2, 2, '', '', '', '0000-00-00', '0000-00-00', '2022-06-02', '', '', '1'),
(353, 348, '', '', 0, '2022-05-31 01:25:32', '2022-05-31 01:25:32', 2, 2, '', '', '', '0000-00-00', '0000-00-00', '2022-06-02', '', '', '1');
INSERT INTO `tb_huatai_trading_hoilday` (`id`, `sort_order`, `code`, `remark`, `disabled`, `create_date`, `last_update_date`, `create_by`, `last_update_by`, `url_target`, `seo_url`, `seo_keyword`, `start_date`, `end_date`, `display_date`, `youtube_id`, `other_link`, `trading_hoilday_category_id`) VALUES
(354, 349, '', '', 0, '2022-05-31 01:25:51', '2022-05-31 01:25:51', 2, 2, '', '', '', '0000-00-00', '0000-00-00', '2022-06-02', '', '', '1'),
(355, 350, '', '', 0, '2022-05-31 01:26:26', '2022-05-31 01:26:26', 2, 2, '', '', '', '0000-00-00', '0000-00-00', '2022-06-02', '', '', '1'),
(356, 351, '', '', 0, '2022-05-31 01:26:44', '2022-05-31 01:26:44', 2, 2, '', '', '', '0000-00-00', '0000-00-00', '2022-06-02', '', '', '1'),
(357, 352, '', '', 0, '2022-05-31 01:27:04', '2022-05-31 01:27:04', 2, 2, '', '', '', '0000-00-00', '0000-00-00', '2022-06-02', '', '', '1'),
(358, 353, '', '', 0, '2022-05-31 01:27:33', '2022-05-31 01:27:33', 2, 2, '', '', '', '0000-00-00', '0000-00-00', '2022-06-03', '', '', '1'),
(359, 354, '', '', 0, '2022-05-31 01:27:45', '2022-05-31 01:27:45', 2, 2, '', '', '', '0000-00-00', '0000-00-00', '2022-06-03', '', '', '1'),
(360, 355, '', '', 0, '2022-05-31 01:28:58', '2022-05-31 01:28:58', 2, 2, '', '', '', '0000-00-00', '0000-00-00', '2022-06-03', '', '', '1'),
(361, 356, '', '', 0, '2022-05-31 01:30:08', '2022-05-31 01:30:08', 2, 2, '', '', '', '0000-00-00', '0000-00-00', '2022-06-03', '', '', '1'),
(362, 357, '', '', 0, '2022-05-31 01:30:31', '2022-05-31 01:30:31', 2, 2, '', '', '', '0000-00-00', '0000-00-00', '2022-06-03', '', '', '1'),
(363, 358, '', '', 0, '2022-05-31 01:30:54', '2022-05-31 01:30:54', 2, 2, '', '', '', '0000-00-00', '0000-00-00', '2022-06-03', '', '', '1'),
(364, 359, '', '', 0, '2022-05-31 01:31:16', '2022-05-31 01:31:16', 2, 2, '', '', '', '0000-00-00', '0000-00-00', '2022-06-03', '', '', '1'),
(365, 360, '', '', 0, '2022-05-31 01:31:51', '2022-05-31 01:31:51', 2, 2, '', '', '', '0000-00-00', '0000-00-00', '2022-06-06', '', '', '1'),
(366, 361, '', '', 0, '2022-05-31 01:32:29', '2022-05-31 01:32:29', 2, 2, '', '', '', '0000-00-00', '0000-00-00', '2022-06-20', '', '', '1'),
(367, 362, '', '', 0, '2022-05-31 01:32:54', '2022-05-31 01:32:54', 2, 2, '', '', '', '0000-00-00', '0000-00-00', '2022-06-20', '', '', '1'),
(368, 363, '', '', 0, '2022-05-31 01:33:18', '2022-05-31 01:33:18', 2, 2, '', '', '', '0000-00-00', '0000-00-00', '2022-06-20', '', '', '1'),
(369, 364, '', '', 0, '2022-05-31 01:33:46', '2022-05-31 01:33:46', 2, 2, '', '', '', '0000-00-00', '0000-00-00', '2022-06-20', '', '', '1'),
(370, 365, '', '', 0, '2022-05-31 01:34:20', '2022-05-31 01:34:20', 2, 2, '', '', '', '0000-00-00', '0000-00-00', '2022-06-20', '', '', '1'),
(371, 366, '', '', 0, '2022-05-31 01:34:45', '2022-05-31 01:34:45', 2, 2, '', '', '', '0000-00-00', '0000-00-00', '2022-06-20', '', '', '1'),
(372, 367, '', '', 0, '2022-05-31 01:36:19', '2022-05-31 01:36:19', 2, 2, '', '', '', '0000-00-00', '0000-00-00', '2022-06-20', '', '', '1'),
(373, 368, '', '', 0, '2022-05-31 01:36:39', '2022-05-31 01:38:00', 2, 2, '', '', '', '0000-00-00', '0000-00-00', '2022-06-20', '', '', '1'),
(374, 369, '', '', 0, '2022-05-31 01:37:03', '2022-05-31 01:37:03', 2, 2, '', '', '', '0000-00-00', '0000-00-00', '2022-06-20', '', '', '1'),
(375, 370, '', '', 0, '2022-05-31 01:37:13', '2022-05-31 01:37:13', 2, 2, '', '', '', '0000-00-00', '0000-00-00', '2022-06-20', '', '', '1'),
(376, 371, '', '', 0, '2022-06-30 03:03:13', '2022-06-30 03:03:13', 2, 2, '', '', '', '0000-00-00', '0000-00-00', '2022-07-01', '', '', '1'),
(377, 372, '', '', 0, '2022-06-30 03:04:53', '2022-06-30 03:04:53', 2, 2, '', '', '', '0000-00-00', '0000-00-00', '2022-07-04', '', '', '1'),
(378, 373, '', '', 0, '2022-06-30 03:05:23', '2022-06-30 03:05:23', 2, 2, '', '', '', '0000-00-00', '0000-00-00', '2022-07-04', '', '', '1'),
(379, 374, '', '', 0, '2022-06-30 03:07:07', '2022-06-30 03:07:07', 2, 2, '', '', '', '0000-00-00', '0000-00-00', '2022-07-04', '', '', '1'),
(380, 375, '', '', 0, '2022-06-30 03:07:52', '2022-06-30 03:07:52', 2, 2, '', '', '', '0000-00-00', '0000-00-00', '2022-07-04', '', '', '1'),
(381, 376, '', '', 0, '2022-06-30 03:08:19', '2022-06-30 03:08:19', 2, 2, '', '', '', '0000-00-00', '0000-00-00', '2022-07-04', '', '', '1'),
(382, 377, '', '', 0, '2022-06-30 03:08:57', '2022-06-30 03:09:07', 2, 2, '', '', '', '0000-00-00', '0000-00-00', '2022-07-04', '', '', '1'),
(383, 378, '', '', 0, '2022-06-30 03:09:37', '2022-06-30 03:09:37', 2, 2, '', '', '', '0000-00-00', '0000-00-00', '2022-07-04', '', '', '1'),
(384, 379, '', '', 0, '2022-06-30 03:10:22', '2022-06-30 03:10:22', 2, 2, '', '', '', '0000-00-00', '0000-00-00', '2022-07-04', '', '', '1'),
(385, 380, '', '', 0, '2022-06-30 03:10:50', '2022-06-30 03:10:50', 2, 2, '', '', '', '0000-00-00', '0000-00-00', '2022-07-04', '', '', '1'),
(386, 381, '', '', 0, '2022-06-30 03:15:57', '2022-06-30 03:15:57', 2, 2, '', '', '', '0000-00-00', '0000-00-00', '2022-07-04', '', '', '1'),
(387, 382, '', '', 0, '2022-06-30 03:16:18', '2022-06-30 03:16:18', 2, 2, '', '', '', '0000-00-00', '0000-00-00', '2022-07-04', '', '', '1'),
(388, 383, '', '', 0, '2022-06-30 03:17:13', '2022-06-30 03:17:13', 2, 2, '', '', '', '0000-00-00', '0000-00-00', '2022-07-04', '', '', '1'),
(389, 384, '', '', 0, '2022-06-30 03:18:03', '2022-06-30 03:18:03', 2, 2, '', '', '', '0000-00-00', '0000-00-00', '2022-07-05', '', '', '1'),
(390, 385, '', '', 0, '2022-06-30 03:18:32', '2022-06-30 03:18:32', 2, 2, '', '', '', '0000-00-00', '0000-00-00', '2022-07-11', '', '', '1'),
(391, 386, '', '', 0, '2022-06-30 03:18:58', '2022-06-30 03:18:58', 2, 2, '', '', '', '0000-00-00', '0000-00-00', '2022-07-11', '', '', '1'),
(392, 387, '', '', 0, '2022-06-30 03:24:09', '2022-06-30 03:24:09', 2, 2, '', '', '', '0000-00-00', '0000-00-00', '2022-07-11', '', '', '1'),
(393, 388, '', '', 0, '2022-06-30 03:24:28', '2022-06-30 03:24:28', 2, 2, '', '', '', '0000-00-00', '0000-00-00', '2022-07-11', '', '', '1'),
(394, 389, '', '', 0, '2022-06-30 03:24:58', '2022-06-30 03:24:58', 2, 2, '', '', '', '0000-00-00', '0000-00-00', '2022-07-18', '', '', '1'),
(395, 390, '', '', 0, '2022-06-30 03:25:22', '2022-06-30 03:25:22', 2, 2, '', '', '', '0000-00-00', '0000-00-00', '2022-07-18', '', '', '1'),
(396, 391, '', '', 0, '2022-08-11 08:17:17', '2022-08-11 08:17:17', 2, 2, '', '', '', '0000-00-00', '0000-00-00', '2022-08-29', '', '', '1'),
(397, 392, '', '', 0, '2022-08-11 08:18:26', '2022-08-11 08:18:26', 2, 2, '', '', '', '0000-00-00', '0000-00-00', '2022-08-29', '', '', '1'),
(398, 393, '', '', 0, '2022-08-11 08:20:59', '2022-08-11 08:20:59', 2, 2, '', '', '', '0000-00-00', '0000-00-00', '2022-08-29', '', '', '1'),
(399, 394, '', '', 0, '2022-08-11 08:21:37', '2022-08-11 08:21:37', 2, 2, '', '', '', '0000-00-00', '0000-00-00', '2022-08-29', '', '', '1'),
(400, 395, '', '', 0, '2022-08-11 08:22:23', '2022-08-11 08:22:23', 2, 2, '', '', '', '0000-00-00', '0000-00-00', '2022-08-31', '', '', '1'),
(401, 396, '', '', 0, '2022-08-15 02:50:41', '2022-08-15 02:50:41', 2, 2, '', '', '', '0000-00-00', '0000-00-00', '2022-08-09', '', '', '1'),
(402, 397, '', '', 0, '2022-08-15 02:51:45', '2022-08-15 02:51:45', 2, 2, '', '', '', '0000-00-00', '0000-00-00', '2022-08-09', '', '', '1'),
(403, 398, '', '', 0, '2022-08-15 02:52:10', '2022-08-15 02:52:10', 2, 2, '', '', '', '0000-00-00', '0000-00-00', '2022-08-11', '', '', '1'),
(404, 399, '', '', 0, '2022-08-15 02:52:37', '2022-08-15 02:52:37', 2, 2, '', '', '', '0000-00-00', '0000-00-00', '2022-08-11', '', '', '1'),
(405, 400, '', '', 0, '2022-09-02 03:00:10', '2022-09-02 03:00:10', 2, 2, '', '', '', '0000-00-00', '0000-00-00', '2022-09-05', '', '', '1'),
(406, 401, '', '', 0, '2022-09-02 03:00:59', '2022-09-02 03:01:15', 2, 2, '', '', '', '0000-00-00', '0000-00-00', '2022-09-05', '', '', '1'),
(407, 402, '', '', 0, '2022-09-02 03:01:53', '2022-09-02 03:01:53', 2, 2, '', '', '', '0000-00-00', '0000-00-00', '2022-09-05', '', '', '1'),
(408, 403, '', '', 0, '2022-09-02 03:02:13', '2022-09-02 03:02:13', 2, 2, '', '', '', '0000-00-00', '0000-00-00', '2022-09-05', '', '', '1'),
(409, 404, '', '', 0, '2022-09-02 03:02:50', '2022-09-02 03:02:50', 2, 2, '', '', '', '0000-00-00', '0000-00-00', '2022-09-12', '', '', '1'),
(410, 405, '', '', 0, '2022-09-02 03:03:27', '2022-09-02 03:03:27', 2, 2, '', '', '', '0000-00-00', '0000-00-00', '2022-09-05', '', '', '1'),
(411, 406, '', '', 0, '2022-09-02 03:04:28', '2022-09-02 03:04:28', 2, 2, '', '', '', '0000-00-00', '0000-00-00', '2022-09-05', '', '', '1'),
(412, 407, '', '', 0, '2022-09-02 03:05:14', '2022-09-02 03:05:14', 2, 2, '', '', '', '0000-00-00', '0000-00-00', '2022-09-05', '', '', '1'),
(413, 408, '', '', 0, '2022-09-02 03:06:11', '2022-09-02 03:06:11', 2, 2, '', '', '', '0000-00-00', '0000-00-00', '2022-09-05', '', '', '1'),
(414, 409, '', '', 0, '2022-09-02 03:07:51', '2022-09-02 03:07:51', 2, 2, '', '', '', '0000-00-00', '0000-00-00', '2022-09-05', '', '', '1'),
(415, 410, '', '', 0, '2022-09-02 03:08:17', '2022-09-02 03:08:17', 2, 2, '', '', '', '0000-00-00', '0000-00-00', '2022-09-05', '', '', '1'),
(416, 411, '', '', 0, '2022-09-02 03:08:48', '2022-09-02 03:08:48', 2, 2, '', '', '', '0000-00-00', '0000-00-00', '2022-09-16', '', '', '1'),
(417, 412, '', '', 0, '2022-09-02 03:09:34', '2022-09-02 03:09:34', 2, 2, '', '', '', '0000-00-00', '0000-00-00', '2022-09-05', '', '', '1'),
(418, 413, '', '', 0, '2022-09-02 03:10:15', '2022-09-02 03:10:15', 2, 2, '', '', '', '0000-00-00', '0000-00-00', '2022-09-19', '', '', '1'),
(419, 414, '', '', 0, '2022-09-02 03:10:29', '2022-09-02 03:10:29', 2, 2, '', '', '', '0000-00-00', '0000-00-00', '2022-09-23', '', '', '1'),
(420, 415, '', '', 0, '2022-09-02 03:10:56', '2022-09-02 03:10:56', 2, 2, '', '', '', '0000-00-00', '0000-00-00', '2022-09-19', '', '', '1'),
(421, 416, '', '', 0, '2022-09-02 03:11:10', '2022-09-02 03:11:10', 2, 2, '', '', '', '0000-00-00', '0000-00-00', '2022-09-23', '', '', '1'),
(422, 417, '', '', 0, '2022-09-02 03:11:51', '2022-09-02 03:11:51', 2, 2, '', '', '', '0000-00-00', '0000-00-00', '2022-09-09', '', '', '1'),
(423, 418, '', '', 0, '2022-09-02 03:12:18', '2022-09-02 03:12:18', 2, 2, '', '', '', '0000-00-00', '0000-00-00', '2022-09-12', '', '', '1'),
(424, 419, '', '', 0, '2022-09-14 09:24:22', '2022-09-14 09:24:22', 2, 2, '', '', '', '0000-00-00', '0000-00-00', '2022-09-12', '', '', '1'),
(425, 420, '', '', 0, '2022-09-14 09:24:48', '2022-09-14 09:24:48', 2, 2, '', '', '', '0000-00-00', '0000-00-00', '2022-09-15', '', '', '1'),
(426, 421, '', '', 0, '2022-09-14 09:34:26', '2022-09-14 09:34:26', 2, 2, '', '', '', '0000-00-00', '0000-00-00', '2022-09-19', '', '', '1'),
(427, 422, '', '', 0, '2022-09-14 09:34:50', '2022-09-14 09:34:50', 2, 2, '', '', '', '0000-00-00', '0000-00-00', '2022-09-19', '', '', '1'),
(428, 423, '', '', 0, '2022-09-14 09:35:22', '2022-09-14 09:35:22', 2, 2, '', '', '', '0000-00-00', '0000-00-00', '2022-09-19', '', '', '1'),
(429, 424, '', '', 0, '2022-09-14 09:36:22', '2022-09-14 09:36:22', 2, 2, '', '', '', '0000-00-00', '0000-00-00', '2022-09-19', '', '', '1'),
(430, 425, '', '', 0, '2022-09-29 08:45:27', '2022-09-29 08:45:27', 2, 2, '', '', '', '0000-00-00', '0000-00-00', '2022-10-03', '', '', '1'),
(431, 426, '', '', 0, '2022-09-29 08:45:38', '2022-09-29 08:45:38', 2, 2, '', '', '', '0000-00-00', '0000-00-00', '2022-10-04', '', '', '1'),
(432, 427, '', '', 0, '2022-09-29 08:47:43', '2022-09-29 08:47:43', 2, 2, '', '', '', '0000-00-00', '0000-00-00', '2022-10-05', '', '', '1'),
(433, 428, '', '', 0, '2022-09-29 08:48:48', '2022-09-29 08:48:48', 2, 2, '', '', '', '0000-00-00', '0000-00-00', '2022-10-06', '', '', '1'),
(434, 429, '', '', 0, '2022-09-29 08:51:09', '2022-09-29 08:51:09', 2, 2, '', '', '', '0000-00-00', '0000-00-00', '2022-10-07', '', '', '1'),
(435, 430, '', '', 0, '2022-09-29 08:54:38', '2022-09-29 08:54:38', 2, 2, '', '', '', '0000-00-00', '0000-00-00', '2022-10-04', '', '', '1'),
(436, 431, '', '', 0, '2022-09-29 08:55:15', '2022-09-29 08:55:15', 2, 2, '', '', '', '0000-00-00', '0000-00-00', '2022-10-10', '', '', '1'),
(437, 432, '', '', 0, '2022-09-29 08:55:32', '2022-09-29 08:55:32', 2, 2, '', '', '', '0000-00-00', '0000-00-00', '2022-10-10', '', '', '1'),
(438, 433, '', '', 0, '2022-09-29 08:55:56', '2022-09-29 08:55:56', 2, 2, '', '', '', '0000-00-00', '0000-00-00', '2022-10-10', '', '', '1'),
(439, 434, '', '', 0, '2022-09-29 09:02:03', '2022-09-29 09:02:03', 2, 2, '', '', '', '0000-00-00', '0000-00-00', '2022-10-24', '', '', '1'),
(440, 435, '', '', 0, '2022-09-29 09:02:32', '2022-09-29 09:02:32', 2, 2, '', '', '', '0000-00-00', '0000-00-00', '2022-10-24', '', '', '1'),
(441, 436, '', '', 0, '2022-10-28 05:34:19', '2022-10-28 05:34:19', 2, 2, '', '', '', '0000-00-00', '0000-00-00', '2022-11-03', '', '', '1'),
(442, 437, '', '', 0, '2022-10-28 05:36:14', '2022-10-28 05:36:14', 2, 2, '', '', '', '0000-00-00', '0000-00-00', '2022-11-23', '', '', '1'),
(443, 438, '', '', 0, '2022-10-28 05:39:09', '2022-10-28 05:39:09', 2, 2, '', '', '', '0000-00-00', '0000-00-00', '2022-11-24', '', '', '1'),
(444, 439, '', '', 0, '2022-10-28 05:39:35', '2022-10-28 05:39:35', 2, 2, '', '', '', '0000-00-00', '0000-00-00', '2022-11-24', '', '', '1'),
(445, 440, '', '', 0, '2022-10-28 05:39:58', '2022-10-28 05:39:58', 2, 2, '', '', '', '0000-00-00', '0000-00-00', '2022-11-24', '', '', '1'),
(446, 441, '', '', 0, '2022-10-28 05:40:18', '2022-10-28 05:40:18', 2, 2, '', '', '', '0000-00-00', '0000-00-00', '2022-11-24', '', '', '1'),
(447, 442, '', '', 0, '2022-10-28 05:40:44', '2022-10-28 05:40:44', 2, 2, '', '', '', '0000-00-00', '0000-00-00', '2022-11-24', '', '', '1'),
(448, 443, '', '', 0, '2022-10-28 05:43:36', '2022-10-28 05:43:36', 2, 2, '', '', '', '0000-00-00', '0000-00-00', '2022-11-24', '', '', '1'),
(449, 444, '', '', 0, '2022-10-28 05:45:57', '2022-10-28 05:45:57', 2, 2, '', '', '', '0000-00-00', '0000-00-00', '2022-11-24', '', '', '1'),
(450, 445, '', '', 0, '2022-10-28 05:46:20', '2022-10-28 05:46:20', 2, 2, '', '', '', '0000-00-00', '0000-00-00', '2022-11-25', '', '', '1'),
(451, 446, '', '', 0, '2022-10-28 05:46:43', '2022-10-28 05:46:43', 2, 2, '', '', '', '0000-00-00', '0000-00-00', '2022-11-25', '', '', '1'),
(452, 447, '', '', 0, '2022-10-28 05:47:46', '2022-10-28 05:47:46', 2, 2, '', '', '', '0000-00-00', '0000-00-00', '2022-11-25', '', '', '1'),
(453, 448, '', '', 0, '2022-10-28 05:48:34', '2022-10-28 05:48:34', 2, 2, '', '', '', '0000-00-00', '0000-00-00', '2022-11-25', '', '', '1'),
(454, 449, '', '', 0, '2022-10-28 05:48:59', '2022-10-28 05:48:59', 2, 2, '', '', '', '0000-00-00', '0000-00-00', '2022-11-25', '', '', '1'),
(455, 450, '', '', 0, '2022-10-28 05:52:42', '2022-10-28 05:52:42', 2, 2, '', '', '', '0000-00-00', '0000-00-00', '2022-11-25', '', '', '1'),
(456, 451, '', '', 0, '2022-10-28 05:53:04', '2022-10-28 05:53:04', 2, 2, '', '', '', '0000-00-00', '0000-00-00', '2022-11-25', '', '', '1'),
(457, 452, '', '', 0, '2022-10-28 05:55:07', '2022-10-28 05:55:07', 2, 2, '', '', '', '0000-00-00', '0000-00-00', '2022-11-25', '', '', '1'),
(458, 453, '', '', 0, '2022-10-28 05:55:30', '2022-10-28 05:55:30', 2, 2, '', '', '', '0000-00-00', '0000-00-00', '2022-11-25', '', '', '1');

-- --------------------------------------------------------

--
-- 資料表結構 `tb_huatai_trading_hoilday_desc`
--

CREATE TABLE IF NOT EXISTS `tb_huatai_trading_hoilday_desc` (
  `language_id` int(11) NOT NULL DEFAULT '0',
  `trading_hoilday_id` int(11) NOT NULL DEFAULT '0',
  `name` text CHARACTER SET utf8 COLLATE utf8_unicode_ci NOT NULL,
  `detail` text CHARACTER SET utf8 COLLATE utf8_unicode_ci NOT NULL,
  `url` text NOT NULL,
  `seo_desc` text NOT NULL,
  `seo_title` text NOT NULL,
  `detail2` text NOT NULL,
  `seo_h1` text NOT NULL
) ENGINE=MyISAM DEFAULT CHARSET=utf8;

--
-- 資料表的匯出資料 `tb_huatai_trading_hoilday_desc`
--

INSERT INTO `tb_huatai_trading_hoilday_desc` (`language_id`, `trading_hoilday_id`, `name`, `detail`, `url`, `seo_desc`, `seo_title`, `detail2`, `seo_h1`) VALUES
(3, 1, 'BMD棕榈油期货休市CME：LC06合约', '', '', '', '', '', ''),
(2, 1, 'BMD棕榈油期货休市CME：LC06合约', '', '', '', '', '', ''),
(1, 1, 'BMD棕榈油期货休市CME：LC06合约', '', '', '', '', '', ''),
(3, 2, 'EUREX：GBL、GBM、GBS、FGBX、FOAT、FBTP、FBON、FBTS06合约', '', '', '', '', '', ''),
(2, 2, 'EUREX：GBL、GBM、GBS、FGBX、FOAT、FBTP、FBON、FBTS06合约', '', '', '', '', '', ''),
(1, 2, 'EUREX：GBL、GBM、GBS、FGBX、FOAT、FBTP、FBON、FBTS06合约', '', '', '', '', '', ''),
(1, 3, 'TEST XXXXX', '', '', '', '', '', ''),
(2, 3, 'TEST XXXXX', '', '', '', '', '', ''),
(3, 3, 'TEST XXXXX', '', '', '', '', '', ''),
(3, 4, 'testing 1', '', '', '', '', '', ''),
(2, 4, 'testing 1', '', '', '', '', '', ''),
(1, 4, 'testing 1', '', '', '', '', '', ''),
(3, 5, 'BMD棕榈油期货休市', '', '', '', '', '', ''),
(2, 5, 'BMD棕榈油期货休市', '', '', '', '', '', ''),
(1, 5, 'BMD棕榈油期货休市', '', '', '', '', '', ''),
(3, 6, 'HKEX指数/外汇/金属期货12:30 收市', '', '', '', '', '', ''),
(2, 6, 'HKEX指数/外汇/金属期货12:30 收市', '', '', '', '', '', ''),
(1, 6, 'HKEX指数/外汇/金属期货12:30 收市', '', '', '', '', '', ''),
(3, 7, 'SGXRSS3 橡膠/橡膠期货休市', '', '', '', '', '', ''),
(2, 7, 'SGXRSS3 橡膠/橡膠期货休市', '', '', '', '', '', ''),
(1, 7, 'SGXRSS3 橡膠/橡膠期货休市', '', '', '', '', '', ''),
(3, 8, 'BMD棕榈油期货12:30 收市', '', '', '', '', '', ''),
(2, 8, 'BMD棕榈油期货12:30 收市', '', '', '', '', '', ''),
(1, 8, 'BMD棕榈油期货12:30 收市', '', '', '', '', '', ''),
(3, 9, 'TOCOM橡胶期货休市', '', '', '', '', '', ''),
(2, 9, 'TOCOM橡胶期货休市', '', '', '', '', '', ''),
(1, 9, 'TOCOM橡胶期货休市', '', '', '', '', '', ''),
(3, 10, 'OSE大阪日经指数期货/利率期货休市', '', '', '', '', '', ''),
(2, 10, 'OSE大阪日经指数期货/利率期货休市', '', '', '', '', '', ''),
(1, 10, 'OSE大阪日经指数期货/利率期货休市', '', '', '', '', '', ''),
(3, 11, 'HKEX指数/外汇/金属期货休市', '', '', '', '', '', ''),
(2, 11, 'HKEX指数/外汇/金属期货休市', '', '', '', '', '', ''),
(1, 11, 'HKEX指数/外汇/金属期货休市', '', '', '', '', '', ''),
(1, 12, 'SGXRSS3 橡膠/橡膠期货休市', '', '', '', '', '', ''),
(2, 12, 'SGXRSS3 橡膠/橡膠期货休市', '', '', '', '', '', ''),
(3, 12, 'SGXRSS3 橡膠/橡膠期货休市', '', '', '', '', '', ''),
(3, 13, 'BMD棕榈油期货休市', '', '', '', '', '', ''),
(2, 13, 'BMD棕榈油期货休市', '', '', '', '', '', ''),
(1, 13, 'BMD棕榈油期货休市', '', '', '', '', '', ''),
(3, 14, 'APEX精棕榈油期货/ 美元兌離岸人民幣期貨休市', '', '', '', '', '', ''),
(2, 14, 'APEX精棕榈油期货/ 美元兌離岸人民幣期貨休市', '', '', '', '', '', ''),
(1, 14, 'APEX精棕榈油期货/ 美元兌離岸人民幣期貨休市', '', '', '', '', '', ''),
(3, 15, 'CME GROUP指数/外汇/利率期货02:00*收市', '', '', '', '', '', ''),
(2, 15, 'CME GROUP指数/外汇/利率期货02:00*收市', '', '', '', '', '', ''),
(1, 15, 'CME GROUP指数/外汇/利率期货02:00*收市', '', '', '', '', '', ''),
(3, 16, 'CME GROUP金属/能源期货02:00*收市', '', '', '', '', '', ''),
(2, 16, 'CME GROUP金属/能源期货02:00*收市', '', '', '', '', '', ''),
(1, 16, 'CME GROUP金属/能源期货02:00*收市', '', '', '', '', '', ''),
(3, 17, 'CME GROUP农产品期货休市', '', '', '', '', '', ''),
(2, 17, 'CME GROUP农产品期货休市', '', '', '', '', '', ''),
(1, 17, 'CME GROUP农产品期货休市', '', '', '', '', '', ''),
(3, 18, 'CME GROUP家畜期货 休市', '', '', '', '', '', ''),
(2, 18, 'CME GROUP家畜期货 休市', '', '', '', '', '', ''),
(1, 18, 'CME GROUP家畜期货 休市', '', '', '', '', '', ''),
(3, 19, 'HKEX指数/外汇/金属期货休市', '', '', '', '', '', ''),
(2, 19, 'HKEX指数/外汇/金属期货休市', '', '', '', '', '', ''),
(1, 19, 'HKEX指数/外汇/金属期货休市', '', '', '', '', '', ''),
(3, 20, 'ICE US原糖 11/美可可/咖啡/棉 花/橙汁期货休市', '', '', '', '', '', ''),
(2, 20, 'ICE US原糖 11/美可可/咖啡/棉 花/橙汁期货休市', '', '', '', '', '', ''),
(1, 20, 'ICE US原糖 11/美可可/咖啡/棉 花/橙汁期货休市', '', '', '', '', '', ''),
(3, 21, 'ICE US美元指数期货02:00*收市', '', '', '', '', '', ''),
(2, 21, 'ICE US美元指数期货02:00*收市', '', '', '', '', '', ''),
(1, 21, 'ICE US美元指数期货02:00*收市', '', '', '', '', '', ''),
(3, 22, 'ICE SG美元指数期货02:00*收市', '', '', '', '', '', ''),
(2, 22, 'ICE SG美元指数期货02:00*收市', '', '', '', '', '', ''),
(1, 22, 'ICE SG美元指数期货02:00*收市', '', '', '', '', '', ''),
(3, 23, 'ICE EU白糖期货01:00*收市', '', '', '', '', '', ''),
(2, 23, 'ICE EU白糖期货01:00*收市', '', '', '', '', '', ''),
(1, 23, 'ICE EU白糖期货01:00*收市', '', '', '', '', '', ''),
(3, 24, 'CBOEVIX 期货00:30*收市', '', '', '', '', '', ''),
(2, 24, 'CBOEVIX 期货00:30*收市', '', '', '', '', '', ''),
(1, 24, 'CBOEVIX 期货00:30*收市', '', '', '', '', '', ''),
(3, 25, 'TOCOM橡胶期货休市', '', '', '', '', '', ''),
(2, 25, 'TOCOM橡胶期货休市', '', '', '', '', '', ''),
(1, 25, 'TOCOM橡胶期货休市', '', '', '', '', '', ''),
(3, 26, 'OSE大阪日经指数期货/利率期货休市', '', '', '', '', '', ''),
(2, 26, 'OSE大阪日经指数期货/利率期货休市', '', '', '', '', '', ''),
(1, 26, 'OSE大阪日经指数期货/利率期货休市', '', '', '', '', '', ''),
(3, 27, 'CME GROUP指数期货21：15收市', '', '', '', '', '', ''),
(1, 27, 'CME GROUP指数期货21：15收市', '', '', '', '', '', ''),
(3, 28, 'CME GROUP外汇/利率期货23：15收市', '', '', '', '', '', ''),
(1, 28, 'CME GROUP外汇/利率期货23：15收市', '', '', '', '', '', ''),
(3, 29, 'CME GROUP金属/能源期货休市', '', '', '', '', '', ''),
(1, 29, 'CME GROUP金属/能源期货休市', '', '', '', '', '', ''),
(3, 30, 'CME GROUP农产品/家畜期货休市', '', '', '', '', '', ''),
(1, 30, 'CME GROUP农产品/家畜期货休市', '', '', '', '', '', ''),
(3, 31, 'LME金属期货休市', '', '', '', '', '', ''),
(1, 31, 'LME金属期货休市', '', '', '', '', '', ''),
(3, 32, 'HKEX指数/外汇/金属期货休市', '', '', '', '', '', ''),
(1, 32, 'HKEX指数/外汇/金属期货休市', '', '', '', '', '', ''),
(3, 33, 'SGX橡胶、铁矿石期货休市', '', '', '', '', '', ''),
(1, 33, 'SGX橡胶、铁矿石期货休市', '', '', '', '', '', ''),
(3, 34, 'EUREX指数/利率期货休市', '', '', '', '', '', ''),
(1, 34, 'EUREX指数/利率期货休市', '', '', '', '', '', ''),
(3, 35, 'ICE US原糖11、美可可、咖啡期货休市', '', '', '', '', '', ''),
(1, 35, 'ICE US原糖11、美可可、咖啡期货休市', '', '', '', '', '', ''),
(3, 36, 'ICE US橙汁期貨休市', '', '', '', '', '', ''),
(1, 36, 'ICE US橙汁期貨休市', '', '', '', '', '', ''),
(3, 37, 'ICE US棉花期貨休市', '', '', '', '', '', ''),
(1, 37, 'ICE US棉花期貨休市', '', '', '', '', '', ''),
(3, 38, 'ICE US美元指数期货23:15 收市', '', '', '', '', '', ''),
(1, 38, 'ICE US美元指数期货23:15 收市', '', '', '', '', '', ''),
(3, 39, 'ICE SG能源期货/美元指数期货休市', '', '', '', '', '', ''),
(1, 39, 'ICE SG能源期货/美元指数期货休市', '', '', '', '', '', ''),
(3, 40, 'LIFFE指数期货休市', '', '', '', '', '', ''),
(1, 40, 'LIFFE指数期货休市', '', '', '', '', '', ''),
(3, 41, 'ICE EU能源期货、农产品期货休市', '', '', '', '', '', ''),
(1, 41, 'ICE EU能源期货、农产品期货休市', '', '', '', '', '', ''),
(3, 42, 'CBOEVIX 期货休市', '', '', '', '', '', ''),
(1, 42, 'CBOEVIX 期货休市', '', '', '', '', '', ''),
(3, 43, 'APEX精棕榈油期货/美元兌離岸人民幣期貨休市', '', '', '', '', '', ''),
(1, 43, 'APEX精棕榈油期货/美元兌離岸人民幣期貨休市', '', '', '', '', '', ''),
(3, 44, 'LME金属期货休市', '', '', '', '', '', ''),
(1, 44, 'LME金属期货休市', '', '', '', '', '', ''),
(3, 45, 'HKEX指数/外汇/金属期货休市', '', '', '', '', '', ''),
(1, 45, 'HKEX指数/外汇/金属期货休市', '', '', '', '', '', ''),
(3, 46, 'EUREX指数/利率期货休市', '', '', '', '', '', ''),
(1, 46, 'EUREX指数/利率期货休市', '', '', '', '', '', ''),
(3, 47, 'ICE US原糖 11,美可可,咖啡期貨19:30 開市', '', '', '', '', '', ''),
(1, 47, 'ICE US原糖 11,美可可,咖啡期貨19:30 開市', '', '', '', '', '', ''),
(3, 48, 'LIFFE指数期货休市', '', '', '', '', '', ''),
(1, 48, 'LIFFE指数期货休市', '', '', '', '', '', ''),
(3, 49, 'ICE EU农产品期货休市', '', '', '', '', '', ''),
(1, 49, 'ICE EU农产品期货休市', '', '', '', '', '', ''),
(3, 50, 'HKEX指数/外汇/金属期货休市', '', '', '', '', '', ''),
(1, 50, 'HKEX指数/外汇/金属期货休市', '', '', '', '', '', ''),
(3, 51, 'BMD棕櫚油期货休市', '', '', '', '', '', ''),
(1, 51, 'BMD棕櫚油期货休市', '', '', '', '', '', ''),
(3, 52, 'TOCOM橡胶期货休市', '', '', '', '', '', ''),
(1, 52, 'TOCOM橡胶期货休市', '', '', '', '', '', ''),
(3, 53, 'OSE大阪日经指数期货/利率期貨休市', '', '', '', '', '', ''),
(1, 53, 'OSE大阪日经指数期货/利率期貨休市', '', '', '', '', '', ''),
(3, 54, 'LME金属期货休市', '', '', '', '', '', ''),
(1, 54, 'LME金属期货休市', '', '', '', '', '', ''),
(3, 55, 'ICE US原糖 11/美可可/咖啡19:30 開市', '', '', '', '', '', ''),
(1, 55, 'ICE US原糖 11/美可可/咖啡19:30 開市', '', '', '', '', '', ''),
(3, 56, 'ICE EU農產品期貨休市', '', '', '', '', '', ''),
(1, 56, 'ICE EU農產品期貨休市', '', '', '', '', '', ''),
(3, 57, 'LIFFE指数期货休市', '', '', '', '', '', ''),
(1, 57, 'LIFFE指数期货休市', '', '', '', '', '', ''),
(3, 58, 'TOCOM橡胶期货休市', '', '', '', '', '', ''),
(1, 58, 'TOCOM橡胶期货休市', '', '', '', '', '', ''),
(3, 59, 'OSE大阪日经指数期货/利率期貨休市', '', '', '', '', '', ''),
(1, 59, 'OSE大阪日经指数期货/利率期貨休市', '', '', '', '', '', ''),
(3, 60, 'DCE/ZCE商品期货休市', '', '', '', '', '', ''),
(1, 60, 'DCE/ZCE商品期货休市', '', '', '', '', '', ''),
(3, 61, 'TOCOM橡胶期货休市', '', '', '', '', '', ''),
(1, 61, 'TOCOM橡胶期货休市', '', '', '', '', '', ''),
(3, 62, 'TOCOM橡胶期货休市', '', '', '', '', '', ''),
(1, 62, 'TOCOM橡胶期货休市', '', '', '', '', '', ''),
(3, 63, 'OSE大阪日经指数期货/利率期貨休市', '', '', '', '', '', ''),
(1, 63, 'OSE大阪日经指数期货/利率期貨休市', '', '', '', '', '', ''),
(3, 64, 'OSE大阪日经指数期货/利率期貨休市', '', '', '', '', '', ''),
(1, 64, 'OSE大阪日经指数期货/利率期貨休市', '', '', '', '', '', ''),
(3, 65, 'DCE/ZCE商品期货休市', '', '', '', '', '', ''),
(1, 65, 'DCE/ZCE商品期货休市', '', '', '', '', '', ''),
(3, 66, 'DCE/ZCE商品期货休市', '', '', '', '', '', ''),
(1, 66, 'DCE/ZCE商品期货休市', '', '', '', '', '', ''),
(3, 67, 'BMD棕櫚油期货12:30 提早收市', '', '', '', '', '', ''),
(1, 67, 'BMD棕櫚油期货12:30 提早收市', '', '', '', '', '', ''),
(3, 68, 'SGX橡胶期货休市', '', '', '', '', '', ''),
(1, 68, 'SGX橡胶期货休市', '', '', '', '', '', ''),
(3, 69, 'BMD棕櫚油期货休市', '', '', '', '', '', ''),
(1, 69, 'BMD棕櫚油期货休市', '', '', '', '', '', ''),
(3, 70, 'APEX 精棕榈油期货/美元兌 離岸人民幣期貨休市', '', '', '', '', '', ''),
(1, 70, 'APEX 精棕榈油期货/美元兌 離岸人民幣期貨休市', '', '', '', '', '', ''),
(3, 71, 'BMD棕櫚油期货休市', '', '', '', '', '', ''),
(1, 71, 'BMD棕櫚油期货休市', '', '', '', '', '', ''),
(3, 72, 'HKEX指数期货 外汇/金属期货休市', '', '', '', '', '', ''),
(1, 72, 'HKEX指数期货 外汇/金属期货休市', '', '', '', '', '', ''),
(3, 73, 'SGX橡胶期货休市', '', '', '', '', '', ''),
(1, 73, 'SGX橡胶期货休市', '', '', '', '', '', ''),
(3, 74, 'BMD棕櫚油期货休市', '', '', '', '', '', ''),
(1, 74, 'BMD棕櫚油期货休市', '', '', '', '', '', ''),
(3, 75, 'APEX精棕榈油期货/美元兌 離岸人民幣期貨休市', '', '', '', '', '', ''),
(1, 75, 'APEX精棕榈油期货/美元兌 離岸人民幣期貨休市', '', '', '', '', '', ''),
(3, 76, 'CME GROUP指数/外汇/利率期货01:00 提早收市', '', '', '', '', '', ''),
(1, 76, 'CME GROUP指数/外汇/利率期货01:00 提早收市', '', '', '', '', '', ''),
(3, 77, 'CME GROUP金属/能源期货01:00 提早收市', '', '', '', '', '', ''),
(1, 77, 'CME GROUP金属/能源期货01:00 提早收市', '', '', '', '', '', ''),
(3, 78, 'CME GROUP农产品期货休市', '', '', '', '', '', ''),
(1, 78, 'CME GROUP农产品期货休市', '', '', '', '', '', ''),
(3, 79, 'CME GROUP家畜期货休市', '', '', '', '', '', ''),
(1, 79, 'CME GROUP家畜期货休市', '', '', '', '', '', ''),
(3, 80, 'LME金属期货休市', '', '', '', '', '', ''),
(1, 80, 'LME金属期货休市', '', '', '', '', '', ''),
(3, 81, 'HKEX指数期货T+1 時段取消', '', '', '', '', '', ''),
(1, 81, 'HKEX指数期货T+1 時段取消', '', '', '', '', '', ''),
(3, 82, 'ICE US原糖 11/美可可/咖啡休市', '', '', '', '', '', ''),
(1, 82, 'ICE US原糖 11/美可可/咖啡休市', '', '', '', '', '', ''),
(3, 83, 'ICE US棉花/橙汁期货休市', '', '', '', '', '', ''),
(1, 83, 'ICE US棉花/橙汁期货休市', '', '', '', '', '', ''),
(3, 84, 'ICE US美元指数期货01:00 提早收市', '', '', '', '', '', ''),
(1, 84, 'ICE US美元指数期货01:00 提早收市', '', '', '', '', '', ''),
(3, 85, 'ICE SG能源期货01:30 提早收市', '', '', '', '', '', ''),
(1, 85, 'ICE SG能源期货01:30 提早收市', '', '', '', '', '', ''),
(3, 86, 'ICE SG美元指数期货01:00 提早收市', '', '', '', '', '', ''),
(1, 86, 'ICE SG美元指数期货01:00 提早收市', '', '', '', '', '', ''),
(3, 87, 'ICE EU能源期货01:30 提早收市', '', '', '', '', '', ''),
(1, 87, 'ICE EU能源期货01:30 提早收市', '', '', '', '', '', ''),
(3, 88, 'ICE EU農產品期貨休市', '', '', '', '', '', ''),
(1, 88, 'ICE EU農產品期貨休市', '', '', '', '', '', ''),
(3, 89, 'CBOE VIX 期货23:30 提早收市', '', '', '', '', '', ''),
(1, 89, 'CBOE VIX 期货23:30 提早收市', '', '', '', '', '', ''),
(3, 90, 'CME GROUP农产品期货21:30 开市', '', '', '', '', '', ''),
(1, 90, 'CME GROUP农产品期货21:30 开市', '', '', '', '', '', ''),
(3, 91, 'BMD棕櫚油期货休市', '', '', '', '', '', ''),
(1, 91, 'BMD棕櫚油期货休市', '', '', '', '', '', ''),
(3, 92, 'DCE/ZCE/INE商品期货T+1 時段取消', '', '', '', '', '', ''),
(1, 92, 'DCE/ZCE/INE商品期货T+1 時段取消', '', '', '', '', '', ''),
(3, 93, 'HKEX指数/外汇/金属期货休市', '', '', '', '', '', ''),
(1, 93, 'HKEX指数/外汇/金属期货休市', '', '', '', '', '', ''),
(3, 94, 'DCE/ZCE/INE商品期货休市', '', '', '', '', '', ''),
(1, 94, 'DCE/ZCE/INE商品期货休市', '', '', '', '', '', ''),
(3, 95, 'HKEX 指数/外汇/金属期货 休市', '', '', '', '', '', ''),
(1, 95, 'HKEX 指数/外汇/金属期货 休市', '', '', '', '', '', ''),
(1, 96, 'CME GROUP指数期货01:00am*收市', '', '', '', '', '', ''),
(3, 96, 'CME GROUP指数期货01:00am*收市', '', '', '', '', '', ''),
(1, 97, 'CME GROUP外汇/利率期货01:00am*收市', '', '', '', '', '', ''),
(3, 97, 'CME GROUP外汇/利率期货01:00am*收市', '', '', '', '', '', ''),
(1, 98, 'CME GROUP金属/能源期货01:00am*收市', '', '', '', '', '', ''),
(3, 98, 'CME GROUP金属/能源期货01:00am*收市', '', '', '', '', '', ''),
(1, 99, 'CME GROUP农产品期货休市', '', '', '', '', '', ''),
(3, 99, 'CME GROUP农产品期货休市', '', '', '', '', '', ''),
(1, 100, 'CME GROUP家畜期货休市', '', '', '', '', '', ''),
(3, 100, 'CME GROUP家畜期货休市', '', '', '', '', '', ''),
(1, 101, 'ICE US 原糖 11/美可可/咖啡 休市', '', '', '', '', '', ''),
(3, 101, 'ICE US 原糖 11/美可可/咖啡 休市', '', '', '', '', '', ''),
(1, 102, 'ICE US棉花/橙汁期貨休市', '', '', '', '', '', ''),
(3, 102, 'ICE US棉花/橙汁期貨休市', '', '', '', '', '', ''),
(1, 103, 'ICE US美元指数期货01:00am*收市', '', '', '', '', '', ''),
(3, 103, 'ICE US美元指数期货01:00am*收市', '', '', '', '', '', ''),
(1, 104, 'ICE SG能源期货01:30am*收市', '', '', '', '', '', ''),
(3, 104, 'ICE SG能源期货01:30am*收市', '', '', '', '', '', ''),
(1, 105, 'ICE SG美元指数期货01:00am*收市', '', '', '', '', '', ''),
(3, 105, 'ICE SG美元指数期货01:00am*收市', '', '', '', '', '', ''),
(3, 106, 'ICE EU能源期货01:30am*收市', '', '', '', '', '', ''),
(1, 106, 'ICE EU能源期货01:30am*收市', '', '', '', '', '', ''),
(3, 107, 'ICE EU白糖期货00:00am*收市', '', '', '', '', '', ''),
(1, 107, 'ICE EU白糖期货00:00am*收市', '', '', '', '', '', ''),
(3, 108, 'CBOE VIX 期货23:30pm 收市', '', '', '', '', '', ''),
(1, 108, 'CBOE VIX 期货23:30pm 收市', '', '', '', '', '', ''),
(3, 109, 'CME GROUP农产品期货21:30 开市', '', '', '', '', '', ''),
(1, 109, 'CME GROUP农产品期货21:30 开市', '', '', '', '', '', ''),
(3, 110, 'SGX橡胶期货休市', '', '', '', '', '', ''),
(1, 110, 'SGX橡胶期货休市', '', '', '', '', '', ''),
(3, 111, 'BMD 棕櫚油期货休市', '', '', '', '', '', ''),
(1, 111, 'BMD 棕櫚油期货休市', '', '', '', '', '', ''),
(3, 112, 'APEX精棕榈油期货 美元兌離岸人民幣期貨休市', '', '', '', '', '', ''),
(1, 112, 'APEX精棕榈油期货 美元兌離岸人民幣期貨休市', '', '', '', '', '', ''),
(3, 113, 'TOCOM 橡胶期货休市', '', '', '', '', '', ''),
(1, 113, 'TOCOM 橡胶期货休市', '', '', '', '', '', ''),
(3, 114, 'OSE大阪日经指数期货/利率期貨休市', '', '', '', '', '', ''),
(1, 114, 'OSE大阪日经指数期货/利率期貨休市', '', '', '', '', '', ''),
(3, 115, 'TOCOM 橡胶期货休市', '', '', '', '', '', ''),
(1, 115, 'TOCOM 橡胶期货休市', '', '', '', '', '', ''),
(3, 116, 'OSE大阪日经指数期货/利率期貨休市', '', '', '', '', '', ''),
(1, 116, 'OSE大阪日经指数期货/利率期貨休市', '', '', '', '', '', ''),
(3, 117, 'SGX橡胶期货 休市', '', '', '', '', '', ''),
(1, 117, 'SGX橡胶期货 休市', '', '', '', '', '', ''),
(3, 118, 'TOCOM橡胶期货 休 市', '', '', '', '', '', ''),
(1, 118, 'TOCOM橡胶期货 休 市', '', '', '', '', '', ''),
(3, 119, 'OSE大阪日经指数期货/利率期貨 休 市', '', '', '', '', '', ''),
(1, 119, 'OSE大阪日经指数期货/利率期貨 休 市', '', '', '', '', '', ''),
(3, 120, 'APEX精棕榈油期货 美元兌離岸人民幣期貨 休市', '', '', '', '', '', ''),
(1, 120, 'APEX精棕榈油期货 美元兌離岸人民幣期貨 休市', '', '', '', '', '', ''),
(3, 121, 'BMD 棕櫚油期货休市', '', '', '', '', '', ''),
(1, 121, 'BMD 棕櫚油期货休市', '', '', '', '', '', ''),
(3, 122, 'LME 金属期货休市', '', '', '', '', '', ''),
(1, 122, 'LME 金属期货休市', '', '', '', '', '', ''),
(3, 123, 'ICE US原糖 11/美可可/咖啡19:30 开市', '', '', '', '', '', ''),
(1, 123, 'ICE US原糖 11/美可可/咖啡19:30 开市', '', '', '', '', '', ''),
(3, 124, 'LIFFE指数期货休市', '', '', '', '', '', ''),
(1, 124, 'LIFFE指数期货休市', '', '', '', '', '', ''),
(3, 125, 'ICE EU白糖期货休市', '', '', '', '', '', ''),
(1, 125, 'ICE EU白糖期货休市', '', '', '', '', '', ''),
(3, 126, 'BMD 棕櫚油期货休市', '', '', '', '', '', ''),
(1, 126, 'BMD 棕櫚油期货休市', '', '', '', '', '', ''),
(3, 127, 'CME GROUP指数期货01:00 am* 收市', '', '', '', '', '', ''),
(1, 127, 'CME GROUP指数期货01:00 am* 收市', '', '', '', '', '', ''),
(3, 128, 'CME GROUP外汇/利率期货01:00 am* 收市', '', '', '', '', '', ''),
(1, 128, 'CME GROUP外汇/利率期货01:00 am* 收市', '', '', '', '', '', ''),
(3, 129, 'CME GROUP金属/能源期货01:00 am* 收市', '', '', '', '', '', ''),
(1, 129, 'CME GROUP金属/能源期货01:00 am* 收市', '', '', '', '', '', ''),
(3, 130, 'CME GROUP农产品期货休市', '', '', '', '', '', ''),
(1, 130, 'CME GROUP农产品期货休市', '', '', '', '', '', ''),
(3, 131, 'CME GROUP家畜期货休市', '', '', '', '', '', ''),
(1, 131, 'CME GROUP家畜期货休市', '', '', '', '', '', ''),
(3, 132, 'ICE US原糖11/美可可/咖啡休市', '', '', '', '', '', ''),
(1, 132, 'ICE US原糖11/美可可/咖啡休市', '', '', '', '', '', ''),
(3, 133, 'ICE US棉花/橙汁期貨休市', '', '', '', '', '', ''),
(1, 133, 'ICE US棉花/橙汁期貨休市', '', '', '', '', '', ''),
(3, 134, 'ICE US美元指数期货01:00 am* 收市', '', '', '', '', '', ''),
(1, 134, 'ICE US美元指数期货01:00 am* 收市', '', '', '', '', '', ''),
(3, 135, 'ICE SG能源期货01:30 am* 收市', '', '', '', '', '', ''),
(1, 135, 'ICE SG能源期货01:30 am* 收市', '', '', '', '', '', ''),
(3, 136, 'ICE SG美元指数期货01:00 am* 收市', '', '', '', '', '', ''),
(1, 136, 'ICE SG美元指数期货01:00 am* 收市', '', '', '', '', '', ''),
(3, 137, 'ICE EU能源期货01:30 am* 收市', '', '', '', '', '', ''),
(1, 137, 'ICE EU能源期货01:30 am* 收市', '', '', '', '', '', ''),
(3, 138, 'ICE EU白糖期货00: 00 am* 收市', '', '', '', '', '', ''),
(1, 138, 'ICE EU白糖期货00: 00 am* 收市', '', '', '', '', '', ''),
(3, 139, 'CBOEVIX期货23:30 am 收市', '', '', '', '', '', ''),
(1, 139, 'CBOEVIX期货23:30 am 收市', '', '', '', '', '', ''),
(3, 140, 'BMD棕櫚油期货休市', '', '', '', '', '', ''),
(1, 140, 'BMD棕櫚油期货休市', '', '', '', '', '', ''),
(3, 141, 'DCE/ZCE/INE	商品期货沒有T+1時段', '', '', '', '', '', ''),
(1, 141, 'DCE/ZCE/INE	商品期货沒有T+1時段', '', '', '', '', '', ''),
(3, 142, 'TOCOM橡胶期货休市', '', '', '', '', '', ''),
(1, 142, 'TOCOM橡胶期货休市', '', '', '', '', '', ''),
(3, 143, 'OSE大阪日经指数期货/利率期貨休市', '', '', '', '', '', ''),
(1, 143, 'OSE大阪日经指数期货/利率期貨休市', '', '', '', '', '', ''),
(3, 144, 'DCE/ZCE/INE	商品期货休市', '', '', '', '', '', ''),
(1, 144, 'DCE/ZCE/INE	商品期货休市', '', '', '', '', '', ''),
(3, 145, 'DCE/ZCE/INE	商品期货休市', '', '', '', '', '', ''),
(1, 145, 'DCE/ZCE/INE	商品期货休市', '', '', '', '', '', ''),
(3, 146, 'HKEX指数/外汇/金属期货休市', '', '', '', '', '', ''),
(1, 146, 'HKEX指数/外汇/金属期货休市', '', '', '', '', '', ''),
(3, 147, 'TOCOM	橡胶期货休市', '', '', '', '', '', ''),
(1, 147, 'TOCOM	橡胶期货休市', '', '', '', '', '', ''),
(3, 148, 'OSE大阪日经指数期货/利率期貨休市', '', '', '', '', '', ''),
(1, 148, 'OSE大阪日经指数期货/利率期貨休市', '', '', '', '', '', ''),
(3, 149, 'HKEX指数/外汇/金属/股票期货休市', '', '', '', '', '', ''),
(1, 149, 'HKEX指数/外汇/金属/股票期货休市', '', '', '', '', '', ''),
(3, 150, 'DCE/ZCE/INE 商品期货 休市', '', '', '', '', '', ''),
(1, 150, 'DCE/ZCE/INE 商品期货 休市', '', '', '', '', '', ''),
(3, 151, 'DCE/ZCE/INE	商品期货	休市', '', '', '', '', '', ''),
(1, 151, 'DCE/ZCE/INE	商品期货	休市', '', '', '', '', '', ''),
(3, 152, 'DCE/ZCE/INE	商品期货	休市', '', '', '', '', '', ''),
(1, 152, 'DCE/ZCE/INE	商品期货	休市', '', '', '', '', '', ''),
(3, 153, 'DCE/ZCE/INE	商品期货	休市', '', '', '', '', '', ''),
(1, 153, 'DCE/ZCE/INE	商品期货	休市', '', '', '', '', '', ''),
(3, 154, 'DCE/ZCE/INE	商品期货	休市', '', '', '', '', '', ''),
(1, 154, 'DCE/ZCE/INE	商品期货	休市', '', '', '', '', '', ''),
(3, 155, 'HKEX 指数/外汇/金属/股票期货 休市', '', '', '', '', '', ''),
(1, 155, 'HKEX 指数/外汇/金属/股票期货 休市', '', '', '', '', '', ''),
(3, 156, 'BMD 棕櫚油期货 休市', '', '', '', '', '', ''),
(1, 156, 'BMD 棕櫚油期货 休市', '', '', '', '', '', ''),
(3, 157, 'TOCOM	橡胶期货	休市', '', '', '', '', '', ''),
(1, 157, 'TOCOM	橡胶期货	休市', '', '', '', '', '', ''),
(3, 158, 'OSE 大阪日经指数期货/ 利率期货	休市', '', '', '', '', '', ''),
(1, 158, 'OSE 大阪日经指数期货/ 利率期货	休市', '', '', '', '', '', ''),
(3, 159, 'SGX橡胶期货(TF,RT)休市', '', '', '', '', '', ''),
(1, 159, 'SGX橡胶期货(TF,RT)休市', '', '', '', '', '', ''),
(3, 160, 'BMD棕榈油期货休市', '', '', '', '', '', ''),
(1, 160, 'BMD棕榈油期货休市', '', '', '', '', '', ''),
(3, 161, 'APEX精棕榈油期货休市', '', '', '', '', '', ''),
(1, 161, 'APEX精棕榈油期货休市', '', '', '', '', '', ''),
(3, 162, 'TOCOM	橡胶期货休市', '', '', '', '', '', ''),
(1, 162, 'TOCOM	橡胶期货休市', '', '', '', '', '', ''),
(3, 163, 'OSE 大阪日经指数期货/ 利率期货休市', '', '', '', '', '', ''),
(1, 163, 'OSE 大阪日经指数期货/ 利率期货休市', '', '', '', '', '', ''),
(3, 164, 'CME GROUP指数/外汇/利率期货02:00am*收市', '', '', '', '', '', ''),
(1, 164, 'CME GROUP指数/外汇/利率期货02:00am*收市', '', '', '', '', '', ''),
(3, 165, 'CME GROUP金属/能源期货02:00am*收市', '', '', '', '', '', ''),
(1, 165, 'CME GROUP金属/能源期货02:00am*收市', '', '', '', '', '', ''),
(3, 166, 'CME GROUP农产品期货休市', '', '', '', '', '', ''),
(1, 166, 'CME GROUP农产品期货休市', '', '', '', '', '', ''),
(3, 167, 'CME GROUP农产品期货休市', '', '', '', '', '', ''),
(1, 167, 'CME GROUP农产品期货休市', '', '', '', '', '', ''),
(3, 168, 'CME GROUP家畜期货休市', '', '', '', '', '', ''),
(1, 168, 'CME GROUP家畜期货休市', '', '', '', '', '', ''),
(3, 169, 'ICE US原糖 11,美可可,咖啡休市', '', '', '', '', '', ''),
(1, 169, 'ICE US原糖 11,美可可,咖啡休市', '', '', '', '', '', ''),
(3, 170, 'ICE US橙汁期货休市', '', '', '', '', '', ''),
(1, 170, 'ICE US橙汁期货休市', '', '', '', '', '', ''),
(3, 171, 'ICE US 橙汁期货休市', '', '', '', '', '', ''),
(1, 171, 'ICE US 橙汁期货休市', '', '', '', '', '', ''),
(3, 172, 'ICE US棉花期货休市', '', '', '', '', '', ''),
(1, 172, 'ICE US棉花期货休市', '', '', '', '', '', ''),
(3, 173, 'ICE US美元指数期货02:00am*收市', '', '', '', '', '', ''),
(1, 173, 'ICE US美元指数期货02:00am*收市', '', '', '', '', '', ''),
(3, 174, 'ICE SG能源期货02:30am*收市', '', '', '', '', '', ''),
(1, 174, 'ICE SG能源期货02:30am*收市', '', '', '', '', '', ''),
(3, 175, 'ICE SG美元指数期货02:00am*收市', '', '', '', '', '', ''),
(1, 175, 'ICE SG美元指数期货02:00am*收市', '', '', '', '', '', ''),
(3, 176, 'ICE EU能源期货03:30am*收市', '', '', '', '', '', ''),
(1, 176, 'ICE EU能源期货03:30am*收市', '', '', '', '', '', ''),
(3, 177, 'ICE EU白糖期货01:00am*收市', '', '', '', '', '', ''),
(1, 177, 'ICE EU白糖期货01:00am*收市', '', '', '', '', '', ''),
(3, 178, 'CBOE VIX 期货00:30am*收市', '', '', '', '', '', ''),
(1, 178, 'CBOE VIX 期货00:30am*收市', '', '', '', '', '', ''),
(3, 179, 'CME GROUP指数/外汇/利率期货02:15am*收市', '', '', '', '', '', ''),
(1, 179, 'CME GROUP指数/外汇/利率期货02:15am*收市', '', '', '', '', '', ''),
(3, 180, 'CME GROUP金属/能源期货02:45am*收市', '', '', '', '', '', ''),
(1, 180, 'CME GROUP金属/能源期货02:45am*收市', '', '', '', '', '', ''),
(3, 181, 'CME GROUP农产品期货22:30pm 开市 02:05am*收市', '', '', '', '', '', ''),
(1, 181, 'CME GROUP农产品期货22:30pm 开市 02:05am*收市', '', '', '', '', '', ''),
(3, 182, 'CME GROUP家畜期货02:05am*收市', '', '', '', '', '', ''),
(1, 182, 'CME GROUP家畜期货02:05am*收市', '', '', '', '', '', ''),
(3, 183, 'ICE US 橙汁期货02:30am*收市', '', '', '', '', '', ''),
(1, 183, 'ICE US 橙汁期货02:30am*收市', '', '', '', '', '', ''),
(3, 184, 'ICE US 棉花期货21:00 开市- 02:30*收市', '', '', '', '', '', ''),
(1, 184, 'ICE US 棉花期货21:00 开市- 02:30*收市', '', '', '', '', '', ''),
(3, 185, 'ICE US美元指数期货02:15am*收市', '', '', '', '', '', ''),
(1, 185, 'ICE US美元指数期货02:15am*收市', '', '', '', '', '', ''),
(3, 186, 'ICE SG能源期货03:00am*收市', '', '', '', '', '', ''),
(1, 186, 'ICE SG能源期货03:00am*收市', '', '', '', '', '', ''),
(3, 187, 'ICE SG美元指数期货02:15am*收市', '', '', '', '', '', ''),
(1, 187, 'ICE SG美元指数期货02:15am*收市', '', '', '', '', '', ''),
(3, 188, 'ICE EU能源期货03:00am*收市', '', '', '', '', '', ''),
(1, 188, 'ICE EU能源期货03:00am*收市', '', '', '', '', '', ''),
(3, 189, 'CBOE VIX 期货02:15am*收市', '', '', '', '', '', ''),
(1, 189, 'CBOE VIX 期货02:15am*收市', '', '', '', '', '', ''),
(3, 190, 'CME  GROUP 指数/外汇/利率期货休市', '', '', '', '', '', ''),
(1, 190, 'CME  GROUP 指数/外汇/利率期货休市', '', '', '', '', '', ''),
(3, 191, 'CME  GROUP金属/能源期货休市', '', '', '', '', '', ''),
(1, 191, 'CME  GROUP金属/能源期货休市', '', '', '', '', '', ''),
(3, 192, 'CME  GROUP农产品期货（ks 小麦）休市', '', '', '', '', '', ''),
(1, 192, 'CME  GROUP农产品期货（ks 小麦）休市', '', '', '', '', '', ''),
(3, 193, 'CME  GROUP农产品期货（其他）休市', '', '', '', '', '', ''),
(1, 193, 'CME  GROUP农产品期货（其他）休市', '', '', '', '', '', ''),
(3, 194, 'CME  GROUP家畜期货休市', '', '', '', '', '', ''),
(1, 194, 'CME  GROUP家畜期货休市', '', '', '', '', '', ''),
(3, 195, 'HKEX 指数/外汇/金属期货 12:30 收市', '', '', '', '', '', ''),
(1, 195, 'HKEX 指数/外汇/金属期货 12:30 收市', '', '', '', '', '', ''),
(3, 196, 'ICE US  原糖 11,美可可,咖啡休市', '', '', '', '', '', ''),
(1, 196, 'ICE US  原糖 11,美可可,咖啡休市', '', '', '', '', '', ''),
(3, 197, 'ICE US棉花休市', '', '', '', '', '', ''),
(1, 197, 'ICE US棉花休市', '', '', '', '', '', ''),
(3, 198, 'ICE US橙汁休市', '', '', '', '', '', ''),
(1, 198, 'ICE US橙汁休市', '', '', '', '', '', ''),
(3, 199, 'ICE US美元指数期货 休市', '', '', '', '', '', ''),
(1, 199, 'ICE US美元指数期货 休市', '', '', '', '', '', ''),
(3, 200, 'ICE SG 能源期货21:00 收市', '', '', '', '', '', ''),
(1, 200, 'ICE SG 能源期货21:00 收市', '', '', '', '', '', ''),
(3, 201, 'ICE SG美元指数期货休市', '', '', '', '', '', ''),
(1, 201, 'ICE SG美元指数期货休市', '', '', '', '', '', ''),
(3, 202, 'ICE EU能源期货21:00 收市', '', '', '', '', '', ''),
(1, 202, 'ICE EU能源期货21:00 收市', '', '', '', '', '', ''),
(3, 203, 'ICE EU罗博士特咖啡/可可/白糖休市', '', '', '', '', '', ''),
(1, 203, 'ICE EU罗博士特咖啡/可可/白糖休市', '', '', '', '', '', ''),
(3, 204, 'EUREX 指数/利率期货 休市', '', '', '', '', '', ''),
(1, 204, 'EUREX 指数/利率期货 休市', '', '', '', '', '', ''),
(3, 205, 'LIFFE 指数期货 20:50 收市', '', '', '', '', '', ''),
(1, 205, 'LIFFE 指数期货 20:50 收市', '', '', '', '', '', ''),
(3, 206, 'CBOE VIX 期货 休市', '', '', '', '', '', ''),
(1, 206, 'CBOE VIX 期货 休市', '', '', '', '', '', ''),
(3, 207, 'LME 金属期货 休市', '', '', '', '', '', ''),
(1, 207, 'LME 金属期货 休市', '', '', '', '', '', ''),
(3, 208, 'HKEX 指数/外汇/金属期货 休市', '', '', '', '', '', ''),
(1, 208, 'HKEX 指数/外汇/金属期货 休市', '', '', '', '', '', ''),
(3, 209, 'ICE US  原糖 11,美可可,咖啡20:30 开市', '', '', '', '', '', ''),
(1, 209, 'ICE US  原糖 11,美可可,咖啡20:30 开市', '', '', '', '', '', ''),
(3, 210, 'ICE US棉花20:30 开市', '', '', '', '', '', ''),
(1, 210, 'ICE US棉花20:30 开市', '', '', '', '', '', ''),
(3, 211, 'ICE EU罗博士特咖啡/可可/白糖休市', '', '', '', '', '', ''),
(1, 211, 'ICE EU罗博士特咖啡/可可/白糖休市', '', '', '', '', '', ''),
(3, 212, 'LIFFE 指数期货休市', '', '', '', '', '', ''),
(1, 212, 'LIFFE 指数期货休市', '', '', '', '', '', ''),
(3, 213, 'LME 金属期货休市', '', '', '', '', '', ''),
(1, 213, 'LME 金属期货休市', '', '', '', '', '', ''),
(3, 214, 'LIFFE 指数期货休市', '', '', '', '', '', ''),
(1, 214, 'LIFFE 指数期货休市', '', '', '', '', '', ''),
(3, 215, 'HKEX 指数/外汇/金属期货12:30 收市', '', '', '', '', '', ''),
(1, 215, 'HKEX 指数/外汇/金属期货12:30 收市', '', '', '', '', '', ''),
(3, 216, 'SGX橡胶期货(TF,RT)休市', '', '', '', '', '', ''),
(1, 216, 'SGX橡胶期货(TF,RT)休市', '', '', '', '', '', ''),
(3, 217, 'ICE SG能源期货04:00 收市*', '', '', '', '', '', ''),
(1, 217, 'ICE SG能源期货04:00 收市*', '', '', '', '', '', ''),
(3, 218, 'ICE EU能源期货04:00 收市*', '', '', '', '', '', ''),
(1, 218, 'ICE EU能源期货04:00 收市*', '', '', '', '', '', ''),
(3, 219, 'EUREX 指数/利率期货休市', '', '', '', '', '', ''),
(1, 219, 'EUREX 指数/利率期货休市', '', '', '', '', '', ''),
(3, 220, 'LIFFE 指数期货20:50 收市', '', '', '', '', '', ''),
(1, 220, 'LIFFE 指数期货20:50 收市', '', '', '', '', '', ''),
(3, 221, 'SGX橡胶期货(TF,RT)休市', '', '', '', '', '', ''),
(1, 221, 'SGX橡胶期货(TF,RT)休市', '', '', '', '', '', ''),
(3, 222, 'ICE SG能源期货04:00 收市*', '', '', '', '', '', ''),
(1, 222, 'ICE SG能源期货04:00 收市*', '', '', '', '', '', ''),
(3, 223, 'ICE EU能源期货04:00 收市*', '', '', '', '', '', ''),
(1, 223, 'ICE EU能源期货04:00 收市*', '', '', '', '', '', ''),
(3, 224, 'EUREX 指数/利率期货休市', '', '', '', '', '', ''),
(1, 224, 'EUREX 指数/利率期货休市', '', '', '', '', '', ''),
(3, 225, 'LIFFE 指数期货20:50 收市', '', '', '', '', '', ''),
(1, 225, 'LIFFE 指数期货20:50 收市', '', '', '', '', '', ''),
(3, 226, 'TOCOM 橡胶期货休市', '', '', '', '', '', ''),
(1, 226, 'TOCOM 橡胶期货休市', '', '', '', '', '', ''),
(3, 227, 'OSE 大阪日经指数/利率期货休市', '', '', '', '', '', ''),
(1, 227, 'OSE 大阪日经指数/利率期货休市', '', '', '', '', '', ''),
(3, 228, 'DCE/ZCE/INE 商品期货沒有 T+1 時段', '', '', '', '', '', ''),
(1, 228, 'DCE/ZCE/INE 商品期货沒有 T+1 時段', '', '', '', '', '', ''),
(3, 229, 'LME 金属期货休市', '', '', '', '', '', ''),
(1, 229, 'LME 金属期货休市', '', '', '', '', '', ''),
(3, 230, 'ICE US原糖 11,美可可,咖啡20:30 开市', '', '', '', '', '', ''),
(1, 230, 'ICE US原糖 11,美可可,咖啡20:30 开市', '', '', '', '', '', ''),
(3, 231, 'ICE EU罗博士特咖啡/可可/白糖休市', '', '', '', '', '', ''),
(1, 231, 'ICE EU罗博士特咖啡/可可/白糖休市', '', '', '', '', '', ''),
(3, 232, 'LIFFE 指数期货休市', '', '', '', '', '', ''),
(1, 232, 'LIFFE 指数期货休市', '', '', '', '', '', ''),
(3, 233, 'TOCOM 橡胶期货休市', '', '', '', '', '', ''),
(1, 233, 'TOCOM 橡胶期货休市', '', '', '', '', '', ''),
(3, 234, 'OSE 大阪日经指数/利率期货休市', '', '', '', '', '', ''),
(1, 234, 'OSE 大阪日经指数/利率期货休市', '', '', '', '', '', ''),
(3, 235, 'BMD 棕榈油期货 休市', '', '', '', '', '', ''),
(1, 235, 'BMD 棕榈油期货 休市', '', '', '', '', '', ''),
(3, 236, 'DCE/ZCE/INE商品期货 休市', '', '', '', '', '', ''),
(1, 236, 'DCE/ZCE/INE商品期货 休市', '', '', '', '', '', ''),
(3, 237, 'TOCOM 橡胶期货休市', '', '', '', '', '', ''),
(1, 237, 'TOCOM 橡胶期货休市', '', '', '', '', '', ''),
(3, 238, 'OSE 大阪日经指数/利率期货 休市', '', '', '', '', '', ''),
(1, 238, 'OSE 大阪日经指数/利率期货 休市', '', '', '', '', '', ''),
(1, 239, 'CME GROUP指数/利率期货02:00*收市', '', '', '', '', '', ''),
(3, 239, 'CME GROUP指数/利率期货02:00*收市', '', '', '', '', '', ''),
(3, 240, 'CME GROUP金属/能源期货03:30*收市', '', '', '', '', '', ''),
(1, 240, 'CME GROUP金属/能源期货03:30*收市', '', '', '', '', '', ''),
(3, 241, 'CME GROUP农产品期货休市', '', '', '', '', '', ''),
(1, 241, 'CME GROUP农产品期货休市', '', '', '', '', '', ''),
(3, 242, 'CME GROUP家畜期货休市', '', '', '', '', '', ''),
(1, 242, 'CME GROUP家畜期货休市', '', '', '', '', '', ''),
(3, 243, 'ICE US原糖 11,美可可,咖啡休市', '', '', '', '', '', ''),
(1, 243, 'ICE US原糖 11,美可可,咖啡休市', '', '', '', '', '', ''),
(3, 244, 'ICE US棉花休市', '', '', '', '', '', ''),
(1, 244, 'ICE US棉花休市', '', '', '', '', '', ''),
(3, 245, 'ICE US橙汁休市', '', '', '', '', '', ''),
(1, 245, 'ICE US橙汁休市', '', '', '', '', '', ''),
(3, 246, 'ICE EU白糖01:00*收市', '', '', '', '', '', ''),
(1, 246, 'ICE EU白糖01:00*收市', '', '', '', '', '', ''),
(3, 247, 'CBOE VIX 期货00:30*收市', '', '', '', '', '', ''),
(1, 247, 'CBOE VIX 期货00:30*收市', '', '', '', '', '', ''),
(3, 248, 'BMD 棕榈油期货休市', '', '', '', '', '', ''),
(1, 248, 'BMD 棕榈油期货休市', '', '', '', '', '', ''),
(3, 249, 'DCE/ZCE/INE 商品期货无 T+1 时段', '', '', '', '', '', ''),
(1, 249, 'DCE/ZCE/INE 商品期货无 T+1 时段', '', '', '', '', '', ''),
(3, 250, 'HKEX 指数/外汇/金属期货12:30 收市无下午及 T+1 时段', '', '', '', '', '', ''),
(1, 250, 'HKEX 指数/外汇/金属期货12:30 收市无下午及 T+1 时段', '', '', '', '', '', ''),
(3, 251, 'SGX橡胶期货(TF,RT)休市', '', '', '', '', '', ''),
(1, 251, 'SGX橡胶期货(TF,RT)休市', '', '', '', '', '', ''),
(3, 252, 'BMD 棕榈油期货10:30-12:30 收市', '', '', '', '', '', ''),
(1, 252, 'BMD 棕榈油期货10:30-12:30 收市', '', '', '', '', '', ''),
(3, 253, 'DCE/ZCE/INE 商品期货休市', '', '', '', '', '', ''),
(1, 253, 'DCE/ZCE/INE 商品期货休市', '', '', '', '', '', ''),
(3, 254, 'HKEX 指数/外汇/金属期货 休市', '', '', '', '', '', ''),
(1, 254, 'HKEX 指数/外汇/金属期货 休市', '', '', '', '', '', ''),
(3, 255, 'HKEX 指数/外汇/金属期货 休市', '', '', '', '', '', ''),
(1, 255, 'HKEX 指数/外汇/金属期货 休市', '', '', '', '', '', ''),
(3, 256, 'HKEX 指数/外汇/金属期货 休市', '', '', '', '', '', ''),
(1, 256, 'HKEX 指数/外汇/金属期货 休市', '', '', '', '', '', ''),
(3, 257, 'SGX 橡胶期货(TF,RT)休市', '', '', '', '', '', ''),
(1, 257, 'SGX 橡胶期货(TF,RT)休市', '', '', '', '', '', ''),
(3, 258, 'SGX 橡胶期货(TF,RT)休市', '', '', '', '', '', ''),
(1, 258, 'SGX 橡胶期货(TF,RT)休市', '', '', '', '', '', ''),
(3, 259, 'BMD 棕榈油期货 休市', '', '', '', '', '', ''),
(1, 259, 'BMD 棕榈油期货 休市', '', '', '', '', '', ''),
(3, 260, 'BMD 棕榈油期货 休市', '', '', '', '', '', ''),
(1, 260, 'BMD 棕榈油期货 休市', '', '', '', '', '', ''),
(3, 261, 'APEX 精棕榈油期货 美元兑离岸人民币期货 休市', '', '', '', '', '', ''),
(1, 261, 'APEX 精棕榈油期货 美元兑离岸人民币期货 休市', '', '', '', '', '', ''),
(3, 262, 'APEX 精棕榈油期货 美元兑离岸人民币期货 休市', '', '', '', '', '', ''),
(1, 262, 'APEX 精棕榈油期货 美元兑离岸人民币期货 休市', '', '', '', '', '', ''),
(3, 263, 'DCE/ZCE/INE 商品期货 休市', '', '', '', '', '', ''),
(1, 263, 'DCE/ZCE/INE 商品期货 休市', '', '', '', '', '', ''),
(3, 264, 'DCE/ZCE/INE 商品期货 休市', '', '', '', '', '', ''),
(1, 264, 'DCE/ZCE/INE 商品期货 休市', '', '', '', '', '', ''),
(3, 265, 'DCE/ZCE/INE 商品期货 休市', '', '', '', '', '', ''),
(1, 265, 'DCE/ZCE/INE 商品期货 休市', '', '', '', '', '', ''),
(3, 266, 'DCE/ZCE/INE 商品期货 休市', '', '', '', '', '', ''),
(1, 266, 'DCE/ZCE/INE 商品期货 休市', '', '', '', '', '', ''),
(1, 267, 'OSE 橡胶期货休市', '', '', '', '', '', ''),
(3, 267, 'OSE 橡胶期货休市', '', '', '', '', '', ''),
(3, 268, 'OSE 大阪日经指数/利率期货休市', '', '', '', '', '', ''),
(1, 268, 'OSE 大阪日经指数/利率期货休市', '', '', '', '', '', ''),
(3, 269, 'CME GROUP指数/外汇利率期货02:00*收市', '', '', '', '', '', ''),
(1, 269, 'CME GROUP指数/外汇利率期货02:00*收市', '', '', '', '', '', ''),
(3, 270, 'CME GROUP金属/能源期货03:30*收市', '', '', '', '', '', ''),
(1, 270, 'CME GROUP金属/能源期货03:30*收市', '', '', '', '', '', ''),
(3, 271, 'CME GROUP农产品期货休市', '', '', '', '', '', ''),
(1, 271, 'CME GROUP农产品期货休市', '', '', '', '', '', ''),
(3, 272, 'CME GROUP家畜期货休市', '', '', '', '', '', ''),
(1, 272, 'CME GROUP家畜期货休市', '', '', '', '', '', ''),
(3, 273, 'ICE US原糖 11,美可可,咖啡休市', '', '', '', '', '', ''),
(1, 273, 'ICE US原糖 11,美可可,咖啡休市', '', '', '', '', '', ''),
(3, 274, 'ICE US棉花/橙汁期货休市', '', '', '', '', '', ''),
(1, 274, 'ICE US棉花/橙汁期货休市', '', '', '', '', '', ''),
(3, 275, 'ICE EU白糖01:00*收市', '', '', '', '', '', ''),
(1, 275, 'ICE EU白糖01:00*收市', '', '', '', '', '', ''),
(1, 276, 'OSE 橡胶期货休市', '', '', '', '', '', ''),
(3, 276, 'OSE 橡胶期货休市', '', '', '', '', '', ''),
(3, 277, 'OSE 大阪日经指数/利率期货休市', '', '', '', '', '', ''),
(1, 277, 'OSE 大阪日经指数/利率期货休市', '', '', '', '', '', ''),
(3, 278, 'CBOE VIX 期货00:30*收市', '', '', '', '', '', ''),
(1, 278, 'CBOE VIX 期货00:30*收市', '', '', '', '', '', ''),
(3, 279, 'TOCOM 东京原油 休市', '', '', '', '', '', ''),
(1, 279, 'TOCOM 东京原油 休市', '', '', '', '', '', ''),
(3, 280, 'OSE 大阪日经指数期货/利率期貨/橡胶期货 休市', '', '', '', '', '', ''),
(1, 280, 'OSE 大阪日经指数期货/利率期貨/橡胶期货 休市', '', '', '', '', '', ''),
(3, 281, 'DCE/ZCE/INE 商品期货 无夜盘', '', '', '', '', '', ''),
(1, 281, 'DCE/ZCE/INE 商品期货 无夜盘', '', '', '', '', '', ''),
(3, 282, 'DCE/ZCE/INE 商品期货休市', '', '', '', '', '', ''),
(1, 282, 'DCE/ZCE/INE 商品期货休市', '', '', '', '', '', ''),
(3, 283, 'HKEX 指数/外汇/金属期货休市', '', '', '', '', '', ''),
(1, 283, 'HKEX 指数/外汇/金属期货休市', '', '', '', '', '', ''),
(3, 284, 'DCE/ZCE/INE 商品期货休市', '', '', '', '', '', ''),
(1, 284, 'DCE/ZCE/INE 商品期货休市', '', '', '', '', '', ''),
(3, 285, 'CME GROUP指数/利率期货休市', '', '', '', '', '', ''),
(1, 285, 'CME GROUP指数/利率期货休市', '', '', '', '', '', ''),
(3, 286, 'CME GROUP金属/能源期货休市', '', '', '', '', '', ''),
(1, 286, 'CME GROUP金属/能源期货休市', '', '', '', '', '', ''),
(3, 287, 'CME GROUP外汇期货休市', '', '', '', '', '', ''),
(1, 287, 'CME GROUP外汇期货休市', '', '', '', '', '', ''),
(3, 288, 'CME GROUP农产品期货休市', '', '', '', '', '', ''),
(1, 288, 'CME GROUP农产品期货休市', '', '', '', '', '', ''),
(3, 289, 'CME GROUP家畜期货休市', '', '', '', '', '', ''),
(1, 289, 'CME GROUP家畜期货休市', '', '', '', '', '', ''),
(3, 290, 'LME 金属期货休市', '', '', '', '', '', ''),
(1, 290, 'LME 金属期货休市', '', '', '', '', '', ''),
(3, 291, 'HKEX 指数/外汇/金属期货休市', '', '', '', '', '', ''),
(1, 291, 'HKEX 指数/外汇/金属期货休市', '', '', '', '', '', ''),
(3, 292, 'SGX橡胶期货(TF,RT)休市', '', '', '', '', '', ''),
(1, 292, 'SGX橡胶期货(TF,RT)休市', '', '', '', '', '', ''),
(3, 293, 'ICE US  原糖 11,美可可,咖啡休市', '', '', '', '', '', ''),
(1, 293, 'ICE US  原糖 11,美可可,咖啡休市', '', '', '', '', '', ''),
(3, 294, 'ICE US棉花/橙汁期货休市', '', '', '', '', '', ''),
(1, 294, 'ICE US棉花/橙汁期货休市', '', '', '', '', '', ''),
(3, 295, 'ICE US美元指数期货休市', '', '', '', '', '', ''),
(1, 295, 'ICE US美元指数期货休市', '', '', '', '', '', ''),
(3, 296, 'ICE SG 能源期货休市', '', '', '', '', '', ''),
(1, 296, 'ICE SG 能源期货休市', '', '', '', '', '', ''),
(3, 297, 'ICE SG美元指数期货休市', '', '', '', '', '', ''),
(1, 297, 'ICE SG美元指数期货休市', '', '', '', '', '', ''),
(3, 298, 'ICE EU 能源期货休市', '', '', '', '', '', ''),
(1, 298, 'ICE EU 能源期货休市', '', '', '', '', '', ''),
(3, 299, 'ICE EU罗博士特咖啡/可可休市', '', '', '', '', '', ''),
(1, 299, 'ICE EU罗博士特咖啡/可可休市', '', '', '', '', '', ''),
(3, 300, 'ICE EU白糖休市', '', '', '', '', '', ''),
(1, 300, 'ICE EU白糖休市', '', '', '', '', '', ''),
(3, 301, 'EUREX 指数/利率期货休市', '', '', '', '', '', ''),
(1, 301, 'EUREX 指数/利率期货休市', '', '', '', '', '', ''),
(3, 302, 'LIFFE 指数期货休市', '', '', '', '', '', ''),
(1, 302, 'LIFFE 指数期货休市', '', '', '', '', '', ''),
(3, 303, 'CBOE VIX 期货休市', '', '', '', '', '', ''),
(1, 303, 'CBOE VIX 期货休市', '', '', '', '', '', ''),
(3, 304, 'APEX 精棕榈油期货 美元兑离岸人民币期货休市', '', '', '', '', '', ''),
(1, 304, 'APEX 精棕榈油期货 美元兑离岸人民币期货休市', '', '', '', '', '', ''),
(3, 305, 'LME 金属期货休市', '', '', '', '', '', ''),
(1, 305, 'LME 金属期货休市', '', '', '', '', '', ''),
(3, 306, 'HKEX 指数/外汇/金属期货休市', '', '', '', '', '', ''),
(1, 306, 'HKEX 指数/外汇/金属期货休市', '', '', '', '', '', ''),
(3, 307, 'ICE US  原糖 11,美可可,咖啡19:30 开盘', '', '', '', '', '', ''),
(1, 307, 'ICE US  原糖 11,美可可,咖啡19:30 开盘', '', '', '', '', '', ''),
(3, 308, 'ICE EU 罗博士特咖啡/可可休市', '', '', '', '', '', ''),
(1, 308, 'ICE EU 罗博士特咖啡/可可休市', '', '', '', '', '', ''),
(3, 309, 'ICE EU 白糖休市', '', '', '', '', '', ''),
(1, 309, 'ICE EU 白糖休市', '', '', '', '', '', ''),
(3, 310, 'EUREX 指数/利率期货休市', '', '', '', '', '', ''),
(1, 310, 'EUREX 指数/利率期货休市', '', '', '', '', '', ''),
(1, 311, 'LIFFE 指数期货休市', '', '', '', '', '', ''),
(3, 311, 'LIFFE 指数期货休市', '', '', '', '', '', ''),
(1, 312, 'BMD 棕榈油期货休市', '', '', '', '', '', ''),
(3, 312, 'BMD 棕榈油期货休市', '', '', '', '', '', ''),
(3, 313, 'OSE 橡胶期货休市', '', '', '', '', '', ''),
(1, 313, 'OSE 橡胶期货休市', '', '', '', '', '', ''),
(3, 314, 'OSE大阪日经指数/利率期货休市', '', '', '', '', '', ''),
(1, 314, 'OSE大阪日经指数/利率期货休市', '', '', '', '', '', ''),
(3, 315, 'BMD 棕榈油期货无 T+1', '', '', '', '', '', ''),
(1, 315, 'BMD 棕榈油期货无 T+1', '', '', '', '', '', ''),
(3, 316, 'LME 金属期货 休市', '', '', '', '', '', ''),
(1, 316, 'LME 金属期货 休市', '', '', '', '', '', ''),
(3, 317, 'HKEX 指数/外汇/金属期货 休市', '', '', '', '', '', ''),
(1, 317, 'HKEX 指数/外汇/金属期货 休市', '', '', '', '', '', ''),
(1, 318, 'SGX橡胶期货(TF,RT)休市', '', '', '', '', '', ''),
(3, 318, 'SGX橡胶期货(TF,RT)休市', '', '', '', '', '', ''),
(3, 319, 'ICE US原糖 11,美可可,咖啡19:30 开盘', '', '', '', '', '', ''),
(1, 319, 'ICE US原糖 11,美可可,咖啡19:30 开盘', '', '', '', '', '', ''),
(3, 320, 'ICE EU罗博士特咖啡/可可休市', '', '', '', '', '', ''),
(1, 320, 'ICE EU罗博士特咖啡/可可休市', '', '', '', '', '', ''),
(1, 321, 'ICE EU白糖休市', '', '', '', '', '', ''),
(3, 321, 'ICE EU白糖休市', '', '', '', '', '', ''),
(3, 322, 'LIFFE 指数期货 休市', '', '', '', '', '', ''),
(1, 322, 'LIFFE 指数期货 休市', '', '', '', '', '', ''),
(3, 323, 'BMD 棕榈油期货 休市', '', '', '', '', '', ''),
(1, 323, 'BMD 棕榈油期货 休市', '', '', '', '', '', ''),
(3, 324, 'APEX 精棕榈油期货 美元兑离岸人民币期货 休市', '', '', '', '', '', ''),
(1, 324, 'APEX 精棕榈油期货 美元兑离岸人民币期货 休市', '', '', '', '', '', ''),
(3, 325, 'DCE/ZCE/INE 商品期货 休市', '', '', '', '', '', ''),
(1, 325, 'DCE/ZCE/INE 商品期货 休市', '', '', '', '', '', ''),
(3, 326, 'SGX橡胶期货(TF,RT)休市', '', '', '', '', '', ''),
(1, 326, 'SGX橡胶期货(TF,RT)休市', '', '', '', '', '', ''),
(1, 327, 'BMD 棕榈油期货 休市', '', '', '', '', '', ''),
(3, 327, 'BMD 棕榈油期货 休市', '', '', '', '', '', ''),
(3, 328, 'OSE 橡胶期货休市', '', '', '', '', '', ''),
(1, 328, 'OSE 橡胶期货休市', '', '', '', '', '', ''),
(3, 329, 'OSE大阪日经指数/利率期货休市', '', '', '', '', '', ''),
(1, 329, 'OSE大阪日经指数/利率期货休市', '', '', '', '', '', ''),
(3, 330, 'APEX 精棕榈油期货 美元兑离岸人民币期货 休市', '', '', '', '', '', ''),
(1, 330, 'APEX 精棕榈油期货 美元兑离岸人民币期货 休市', '', '', '', '', '', ''),
(3, 331, 'DCE/ZCE/INE 商品期货 休市', '', '', '', '', '', ''),
(1, 331, 'DCE/ZCE/INE 商品期货 休市', '', '', '', '', '', ''),
(3, 332, 'BMD 棕榈油期货 休市', '', '', '', '', '', ''),
(1, 332, 'BMD 棕榈油期货 休市', '', '', '', '', '', ''),
(3, 333, 'OSE 橡胶期货休市', '', '', '', '', '', ''),
(1, 333, 'OSE 橡胶期货休市', '', '', '', '', '', ''),
(3, 334, 'OSE 大阪日经指数/利率期货休市', '', '', '', '', '', ''),
(1, 334, 'OSE 大阪日经指数/利率期货休市', '', '', '', '', '', ''),
(3, 335, 'DCE/ZCE/INE 商品期货 休市', '', '', '', '', '', ''),
(1, 335, 'DCE/ZCE/INE 商品期货 休市', '', '', '', '', '', ''),
(3, 336, 'OSE 橡胶期货休市', '', '', '', '', '', ''),
(1, 336, 'OSE 橡胶期货休市', '', '', '', '', '', ''),
(3, 337, 'OSE大阪日经指数/利率期货休市', '', '', '', '', '', ''),
(1, 337, 'OSE大阪日经指数/利率期货休市', '', '', '', '', '', ''),
(1, 338, 'HKEX 指数/外汇/金属期货 休市', '', '', '', '', '', ''),
(3, 338, 'HKEX 指数/外汇/金属期货 休市', '', '', '', '', '', ''),
(1, 339, 'SGX橡胶期货(TF,RT)休市', '', '', '', '', '', ''),
(3, 339, 'SGX橡胶期货(TF,RT)休市', '', '', '', '', '', ''),
(3, 340, 'BMD 棕榈油期货 休市', '', '', '', '', '', ''),
(1, 340, 'BMD 棕榈油期货 休市', '', '', '', '', '', ''),
(3, 341, 'APEX 精棕榈油期货 美元兑离岸人民币期货休市', '', '', '', '', '', ''),
(1, 341, 'APEX 精棕榈油期货 美元兑离岸人民币期货休市', '', '', '', '', '', ''),
(3, 342, 'CME GROUP 指数/利率期货01:00*提前收盘', '', '', '', '', '', ''),
(1, 342, 'CME GROUP 指数/利率期货01:00*提前收盘', '', '', '', '', '', ''),
(3, 343, 'CME GROUP金属/能源期货02:30*提前收盘', '', '', '', '', '', ''),
(1, 343, 'CME GROUP金属/能源期货02:30*提前收盘', '', '', '', '', '', ''),
(3, 344, 'CME GROUP农产品期货休市', '', '', '', '', '', ''),
(1, 344, 'CME GROUP农产品期货休市', '', '', '', '', '', ''),
(3, 345, 'CME GROUP家畜期货休市', '', '', '', '', '', ''),
(1, 345, 'CME GROUP家畜期货休市', '', '', '', '', '', ''),
(3, 346, 'ICE US  原糖 11,美可可,咖啡休市', '', '', '', '', '', ''),
(1, 346, 'ICE US  原糖 11,美可可,咖啡休市', '', '', '', '', '', ''),
(3, 347, 'ICE US棉花/橙汁期货休市', '', '', '', '', '', ''),
(1, 347, 'ICE US棉花/橙汁期货休市', '', '', '', '', '', ''),
(3, 348, 'ICE SG 能源期货01:30*提前收盘', '', '', '', '', '', ''),
(1, 348, 'ICE SG 能源期货01:30*提前收盘', '', '', '', '', '', ''),
(3, 349, 'ICE EU 能源期货01:30*提前收盘', '', '', '', '', '', ''),
(1, 349, 'ICE EU 能源期货01:30*提前收盘', '', '', '', '', '', ''),
(3, 350, 'ICE EU白糖00:00*提前收盘', '', '', '', '', '', ''),
(1, 350, 'ICE EU白糖00:00*提前收盘', '', '', '', '', '', ''),
(3, 351, 'CBOE VIX 期货23:30 提前收盘', '', '', '', '', '', ''),
(1, 351, 'CBOE VIX 期货23:30 提前收盘', '', '', '', '', '', ''),
(3, 352, 'LME	金属期货	休市', '', '', '', '', '', ''),
(1, 352, 'LME	金属期货	休市', '', '', '', '', '', ''),
(3, 353, 'ICE US原糖11/美可可/咖啡/棉花/19:30开盘', '', '', '', '', '', ''),
(1, 353, 'ICE US原糖11/美可可/咖啡/棉花/19:30开盘', '', '', '', '', '', ''),
(3, 354, 'LIFFE	指数期货	休市', '', '', '', '', '', ''),
(1, 354, 'LIFFE	指数期货	休市', '', '', '', '', '', ''),
(3, 355, 'ICE EU	能源期货 休市', '', '', '', '', '', ''),
(1, 355, 'ICE EU	能源期货 休市', '', '', '', '', '', ''),
(3, 356, 'ICE EU	白糖	休市', '', '', '', '', '', ''),
(1, 356, 'ICE EU	白糖	休市', '', '', '', '', '', ''),
(3, 357, 'DCE/ZCE/INE	商品期货	T+1時段取消', '', '', '', '', '', ''),
(1, 357, 'DCE/ZCE/INE	商品期货	T+1時段取消', '', '', '', '', '', ''),
(3, 358, 'LME	金属期货	休市', '', '', '', '', '', ''),
(1, 358, 'LME	金属期货	休市', '', '', '', '', '', ''),
(3, 359, 'HKEX	指数/外汇/金属期货	休市', '', '', '', '', '', ''),
(1, 359, 'HKEX	指数/外汇/金属期货	休市', '', '', '', '', '', ''),
(3, 360, 'ICE US原糖11/美可可/咖啡/棉花/19:30开盘', '', '', '', '', '', ''),
(1, 360, 'ICE US原糖11/美可可/咖啡/棉花/19:30开盘', '', '', '', '', '', ''),
(3, 361, 'LIFFE	指数期货	休市', '', '', '', '', '', ''),
(1, 361, 'LIFFE	指数期货	休市', '', '', '', '', '', ''),
(3, 362, 'ICE EU	能源期货 休市', '', '', '', '', '', ''),
(1, 362, 'ICE EU	能源期货 休市', '', '', '', '', '', ''),
(3, 363, 'ICE EU	白糖 休市', '', '', '', '', '', ''),
(1, 363, 'ICE EU	白糖 休市', '', '', '', '', '', ''),
(3, 364, 'DCE/ZCE/INE	商品期货	休市', '', '', '', '', '', ''),
(1, 364, 'DCE/ZCE/INE	商品期货	休市', '', '', '', '', '', ''),
(3, 365, 'BMD	棕櫚油期货 休市', '', '', '', '', '', ''),
(1, 365, 'BMD	棕櫚油期货 休市', '', '', '', '', '', ''),
(3, 366, 'CME GROUP指数/利率期货01:00*提前收盘', '', '', '', '', '', ''),
(1, 366, 'CME GROUP指数/利率期货01:00*提前收盘', '', '', '', '', '', ''),
(3, 367, 'CME GROUP金属/能源期货02:30*提前收盘', '', '', '', '', '', ''),
(1, 367, 'CME GROUP金属/能源期货02:30*提前收盘', '', '', '', '', '', ''),
(3, 368, 'CME GROUP农产品期货休市', '', '', '', '', '', ''),
(1, 368, 'CME GROUP农产品期货休市', '', '', '', '', '', ''),
(3, 369, 'CME GROUP家畜期货休市', '', '', '', '', '', ''),
(1, 369, 'CME GROUP家畜期货休市', '', '', '', '', '', ''),
(3, 370, 'ICE US原糖11/美可可/咖啡/棉花/休市', '', '', '', '', '', ''),
(1, 370, 'ICE US原糖11/美可可/咖啡/棉花/休市', '', '', '', '', '', ''),
(3, 371, 'ICE US橙汁期貨休市', '', '', '', '', '', ''),
(1, 371, 'ICE US橙汁期貨休市', '', '', '', '', '', ''),
(3, 372, 'ICE SG能源期货01:30*提前收盘', '', '', '', '', '', ''),
(1, 372, 'ICE SG能源期货01:30*提前收盘', '', '', '', '', '', ''),
(1, 373, 'ICE EU	能源期货01:30*提前收盘', '', '', '', '', '', ''),
(3, 373, 'ICE EU	能源期货01:30*提前收盘', '', '', '', '', '', ''),
(3, 374, 'ICE EU	白糖00:00*提前收盘', '', '', '', '', '', ''),
(1, 374, 'ICE EU	白糖00:00*提前收盘', '', '', '', '', '', ''),
(3, 375, 'CBOE	VIX期货	23:30提前收盘', '', '', '', '', '', ''),
(1, 375, 'CBOE	VIX期货	23:30提前收盘', '', '', '', '', '', ''),
(3, 376, 'HKEX 指数 外汇 金属期货 休市', '', '', '', '', '', ''),
(1, 376, 'HKEX 指数 外汇 金属期货 休市', '', '', '', '', '', ''),
(3, 377, 'CME GROUP指数 利率 期货01:00*提前收盘', '', '', '', '', '', ''),
(1, 377, 'CME GROUP指数 利率 期货01:00*提前收盘', '', '', '', '', '', ''),
(3, 378, 'CME GROUP外汇期货05:00*提前收盘', '', '', '', '', '', ''),
(1, 378, 'CME GROUP外汇期货05:00*提前收盘', '', '', '', '', '', ''),
(3, 379, 'CME GROUP金属/能源期货02:30*提前收盘', '', '', '', '', '', ''),
(1, 379, 'CME GROUP金属/能源期货02:30*提前收盘', '', '', '', '', '', ''),
(3, 380, 'CME GROUP农产品期货 休市', '', '', '', '', '', ''),
(1, 380, 'CME GROUP农产品期货 休市', '', '', '', '', '', ''),
(3, 381, 'CME GROUP家畜 期货 休市', '', '', '', '', '', ''),
(1, 381, 'CME GROUP家畜 期货 休市', '', '', '', '', '', ''),
(1, 382, 'ICE US原糖 11/ 美可可/ 咖啡 休市', '', '', '', '', '', ''),
(3, 382, 'ICE US原糖 11/ 美可可/ 咖啡 休市', '', '', '', '', '', ''),
(3, 383, 'ICE US棉花/橙汁期貨  休市', '', '', '', '', '', ''),
(1, 383, 'ICE US棉花/橙汁期貨  休市', '', '', '', '', '', ''),
(3, 384, 'ICE SG能源期货01:30*提前收盘', '', '', '', '', '', ''),
(1, 384, 'ICE SG能源期货01:30*提前收盘', '', '', '', '', '', ''),
(1, 385, 'ICE SG美元指数期货05:00*提前收盘', '', '', '', '', '', ''),
(3, 385, 'ICE SG美元指数期货05:00*提前收盘', '', '', '', '', '', ''),
(3, 386, 'ICE EU能源期货01:30*提前收盘', '', '', '', '', '', ''),
(1, 386, 'ICE EU能源期货01:30*提前收盘', '', '', '', '', '', ''),
(3, 387, 'ICE EU白糖期货00:00*提前收盘', '', '', '', '', '', ''),
(1, 387, 'ICE EU白糖期货00:00*提前收盘', '', '', '', '', '', ''),
(3, 388, 'CBOE VIX 期货23:30*提前收盘', '', '', '', '', '', ''),
(1, 388, 'CBOE VIX 期货23:30*提前收盘', '', '', '', '', '', ''),
(3, 389, 'CME GROUP 农产品期货21:30*开盘', '', '', '', '', '', ''),
(1, 389, 'CME GROUP 农产品期货21:30*开盘', '', '', '', '', '', ''),
(3, 390, 'SGX橡胶期货休市', '', '', '', '', '', ''),
(1, 390, 'SGX橡胶期货休市', '', '', '', '', '', ''),
(3, 391, 'BMD棕櫚油期货休市', '', '', '', '', '', ''),
(1, 391, 'BMD棕櫚油期货休市', '', '', '', '', '', ''),
(3, 392, 'APEX精棕榈油期货休市', '', '', '', '', '', ''),
(1, 392, 'APEX精棕榈油期货休市', '', '', '', '', '', ''),
(3, 393, 'APEX美元兌離岸人民幣期貨休市', '', '', '', '', '', ''),
(1, 393, 'APEX美元兌離岸人民幣期貨休市', '', '', '', '', '', ''),
(3, 394, 'TOCOM橡胶期货 休市', '', '', '', '', '', ''),
(1, 394, 'TOCOM橡胶期货 休市', '', '', '', '', '', ''),
(1, 395, 'OSE大阪日经指数期货/利率期貨休市', '', '', '', '', '', ''),
(3, 395, 'OSE大阪日经指数期货/利率期貨休市', '', '', '', '', '', ''),
(3, 396, 'LME 金属期货 休市', '', '', '', '', '', ''),
(1, 396, 'LME 金属期货 休市', '', '', '', '', '', ''),
(1, 397, 'ICE US 原糖 11/美可可/咖啡 19:30*开盘', '', '', '', '', '', ''),
(3, 397, 'ICE US 原糖 11/美可可/咖啡 19:30*开盘', '', '', '', '', '', ''),
(3, 398, 'LIFFE 指数期货 休市', '', '', '', '', '', ''),
(1, 398, 'LIFFE 指数期货 休市', '', '', '', '', '', ''),
(3, 399, 'ICE EU 白糖期货 休市', '', '', '', '', '', ''),
(1, 399, 'ICE EU 白糖期货 休市', '', '', '', '', '', ''),
(3, 400, 'BMD 棕櫚油期货 休市', '', '', '', '', '', ''),
(1, 400, 'BMD 棕櫚油期货 休市', '', '', '', '', '', ''),
(3, 401, 'SGX橡胶期货休市', '', '', '', '', '', ''),
(1, 401, 'SGX橡胶期货休市', '', '', '', '', '', ''),
(3, 402, 'APEX精棕榈油期货，美元兑离岸人民币期货休市', '', '', '', '', '', ''),
(1, 402, 'APEX精棕榈油期货，美元兑离岸人民币期货休市', '', '', '', '', '', ''),
(3, 403, 'TOCOM橡胶期货休市', '', '', '', '', '', ''),
(1, 403, 'TOCOM橡胶期货休市', '', '', '', '', '', ''),
(3, 404, 'OSE大阪日经指数期货/利率期货', '', '', '', '', '', ''),
(1, 404, 'OSE大阪日经指数期货/利率期货', '', '', '', '', '', ''),
(3, 405, 'CME 指数 /利率期货01:00*提前收盘', '', '', '', '', '', ''),
(1, 405, 'CME 指数 /利率期货01:00*提前收盘', '', '', '', '', '', ''),
(1, 406, 'CME 金属 /能源期货02:30*提前收盘', '', '', '', '', '', ''),
(3, 406, 'CME 金属 /能源期货02:30*提前收盘', '', '', '', '', '', ''),
(3, 407, 'CME 农产品期货 休市', '', '', '', '', '', ''),
(1, 407, 'CME 农产品期货 休市', '', '', '', '', '', ''),
(3, 408, 'CME 家畜期货 休市', '', '', '', '', '', ''),
(1, 408, 'CME 家畜期货 休市', '', '', '', '', '', ''),
(3, 409, 'HKEX 指数 /外汇 /金属期货 休市', '', '', '', '', '', ''),
(1, 409, 'HKEX 指数 /外汇 /金属期货 休市', '', '', '', '', '', ''),
(3, 410, 'ICE US 原糖 11/美可可 /咖啡 休市', '', '', '', '', '', ''),
(1, 410, 'ICE US 原糖 11/美可可 /咖啡 休市', '', '', '', '', '', ''),
(3, 411, 'ICE US 棉花 /橙汁期货 休市', '', '', '', '', '', ''),
(1, 411, 'ICE US 棉花 /橙汁期货 休市', '', '', '', '', '', ''),
(3, 412, 'ICE SG 能源期货01:30*提前收盘', '', '', '', '', '', ''),
(1, 412, 'ICE SG 能源期货01:30*提前收盘', '', '', '', '', '', ''),
(3, 413, 'ICE SG 迷你美元指数期货05:00*提前收盘', '', '', '', '', '', ''),
(1, 413, 'ICE SG 迷你美元指数期货05:00*提前收盘', '', '', '', '', '', ''),
(3, 414, 'ICE EU 能源期货01:30*提前收盘', '', '', '', '', '', ''),
(1, 414, 'ICE EU 能源期货01:30*提前收盘', '', '', '', '', '', ''),
(3, 415, 'ICE EU 白糖期货00:00*提前收盘', '', '', '', '', '', ''),
(1, 415, 'ICE EU 白糖期货00:00*提前收盘', '', '', '', '', '', ''),
(3, 416, 'BMD 棕榈油期货 休市', '', '', '', '', '', ''),
(1, 416, 'BMD 棕榈油期货 休市', '', '', '', '', '', ''),
(3, 417, 'CBOE VIX期货23:30*提前收盘', '', '', '', '', '', ''),
(1, 417, 'CBOE VIX期货23:30*提前收盘', '', '', '', '', '', ''),
(3, 418, 'TOCOM 原油期货 休市', '', '', '', '', '', ''),
(1, 418, 'TOCOM 原油期货 休市', '', '', '', '', '', ''),
(3, 419, 'TOCOM 原油期货 休市', '', '', '', '', '', ''),
(1, 419, 'TOCOM 原油期货 休市', '', '', '', '', '', ''),
(3, 420, 'OSE 大阪日经指数 /利率 /橡胶期货 休市', '', '', '', '', '', ''),
(1, 420, 'OSE 大阪日经指数 /利率 /橡胶期货 休市', '', '', '', '', '', ''),
(3, 421, 'OSE 大阪日经指数 /利率 /橡胶期货 休市', '', '', '', '', '', ''),
(1, 421, 'OSE 大阪日经指数 /利率 /橡胶期货 休市', '', '', '', '', '', ''),
(3, 422, 'DCE/ZCE/INE 商品期货 没有 T+1时段', '', '', '', '', '', ''),
(1, 422, 'DCE/ZCE/INE 商品期货 没有 T+1时段', '', '', '', '', '', ''),
(3, 423, 'DCE/ZCE/INE 商品期货 休市', '', '', '', '', '', ''),
(1, 423, 'DCE/ZCE/INE 商品期货 休市', '', '', '', '', '', ''),
(3, 424, 'BMD棕榈油期货休市', '', '', '', '', '', ''),
(1, 424, 'BMD棕榈油期货休市', '', '', '', '', '', ''),
(3, 425, 'BMD棕榈油期货无T+1', '', '', '', '', '', ''),
(1, 425, 'BMD棕榈油期货无T+1', '', '', '', '', '', ''),
(3, 426, 'ICE US原糖11/美可可/咖啡19:30开市', '', '', '', '', '', ''),
(1, 426, 'ICE US原糖11/美可可/咖啡19:30开市', '', '', '', '', '', ''),
(3, 427, 'LIFFE指数期货休市', '', '', '', '', '', ''),
(1, 427, 'LIFFE指数期货休市', '', '', '', '', '', ''),
(3, 428, 'ICE EU白糖期货休市', '', '', '', '', '', ''),
(1, 428, 'ICE EU白糖期货休市', '', '', '', '', '', ''),
(3, 429, 'OSE指数/利率/橡胶期货休市', '', '', '', '', '', ''),
(1, 429, 'OSE指数/利率/橡胶期货休市', '', '', '', '', '', ''),
(3, 430, 'DCE/ZCE/INE商品期货休市', '', '', '', '', '', ''),
(1, 430, 'DCE/ZCE/INE商品期货休市', '', '', '', '', '', ''),
(3, 431, 'DCE/ZCE/INE商品期货休市', '', '', '', '', '', ''),
(1, 431, 'DCE/ZCE/INE商品期货休市', '', '', '', '', '', ''),
(3, 432, 'DCE/ZCE/INE商品期货休市', '', '', '', '', '', ''),
(1, 432, 'DCE/ZCE/INE商品期货休市', '', '', '', '', '', ''),
(3, 433, 'DCE/ZCE/INE商品期货休市', '', '', '', '', '', ''),
(1, 433, 'DCE/ZCE/INE商品期货休市', '', '', '', '', '', ''),
(3, 434, 'DCE/ZCE/INE商品期货休市', '', '', '', '', '', ''),
(1, 434, 'DCE/ZCE/INE商品期货休市', '', '', '', '', '', ''),
(3, 435, 'HKEX指数/外汇/金属期货休市', '', '', '', '', '', ''),
(1, 435, 'HKEX指数/外汇/金属期货休市', '', '', '', '', '', ''),
(3, 436, 'BMD棕榈油期货休市', '', '', '', '', '', ''),
(1, 436, 'BMD棕榈油期货休市', '', '', '', '', '', ''),
(3, 437, 'TOCOM原油期货休市', '', '', '', '', '', ''),
(1, 437, 'TOCOM原油期货休市', '', '', '', '', '', ''),
(3, 438, 'OSE指数/利率/橡胶期货休市', '', '', '', '', '', ''),
(1, 438, 'OSE指数/利率/橡胶期货休市', '', '', '', '', '', ''),
(3, 439, 'SGX橡胶期货休市', '', '', '', '', '', ''),
(1, 439, 'SGX橡胶期货休市', '', '', '', '', '', ''),
(3, 440, 'BMD棕榈油期货休市', '', '', '', '', '', ''),
(1, 440, 'BMD棕榈油期货休市', '', '', '', '', '', ''),
(3, 441, 'OSE国债休市', '', '', '', '', '', ''),
(1, 441, 'OSE国债休市', '', '', '', '', '', ''),
(3, 442, 'OSE国债休市', '', '', '', '', '', ''),
(1, 442, 'OSE国债休市', '', '', '', '', '', ''),
(3, 443, 'CME GROUP指数/利率期货02:00*收市', '', '', '', '', '', ''),
(1, 443, 'CME GROUP指数/利率期货02:00*收市', '', '', '', '', '', ''),
(3, 444, 'CME GROUP金属/能源期货03:30*收市', '', '', '', '', '', ''),
(1, 444, 'CME GROUP金属/能源期货03:30*收市', '', '', '', '', '', ''),
(3, 445, 'ICE US原糖11/美可可/咖啡休市', '', '', '', '', '', ''),
(1, 445, 'ICE US原糖11/美可可/咖啡休市', '', '', '', '', '', ''),
(3, 446, 'ICE US棉花期货休市', '', '', '', '', '', ''),
(1, 446, 'ICE US棉花期货休市', '', '', '', '', '', ''),
(3, 447, 'ICE US橙汁期货休市', '', '', '', '', '', ''),
(1, 447, 'ICE US橙汁期货休市', '', '', '', '', '', ''),
(3, 448, 'ICE EU能源期货02:30*收市', '', '', '', '', '', ''),
(1, 448, 'ICE EU能源期货02:30*收市', '', '', '', '', '', ''),
(3, 449, 'ICE EU白糖期货01:00*收市', '', '', '', '', '', ''),
(1, 449, 'ICE EU白糖期货01:00*收市', '', '', '', '', '', ''),
(3, 450, 'CME GROUP	指数/利率期货02:15*收市', '', '', '', '', '', ''),
(1, 450, 'CME GROUP	指数/利率期货02:15*收市', '', '', '', '', '', ''),
(3, 451, 'CME GROUP外汇期货02:15*收市', '', '', '', '', '', ''),
(1, 451, 'CME GROUP外汇期货02:15*收市', '', '', '', '', '', ''),
(3, 452, 'CME GROUP金属/能源期货02:45*收市', '', '', '', '', '', ''),
(1, 452, 'CME GROUP金属/能源期货02:45*收市', '', '', '', '', '', ''),
(3, 453, 'CME GROUP农产品期货22:30开市，02:05*收市', '', '', '', '', '', ''),
(1, 453, 'CME GROUP农产品期货22:30开市，02:05*收市', '', '', '', '', '', ''),
(3, 454, 'CME GROUP02:05*家畜期货收市', '', '', '', '', '', ''),
(1, 454, 'CME GROUP02:05*家畜期货收市', '', '', '', '', '', ''),
(3, 455, 'ICE US棉花期货21:00开市，02:30*收市', '', '', '', '', '', ''),
(1, 455, 'ICE US棉花期货21:00开市，02:30*收市', '', '', '', '', '', '');
INSERT INTO `tb_huatai_trading_hoilday_desc` (`language_id`, `trading_hoilday_id`, `name`, `detail`, `url`, `seo_desc`, `seo_title`, `detail2`, `seo_h1`) VALUES
(3, 456, 'ICE US橙汁期货02:30*收市', '', '', '', '', '', ''),
(1, 456, 'ICE US橙汁期货02:30*收市', '', '', '', '', '', ''),
(3, 457, 'ICE US美元指数期货02:15*收市', '', '', '', '', '', ''),
(1, 457, 'ICE US美元指数期货02:15*收市', '', '', '', '', '', ''),
(3, 458, 'ICE EU能源期货04:00*收市', '', '', '', '', '', ''),
(1, 458, 'ICE EU能源期货04:00*收市', '', '', '', '', '', '');

-- --------------------------------------------------------

--
-- 資料表結構 `tb_huatai_trading_hoilday_photo`
--

CREATE TABLE IF NOT EXISTS `tb_huatai_trading_hoilday_photo` (
  `id` bigint(20) unsigned NOT NULL,
  `trading_hoilday_id` bigint(20) NOT NULL DEFAULT '0',
  `sort_order` bigint(11) NOT NULL DEFAULT '0',
  `img` text CHARACTER SET utf8 COLLATE utf8_unicode_ci NOT NULL,
  `caption` text CHARACTER SET utf8 COLLATE utf8_unicode_ci NOT NULL,
  `language_id` int(11) NOT NULL DEFAULT '0',
  `disabled` tinyint(1) NOT NULL DEFAULT '0',
  `create_date` timestamp NOT NULL DEFAULT '0000-00-00 00:00:00',
  `last_update_date` timestamp NOT NULL DEFAULT CURRENT_TIMESTAMP ON UPDATE CURRENT_TIMESTAMP,
  `create_by` bigint(20) NOT NULL DEFAULT '0',
  `last_update_by` bigint(20) NOT NULL DEFAULT '0',
  `img2` text,
  `thumb` text NOT NULL,
  `title_sc` text NOT NULL,
  `title_tc` text NOT NULL,
  `title_en` text NOT NULL,
  `detail_tc` text NOT NULL,
  `detail_sc` text NOT NULL,
  `detail_en` text NOT NULL
) ENGINE=MyISAM DEFAULT CHARSET=utf8;

-- --------------------------------------------------------

--
-- 資料表結構 `tb_huatai_trading_hoilday_photo02`
--

CREATE TABLE IF NOT EXISTS `tb_huatai_trading_hoilday_photo02` (
  `id` bigint(20) unsigned NOT NULL,
  `trading_hoilday_id` bigint(20) NOT NULL DEFAULT '0',
  `sort_order` bigint(11) NOT NULL DEFAULT '0',
  `img` text CHARACTER SET utf8 COLLATE utf8_unicode_ci NOT NULL,
  `caption` text CHARACTER SET utf8 COLLATE utf8_unicode_ci NOT NULL,
  `language_id` int(11) NOT NULL DEFAULT '0',
  `disabled` tinyint(1) NOT NULL DEFAULT '0',
  `create_date` timestamp NOT NULL DEFAULT '0000-00-00 00:00:00',
  `last_update_date` timestamp NOT NULL DEFAULT CURRENT_TIMESTAMP ON UPDATE CURRENT_TIMESTAMP,
  `create_by` bigint(20) NOT NULL DEFAULT '0',
  `last_update_by` bigint(20) NOT NULL DEFAULT '0',
  `img2` text,
  `thumb` text NOT NULL,
  `title_sc` text NOT NULL,
  `title_tc` text NOT NULL,
  `title_en` text NOT NULL,
  `detail_tc` text NOT NULL,
  `detail_sc` text NOT NULL,
  `detail_en` text NOT NULL
) ENGINE=MyISAM DEFAULT CHARSET=utf8;

-- --------------------------------------------------------

--
-- 資料表結構 `tb_huatai_trading_market`
--

CREATE TABLE IF NOT EXISTS `tb_huatai_trading_market` (
  `id` bigint(20) unsigned NOT NULL,
  `sort_order` int(11) NOT NULL DEFAULT '0',
  `code` text CHARACTER SET utf8 COLLATE utf8_unicode_ci NOT NULL,
  `remark` text CHARACTER SET utf8 COLLATE utf8_unicode_ci NOT NULL,
  `disabled` tinyint(1) NOT NULL DEFAULT '0',
  `create_date` timestamp NOT NULL DEFAULT '0000-00-00 00:00:00',
  `last_update_date` timestamp NOT NULL DEFAULT CURRENT_TIMESTAMP ON UPDATE CURRENT_TIMESTAMP,
  `create_by` bigint(20) NOT NULL DEFAULT '0',
  `last_update_by` bigint(20) NOT NULL DEFAULT '0',
  `url_target` text NOT NULL,
  `seo_url` text NOT NULL,
  `seo_keyword` text NOT NULL,
  `start_date` date DEFAULT '0000-00-00',
  `end_date` date DEFAULT '0000-00-00',
  `display_date` date DEFAULT '0000-00-00',
  `youtube_id` text NOT NULL,
  `other_link` text NOT NULL,
  `trading_market_category_id` text NOT NULL,
  `highlight` int(11) NOT NULL DEFAULT '1'
) ENGINE=MyISAM AUTO_INCREMENT=10 DEFAULT CHARSET=utf8;

--
-- 資料表的匯出資料 `tb_huatai_trading_market`
--

INSERT INTO `tb_huatai_trading_market` (`id`, `sort_order`, `code`, `remark`, `disabled`, `create_date`, `last_update_date`, `create_by`, `last_update_by`, `url_target`, `seo_url`, `seo_keyword`, `start_date`, `end_date`, `display_date`, `youtube_id`, `other_link`, `trading_market_category_id`, `highlight`) VALUES
(1, 2, '', '', 0, '2020-12-30 00:03:35', '2022-08-15 02:41:33', 1, 2, '', '大连商品交易所', '', '0000-00-00', '0000-00-00', '0000-00-00', '', '', '1', 1),
(2, 3, '', '', 0, '2020-12-30 00:03:50', '2022-08-15 02:41:33', 1, 2, '', '郑州商品交易所', '', '0000-00-00', '0000-00-00', '0000-00-00', '', '', '1', 1),
(3, 1, '', '', 0, '2020-12-30 00:03:55', '2022-08-15 02:41:33', 1, 2, '', '业海', '', '0000-00-00', '0000-00-00', '0000-00-00', '', '', '1', 1),
(4, 1, '', '', 0, '2020-12-30 01:01:06', '2021-04-07 08:32:08', 1, 2, '', '蚝商所集团产品', '', '0000-00-00', '0000-00-00', '0000-00-00', '', '', '2', 0),
(5, 2, '', '', 0, '2020-12-30 01:01:21', '2021-02-07 08:35:19', 1, 2, '', '伦敦金属交易所及欧洲交易所产品', '', '0000-00-00', '0000-00-00', '0000-00-00', '', '', '2', 0),
(6, 3, '', '', 0, '2020-12-30 01:01:32', '2021-02-07 08:52:42', 1, 2, '', '港交所产品', '', '0000-00-00', '0000-00-00', '0000-00-00', '', '', '2', 1),
(7, 4, '', '', 0, '2020-12-30 01:01:44', '2021-02-07 09:22:50', 1, 2, '', '新加坡交易所产品', '', '0000-00-00', '0000-00-00', '0000-00-00', '', '', '2', 0),
(8, 5, '', '', 0, '2020-12-30 01:01:53', '2021-03-21 15:10:37', 1, 2, '', '日本交易所集团产品', '', '0000-00-00', '0000-00-00', '0000-00-00', '', '', '2', 0),
(9, 6, '', '', 0, '2020-12-30 01:02:02', '2021-02-07 09:56:35', 1, 2, '', '其它产品', '', '0000-00-00', '0000-00-00', '0000-00-00', '', '', '2', 0);

-- --------------------------------------------------------

--
-- 資料表結構 `tb_huatai_trading_market_desc`
--

CREATE TABLE IF NOT EXISTS `tb_huatai_trading_market_desc` (
  `language_id` int(11) NOT NULL DEFAULT '0',
  `trading_market_id` int(11) NOT NULL DEFAULT '0',
  `name` text CHARACTER SET utf8 COLLATE utf8_unicode_ci NOT NULL,
  `detail` text CHARACTER SET utf8 COLLATE utf8_unicode_ci NOT NULL,
  `url` text NOT NULL,
  `seo_desc` text NOT NULL,
  `seo_title` text NOT NULL,
  `detail2` text NOT NULL,
  `seo_h1` text NOT NULL,
  `other_name1` text NOT NULL,
  `other_name2` text NOT NULL,
  `other_name3` text NOT NULL,
  `other_name4` text NOT NULL,
  `other_name5` text NOT NULL,
  `other_name6` text NOT NULL,
  `other_detail1` text NOT NULL,
  `other_detail2` text NOT NULL,
  `other_detail3` text NOT NULL,
  `other_detail4` text NOT NULL,
  `other_detail5` text NOT NULL,
  `other_detail6` text NOT NULL,
  `name2` text NOT NULL,
  `other2_name` text NOT NULL,
  `other2_name2` text NOT NULL,
  `other2_detail` text NOT NULL,
  `other3_name` text NOT NULL,
  `other3_name2` text NOT NULL,
  `other3_name3` text NOT NULL,
  `other3_name4` text NOT NULL,
  `other3_name5` text NOT NULL,
  `other3_name6` text NOT NULL,
  `other3_name7` text NOT NULL,
  `other3_name8` text NOT NULL,
  `other3_detail` text NOT NULL,
  `name3` text NOT NULL
) ENGINE=MyISAM DEFAULT CHARSET=utf8;

--
-- 資料表的匯出資料 `tb_huatai_trading_market_desc`
--

INSERT INTO `tb_huatai_trading_market_desc` (`language_id`, `trading_market_id`, `name`, `detail`, `url`, `seo_desc`, `seo_title`, `detail2`, `seo_h1`, `other_name1`, `other_name2`, `other_name3`, `other_name4`, `other_name5`, `other_name6`, `other_detail1`, `other_detail2`, `other_detail3`, `other_detail4`, `other_detail5`, `other_detail6`, `name2`, `other2_name`, `other2_name2`, `other2_detail`, `other3_name`, `other3_name2`, `other3_name3`, `other3_name4`, `other3_name5`, `other3_name6`, `other3_name7`, `other3_name8`, `other3_detail`, `name3`) VALUES
(1, 1, 'Dalian Commodity Exchange', '<p class=&#34;p1&#34; times=&#34; new=&#34; style=&#34;font-variant-numeric: normal; font-variant-east-asian: normal; font-stretch: normal; font-size: 14px; line-height: normal; margin: 0px; text-align: justify;&#34;>Founded in 1993, the Dalian Commodity Exchange (DCE) is a futures exchange approved by the State Council and regulated by China Securities Regulatory Commission (CSRC).A total of 21 futures and 7 options have been listed for trading on DCE, which include corn, corn starch, polished round-grained rice, No.1 soybean, No.2 Soybean, soybean meal, soybean oil, RBD palm olein, egg, hogs, fiberboard, blockboard, linear low density polyethylene (LLDPE), polyvinyl chloride (PVC), polypropylene (PP), ethylene glycol (EG),  ethenylbenzene (EB), metallurgical coke, coking coal, iron ore, LPG futures and soybean meal, corn, iron ore, LPG, polypropylene (PP), polyvinyl chloride (PVC) and linear low density polyethylene (LLDPE) options.&nbsp;&nbsp;In 2019, DCE&rsquo;s annual futures trading volume reached 1331 million lots and its turnover totaled RMB 68.92 trillion. And DCE&rsquo;s annual options trading volume reached 24,933,300 lots and RMB9,860,000,000. According to Futures Industry Association (FIA), DCE was the 11th largest exchange in the world by trading volume in 2019.</p>\r\n<p class=&#34;p1&#34; style=&#34;margin: 0px; text-align: justify; font-variant-numeric: normal; font-variant-east-asian: normal; font-stretch: normal; font-size: 14px; line-height: normal; font-family: &#34; times=&#34; new=&#34;>&nbsp;</p>\r\n<p class=&#34;p2&#34; style=&#34;margin: 0px; text-align: justify; font-variant-numeric: normal; font-variant-east-asian: normal; font-stretch: normal; font-size: 14px; line-height: normal; font-family: &#34; times=&#34; new=&#34; min-height:=&#34;&gt;&nbsp;&lt;/p&gt;&#10;&lt;p class=&#34;>In addition, DCE has introduced overseas traders into the iron ore futures market to open account, trade, deliver, and settle and formed a diversified and internationalized mode for derivatives market.<span class=&#34;Apple-converted-space&#34;>&nbsp;</span></p>\r\n<p class=&#34;p2&#34; style=&#34;margin: 0px; text-align: justify; font-variant-numeric: normal; font-variant-east-asian: normal; font-stretch: normal; font-size: 14px; line-height: normal; font-family: &#34; times=&#34; new=&#34; min-height:=&#34;&gt;&nbsp;&lt;/p&gt;&#10;&lt;p class=&#34;>&nbsp;</p>\r\n<p class=&#34;p2&#34; style=&#34;margin: 0px; text-align: justify; font-variant-numeric: normal; font-variant-east-asian: normal; font-stretch: normal; font-size: 14px; line-height: normal; font-family: &#34; times=&#34; new=&#34; min-height:=&#34;&gt;&nbsp;&lt;/p&gt;&#10;&lt;p class=&#34;>Huatai (Hong Kong) Futures Co., Ltd. is an Overseas Intermediary approved by DCE with the code of 8049. Huatai (Hong Kong) Futures Co., Ltd also serves as a subsidiary of Huatai Futures, China&#39;s leading comprehensive service platform for financial derivatives. Therefore, Huatai (Hong Kong) Futures Co. can act as an agent of Huatai Futures, processing overseas clients&rsquo; account opening applications to trade DCE products and can rely on Huatai Futures&#39; abundant industry resources and delivery experience to entrust Huatai Futures for settlement and bonded delivery.<span class=&#34;Apple-converted-space&#34;>&nbsp;</span></p>\r\n<p class=&#34;p1&#34; style=&#34;margin: 0px; text-align: justify; font-variant-numeric: normal; font-variant-east-asian: normal; font-stretch: normal; font-size: 14px; line-height: normal; font-family: &#34; times=&#34; new=&#34;>&nbsp;</p>\r\n<p class=&#34;p1&#34; style=&#34;margin: 0px; text-align: justify; font-variant-numeric: normal; font-variant-east-asian: normal; font-stretch: normal; font-size: 14px; line-height: normal; font-family: &#34; times=&#34; new=&#34;>Contract Spec</p>\r\n<table id=&#34;normal_table&#34; width=&#34;100%&#34; cellspacing=&#34;0&#34; cellpadding=&#34;0&#34; border=&#34;0&#34;>\r\n    <tbody>\r\n        <tr>\r\n            <td width=&#34;120&#34;>\r\n            <p class=&#34;p1&#34; style=&#34;margin: 7.5px 0px 0px; font-variant-numeric: normal; font-variant-east-asian: normal; font-stretch: normal; font-size: 14px; line-height: normal; font-family: &#34; times=&#34; new=&#34; color:=&#34;&gt;&lt;span class=&#34;>Product</p>\r\n            </td>\r\n            <td>\r\n            <p class=&#34;p1&#34; style=&#34;margin: 7.5px 0px 0px; font-variant-numeric: normal; font-variant-east-asian: normal; font-stretch: normal; font-size: 14px; line-height: normal; font-family: &#34; times=&#34; new=&#34; color:=&#34;&gt;&lt;span class=&#34;>Iron Ore</p>\r\n            </td>\r\n        </tr>\r\n        <tr>\r\n            <td>\r\n            <p class=&#34;p1&#34; style=&#34;margin: 7.5px 0px 0px; font-variant-numeric: normal; font-variant-east-asian: normal; font-stretch: normal; font-size: 14px; line-height: normal; font-family: &#34; times=&#34; new=&#34; color:=&#34;&gt;&lt;span class=&#34;>Trading Unit</p>\r\n            </td>\r\n            <td>\r\n            <p class=&#34;p1&#34; style=&#34;margin: 7.5px 0px 0px; font-variant-numeric: normal; font-variant-east-asian: normal; font-stretch: normal; font-size: 14px; line-height: normal; font-family: &#34; times=&#34; new=&#34; color:=&#34;&gt;&lt;span class=&#34;>100 MT/Lot</p>\r\n            </td>\r\n        </tr>\r\n        <tr>\r\n            <td>\r\n            <p class=&#34;p1&#34; style=&#34;margin: 7.5px 0px 0px; font-variant-numeric: normal; font-variant-east-asian: normal; font-stretch: normal; font-size: 14px; line-height: normal; font-family: &#34; times=&#34; new=&#34; color:=&#34;&gt;&lt;span class=&#34;>Price Quote Unit</p>\r\n            </td>\r\n            <td>\r\n            <p class=&#34;p1&#34; style=&#34;margin: 7.5px 0px 0px; font-variant-numeric: normal; font-variant-east-asian: normal; font-stretch: normal; font-size: 14px; line-height: normal; font-family: &#34; times=&#34; new=&#34; color:=&#34;&gt;&lt;span class=&#34;>CNY/MT</p>\r\n            </td>\r\n        </tr>\r\n        <tr>\r\n            <td>\r\n            <p class=&#34;p1&#34; style=&#34;margin: 7.5px 0px 0px; font-variant-numeric: normal; font-variant-east-asian: normal; font-stretch: normal; font-size: 14px; line-height: normal; font-family: &#34; times=&#34; new=&#34; color:=&#34;&gt;&lt;span class=&#34;>Minimum Tick Size</p>\r\n            </td>\r\n            <td>\r\n            <p class=&#34;p1&#34; style=&#34;margin: 7.5px 0px 0px; font-variant-numeric: normal; font-variant-east-asian: normal; font-stretch: normal; font-size: 14px; line-height: normal; font-family: &#34; times=&#34; new=&#34; color:=&#34;&gt;&lt;span class=&#34;>0.5&nbsp;CNY/MT</p>\r\n            </td>\r\n        </tr>\r\n        <tr>\r\n            <td>\r\n            <p class=&#34;p1&#34; style=&#34;margin: 7.5px 0px 0px; font-variant-numeric: normal; font-variant-east-asian: normal; font-stretch: normal; font-size: 14px; line-height: normal; font-family: &#34; times=&#34; new=&#34; color:=&#34;&gt;&lt;span class=&#34;>Daily Price Limit Range*</p>\r\n            </td>\r\n            <td>\r\n            <p class=&#34;p1&#34; style=&#34;margin: 7.5px 0px 0px; font-variant-numeric: normal; font-variant-east-asian: normal; font-stretch: normal; font-size: 14px; line-height: normal; font-family: &#34; times=&#34; new=&#34; color:=&#34;&gt;&lt;span class=&#34;>4% of last settlement price</p>\r\n            </td>\r\n        </tr>\r\n        <tr>\r\n            <td>\r\n            <p class=&#34;p1&#34; style=&#34;margin: 7.5px 0px 0px; font-variant-numeric: normal; font-variant-east-asian: normal; font-stretch: normal; font-size: 14px; line-height: normal; font-family: &#34; times=&#34; new=&#34; color:=&#34;&gt;&lt;span class=&#34;>Contract Months</p>\r\n            </td>\r\n            <td>\r\n            <p class=&#34;p1&#34; style=&#34;margin: 7.5px 0px 0px; font-variant-numeric: normal; font-variant-east-asian: normal; font-stretch: normal; font-size: 14px; line-height: normal; font-family: &#34; times=&#34; new=&#34; color:=&#34;&gt;&lt;span class=&#34;>Jan, Feb, Mar, Apr, May, Jun, Jul, Aug, Sep, Oct, Nov, Dec</p>\r\n            </td>\r\n        </tr>\r\n        <tr>\r\n            <td>\r\n            <p class=&#34;p1&#34; style=&#34;margin: 7.5px 0px 0px; font-variant-numeric: normal; font-variant-east-asian: normal; font-stretch: normal; font-size: 14px; line-height: normal; font-family: &#34; times=&#34; new=&#34; color:=&#34;&gt;&lt;span class=&#34;>Trading Hours</p>\r\n            </td>\r\n            <td>\r\n            <p class=&#34;p1&#34; style=&#34;margin: 7.5px 0px 0px; font-variant-numeric: normal; font-variant-east-asian: normal; font-stretch: normal; font-size: 14px; line-height: normal; font-family: &#34; times=&#34; new=&#34; color:=&#34;&gt;&lt;span class=&#34;>9:00 - 11:30 a.m., 1:30 - 3:00 p.m., Beijing Time, Monday to Friday, and other trading hours announced by DCE</p>\r\n            </td>\r\n        </tr>\r\n        <tr>\r\n            <td>\r\n            <p class=&#34;p1&#34; style=&#34;margin: 7.5px 0px 0px; font-variant-numeric: normal; font-variant-east-asian: normal; font-stretch: normal; font-size: 14px; line-height: normal; font-family: &#34; times=&#34; new=&#34; color:=&#34;&gt;&lt;span class=&#34;>Last Trading Day</p>\r\n            </td>\r\n            <td>\r\n            <p class=&#34;p1&#34; style=&#34;margin: 7.5px 0px 0px; font-variant-numeric: normal; font-variant-east-asian: normal; font-stretch: normal; font-size: 14px; line-height: normal; font-family: &#34; times=&#34; new=&#34; color:=&#34;&gt;&lt;span class=&#34;>The 10th trading day of the contract month</p>\r\n            </td>\r\n        </tr>\r\n        <tr>\r\n            <td>\r\n            <p class=&#34;p1&#34; style=&#34;margin: 7.5px 0px 0px; font-variant-numeric: normal; font-variant-east-asian: normal; font-stretch: normal; font-size: 14px; line-height: normal; font-family: &#34; times=&#34; new=&#34; color:=&#34;&gt;&lt;span class=&#34;>Last Delivery Day</p>\r\n            </td>\r\n            <td>\r\n            <p class=&#34;p1&#34; style=&#34;margin: 7.5px 0px 0px; font-variant-numeric: normal; font-variant-east-asian: normal; font-stretch: normal; font-size: 14px; line-height: normal; font-family: &#34; times=&#34; new=&#34; color:=&#34;&gt;&lt;span class=&#34;>The 3rd trading day after the last trading day</p>\r\n            </td>\r\n        </tr>\r\n        <tr>\r\n            <td>\r\n            <p class=&#34;p1&#34; style=&#34;margin: 7.5px 0px 0px; font-variant-numeric: normal; font-variant-east-asian: normal; font-stretch: normal; font-size: 14px; line-height: normal; font-family: &#34; times=&#34; new=&#34; color:=&#34;&gt;&lt;span class=&#34;>Deliverable Grades</p>\r\n            </td>\r\n            <td>\r\n            <p class=&#34;p1&#34; style=&#34;margin: 7.5px 0px 0px; font-variant-numeric: normal; font-variant-east-asian: normal; font-stretch: normal; font-size: 14px; line-height: normal; font-family: &#34; times=&#34; new=&#34; color:=&#34;&gt;&lt;span class=&#34;>Iron Ore Delivery Quality Standard of DCE(F/DCE I001-2019), the deliverable brands and the brand discounts and/or premiums will be separately prescribed by DCE.</p>\r\n            </td>\r\n        </tr>\r\n        <tr>\r\n            <td>\r\n            <p class=&#34;p1&#34; style=&#34;margin: 7.5px 0px 0px; font-variant-numeric: normal; font-variant-east-asian: normal; font-stretch: normal; font-size: 14px; line-height: normal; font-family: &#34; times=&#34; new=&#34; color:=&#34;&gt;&lt;span class=&#34;>Delivery Point</p>\r\n            </td>\r\n            <td>\r\n            <p class=&#34;p1&#34; style=&#34;margin: 7.5px 0px 0px; font-variant-numeric: normal; font-variant-east-asian: normal; font-stretch: normal; font-size: 14px; line-height: normal; font-family: &#34; times=&#34; new=&#34; color:=&#34;&gt;&lt;span class=&#34;>The delivery warehouses and delivery locations of iron ore designated by DCE</p>\r\n            </td>\r\n        </tr>\r\n        <tr>\r\n            <td>\r\n            <p class=&#34;p1&#34; style=&#34;margin: 7.5px 0px 0px; font-variant-numeric: normal; font-variant-east-asian: normal; font-stretch: normal; font-size: 14px; line-height: normal; font-family: &#34; times=&#34; new=&#34; color:=&#34;&gt;&lt;span class=&#34;>Minimum Trading Margin*</p>\r\n            </td>\r\n            <td>\r\n            <p class=&#34;p1&#34; style=&#34;margin: 7.5px 0px 0px; font-variant-numeric: normal; font-variant-east-asian: normal; font-stretch: normal; font-size: 14px; line-height: normal; font-family: &#34; times=&#34; new=&#34; color:=&#34;&gt;&lt;span class=&#34;>5% of the contract value</p>\r\n            </td>\r\n        </tr>\r\n        <tr>\r\n            <td>\r\n            <p class=&#34;p1&#34; style=&#34;margin: 7.5px 0px 0px; font-variant-numeric: normal; font-variant-east-asian: normal; font-stretch: normal; font-size: 14px; line-height: normal; font-family: &#34; times=&#34; new=&#34; color:=&#34;&gt;&lt;span class=&#34;>Delivery Form</p>\r\n            </td>\r\n            <td>\r\n            <p class=&#34;p1&#34; style=&#34;margin: 7.5px 0px 0px; font-variant-numeric: normal; font-variant-east-asian: normal; font-stretch: normal; font-size: 14px; line-height: normal; font-family: &#34; times=&#34; new=&#34; color:=&#34;&gt;&lt;span class=&#34;>Physical delivery</p>\r\n            </td>\r\n        </tr>\r\n    </tbody>\r\n</table>\r\n<p class=&#34;p1&#34; style=&#34;margin: 0px; text-align: justify; font-variant-numeric: normal; font-variant-east-asian: normal; font-stretch: normal; font-size: 14px; line-height: normal; font-family: &#34; times=&#34; new=&#34;>Note 1: DCE may adjust the daily price limit ranges and the trading margins of each contract according to market conditions. For details of current trading parameters of each contract, please see below website:</p>\r\n<p class=&#34;p2&#34; style=&#34;margin: 0px; text-align: justify; font-variant-numeric: normal; font-variant-east-asian: normal; font-stretch: normal; font-size: 14px; line-height: normal; font-family: &#34; times=&#34; new=&#34; min-height:=&#34;&gt;&nbsp;&lt;/p&gt;&#10;&lt;p class=&#34;>www.dce.com.cn/DCE/TradingClearing/Business%20Parameters/Trading%20Parameters/index.html</p>\r\n<p class=&#34;p1&#34; style=&#34;margin: 0px; text-align: justify; font-variant-numeric: normal; font-variant-east-asian: normal; font-stretch: normal; font-size: 14px; line-height: normal; font-family: &#34; times=&#34; new=&#34;>&nbsp;</p>\r\n<p class=&#34;p1&#34; style=&#34;margin: 0px; text-align: justify; font-variant-numeric: normal; font-variant-east-asian: normal; font-stretch: normal; font-size: 14px; line-height: normal; font-family: &#34; times=&#34; new=&#34;>Note 2: Daytime Trading Hours are divided into three sections, namely 9:00-10:15, 10:30-11:30 and 13:30-15:00.</p>\r\n<p class=&#34;p1&#34; style=&#34;margin: 0px; text-align: justify; font-variant-numeric: normal; font-variant-east-asian: normal; font-stretch: normal; font-size: 14px; line-height: normal; font-family: &#34; times=&#34; new=&#34;>&nbsp;</p>\r\n<p class=&#34;p1&#34; style=&#34;margin: 0px; text-align: justify; font-variant-numeric: normal; font-variant-east-asian: normal; font-stretch: normal; font-size: 14px; line-height: normal; font-family: &#34; times=&#34; new=&#34;>Note 3: Nightime Trading Hours are 21:00-23:00.&nbsp;</p>\r\n<p>Reference：<a href=&#34;http://www.dce.com.cn/dalianshangpin/sspz/487477/487481/1500303/index.html&#34; target=&#34;_blank&#34;>http://www.dce.com.cn/dalianshangpin/sspz/487477/487481/1500303/index.html</a><br />\r\n<a href=&#34;http://www.dce.com.cn/dalianshangpin/resource/cms/2018/04/2018040920195474301.pdf&#34; target=&#34;_blank&#34;> http://www.dce.com.cn/dalianshangpin/resource/cms/2018/04/2018040920195474301.pdf </a></p>', '', '', '', '', '', '', '', '', '', '', '', '', '', '', '', '', '', '', 'Account Opening Instruction', '', '<p class=&#34;p1&#34; style=&#34;margin: 0px; font-variant-numeric: normal; font-variant-east-asian: normal; font-stretch: normal; font-size: 12px; line-height: normal;&#34;>Documents Needed for Account Opening</p>\r\n<table cellspacing=&#34;0&#34; cellpadding=&#34;0&#34; class=&#34;t1&#34; style=&#34;width: 830px; border-collapse: collapse;&#34;>\r\n    <tbody>\r\n        <tr>\r\n            <td colspan=&#34;4&#34; valign=&#34;middle&#34; class=&#34;td1&#34; style=&#34;padding: 0px 5px; border-style: solid; border-color: rgb(203, 203, 203);&#34;>\r\n            <p class=&#34;p2&#34; style=&#34;margin: 0px; text-align: center; font-variant-numeric: normal; font-variant-east-asian: normal; font-stretch: normal; line-height: normal;&#34;>Individual Clients</p>\r\n            </td>\r\n        </tr>\r\n        <tr>\r\n            <td valign=&#34;middle&#34; class=&#34;td1&#34; style=&#34;padding: 0px 5px; border-style: solid; border-color: rgb(203, 203, 203);&#34;>\r\n            <p class=&#34;p3&#34; style=&#34;margin: 0px; font-variant-numeric: normal; font-variant-east-asian: normal; font-stretch: normal; line-height: normal; font-family: Helvetica; min-height: 14px;&#34;>&nbsp;</p>\r\n            </td>\r\n            <td valign=&#34;middle&#34; class=&#34;td1&#34; style=&#34;padding: 0px 5px; border-style: solid; border-color: rgb(203, 203, 203);&#34;>\r\n            <p class=&#34;p4&#34; style=&#34;margin: 0px; text-align: justify; font-variant-numeric: normal; font-variant-east-asian: normal; font-stretch: normal; line-height: normal;&#34;>Foreign Individual Clients</p>\r\n            </td>\r\n            <td valign=&#34;middle&#34; class=&#34;td1&#34; style=&#34;padding: 0px 5px; border-style: solid; border-color: rgb(203, 203, 203);&#34;>\r\n            <p class=&#34;p4&#34; style=&#34;margin: 0px; text-align: justify; font-variant-numeric: normal; font-variant-east-asian: normal; font-stretch: normal; line-height: normal;&#34;>Hong Kong&amp; Macau Individual Clients</p>\r\n            </td>\r\n            <td valign=&#34;middle&#34; class=&#34;td1&#34; style=&#34;padding: 0px 5px; border-style: solid; border-color: rgb(203, 203, 203);&#34;>\r\n            <p class=&#34;p4&#34; style=&#34;margin: 0px; text-align: justify; font-variant-numeric: normal; font-variant-east-asian: normal; font-stretch: normal; line-height: normal;&#34;>Taiwan Individual Clients</p>\r\n            </td>\r\n        </tr>\r\n        <tr>\r\n            <td valign=&#34;middle&#34; class=&#34;td1&#34; style=&#34;padding: 0px 5px; border-style: solid; border-color: rgb(203, 203, 203);&#34;>\r\n            <p class=&#34;p4&#34; style=&#34;margin: 0px; text-align: justify; font-variant-numeric: normal; font-variant-east-asian: normal; font-stretch: normal; line-height: normal;&#34;>Identification Documents for Reference</p>\r\n            </td>\r\n            <td valign=&#34;middle&#34; class=&#34;td1&#34; style=&#34;padding: 0px 5px; border-style: solid; border-color: rgb(203, 203, 203);&#34;>\r\n            <p class=&#34;p4&#34; style=&#34;margin: 0px; text-align: justify; font-variant-numeric: normal; font-variant-east-asian: normal; font-stretch: normal; line-height: normal;&#34;>Driving License, Social Insurance Certificates,&nbsp; Tax Payment Certificates, Original IDs, or Other Certificates to Refer</p>\r\n            </td>\r\n            <td colspan=&#34;2&#34; valign=&#34;middle&#34; class=&#34;td1&#34; style=&#34;padding: 0px 5px; border-style: solid; border-color: rgb(203, 203, 203);&#34;>\r\n            <p class=&#34;p4&#34; style=&#34;margin: 0px; text-align: justify; font-variant-numeric: normal; font-variant-east-asian: normal; font-stretch: normal; line-height: normal;&#34;>Driving License, Social Insurance Certificates,&nbsp; Mainland Travel Permit for Hong Kong and Macau Residents, Resident Permit of Hong Kong, Macau and Taiwan Residents, Taiwan ID Cards, or Other Certificates to Refer</p>\r\n            </td>\r\n        </tr>\r\n        <tr>\r\n            <td colspan=&#34;4&#34; valign=&#34;middle&#34; class=&#34;td1&#34; style=&#34;padding: 0px 5px; border-style: solid; border-color: rgb(203, 203, 203);&#34;>\r\n            <p class=&#34;p2&#34; style=&#34;margin: 0px; text-align: center; font-variant-numeric: normal; font-variant-east-asian: normal; font-stretch: normal; line-height: normal;&#34;>Corporate Clients</p>\r\n            </td>\r\n        </tr>\r\n        <tr>\r\n            <td valign=&#34;middle&#34; class=&#34;td1&#34; style=&#34;padding: 0px 5px; border-style: solid; border-color: rgb(203, 203, 203);&#34;>\r\n            <p class=&#34;p4&#34; style=&#34;margin: 0px; text-align: justify; font-variant-numeric: normal; font-variant-east-asian: normal; font-stretch: normal; line-height: normal;&#34;>Valid&nbsp;<span style=&#34;text-align: left;&#34;>Identification Documents</span></p>\r\n            </td>\r\n            <td colspan=&#34;3&#34; valign=&#34;middle&#34; class=&#34;td1&#34; style=&#34;padding: 0px 5px; border-style: solid; border-color: rgb(203, 203, 203);&#34;>\r\n            <p class=&#34;p4&#34; style=&#34;margin: 0px; text-align: justify; font-variant-numeric: normal; font-variant-east-asian: normal; font-stretch: normal; line-height: normal;&#34;>Certificates of Incorporation</p>\r\n            </td>\r\n        </tr>\r\n        <tr>\r\n            <td valign=&#34;middle&#34; class=&#34;td1&#34; style=&#34;padding: 0px 5px; border-style: solid; border-color: rgb(203, 203, 203);&#34;>\r\n            <p class=&#34;p4&#34; style=&#34;margin: 0px; text-align: justify; font-variant-numeric: normal; font-variant-east-asian: normal; font-stretch: normal; line-height: normal;&#34;>Identification Documents for Reference</p>\r\n            </td>\r\n            <td colspan=&#34;3&#34; valign=&#34;middle&#34; class=&#34;td1&#34; style=&#34;padding: 0px 5px; border-style: solid; border-color: rgb(203, 203, 203);&#34;>\r\n            <p class=&#34;p4&#34; style=&#34;margin: 0px; text-align: justify; font-variant-numeric: normal; font-variant-east-asian: normal; font-stretch: normal; line-height: normal;&#34;>Tax Payment Certificates issued by the Authority of the Country/ Region of Registration.&nbsp;</p>\r\n            <p class=&#34;p4&#34; style=&#34;margin: 0px; text-align: justify; font-variant-numeric: normal; font-variant-east-asian: normal; font-stretch: normal; line-height: normal;&#34;>(If the client cannot provide Tax Payment Certificates, the client should provide relevant documentary proof or the Chinese translation of the documentary proof, applicable to companies incorporated in tax- exempted countries/ regions.)</p>\r\n            </td>\r\n        </tr>\r\n        <tr>\r\n            <td valign=&#34;middle&#34; class=&#34;td1&#34; style=&#34;padding: 0px 5px; border-style: solid; border-color: rgb(203, 203, 203);&#34;>\r\n            <p class=&#34;p4&#34; style=&#34;margin: 0px; text-align: justify; font-variant-numeric: normal; font-variant-east-asian: normal; font-stretch: normal; line-height: normal;&#34;>Other documents</p>\r\n            </td>\r\n            <td colspan=&#34;3&#34; valign=&#34;middle&#34; class=&#34;td1&#34; style=&#34;padding: 0px 5px; border-style: solid; border-color: rgb(203, 203, 203);&#34;>\r\n            <p class=&#34;p4&#34; style=&#34;margin: 0px; text-align: justify; font-variant-numeric: normal; font-variant-east-asian: normal; font-stretch: normal; line-height: normal;&#34;>Authorization Letter of the Insititutional Clients, IDs of the Executive Directors (or chairman of the BOD, CEO or other authorized representatives who has the capacity to represent the corporate client according to law and the Articles) or Legal Representatives and IDs of the Contact Person Authorized for Account Opening. For the market maker, the Market Making Agreement between the market maker and the Exchanges are to be provided.&nbsp;</p>\r\n            </td>\r\n        </tr>\r\n        <tr>\r\n            <td colspan=&#34;4&#34; valign=&#34;middle&#34; class=&#34;td1&#34; style=&#34;padding: 0px 5px; border-style: solid; border-color: rgb(203, 203, 203);&#34;>\r\n            <p class=&#34;p2&#34; style=&#34;margin: 0px; text-align: center; font-variant-numeric: normal; font-variant-east-asian: normal; font-stretch: normal; line-height: normal;&#34;>Clients with the Status of Financial Product</p>\r\n            </td>\r\n        </tr>\r\n        <tr>\r\n            <td valign=&#34;middle&#34; class=&#34;td1&#34; style=&#34;padding: 0px 5px; border-style: solid; border-color: rgb(203, 203, 203);&#34;>\r\n            <p class=&#34;p4&#34; style=&#34;margin: 0px; text-align: justify; font-variant-numeric: normal; font-variant-east-asian: normal; font-stretch: normal; line-height: normal;&#34;>Valid&nbsp;<span style=&#34;text-align: left;&#34;>Identification Documents</span></p>\r\n            </td>\r\n            <td colspan=&#34;3&#34; valign=&#34;middle&#34; class=&#34;td1&#34; style=&#34;padding: 0px 5px; border-style: solid; border-color: rgb(203, 203, 203);&#34;>\r\n            <p class=&#34;p4&#34; style=&#34;margin: 0px; text-align: justify; font-variant-numeric: normal; font-variant-east-asian: normal; font-stretch: normal; line-height: normal;&#34;>Contract of the Financial Product</p>\r\n            </td>\r\n        </tr>\r\n        <tr>\r\n            <td valign=&#34;middle&#34; class=&#34;td1&#34; style=&#34;padding: 0px 5px; border-style: solid; border-color: rgb(203, 203, 203);&#34;>\r\n            <p class=&#34;p4&#34; style=&#34;margin: 0px; text-align: justify; font-variant-numeric: normal; font-variant-east-asian: normal; font-stretch: normal; line-height: normal;&#34;>Identification Documents for Reference</p>\r\n            </td>\r\n            <td colspan=&#34;3&#34; valign=&#34;middle&#34; class=&#34;td1&#34; style=&#34;padding: 0px 5px; border-style: solid; border-color: rgb(203, 203, 203);&#34;>\r\n            <p class=&#34;p4&#34; style=&#34;margin: 0px; text-align: justify; font-variant-numeric: normal; font-variant-east-asian: normal; font-stretch: normal; line-height: normal;&#34;>Tax Payment Certificates&nbsp;<span style=&#34;text-align: left;&#34;>(if the client cannot provide Tax Payment Certificates, the client should provide relevant documentary proof or the Chinese translation of the documentary proof, applicable to companies incorporated in tax- exempted countries/ regions.)</span>, Certificate of Recording of the Regulatory Authorities Abroad, Instruction of the Financial Product, Specification of the Custodian, etc.</p>\r\n            </td>\r\n        </tr>\r\n        <tr>\r\n            <td valign=&#34;middle&#34; class=&#34;td1&#34; style=&#34;padding: 0px 5px; border-style: solid; border-color: rgb(203, 203, 203);&#34;>\r\n            <p class=&#34;p4&#34; style=&#34;margin: 0px; text-align: justify; font-variant-numeric: normal; font-variant-east-asian: normal; font-stretch: normal; line-height: normal;&#34;>Other documents</p>\r\n            </td>\r\n            <td colspan=&#34;3&#34; valign=&#34;middle&#34; class=&#34;td1&#34; style=&#34;padding: 0px 5px; border-style: solid; border-color: rgb(203, 203, 203);&#34;>\r\n            <p class=&#34;p4&#34; style=&#34;margin: 0px; text-align: justify; font-variant-numeric: normal; font-variant-east-asian: normal; font-stretch: normal; line-height: normal;&#34;>Authorization Letter of the Insititutional Clients, IDs of the Executive Directors (or chairman of the BOD, CEO or other authorized representatives who has the capacity to represent the corporate client according to law and the Articles) or Legal Representatives and IDs of the Contact Person Authorized for Account Opening. For the market maker, the Market Making Agreement between the market maker and the Exchanges are to be provided.&nbsp;</p>\r\n            <p class=&#34;p4&#34; style=&#34;margin: 0px; text-align: justify; font-variant-numeric: normal; font-variant-east-asian: normal; font-stretch: normal; line-height: normal;&#34;>Custodian&#39;s Certificate of Incorporation and Tax Payment Certificates. Please refer to the required documents to be provided by corporate clients.&nbsp;</p>\r\n            </td>\r\n        </tr>\r\n    </tbody>\r\n</table>\r\n<p class=&#34;p3&#34; style=&#34;font-variant-numeric: normal; font-variant-east-asian: normal; font-stretch: normal; font-size: 12px; line-height: normal; font-family: Helvetica; margin: 0px; min-height: 14px;&#34;>&nbsp;</p>', 'Account Opening Procedure', 'Client Opens a Global Futures Account First', 'Client Deposits Funds According to the Exchange Requirement', 'Client Signs and Submits Relevant Documents According to the Exchange Requirement, Please Refer to Account Opening Guidelines', 'Client Receives Account No., Account Information, and Log- in Details by Email', 'Account Opening Completed', '', '', '', ''),
(1, 7, 'SGX', '<p>&nbsp;</p>\r\n<table id=&#34;market_hkex_table&#34; width=&#34;100%&#34; cellspacing=&#34;0&#34; cellpadding=&#34;0&#34; border=&#34;0&#34;>\r\n    <tbody>\r\n        <tr>\r\n            <th width=&#34;90&#34;>&nbsp;</th>\r\n            <th width=&#34;90&#34;><span class=&#34;text_bottom_line&#34;>FTSE China A50 Index</span></th>\r\n            <th width=&#34;90&#34;><span class=&#34;text_bottom_line&#34;>Nikkei 225 Index</span></th>\r\n            <th width=&#34;90&#34;><span class=&#34;text_bottom_line&#34;>USD/CNH FX</span></th>\r\n            <th width=&#34;90&#34;><span class=&#34;text_bottom_line&#34;>TSI Iron Ore CFR China (62% Fe Fines) Index</span></th>\r\n        </tr>\r\n        <tr>\r\n            <td>Code</td>\r\n            <td>CN</td>\r\n            <td>NK</td>\r\n            <td>UC</td>\r\n            <td>FE</td>\r\n        </tr>\r\n        <tr>\r\n            <td>Contract Size</td>\r\n            <td>1USD* Index</td>\r\n            <td>500JPY* Index</td>\r\n            <td>100,000USD</td>\r\n            <td>100 Tonnes</td>\r\n        </tr>\r\n        <tr>\r\n            <td>Minimum Tick Size</td>\r\n            <td>1</td>\r\n            <td>5</td>\r\n            <td>0.0001</td>\r\n            <td>0.01</td>\r\n        </tr>\r\n        <tr>\r\n            <td>Minimum Price Fluctuation</td>\r\n            <td>1USD</td>\r\n            <td>2500JPY</td>\r\n            <td>10CNH</td>\r\n            <td>1USD</td>\r\n        </tr>\r\n        <tr>\r\n            <td>Currency</td>\r\n            <td>USD</td>\r\n            <td>JPY</td>\r\n            <td>CNH</td>\r\n            <td>USD</td>\r\n        </tr>\r\n        <tr>\r\n            <td>Trading Hours</td>\r\n            <td>09:00-16:35,17:00-05:15*</td>\r\n            <td>07:30-14:30,14:55-05:15*</td>\r\n            <td>07:25-18:00,18:15-05:15*</td>\r\n            <td>08:00-20:00,20:15-05:15*</td>\r\n        </tr>\r\n        <tr>\r\n            <td>Listed Months</td>\r\n            <td>\r\n            <p>The Upcoming 2 Months and 4 Calendar Quarter Months</p>\r\n            </td>\r\n            <td>3,6,9,12</td>\r\n            <td>\r\n            <p>13 Consecutive Months and the Following 8 Calendar Quarter Months</p>\r\n            </td>\r\n            <td>The Upcoming 48 Months</td>\r\n        </tr>\r\n        <tr>\r\n            <td>Settlement Methods</td>\r\n            <td colspan=&#34;4&#34;>Deliverable<br />\r\n            &nbsp;</td>\r\n        </tr>\r\n    </tbody>\r\n</table>', '', '', '', '', '', '', '', '', '', '', '', '', '', '', '', '', '', '', '', '', '', '', '', '', '', '', '', '', '', '', '');
INSERT INTO `tb_huatai_trading_market_desc` (`language_id`, `trading_market_id`, `name`, `detail`, `url`, `seo_desc`, `seo_title`, `detail2`, `seo_h1`, `other_name1`, `other_name2`, `other_name3`, `other_name4`, `other_name5`, `other_name6`, `other_detail1`, `other_detail2`, `other_detail3`, `other_detail4`, `other_detail5`, `other_detail6`, `name2`, `other2_name`, `other2_name2`, `other2_detail`, `other3_name`, `other3_name2`, `other3_name3`, `other3_name4`, `other3_name5`, `other3_name6`, `other3_name7`, `other3_name8`, `other3_detail`, `name3`) VALUES
(3, 6, '香港交易所', '<p>指数类产品</p>\r\n<p>\r\n<table id=&#34;market_hkex_table&#34; width=&#34;100%&#34; cellspacing=&#34;0&#34; cellpadding=&#34;0&#34; border=&#34;0&#34;>\r\n    <tbody>\r\n        <tr>\r\n            <th width=&#34;90&#34;>&nbsp;</th>\r\n            <th width=&#34;90&#34;><span class=&#34;text_bottom_line&#34;>恒⽣指数</span></th>\r\n            <th width=&#34;90&#34;><span class=&#34;text_bottom_line&#34;>H股指数</span></th>\r\n            <th width=&#34;90&#34;><span class=&#34;text_bottom_line&#34;>⼩型恒⽣指数</span></th>\r\n            <th width=&#34;90&#34;><span class=&#34;text_bottom_line&#34;>⼩型H股指数</span></th>\r\n        </tr>\r\n        <tr>\r\n            <td>编号</td>\r\n            <td>HSI</td>\r\n            <td>HHI</td>\r\n            <td>MHI</td>\r\n            <td>MCH</td>\r\n        </tr>\r\n        <tr>\r\n            <td>合约乘数</td>\r\n            <td>50港元*指数</td>\r\n            <td>50港元*指数</td>\r\n            <td>10港元*指数</td>\r\n            <td>10港元*指数</td>\r\n        </tr>\r\n        <tr>\r\n            <td>最⼩变动价位</td>\r\n            <td>1</td>\r\n            <td>1</td>\r\n            <td>1</td>\r\n            <td>1</td>\r\n        </tr>\r\n        <tr>\r\n            <td>最⼩变动价位值</td>\r\n            <td>50HKD</td>\r\n            <td>50HKD</td>\r\n            <td>10HKD</td>\r\n            <td>10HKD</td>\r\n        </tr>\r\n        <tr>\r\n            <td>结算币种</td>\r\n            <td colspan=&#34;4&#34;>HKD</td>\r\n        </tr>\r\n        <tr>\r\n            <td>交易时间</td>\r\n            <td colspan=&#34;4&#34;>09:15-12:00,13:00-16:30, 17:15-03:00*</td>\r\n        </tr>\r\n        <tr>\r\n            <td>交易⽉份</td>\r\n            <td colspan=&#34;4&#34;>现⽉、下⽉及之后两个季⽉</td>\r\n        </tr>\r\n        <tr>\r\n            <td>结算⽅式</td>\r\n            <td colspan=&#34;4&#34;>现⾦</td>\r\n        </tr>\r\n    </tbody>\r\n</table>\r\n</p>\r\n<ul>\r\n    <li>成熟的资本市场及具有广泛代表性的合约标的：</li>\r\n</ul>\r\n<p>无论经验丰富还是初入市场的投资者，均可透过购买恒生指数及H股指数期货及期权合约，就指数成分股进行投资。由于本地投资者及国际投资者均视恒生指数及H股指数作为量度香港股市及投资组合指数的指标，因此投资者一直沿用恒生指数、H股指数期货及期权合约作买卖及风险管理。</p>\r\n<ul>\r\n    <li>高杠杆买卖：</li>\r\n</ul>\r\n<p>保证金金额通常只占合约价值的小部分，这种具有低保证金高杠杆的特性，令买卖及对冲活动更具资本效益。</p>\r\n<ul>\r\n    <li>资产配置效益高：</li>\r\n</ul>\r\n<p>股指期货交易成本低，可作为资产配置的手段。股市上涨时，可用较低的成本买入股指期货，以获得股市上涨的平均收益。股市下跌时，可做空以对冲股市整体下跌的系统性风险。</p>\r\n<ul>\r\n    <li>价格发现功能：</li>\r\n</ul>\r\n<p>股指期货参与者众多，通过在公开、高效的期货市场中众多投资者的竞价，有利于形成更能反映股票真实价值的股票价格。低廉的交易成本使得股指期货价格对市场信息的反应更快。</p>\r\n<div>&nbsp;</div>\r\n<div><br />\r\n<table id=&#34;normal_table&#34; width=&#34;100%&#34; cellspacing=&#34;0&#34; cellpadding=&#34;0&#34; border=&#34;0&#34;>\r\n    <tbody>\r\n        <tr>\r\n            <td width=&#34;120&#34;>相关指数</td>\r\n            <td>MSCI 中国 A50 互联互通指数</td>\r\n        </tr>\r\n        <tr>\r\n            <td>HKATS代码</td>\r\n            <td>MCA</td>\r\n        </tr>\r\n        <tr>\r\n            <td>交易货币</td>\r\n            <td>美元</td>\r\n        </tr>\r\n        <tr>\r\n            <td>相关指数货币</td>\r\n            <td>离岸人民币</td>\r\n        </tr>\r\n        <tr>\r\n            <td>合约乘数</td>\r\n            <td>25 美元</td>\r\n        </tr>\r\n        <tr>\r\n            <td>最低价格波幅</td>\r\n            <td>0.2&nbsp;指数点</td>\r\n        </tr>\r\n        <tr>\r\n            <td>合约月份</td>\r\n            <td>现月、下月及之后的四个季月</td>\r\n        </tr>\r\n        <tr>\r\n            <td>最后交易日</td>\r\n            <td>合约月份的第三个星期五。如该日并非为香港营业日，或该日为中国假期， 则为前一个香港营业日而该日亦是中国营业日。</td>\r\n        </tr>\r\n        <tr>\r\n            <td>开市前议价时段</td>\r\n            <td>上午8时45分至上午9时正</td>\r\n        </tr>\r\n        <tr>\r\n            <td>交易时间</td>\r\n            <td>上午9时正至下午4时30分（日间交易时段）<br />\r\n            下午5时15分至凌晨3时正（收市后交易时段）<br />\r\n            最后交易日的交易时段为上午9时正至下午3时正</td>   \r\n        </tr>\r\n        <tr>\r\n            <td>最后结算价</td>\r\n            <td>在最后交易日当天下列时间所报MSCI中国A50互联互通指数点的平均数为依归：（i）在上海交易所和深圳交易所持续交易时段结束前的最后两小时，每隔15秒的指数点，与（ii）收市指数点，如第三个小数位的数字为5或大于5，则四舍五入上调至最接近的两个小数位，如第三个小数位的数字小于5，则四舍五入下调至最接近的两个小数位。</td>\r\n        </tr>\r\n        <tr>\r\n            <td>交易费用及征费</td>\r\n            <td>请查看手续费表</td>\r\n        </tr>\r\n        <tr>\r\n            <td>美国公民投资限制</td>\r\n            <td>美国商品期货交易委员会批准可于美国销售</td>\r\n        </tr>\r\n    </tbody>\r\n</table>\r\n</div>\r\n<div>&nbsp;</div>\r\n<div>&nbsp;</div>\r\n<div>个股类产品</div>\r\n<div>&nbsp;</div>\r\n<div>\r\n<table id=&#34;market_hkex_table&#34; width=&#34;100%&#34; cellspacing=&#34;0&#34; cellpadding=&#34;0&#34; border=&#34;0&#34;>\r\n    <tbody>\r\n        <tr>\r\n            <th width=&#34;90&#34; colspan=&#34;5&#34;>科技领域股票期货</th>\r\n        </tr>\r\n        <tr>\r\n            <th width=&#34;90&#34;>&nbsp;</th>\r\n            <th width=&#34;90&#34;><span class=&#34;text_bottom_line&#34;>腾讯控股</span></th>\r\n            <th width=&#34;90&#34;><span class=&#34;text_bottom_line&#34;>小米集团</span></th>\r\n            <th width=&#34;90&#34;><span class=&#34;text_bottom_line&#34;>美团点评</span></th>\r\n            <th width=&#34;90&#34;><span class=&#34;text_bottom_line&#34;>阿里巴巴</span></th>\r\n        </tr>\r\n        <tr>\r\n            <td>合约代号</td>\r\n            <td>TCH</td>\r\n            <td>MIU</td>\r\n            <td>MET</td>\r\n            <td>ALB</td>\r\n        </tr>\r\n        <tr>\r\n            <td>一手期货合约买卖单位是否等于一手正股股数</td>\r\n            <td>等于</td>\r\n            <td>等于</td>\r\n            <td>等于</td>\r\n            <td>等于</td>\r\n        </tr>\r\n        <tr>\r\n            <td>合约大小</td>\r\n            <td>100股</td>\r\n            <td>1000股</td>\r\n            <td>500股</td>\r\n            <td>500股</td>\r\n        </tr>\r\n        <tr>\r\n            <td>最小变动价位</td>\r\n            <td colspan=&#34;4&#34;>0.01</td>\r\n        </tr>\r\n        <tr>\r\n            <td>结算币种</td>\r\n            <td colspan=&#34;4&#34;>HKD</td>\r\n        </tr>\r\n        <tr>\r\n            <td>最小变动价位值</td>\r\n            <td>1HKD</td>\r\n            <td>10HKD</td>\r\n            <td>5HKD</td>\r\n            <td>5HKD</td>\r\n        </tr>\r\n        <tr>\r\n            <td>交易时间</td>\r\n            <td colspan=&#34;4&#34;>09:30 -12:00,13:00-16:00</td>\r\n        </tr>\r\n        <tr>\r\n            <td>交易月份</td>\r\n            <td colspan=&#34;4&#34;>现月，下两个月，及之后两个季月</td>\r\n        </tr>\r\n    </tbody>\r\n</table>\r\n</div>\r\n<p>&nbsp;</p>\r\n<div>\r\n<table id=&#34;market_hkex_table&#34; width=&#34;100%&#34; cellspacing=&#34;0&#34; cellpadding=&#34;0&#34; border=&#34;0&#34;>\r\n    <tbody>\r\n        <tr>\r\n            <th width=&#34;90&#34; colspan=&#34;6&#34;>银行及金融领域股票期货</th>\r\n        </tr>\r\n        <tr>\r\n            <th width=&#34;90&#34;>&nbsp;</th>\r\n            <th width=&#34;90&#34;><span class=&#34;text_bottom_line&#34;>建设银行</span></th>\r\n            <th width=&#34;90&#34;><span class=&#34;text_bottom_line&#34;>香港交易所</span></th>\r\n            <th width=&#34;90&#34;><span class=&#34;text_bottom_line&#34;>汇丰控股</span></th>\r\n            <th width=&#34;90&#34;><span class=&#34;text_bottom_line&#34;>工商银行</span></th>\r\n            <th width=&#34;90&#34;><span class=&#34;text_bottom_line&#34;>中国平安</span></th>\r\n        </tr>\r\n        <tr>\r\n            <td>合约代号</td>\r\n            <td>CCB</td>\r\n            <td>HEX</td>\r\n            <td>HKB</td>\r\n            <td>ICB</td>\r\n            <td>PAI</td>\r\n        </tr>\r\n        <tr>\r\n            <td>一手期货合约买卖单位是否等于一手正股股数</td>\r\n            <td>等于</td>\r\n            <td>等于</td>\r\n            <td>等于</td>\r\n            <td>等于</td>\r\n            <td>等于</td>\r\n        </tr>\r\n        <tr>\r\n            <td>合约大小</td>\r\n            <td>1000股</td>\r\n            <td>100股</td>\r\n            <td>400股</td>\r\n            <td>1000股</td>\r\n            <td>500股</td>\r\n        </tr>\r\n        <tr>\r\n            <td>最小变动价位</td>\r\n            <td colspan=&#34;5&#34;>0.01</td>\r\n        </tr>\r\n        <tr>\r\n            <td>结算币种</td>\r\n            <td colspan=&#34;5&#34;>HKD</td>\r\n        </tr>\r\n        <tr>\r\n            <td>最小变动价位值</td>\r\n            <td>10HKD</td>\r\n            <td>1HKD</td>\r\n            <td>4HKD</td>\r\n            <td>10HKD</td>\r\n            <td>5HKD</td>\r\n        </tr>\r\n        <tr>\r\n            <td>交易时间</td>\r\n            <td colspan=&#34;55&#34;>09:30 -12:00,13:00-16:00</td>\r\n        </tr>\r\n        <tr>\r\n            <td>交易月份</td>\r\n            <td colspan=&#34;5&#34;>现月，下两个月，及之后两个季月</td>\r\n        </tr>\r\n    </tbody>\r\n</table>\r\n</div>\r\n<p>&nbsp;</p>\r\n<div>\r\n<table id=&#34;market_hkex_table&#34; width=&#34;100%&#34; cellspacing=&#34;0&#34; cellpadding=&#34;0&#34; border=&#34;0&#34;>\r\n    <tbody>\r\n        <tr>\r\n            <th width=&#34;90&#34; colspan=&#34;5&#34;>ETF股票期货</th>\r\n        </tr>\r\n        <tr>\r\n            <th width=&#34;90&#34;>&nbsp;</th>\r\n            <th width=&#34;90&#34;><span class=&#34;text_bottom_line&#34;>安硕A50</span></th>\r\n            <th width=&#34;90&#34;><span class=&#34;text_bottom_line&#34;>华夏沪深300</span></th>\r\n            <th width=&#34;90&#34;><span class=&#34;text_bottom_line&#34;>南方A50</span></th>\r\n        </tr>\r\n        <tr>\r\n            <td>合约代号</td>\r\n            <td>A50</td>\r\n            <td>AMC</td>\r\n            <td>CSA</td>\r\n        </tr>\r\n        <tr>\r\n            <td>一手期货合约买卖单位是否等于一手正股股数</td>\r\n            <td>多于</td>\r\n            <td>多于</td>\r\n            <td>多于</td>\r\n        </tr>\r\n        <tr>\r\n            <td>合约大小</td>\r\n            <td>5000股</td>\r\n            <td>2000股</td>\r\n            <td>5000股</td>\r\n        </tr>\r\n        <tr>\r\n            <td>最小变动价位</td>\r\n            <td colspan=&#34;4&#34;>0.01</td>\r\n        </tr>\r\n        <tr>\r\n            <td>结算币种</td>\r\n            <td colspan=&#34;4&#34;>HKD</td>\r\n        </tr>\r\n        <tr>\r\n            <td>最小变动价位值</td>\r\n            <td>50HKD</td>\r\n            <td>20HKD</td>\r\n            <td>50HKD</td>\r\n        </tr>\r\n        <tr>\r\n            <td>交易时间</td>\r\n            <td colspan=&#34;4&#34;>09:30 -12:00,13:00-16:00</td>\r\n        </tr>\r\n        <tr>\r\n            <td>交易月份</td>\r\n            <td colspan=&#34;4&#34;>现月，下两个月，及之后两个季月</td>\r\n        </tr>\r\n    </tbody>\r\n</table>\r\n</div>\r\n<p>&nbsp;</p>\r\n<p>&nbsp;MSCI指数类产品</p>\r\n<table id=&#34;market_hkex_table&#34; width=&#34;100%&#34; cellspacing=&#34;0&#34; cellpadding=&#34;0&#34; border=&#34;0&#34;>\r\n    <tbody>\r\n        <tr>\r\n            <th width=&#34;90&#34;>&nbsp;</th>\r\n            <th width=&#34;90&#34;><span class=&#34;text_bottom_line&#34;>MSCI澳洲净总回报（美元）指数期货</span></th>\r\n            <th width=&#34;90&#34;><span class=&#34;text_bottom_line&#34;>MSCI中国自由净总回报（美元）指数期货</span></th>\r\n            <th width=&#34;90&#34;><span class=&#34;text_bottom_line&#34;>MSCI新兴市场亚洲净总回报(美元)指数期货</span></th>\r\n            <th width=&#34;90&#34;><span class=&#34;text_bottom_line&#34;>MSCI印度净总回报(美元)指数期货</span></th>\r\n            <th width=&#34;90&#34;><span class=&#34;text_bottom_line&#34;>MSCI印尼净总回报(美元)指数期货</span></th>\r\n        </tr>\r\n        <tr>\r\n            <td>编号</td>\r\n            <td>MAN</td>\r\n            <td>MCN</td>\r\n            <td>EAN</td>\r\n            <td>MIN</td>\r\n            <td>MDN</td>\r\n        </tr>\r\n        <tr>\r\n            <td>合约乘数</td>\r\n            <td>10USD</td>\r\n            <td>50USD</td>\r\n            <td>100USD</td>\r\n            <td>100USD</td>\r\n            <td>10USD</td>\r\n        </tr>\r\n        <tr>\r\n            <td>结算方式</td>\r\n            <td colspan=&#34;5&#34;>现金</td>\r\n        </tr>\r\n        <tr>\r\n            <td>计价单位</td>\r\n            <td colspan=&#34;5&#34;>美元</td>\r\n        </tr>\r\n        <tr>\r\n            <td>最小变动价位</td>\r\n            <td>0.01</td>\r\n            <td>0.001</td>\r\n            <td>0.001</td>\r\n            <td>0.001</td>\r\n            <td>0.01</td>\r\n        </tr>\r\n        <tr>\r\n            <td>交易时间</td>\r\n            <td colspan=&#34;5&#34;>上午9时正至下午4时30分（日间交易时段）；下午5时15分至凌晨3时正（收市后交易时段）最后交易日的交易时段上午9时正至下午4时30分</td>\r\n        </tr>\r\n        <tr>\r\n            <td>最后交易日</td>\r\n            <td colspan=&#34;5&#34;>第三个星期五。若该日为香港公众假期，最后交易日将为紧贴该日的前一个香港营业日</td>\r\n        </tr>\r\n        <tr>\r\n            <td>最后结算价</td>\r\n            <td>相关指数在第三个星期五的官方收市价格，调至最接近的两个小数位</td>\r\n            <td colspan=&#34;3&#34;>相关指数在第三个星期五的官方收市价格，调至最接近的三个小数位</td>\r\n            <td>相关指数在第三个星期五的官方收市价格，调至最接近的两个小数位</td>\r\n        </tr>\r\n    </tbody>\r\n</table>\r\n<p>&nbsp;</p>\r\n<table id=&#34;market_hkex_table&#34; width=&#34;100%&#34; cellspacing=&#34;0&#34; cellpadding=&#34;0&#34; border=&#34;0&#34;>\r\n    <tbody>\r\n        <tr>\r\n            <th width=&#34;90&#34;>&nbsp;</th>\r\n            <th width=&#34;90&#34;><span class=&#34;text_bottom_line&#34;>MSCI日本净总回报(美元)指数期货</span></th>\r\n            <th width=&#34;90&#34;><span class=&#34;text_bottom_line&#34;>MSCI马来西亚净总回报(美元)指数期货</span></th>\r\n            <th width=&#34;90&#34;><span class=&#34;text_bottom_line&#34;>MSCI台湾(美元)指数期货</span></th>\r\n            <th width=&#34;90&#34;><span class=&#34;text_bottom_line&#34;>MSCI台湾净总回报(美元)指数期货</span></th>\r\n            <th width=&#34;90&#34;><span class=&#34;text_bottom_line&#34;>MSCI泰国净总回报(美元)指数期货</span></th>\r\n        </tr>\r\n        <tr>\r\n            <td>编号</td>\r\n            <td>MJU</td>\r\n            <td>MMN</td>\r\n            <td>MTW</td>\r\n            <td>MWN</td>\r\n            <td>MTN</td>\r\n        </tr>\r\n        <tr>\r\n            <td>合约乘数</td>\r\n            <td>10USD</td>\r\n            <td>100USD</td>\r\n            <td>100USD</td>\r\n            <td>100USD</td>\r\n            <td>10USD</td>\r\n        </tr>\r\n        <tr>\r\n            <td>结算方式</td>\r\n            <td colspan=&#34;5&#34;>现金</td>\r\n        </tr>\r\n        <tr>\r\n            <td>计价单位</td>\r\n            <td colspan=&#34;5&#34;>美元</td>\r\n        </tr>\r\n        <tr>\r\n            <td>最小变动价位</td>\r\n            <td>0.01</td>\r\n            <td>0.001</td>\r\n            <td>0.10</td>\r\n            <td>0.001</td>\r\n            <td>0.001</td>\r\n        </tr>\r\n        <tr>\r\n            <td>交易时间</td>\r\n            <td colspan=&#34;5&#34;>上午9时正至下午4时30分（日间交易时段）；下午5时15分至凌晨3时正（收市后交易时段）</td>\r\n        </tr>\r\n        <tr>\r\n            <td>最后交易日</td>\r\n            <td colspan=&#34;2&#34;>第三个星期五。若该日为香港公众假期，最后交易日将为紧贴该日的前一个香港营业日</td>\r\n            <td>该月的最后营业日之前一个香港营业日。若该日为台湾公众假期，最后交易日将为紧贴该日的前一个同属香港及台湾的营业</td>\r\n            <td colspan=&#34;2&#34;>第三个星期五。若该日为香港公众假期，最后交易日将为紧贴该日的前一个香港营业日</td>\r\n        </tr>\r\n        <tr>\r\n            <td>最后结算价</td>\r\n            <td>相关指数在第三个星期五的官方收市价格，调至最接近的两个小数位</td>\r\n            <td>相关指数在第三个星期五的官方收市价格，调至最接近的三个小数位</td>\r\n            <td>在最后交易日当天下列时间所报指数点的平均数为依归：(i)在台湾交易所持续交易时段结束前的最后25分钟，每隔1分钟的指数点，与(ii)收市 指数点，调至最接近的两个小数位</td>\r\n            <td colspan=&#34;2&#34;>相关指数在第三个星期五的官方收市价格，调至最接近的三个小数位</td>\r\n        </tr>\r\n    </tbody>\r\n</table>\r\n<p>&nbsp;</p>\r\n<table id=&#34;market_hkex_table&#34; width=&#34;100%&#34; cellspacing=&#34;0&#34; cellpadding=&#34;0&#34; border=&#34;0&#34;>\r\n    <tbody>\r\n        <tr>\r\n            <th width=&#34;90&#34;>&nbsp;</th>\r\n            <th width=&#34;90&#34;><span class=&#34;text_bottom_line&#34;>MSCI新兴市场(美元)指数</span></th>\r\n            <th width=&#34;90&#34;><span class=&#34;text_bottom_line&#34;>MSCI新兴市场净总回报(美元)指数</span></th>\r\n            <th width=&#34;90&#34;><span class=&#34;text_bottom_line&#34;>MSCI香港净总回报(美元)指数</span></th>\r\n            <th width=&#34;90&#34;><span class=&#34;text_bottom_line&#34;>MSCI印尼(美元)指数</span></th>\r\n            <th width=&#34;90&#34;><span class=&#34;text_bottom_line&#34;>MSCI菲律宾净总回报(美元)指数</span></th>\r\n        </tr>\r\n        <tr>\r\n            <td>编号</td>\r\n            <td>MEM</td>\r\n            <td>EMN</td>\r\n            <td>MHN</td>\r\n            <td>MID</td>\r\n            <td>MPN</td>\r\n        </tr>\r\n        <tr>\r\n            <td>合约乘数</td>\r\n            <td>50USD</td>\r\n            <td>100USD</td>\r\n            <td>1USD</td>\r\n            <td>2USD</td>\r\n            <td>50USD</td>\r\n        </tr>\r\n        <tr>\r\n            <td>结算方式</td>\r\n            <td colspan=&#34;5&#34;>现金</td>\r\n        </tr>\r\n        <tr>\r\n            <td>计价单位</td>\r\n            <td colspan=&#34;5&#34;>美元</td>\r\n        </tr>\r\n        <tr>\r\n            <td>最小变动价位</td>\r\n            <td>0.01</td>\r\n            <td>0.001</td>\r\n            <td>0.01</td>\r\n            <td>5</td>\r\n            <td>0.001</td>\r\n        </tr>\r\n        <tr>\r\n            <td>交易时间</td>\r\n            <td colspan=&#34;5&#34;>上午9时正至下午4时30分（日间交易时段）；下午5时15分至凌晨3时正（收市后交易时段） 最后交易日的交易时段上午9时正至下午4时30分</td>\r\n        </tr>\r\n        <tr>\r\n            <td>最后交易日</td>\r\n            <td colspan=&#34;3&#34;>第三个星期五。若该日为香港公众假期，最后交易日将为紧贴该日的前一个香港营业日</td>\r\n            <td>该月的最后营业日之前一个香港营业日。若该日为印尼公众假期，最后交易日将为紧贴该日的前一个同属香港及印尼的营业日</td>\r\n            <td>第三个星期五。若该日为香港公众假期，最后交易日将为紧贴该日的前一个香港营业日</td>\r\n        </tr>\r\n        <tr>\r\n            <td>最后结算价</td>\r\n            <td>相关指数在第三个星期五的官方收市价格，调至最接近的两个小数位</td>\r\n            <td>相关指数在第三个星期五的官方收市价格，调至最接近的三个小数位</td>\r\n            <td>相关指数在第三个星期五的官方收市价格，调至最接近的两个小数位</td>\r\n            <td>在最后交易日当天下列时间所报MSCI印尼指数点的平均数为依归: (i)在印尼交易所持续交易时段结束前的最后30分钟，每隔1分钟的指数点，与(ii)收市指数点，调至最接近的两个小数位</td>\r\n            <td>相关指数在第三个星期五的官方收市价格，调至最接近的三个小数位</td>\r\n        </tr>\r\n    </tbody>\r\n</table>\r\n<p><br />\r\nMSCI指数类产品</p>\r\n<p>香港交易所与MSCI签订授权协议，拟在香港推出37只分别追踪多个MSCI亚洲及新兴市场指数的MSCI股票指数期货及期权产品，根据港交所最新的通告，产品将于2020年内分5批上市交易。我们也上线了以下产品：</p>\r\n<div>\r\n<table id=&#34;market_hkex_table&#34; width=&#34;100%&#34; cellspacing=&#34;0&#34; cellpadding=&#34;0&#34; border=&#34;0&#34;>\r\n    <tbody>\r\n        <tr>\r\n            <th width=&#34;90&#34;>产品名</th>\r\n            <th width=&#34;90&#34;>标的</th>\r\n            <th width=&#34;90&#34;>市场覆盖</th>\r\n        </tr>\r\n        <tr>\r\n            <td>MSCI澳洲净总回报（美元）指数期货</td>\r\n            <td>追踪澳洲股票市场内大型市值及中型市值股票表现的成熟指标</td>\r\n            <td>涵盖69只成份股并复盖澳洲股票市场约85％的流通市值</td>\r\n        </tr>\r\n        <tr>\r\n            <td>MSCI中国自由净总回报（美元）指数期货</td>\r\n            <td>追踪中国大型市值及中型市值股票表现的成熟指标。该指数,涵B 股、H 股、红筹股、P 股及外国上市股票</td>\r\n            <td>成份股内大型市值及中型市值A股复盖约20％的流通市值</td>\r\n        </tr>\r\n        <tr>\r\n            <td>MSCI新兴市场亚洲净总回报(美元)指数期货</td>\r\n            <td>追踪九个亚洲新兴市场（中国内地、印度、印尼、韩国、马来西亚、巴基斯坦、菲律宾、台湾和泰国）内的大型市值及中型市值股票表现</td>\r\n            <td>1,119只成份股复盖各市场约85％的流通市值</td>\r\n        </tr>\r\n        <tr>\r\n            <td>MSCI印度净总回报(美元)指数期货</td>\r\n            <td>追踪印度股票市场内大型市值及中型市值股票表现的成熟指标</td>\r\n            <td>该指数涵盖84只成份股并复盖印度股票市场约85％的流通市值</td>\r\n        </tr>\r\n        <tr>\r\n            <td>MSCI印尼净总回报(美元)指数期货</td>\r\n            <td>追踪印尼股票市场内大型市值及中型市值股票表现的成熟指标</td>\r\n            <td>该指数涵盖28只成份股并复盖印尼股票市场约85％的流通市值</td>\r\n        </tr>\r\n        <tr>\r\n            <td>MSCI日本净总回报(美元)指数期货</td>\r\n            <td>追踪日本股票市场内大型市值及中型市值股票表现的成熟指标</td>\r\n            <td>该指数涵盖321只成份股并复盖日本股票市场约85％的流通市值</td>\r\n        </tr>\r\n        <tr>\r\n            <td>MSCI马来西亚净总回报(美元)指数期货</td>\r\n            <td>追踪马来西亚股票市场内大型市值及中型市值股票表现的成熟指标</td>\r\n            <td>该指数涵盖40只成份股并复盖马来西亚股票市场约85％的流通市值</td>\r\n        </tr>\r\n        <tr>\r\n            <td>MSCI台湾(美元)指数期货</td>\r\n            <td>追踪台湾股票市场内大型市值及中型市值股票表现的成熟指标</td>\r\n            <td>该指数涵盖88只成份股并复盖台湾股票市场约85％的流通市值</td>\r\n        </tr>\r\n        <tr>\r\n            <td>MSCI台湾净总回报(美元)指数期货<span style=&#34;white-space:pre&#34;>	</span></td>\r\n            <td>&nbsp;追踪台湾股票市场内大型市值及中型市值股票表现的成熟指标</td>\r\n            <td>该指数涵盖88只成份股并复盖台湾股票市场约85％的流通市值</td>\r\n        </tr>\r\n        <tr>\r\n            <td>MSCI泰国净总回报(美元)指数期货</td>\r\n            <td>追踪泰国股票市场内大型市值及中型市值股票表现的成熟指标</td>\r\n            <td>涵盖41只成份股并复盖泰国股票市场约85％的流通市值</td>\r\n        </tr>\r\n        <tr>\r\n        </tr>\r\n    </tbody>\r\n</table>\r\n<p>&nbsp;</p>\r\n</div>\r\n<div>\r\n<table id=&#34;market_hkex_table&#34; width=&#34;100%&#34; cellspacing=&#34;0&#34; cellpadding=&#34;0&#34; border=&#34;0&#34;>\r\n    <tbody>\r\n        <tr>\r\n            <th width=&#34;90&#34;>产品名</th>\r\n            <th width=&#34;90&#34;>标的</th>\r\n            <th width=&#34;90&#34;>市场覆盖</th>\r\n        </tr>\r\n        <tr>\r\n            <td>MSCI新兴市场（美元）指数期货</td>\r\n            <td>追踪26个新兴市场（阿根廷、巴西、智利、中国内地、哥伦比亚、捷克共和国、埃及、希腊、匈牙利、印度、印尼、韩国、马来西亚、墨西哥、巴基斯坦、秘鲁、菲律宾、波兰、卡塔尔、俄罗斯、沙地阿拉伯、南非、台湾、泰国、土耳其和阿拉伯联合酋长国）内的大型市值及中型市值股票表现</td>\r\n            <td>1,385只成份股复盖各市场约85％的流通市值</td>\r\n        </tr>\r\n        <tr>\r\n            <td>MSCI新兴市场净总回报(美元)指数</td>\r\n            <td>追踪26个新兴市场（阿根廷、巴西、智利、中国内地、哥伦比亚、捷克共和国、埃及、希腊、匈牙利、印度、印尼、韩国、马来西亚、墨西哥、巴基斯坦、秘鲁、菲律宾、波兰、卡塔尔、俄罗斯、沙地阿拉伯、南非、台湾、泰国、土耳其和阿拉伯联合酋长国）内的大型市值及中型市值股票表现</td>\r\n            <td>1,385只成份股复盖各市场约85％的流通市值</td>\r\n        </tr>\r\n        <tr>\r\n            <td>MSCI香港净总回报(美元)指数</td>\r\n            <td>追踪香港股票市场内大型市值及中型市值股票表现的成熟指标</td>\r\n            <td>涵盖40只成份股并复盖香港股票市场约85％的流通市值</td>\r\n        </tr>\r\n        <tr>\r\n            <td>MSCI印尼(美元)指数</td>\r\n            <td>追踪印尼股票市场内大型市值及中型市值股票表现的成熟指标</td>\r\n            <td>涵盖22只成份股并复盖印尼股票市场约85％的流通市值</td>\r\n        </tr>\r\n        <tr>\r\n            <td>MSCI菲律宾净总回报(美元)指数</td>\r\n            <td>追踪菲律宾股票市场内大型市值及中型市值股票表现的成熟指标</td>\r\n            <td>涵盖21只成份股并复盖菲律宾股票市场约85％的流通市值</td>\r\n        </tr>\r\n        <tr>\r\n            <td>MSCI新加坡净总回报(美元)指数</td>\r\n            <td>追踪新加坡股票市场内大型市值及中型市值股票表现的成熟指标</td>\r\n            <td>涵盖22只成份股并复盖新加坡股票市场约85％的流通市值</td>\r\n        </tr>\r\n        <tr>\r\n            <td>MSCI越南净总回报(美元)指数</td>\r\n            <td>追踪越南股票市场内大型市值及中型市值股票表现的成熟指标</td>\r\n            <td>涵盖17只成份股并复盖印尼股票市场约85％的流通市值</td>\r\n        </tr>\r\n        <tr>\r\n        </tr>\r\n        <tr>\r\n        </tr>\r\n    </tbody>\r\n</table>\r\n</div>\r\n<p>MSCI介绍</p>\r\n<p>MSCI 所编的指数涵盖全球，主要以国家、地区、市场、产业等进行编纂。以国家像是日本指数、韩国指数，也有以地区分的欧元区指数，以产业分的能源指数等等。 MSCI 会依据其标准挑选成分股，以 MSCI 指数所组成的股票来说，通常是各个国家的代表性个股、产业龙头股居多，因此被纳入的公司，也通常会是稳健获利、有竞争力的大型绩优股。MSCI编制的指数，和富时类指数类似，在市场上有极高的认可度。</p>\r\n<p>指数编制公司把指数编制出来，投资利用指数来检测全球资本市场的行情；例如说，A股的上证50涨了，投资者可预计市场蓝筹股的增长。极具代表性的指数可以反映市场的基本运行状况。</p>\r\n<p>MSCI发展历程</p>\r\n<p>1968年，资本国际（Capital International）发布涵盖非美国市场的全球股票市场指数。1986年，Morgan Stanley从资本国际取得指数的授权，并将该指数作为摩根士丹利资本国际（MSCI）指数。到20世纪80年代，在富時集團、花旗银行和标准普尔加入前，MSCI指数是美国以外的主要基准指数。在道琼斯公司开始浮动加权其指数基金后，MSCI随即跟进。2004年，MSCI收购Barra公司，形成MSCI Barra。2007年中，母公司Morgan Stanley决定从MSCI撤资，并可能分拆MSCI。撤资于2009年完成。</p>\r\n<p>MSCI扩容</p>\r\n<p>A股纳入MSCI指数，经过了数次的努力。2019年6月，A股被纳入MSCI新兴市场指数一 事将正式生效，共有234家A股大盘股公司入围。6月1日进入首次纳入适应期，纳入比例2.5%，对应MSCI新兴市场指数市值权重0.37%。9月3日完成首次纳入，纳入比例5%，对应权重为0.73%。</p>\r\n<p>在2019年8月，MSCI也宣布实施第二轮扩容计划，将新兴市场指数中中国大盘A股纳入因子由10%增至15%，这次调整增加8只A股，2只香港上市中资股，大盘A股纳入因子将从10%增加至15%。 调整后，中国A股在MSCI中国指数和MSCI新兴市场指数中的权重分别为7.79%和2.46%。&nbsp;</p>\r\n<p>此后，MSCI 会把指数中的所有中国大盘 A 股纳入因子从 15％增加至 20％，同时将中国中盘 A 股（包括符合条件的创业板股票）以 20％的纳入因子纳入 MSCI 指数。</p>\r\n<p>随着中国A股市场准入机制的不断改善，市场的深入开放不断发展，A股在MSCI的不断扩容预示国际市场机构投资者的实际需求。这将逐步提升中国股市的外资参与度；同时，外资的流入将为中国实体经济向以科技、服务及消费驱动的升级转型提供支持。</p>', '', '', '', '', '', '', '', '', '', '', '', '', '', '', '', '', '', '', '', '', '', '', '', '', '', '', '', '', '', '', ''),
(1, 6, 'HKEX', '<p>&nbsp;Index</p>\r\n<table id=&#34;market_hkex_table&#34; width=&#34;100%&#34; cellspacing=&#34;0&#34; cellpadding=&#34;0&#34; border=&#34;0&#34;>\r\n    <tbody>\r\n        <tr>\r\n            <th width=&#34;90&#34;>&nbsp;</th>\r\n            <th width=&#34;90&#34;><span class=&#34;text_bottom_line&#34;>Hang Seng Index</span></th>\r\n            <th width=&#34;90&#34;><span class=&#34;text_bottom_line&#34;>Hang Seng China Enterprises Index</span></th>\r\n            <th width=&#34;90&#34;><span class=&#34;text_bottom_line&#34;>Mini Hang Seng Index</span></th>\r\n            <th width=&#34;90&#34;><span class=&#34;text_bottom_line&#34;>Mini Hang Seng China Enterprises Index</span></th>\r\n        </tr>\r\n        <tr>\r\n            <td>Code</td>\r\n            <td>HSI</td>\r\n            <td>HHI</td>\r\n            <td>MHI</td>\r\n            <td>MCH</td>\r\n        </tr>\r\n        <tr>\r\n            <td>Contract Size</td>\r\n            <td>\r\n            <p>50HKD*Index</p>\r\n            </td>\r\n            <td>50HKD*Index</td>\r\n            <td>10HKD*Index</td>\r\n            <td>10HKD*Index</td>\r\n        </tr>\r\n        <tr>\r\n            <td>Minimun Tick Size</td>\r\n            <td>1</td>\r\n            <td>1</td>\r\n            <td>1</td>\r\n            <td>1</td>\r\n        </tr>\r\n        <tr>\r\n            <td>Minimum Price Fluctuation</td>\r\n            <td>50HKD</td>\r\n            <td>50HKD</td>\r\n            <td>10HKD</td>\r\n            <td>10HKD</td>\r\n        </tr>\r\n        <tr>\r\n            <td>Currency</td>\r\n            <td colspan=&#34;4&#34;>HKD</td>\r\n        </tr>\r\n        <tr>\r\n            <td>Trading Hours</td>\r\n            <td colspan=&#34;4&#34;>09:15-12:00,13:00-16:30, 17:15-03:00*</td>\r\n        </tr>\r\n        <tr>\r\n            <td>Listed Contracts</td>\r\n            <td colspan=&#34;4&#34;>Spot, Next Calendar Month &amp; Next Two Calendar Quarter Month</td>\r\n        </tr>\r\n        <tr>\r\n            <td>Settlement Methods</td>\r\n            <td colspan=&#34;4&#34;>Financially Settled</td>\r\n        </tr>\r\n    </tbody>\r\n</table>\r\n<p class=&#34;MsoNormal&#34; style=&#34;margin: 0cm 0cm 0.0001pt; text-align: justify; font-size: 12pt; font-family: DengXian;&#34;>&nbsp;</p>\r\n<ul>\r\n    <li class=&#34;li1&#34; style=&#34;margin: 0px; text-align: justify; font-variant-numeric: normal; font-variant-east-asian: normal; font-stretch: normal; font-size: 14px; line-height: normal; font-family: &#34; times=&#34; new=&#34;>Proven Markets- HSI futures and options allow experienced and novice investors alike to participate in the performance of constituent stocks in the index. As both local and international investors regard Hang Seng Index as a time-tested benchmark for the Hong Kong equity market and yardstick of portfolio performance, these contracts are consistently used by different investors for trading and risk management purposes.</li>\r\n    <li class=&#34;li1&#34; style=&#34;margin: 0px; text-align: justify; font-variant-numeric: normal; font-variant-east-asian: normal; font-stretch: normal; font-size: 14px; line-height: normal; font-family: &#34; times=&#34; new=&#34;>Cost Effective- HSI futures and options facilitate hedging activities in a cost-effective way as these contracts are traded on a margin basis. The margin to carry an open position is only a fraction of the contracted value.</li>\r\n</ul>\r\n<table id=&#34;normal_table&#34; width=&#34;100%&#34; cellspacing=&#34;0&#34; cellpadding=&#34;0&#34; border=&#34;0&#34;>\r\n    <tbody>\r\n        <tr>\r\n            <td width=&#34;120&#34;>Underlying Index</td>\r\n            <td>MSCI China A 50 Connect Index</td>\r\n        </tr>\r\n        <tr>\r\n            <td>HKATS Code</td>\r\n            <td>MCA</td>\r\n        </tr>\r\n        <tr>\r\n            <td>Trading Currency</td>\r\n            <td>USD</td>\r\n        </tr>\r\n        <tr>\r\n            <td>Index Currency</td>\r\n            <td>CNH</td>\r\n        </tr>\r\n        <tr>\r\n            <td>Contract Multiplier</td>\r\n            <td>US$25</td>\r\n        </tr>\r\n        <tr>\r\n            <td>Minimum Fluctuation</td>\r\n            <td>0.2 index point</td>\r\n        </tr>\r\n        <tr>\r\n            <td>Contract Months</td>\r\n            <td>Spot month, next calendar month and the following 4 quarterly months</td>\r\n        </tr>\r\n        <tr>\r\n            <td>Last Trading Day (LTD)</td>\r\n            <td><tp>The third Friday of the contract month</tp>             <tp>(If it is not a Hong Kong business day, or if it falls on a Mainland Chinese public holiday, the LTD will be the preceding Hong Kong business day which is also a business day in Mainland China)</tp></td>\r\n        </tr>\r\n        <tr>\r\n            <td>Pre-Market Opening Period</td>\r\n            <td>8:45 am &ndash; 9:00 am</td>\r\n        </tr>\r\n        <tr>\r\n            <td>Trading Hours</td>\r\n            <td><tp>9:00 am &ndash; 4:30 pm (day trading session);</tp> <br />\r\n            <tp>5:15 pm &ndash; 3:00 am (after-hours trading session)</tp></td>\r\n        </tr>\r\n        <tr>\r\n            <td>Final Settlement Price</td>\r\n            <td>The average of quotations of the MSCI China A 50 Connect Index on LTD, taken at (i) 15 second intervals during the last two hours of trading on the Shanghai Stock Exchange and Shenzhen Stock Exchange before the end of the continuous trading sessions, and (ii) the closing index value, rounded up to the nearest 2 decimal places if the figure in the third decimal place is 5 or above and rounded down to the nearest 2 decimal places if it is below 5</td>\r\n        </tr>\r\n        <tr>\r\n            <td>Transaction Costs</td>\r\n            <td><tp>Exchange Fee&nbsp;US$1.00</tp> <br />\r\n            <tp>Commission Levy&nbsp;US$0.07</tp></td>\r\n        </tr>\r\n        <tr>\r\n            <td>US Person&#39;s Eligibility</td>\r\n            <td>CFTC certified</td>\r\n        </tr>\r\n    </tbody>\r\n</table>\r\n<div>&nbsp;</div>\r\n<div>Stock&nbsp;</div>\r\n<div>&nbsp;</div>\r\n<div>\r\n<table id=&#34;market_hkex_table&#34; width=&#34;100%&#34; cellspacing=&#34;0&#34; cellpadding=&#34;0&#34; border=&#34;0&#34;>\r\n    <tbody>\r\n        <tr>\r\n            <th width=&#34;90&#34; colspan=&#34;5&#34;>Technology Industry</th>\r\n        </tr>\r\n        <tr>\r\n            <th width=&#34;90&#34;>&nbsp;</th>\r\n            <th width=&#34;90&#34;><span class=&#34;text_bottom_line&#34;>Tencent Holdings Ltd.</span></th>\r\n            <th width=&#34;90&#34;><span class=&#34;text_bottom_line&#34;>XiaoMi Corporation</span></th>\r\n            <th width=&#34;90&#34;><span class=&#34;text_bottom_line&#34;>Meituan Dianping</span></th>\r\n            <th width=&#34;90&#34;><span class=&#34;text_bottom_line&#34;>Alibaba Group Holding Ltd.</span></th>\r\n        </tr>\r\n        <tr>\r\n            <td>Code</td>\r\n            <td>TCH</td>\r\n            <td>MIU</td>\r\n            <td>MET</td>\r\n            <td>ALB</td>\r\n        </tr>\r\n        <tr>\r\n            <td>Contract Multiplier</td>\r\n            <td>Board Lot Size of the Underlying Shares</td>\r\n            <td>Board Lot Size of the Underlying Shares</td>\r\n            <td>Board Lot Size of the Underlying Shares</td>\r\n            <td>Board Lot Size of the Underlying Shares</td>\r\n        </tr>\r\n        <tr>\r\n            <td>Contract Size</td>\r\n            <td>100Shares</td>\r\n            <td>1000Shares</td>\r\n            <td>500Shares</td>\r\n            <td>500Shares</td>\r\n        </tr>\r\n        <tr>\r\n            <td>Minimum Tick Size</td>\r\n            <td colspan=&#34;4&#34;>0.01</td>\r\n        </tr>\r\n        <tr>\r\n            <td>Currency</td>\r\n            <td colspan=&#34;4&#34;>HKD</td>\r\n        </tr>\r\n        <tr>\r\n            <td>Minimum Price Fluctuation</td>\r\n            <td>1HKD</td>\r\n            <td>10HKD</td>\r\n            <td>5HKD</td>\r\n            <td>5HKD</td>\r\n        </tr>\r\n        <tr>\r\n            <td>Trading Hours</td>\r\n            <td colspan=&#34;4&#34;>09:30 -12:00,13:00-16:00</td>\r\n        </tr>\r\n        <tr>\r\n            <td>Listed Contracts</td>\r\n            <td colspan=&#34;4&#34;>Spot, Next Calendar Month &amp; Next Two Calendar Quarter Month</td>\r\n        </tr>\r\n    </tbody>\r\n</table>\r\n</div>\r\n<p>&nbsp;</p>\r\n<div>\r\n<table id=&#34;market_hkex_table&#34; width=&#34;100%&#34; cellspacing=&#34;0&#34; cellpadding=&#34;0&#34; border=&#34;0&#34;>\r\n    <tbody>\r\n        <tr>\r\n            <th width=&#34;90&#34; colspan=&#34;6&#34;>Finance &amp; Banking</th>\r\n        </tr>\r\n        <tr>\r\n            <th width=&#34;90&#34;>&nbsp;</th>\r\n            <th width=&#34;90&#34;><span class=&#34;text_bottom_line&#34;>China Construction Bank Corporation</span></th>\r\n            <th width=&#34;90&#34;><span class=&#34;text_bottom_line&#34;>Hong Kong Exchanges and Clearing Limited</span></th>\r\n            <th width=&#34;90&#34;><span class=&#34;text_bottom_line&#34;>HSBC Holdings Plc.</span></th>\r\n            <th width=&#34;90&#34;><span class=&#34;text_bottom_line&#34;>Industrial and Commercial Bank of China Limited</span></th>\r\n            <th width=&#34;90&#34;><span class=&#34;text_bottom_line&#34;>Ping An Insurance (Group) Company of China, Ltd.</span></th>\r\n        </tr>\r\n        <tr>\r\n            <td>Code</td>\r\n            <td>CCB</td>\r\n            <td>HEX</td>\r\n            <td>HKB</td>\r\n            <td>ICB</td>\r\n            <td>PAI</td>\r\n        </tr>\r\n        <tr>\r\n            <td>Contract Multiplier</td>\r\n            <td>Board Lot Size of the Underlying Shares</td>\r\n            <td>Board Lot Size of the Underlying Shares</td>\r\n            <td>Board Lot Size of the Underlying Shares</td>\r\n            <td>Board Lot Size of the Underlying Shares</td>\r\n            <td>Board Lot Size of the Underlying Shares</td>\r\n        </tr>\r\n        <tr>\r\n            <td>Contract Size</td>\r\n            <td>1000Shares</td>\r\n            <td>100Shares</td>\r\n            <td>400Shares</td>\r\n            <td>1000Shares</td>\r\n            <td>500Shares</td>\r\n        </tr>\r\n        <tr>\r\n            <td>Minimum Tick Size</td>\r\n            <td colspan=&#34;5&#34;>0.01</td>\r\n        </tr>\r\n        <tr>\r\n            <td>Currency</td>\r\n            <td colspan=&#34;5&#34;>HKD</td>\r\n        </tr>\r\n        <tr>\r\n            <td>Minimum Price Fluctuation</td>\r\n            <td>10HKD</td>\r\n            <td>1HKD</td>\r\n            <td>4HKD</td>\r\n            <td>10HKD</td>\r\n            <td>5HKD</td>\r\n        </tr>\r\n        <tr>\r\n            <td>Trading Hours</td>\r\n            <td colspan=&#34;55&#34;>09:30 -12:00,13:00-16:00</td>\r\n        </tr>\r\n        <tr>\r\n            <td>Listed Contracts</td>\r\n            <td colspan=&#34;5&#34;>Spot, Next Calendar Month &amp; Next Two Calendar Quarter Month</td>\r\n        </tr>\r\n    </tbody>\r\n</table>\r\n</div>\r\n<p>&nbsp;</p>\r\n<div>\r\n<table id=&#34;market_hkex_table&#34; width=&#34;100%&#34; cellspacing=&#34;0&#34; cellpadding=&#34;0&#34; border=&#34;0&#34;>\r\n    <tbody>\r\n        <tr>\r\n            <th width=&#34;90&#34; colspan=&#34;5&#34;>ETF</th>\r\n        </tr>\r\n        <tr>\r\n            <th width=&#34;90&#34;>&nbsp;</th>\r\n            <th width=&#34;90&#34;><span class=&#34;text_bottom_line&#34;>iShares FTSE A50 China Index ETF</span></th>\r\n            <th width=&#34;90&#34;><span class=&#34;text_bottom_line&#34;>China AMC CSI300 Index ETF</span></th>\r\n            <th width=&#34;90&#34;><span class=&#34;text_bottom_line&#34;>CSOP FTSE China A50 ETF</span></th>\r\n        </tr>\r\n        <tr>\r\n            <td>Code</td>\r\n            <td>A50</td>\r\n            <td>AMC</td>\r\n            <td>CSA</td>\r\n        </tr>\r\n        <tr>\r\n            <td>Contract Multiplier</td>\r\n            <td>Higher than Board Lot Size of the Underlying Shares</td>\r\n            <td>Higher than Board Lot Size of the Underlying Shares</td>\r\n            <td>Higher than Board Lot Size of the Underlying Shares</td>\r\n        </tr>\r\n        <tr>\r\n            <td>Contract Size</td>\r\n            <td>5000Shares</td>\r\n            <td>2000Shares</td>\r\n            <td>5000Shares</td>\r\n        </tr>\r\n        <tr>\r\n            <td>Minimum Tick Size</td>\r\n            <td colspan=&#34;4&#34;>0.01</td>\r\n        </tr>\r\n        <tr>\r\n            <td>Currency</td>\r\n            <td colspan=&#34;4&#34;>HKD</td>\r\n        </tr>\r\n        <tr>\r\n            <td>Minimum Price Fluctuation</td>\r\n            <td>50HKD</td>\r\n            <td>20HKD</td>\r\n            <td>50HKD</td>\r\n        </tr>\r\n        <tr>\r\n            <td>Trading Hours</td>\r\n            <td colspan=&#34;4&#34;>09:30 -12:00,13:00-16:00</td>\r\n        </tr>\r\n        <tr>\r\n            <td>Listed Contracts</td>\r\n            <td colspan=&#34;4&#34;>Spot, Next Calendar Month &amp; Next Two Calendar Quarter Month</td>\r\n        </tr>\r\n    </tbody>\r\n</table>\r\n</div>\r\n<p>&nbsp;</p>', '', '', '', '', '', '', '', '', '', '', '', '', '', '', '', '', '', '', '', '', '', '', '', '', '', '', '', '', '', '', ''),
(3, 4, '芝商所集团产品', '<p>指数类产品</p>\r\n<table id=&#34;market_hkex_table&#34; width=&#34;100%&#34; cellspacing=&#34;0&#34; cellpadding=&#34;0&#34; border=&#34;0&#34;>\r\n    <tbody>\r\n        <tr>\r\n            <th width=&#34;90&#34;>&nbsp;</th>\r\n            <th width=&#34;90&#34;><span class=&#34;text_bottom_line&#34;>小型道琼斯指数</span></th>\r\n            <th width=&#34;90&#34;><span class=&#34;text_bottom_line&#34;>小型标准普尔指数</span></th>\r\n            <th width=&#34;90&#34;><span class=&#34;text_bottom_line&#34;>小型纳斯达克指数</span></th>\r\n            <th width=&#34;90&#34;><span class=&#34;text_bottom_line&#34;>小型罗素2000指数</span></th>\r\n        </tr>\r\n        <tr>\r\n            <td>编号</td>\r\n            <td>YM</td>\r\n            <td>ES</td>\r\n            <td>NQ</td>\r\n            <td>RTY</td>\r\n        </tr>\r\n        <tr>\r\n            <td>合约乘数</td>\r\n            <td>5USD*指数</td>\r\n            <td>50USD*指数</td>\r\n            <td>20USD*指数</td>\r\n            <td>5USD*指数</td>\r\n        </tr>\r\n        <tr>\r\n            <td>最⼩变动价位</td>\r\n            <td>1</td>\r\n            <td>0.25</td>\r\n            <td>0.25</td>\r\n            <td>0.1</td>\r\n        </tr>\r\n        <tr>\r\n            <td>最⼩变动价位值</td>\r\n            <td>5USD</td>\r\n            <td>12.5USD</td>\r\n            <td>5USD</td>\r\n            <td>5USD</td>\r\n        </tr>\r\n        <tr>\r\n            <td>结算币种</td>\r\n            <td colspan=&#34;4&#34;>USD</td>\r\n        </tr>\r\n        <tr>\r\n            <td>交易时间</td>\r\n            <td colspan=&#34;2&#34;>06:00-04:15*, 04:30*-05:00* (04:15*-04:30* 暂停交易)</td>\r\n            <td colspan=&#34;2&#34;>06:00-05:00* (04:15*-04:30*暂停交易)</td>\r\n        </tr>\r\n        <tr>\r\n            <td>交易⽉份</td>\r\n            <td colspan=&#34;4&#34;>3,6,9,12</td>\r\n        </tr>\r\n        <tr>\r\n            <td>结算⽅式</td>\r\n            <td colspan=&#34;4&#34;>现⾦</td>\r\n        </tr>\r\n    </tbody>\r\n</table>\r\n<p>产品合约内容将不时更新，具体情况请查阅本公司网站及相关交易所网站</p>\r\n<p>芝商所指数类产品合约（即YM、ES、NQ、RTY），均提供微型合约可供投资者交易，而微型合约的合约价值则更小、保证金也相对较低。</p>\r\n<p>&nbsp;</p>\r\n<p>外汇类</p>\r\n<div>\r\n<table id=&#34;market_hkex_table&#34; width=&#34;100%&#34; cellspacing=&#34;0&#34; cellpadding=&#34;0&#34; border=&#34;0&#34;>\r\n    <tbody>\r\n        <tr>\r\n            <th width=&#34;90&#34;>&nbsp;</th>\r\n            <th width=&#34;90&#34;><span class=&#34;text_bottom_line&#34;>澳元</span></th>\r\n            <th width=&#34;90&#34;><span class=&#34;text_bottom_line&#34;>英镑</span></th>\r\n            <th width=&#34;90&#34;><span class=&#34;text_bottom_line&#34;>加元</span></th>\r\n            <th width=&#34;90&#34;><span class=&#34;text_bottom_line&#34;>欧元</span></th>\r\n            <th width=&#34;90&#34;><span class=&#34;text_bottom_line&#34;>日元</span></th>\r\n            <th width=&#34;90&#34;><span class=&#34;text_bottom_line&#34;>纽元</span></th>\r\n            <th width=&#34;90&#34;><span class=&#34;text_bottom_line&#34;>瑞士法郎</span></th>\r\n        </tr>\r\n        <tr>\r\n            <td>编号</td>\r\n            <td>AD</td>\r\n            <td>BP</td>\r\n            <td>CD</td>\r\n            <td>EC</td>\r\n            <td>JY</td>\r\n            <td>NE</td>\r\n            <td>SF</td>\r\n        </tr>\r\n        <tr>\r\n            <td>合约乘数</td>\r\n            <td>100,000澳元</td>\r\n            <td>62,500英镑</td>\r\n            <td>100,000加元</td>\r\n            <td>125,000欧元</td>\r\n            <td>12,500,000日元</td>\r\n            <td>100,000纽元</td>\r\n            <td>125,000瑞士法郎</td>\r\n        </tr>\r\n        <tr>\r\n            <td>最⼩变动价位</td>\r\n            <td>0.00005</td>\r\n            <td>0.0001</td>\r\n            <td>0.00005</td>\r\n            <td>0.00005</td>\r\n            <td>0.0000005</td>\r\n            <td>0.0001</td>\r\n            <td>0.0001</td>\r\n        </tr>\r\n        <tr>\r\n            <td>最⼩变动价位值</td>\r\n            <td>5USD</td>\r\n            <td>6.25USD</td>\r\n            <td>5USD</td>\r\n            <td>6.25USD</td>\r\n            <td>6.25USD</td>\r\n            <td>10USD</td>\r\n            <td>12.5USD</td>\r\n        </tr>\r\n        <tr>\r\n            <td>结算币种</td>\r\n            <td colspan=&#34;7&#34;>USD</td>\r\n        </tr>\r\n        <tr>\r\n            <td>交易时间</td>\r\n            <td colspan=&#34;7&#34;>06:00-05:00*</td>\r\n        </tr>\r\n        <tr>\r\n            <td>交易⽉份</td>\r\n            <td colspan=&#34;7&#34;>3,6,9,12</td>\r\n        </tr>\r\n        <tr>\r\n            <td>结算⽅式</td>\r\n            <td colspan=&#34;7&#34;>实物</td>\r\n        </tr>\r\n    </tbody>\r\n</table>\r\n<p>&nbsp;</p>\r\n</div>', '', '', '', '<p>能源类</p>\r\n<table id=&#34;market_hkex_table&#34; width=&#34;100%&#34; cellspacing=&#34;0&#34; cellpadding=&#34;0&#34; border=&#34;0&#34; style=&#34;width: 815px;&#34;>\r\n    <tbody>\r\n        <tr>\r\n            <th width=&#34;90&#34;>&nbsp;</th>\r\n            <th width=&#34;90&#34;><span class=&#34;text_bottom_line&#34;>美原油</span></th>\r\n            <th width=&#34;90&#34;><span class=&#34;text_bottom_line&#34;>小型美原油</span></th>\r\n            <th width=&#34;90&#34;><span class=&#34;text_bottom_line&#34;>布伦特原油最后结算</span></th>\r\n            <th width=&#34;90&#34;><span class=&#34;text_bottom_line&#34;>天然气</span></th>\r\n            <th width=&#34;90&#34;><span class=&#34;text_bottom_line&#34;>小型天然气</span></th>\r\n        </tr>\r\n        <tr>\r\n            <td>编号</td>\r\n            <td>CL</td>\r\n            <td>QM</td>\r\n            <td>BZ</td>\r\n            <td>NG</td>\r\n            <td>QG</td>\r\n        </tr>\r\n        <tr>\r\n            <td>合约乘数</td>\r\n            <td>1000桶</td>\r\n            <td>500桶</td>\r\n            <td>1000桶</td>\r\n            <td>10,000mmBtu</td>\r\n            <td>2,500mmBtu</td>\r\n        </tr>\r\n        <tr>\r\n            <td>最⼩变动价位</td>\r\n            <td>0.01</td>\r\n            <td>0.025</td>\r\n            <td>0.01</td>\r\n            <td>0.001</td>\r\n            <td>0.005</td>\r\n        </tr>\r\n        <tr>\r\n            <td>最⼩变动价位值</td>\r\n            <td>10USD</td>\r\n            <td>12.5USD</td>\r\n            <td>10USD</td>\r\n            <td>10USD</td>\r\n            <td>12.5USD</td>\r\n        </tr>\r\n        <tr>\r\n            <td>结算币种</td>\r\n            <td colspan=&#34;5&#34;>USD</td>\r\n        </tr>\r\n        <tr>\r\n            <td>交易时间</td>\r\n            <td colspan=&#34;5&#34;>06:00-05:00*</td>\r\n        </tr>\r\n        <tr>\r\n            <td>交易⽉份</td>\r\n            <td>最近72个月</td>\r\n            <td>最近61个月</td>\r\n            <td>今年剩下月份及即将到来的7年</td>\r\n            <td>最近144个月</td>\r\n            <td>今年剩下月份及即将到来的3年</td>\r\n        </tr>\r\n        <tr>\r\n            <td>结算⽅式</td>\r\n            <td>实物</td>\r\n            <td>现金</td>\r\n            <td>现金</td>\r\n            <td>实物</td>\r\n            <td>现金</td>\r\n        </tr>\r\n    </tbody>\r\n</table>\r\n<p>参与原油期货买卖的优点：</p>\r\n<ul>\r\n    <li>低买卖差价：经多年发展，原油期货市场聚集了各类投资者，市场交投量十分活跃，原油期货的买卖差价较低。以美原油CL2020年6月合约为例，仅4月15日收盘时，当日未平仓合约已达498,152手，十分具有流动性。</li>\r\n    <li>高杠杆买卖：与其它类型的产品（例如某银行的连续性原油产品合约）相比，国际原油类期货产品交易的保证金金额只占合约价值的一小部分，这种具有低保证金高杠杆的特性，令买卖及对冲活动更具资本效益。</li>\r\n    <li>弹性交易时段：以美原油CL合约为例，交易时间由早晨6点起交易到次日5点，国际原油期货交易时段接近24小时。作为国内原油期货交易的补充，国际原油期货市场弹性的交易时段可令投资者的投资及交易更加方便灵活。</li>\r\n    <li>高效率及透明度：稳健的电子交易及结算系统，让客户掌握市场上的即时变动。</li>\r\n</ul>\r\n<p>参与天然气及小型天然气期货买卖的优点：</p>\r\n<ul>\r\n    <li>亨利港（Henry Hub）天然气具备全球定价基准地位：亨利港作为美国一大天然气存储及交货地点，其价格被视为所有美国天然气定价的基准。美国天然气出口不断扩大至欧洲、亚洲，该产品正在为全球范围内的天然气制定价格。</li>\r\n    <li>成交量大，流动性高：芝商所的亨利港天然气期货是全球按交易量计第三大的实物大宗商品期货，在非美国交易时段，亨利港天然气期货17年上半年的成交量较去年同期相比增长了31%。</li>\r\n    <li>标的物产量大，需求高，具发展前景：随着天然气价格持续徘徊在近10年低位，叠加全球主要经济体对于清洁能源的诉求，天然气能源替代煤炭消费具有明显的效应优势。而包括页岩气等技术的进步，天然气供应前景较好，从而为以中国为代表的经济体完成工业化向服务型、技术性经济转型之际的环保治理提供了额外的清洁能源基础。天然气能源发展趋势良好。</li>\r\n</ul>\r\n<p>&nbsp;</p>\r\n<p>金属类</p>\r\n<table id=&#34;market_hkex_table&#34; width=&#34;100%&#34; cellspacing=&#34;0&#34; cellpadding=&#34;0&#34; border=&#34;0&#34; style=&#34;width: 815px;&#34;>\r\n    <tbody>\r\n        <tr>\r\n            <th width=&#34;90&#34;>&nbsp;</th>\r\n            <th width=&#34;90&#34;><span class=&#34;text_bottom_line&#34;>美黄金</span></th>\r\n            <th width=&#34;90&#34;><span class=&#34;text_bottom_line&#34;>美白银</span></th>\r\n            <th width=&#34;90&#34;><span class=&#34;text_bottom_line&#34;>美铜</span></th>\r\n            <th width=&#34;90&#34;><span class=&#34;text_bottom_line&#34;>小型美黄金</span></th>\r\n            <th width=&#34;90&#34;><span class=&#34;text_bottom_line&#34;>小型美白银</span></th>\r\n        </tr>\r\n        <tr>\r\n            <td>编号</td>\r\n            <td>GC</td>\r\n            <td>SI</td>\r\n            <td>HG</td>\r\n            <td>QO</td>\r\n            <td>QI</td>\r\n        </tr>\r\n        <tr>\r\n            <td>合约乘数</td>\r\n            <td>100金衡制盎司</td>\r\n            <td>5,000金衡制盎司</td>\r\n            <td>25,000磅</td>\r\n            <td>50金衡制盎司</td>\r\n            <td>2,500金衡制盎司</td>\r\n        </tr>\r\n        <tr>\r\n            <td>最⼩变动价位</td>\r\n            <td>0.01</td>\r\n            <td>0.005</td>\r\n            <td>0.0005</td>\r\n            <td>0.25</td>\r\n            <td>0.0125</td>\r\n        </tr>\r\n        <tr>\r\n            <td>最⼩变动价位值</td>\r\n            <td>10USD</td>\r\n            <td>25USD</td>\r\n            <td>12.5USD</td>\r\n            <td>12.5USD</td>\r\n            <td>31.25USD</td>\r\n        </tr>\r\n        <tr>\r\n            <td>结算币种</td>\r\n            <td colspan=&#34;5&#34;>USD</td>\r\n        </tr>\r\n        <tr>\r\n            <td>交易时间</td>\r\n            <td colspan=&#34;5&#34;>06:00-05:00*</td>\r\n        </tr>\r\n        <tr>\r\n            <td>交易⽉份</td>\r\n            <td>近月连续3个月+双数月份 2,4,6,8,10,12</td>\r\n            <td>近月连续3个月+5个期货月 3,5,7,9,12</td>\r\n            <td>即月及其后23个月内任何月份</td>\r\n            <td>2,4,6,8,10,12</td>\r\n            <td>1,3,5,7,9,12</td>\r\n        </tr>\r\n        <tr>\r\n            <td>结算⽅式</td>\r\n            <td>实物</td>\r\n            <td>实物</td>\r\n            <td>实物</td>\r\n            <td>现金</td>\r\n            <td>现金</td>\r\n        </tr>\r\n    </tbody>\r\n</table>\r\n<p>&nbsp;</p>', '', '', '', '', '', '', '', '', '', '', '', '', '', '', '', '', '', '', '', '', '', '', '', '', '', '', '');
INSERT INTO `tb_huatai_trading_market_desc` (`language_id`, `trading_market_id`, `name`, `detail`, `url`, `seo_desc`, `seo_title`, `detail2`, `seo_h1`, `other_name1`, `other_name2`, `other_name3`, `other_name4`, `other_name5`, `other_name6`, `other_detail1`, `other_detail2`, `other_detail3`, `other_detail4`, `other_detail5`, `other_detail6`, `name2`, `other2_name`, `other2_name2`, `other2_detail`, `other3_name`, `other3_name2`, `other3_name3`, `other3_name4`, `other3_name5`, `other3_name6`, `other3_name7`, `other3_name8`, `other3_detail`, `name3`) VALUES
(1, 4, 'CME Group', '<p>Equity Index</p>\r\n<table id=&#34;market_hkex_table&#34; width=&#34;100%&#34; cellspacing=&#34;0&#34; cellpadding=&#34;0&#34; border=&#34;0&#34;>\r\n    <tbody>\r\n        <tr>\r\n            <th width=&#34;90&#34;>&nbsp;</th>\r\n            <th width=&#34;90&#34;><span class=&#34;text_bottom_line&#34;>E-Mini Dow ($5)</span></th>\r\n            <th width=&#34;90&#34;><span class=&#34;text_bottom_line&#34;>E-Mini S&amp;P 500</span></th>\r\n            <th width=&#34;90&#34;><span class=&#34;text_bottom_line&#34;>E-Mini Nasdaq-100</span></th>\r\n            <th width=&#34;90&#34;><span class=&#34;text_bottom_line&#34;>E-Mini Russell 2000</span></th>\r\n        </tr>\r\n        <tr>\r\n            <td>Code</td>\r\n            <td>YM</td>\r\n            <td>ES</td>\r\n            <td>NQ</td>\r\n            <td>RTY</td>\r\n        </tr>\r\n        <tr>\r\n            <td>Contract Unit</td>\r\n            <td>5USD*Index</td>\r\n            <td>50USD*Index</td>\r\n            <td>20USD*Index</td>\r\n            <td>5USD*Index</td>\r\n        </tr>\r\n        <tr>\r\n            <td>Minimum Tick Size</td>\r\n            <td>1</td>\r\n            <td>0.25</td>\r\n            <td>0.25</td>\r\n            <td>0.1</td>\r\n        </tr>\r\n        <tr>\r\n            <td>Minimum Price Fluctuation</td>\r\n            <td>5USD</td>\r\n            <td>12.5USD</td>\r\n            <td>5USD</td>\r\n            <td>5USD</td>\r\n        </tr>\r\n        <tr>\r\n            <td>Currency</td>\r\n            <td colspan=&#34;4&#34;>USD</td>\r\n        </tr>\r\n        <tr>\r\n            <td>Trading Hours</td>\r\n            <td colspan=&#34;2&#34;>06:00-04:15*, 04:30*-05:00* (04:15*-04:30* Trading Terminated)</td>\r\n            <td colspan=&#34;2&#34;>06:00-05:00* (04:15*-04:30*Trading Terminated)</td>\r\n        </tr>\r\n        <tr>\r\n            <td>Listed Contracts</td>\r\n            <td colspan=&#34;4&#34;>3,6,9,12</td>\r\n        </tr>\r\n        <tr>\r\n            <td>Settlement Method</td>\r\n            <td colspan=&#34;4&#34;>Financially Settled</td>\r\n        </tr>\r\n    </tbody>\r\n</table>\r\n<p>The content of the product contract will be updated from time to time. For details, please refer to Exchange websites.</p>\r\n<p>Index products (ie YM, ES, NQ, RTY) all provide micro-contracts for investors to trade, and the contract size of micro-contracts is smaller and the margin is relatively low.</p>\r\n<p>&nbsp;</p>\r\n<p>FX</p>\r\n<div>\r\n<table id=&#34;market_hkex_table&#34; width=&#34;70%&#34; cellspacing=&#34;0&#34; cellpadding=&#34;0&#34; border=&#34;0&#34;>\r\n    <tbody>\r\n        <tr>\r\n            <th width=&#34;50&#34;>&nbsp;</th>\r\n            <th width=&#34;50&#34;><span class=&#34;text_bottom_line&#34;>Australian Dollar</span></th>\r\n            <th width=&#34;50&#34;><span class=&#34;text_bottom_line&#34;>British Pound</span></th>\r\n            <th width=&#34;50&#34;><span class=&#34;text_bottom_line&#34;>Canadian Dollar</span></th>\r\n            <th width=&#34;50&#34;><span class=&#34;text_bottom_line&#34;>Euro FX</span></th>\r\n            <th width=&#34;50&#34;><span class=&#34;text_bottom_line&#34;>Japanese Yen</span></th>\r\n            <th width=&#34;50&#34;><span class=&#34;text_bottom_line&#34;>New Zealand Dollar</span></th>\r\n            <th width=&#34;50&#34;><span class=&#34;text_bottom_line&#34;>Swiss Franc</span></th>\r\n        </tr>\r\n        <tr>\r\n            <td>Code</td>\r\n            <td>AD</td>\r\n            <td>BP</td>\r\n            <td>CD</td>\r\n            <td>EC</td>\r\n            <td>JY</td>\r\n            <td>NE</td>\r\n            <td>SF</td>\r\n        </tr>\r\n        <tr>\r\n            <td>Contract Unit</td>\r\n            <td>100,000 Australian Dollars</td>\r\n            <td>62,500 Pounds</td>\r\n            <td>100,000 Canadian Dollars</td>\r\n            <td>125,000 Euros</td>\r\n            <td>12,500,000 Yen</td>\r\n            <td>100,000 New Zealand Dollars</td>\r\n            <td>125,000 Swiss Francs</td>\r\n        </tr>\r\n        <tr>\r\n            <td>Minimum Tick Size</td>\r\n            <td>0.00005</td>\r\n            <td>0.0001</td>\r\n            <td>0.00005</td>\r\n            <td>0.00005</td>\r\n            <td>0.0000005</td>\r\n            <td>0.0001</td>\r\n            <td>0.0001</td>\r\n        </tr>\r\n        <tr>\r\n            <td>Minimum Price Fluctuation</td>\r\n            <td>5USD</td>\r\n            <td>6.25USD</td>\r\n            <td>5USD</td>\r\n            <td>6.25USD</td>\r\n            <td>6.25USD</td>\r\n            <td>10USD</td>\r\n            <td>12.5USD</td>\r\n        </tr>\r\n        <tr>\r\n            <td>Currency</td>\r\n            <td colspan=&#34;7&#34;>USD</td>\r\n        </tr>\r\n        <tr>\r\n            <td>Trading Hours</td>\r\n            <td colspan=&#34;7&#34;>06:00-05:00*</td>\r\n        </tr>\r\n        <tr>\r\n            <td>Listed Contracts</td>\r\n            <td colspan=&#34;7&#34;>3,6,9,12</td>\r\n        </tr>\r\n        <tr>\r\n            <td>Settlement Methods</td>\r\n            <td colspan=&#34;7&#34;>Deliveralbe</td>\r\n        </tr>\r\n    </tbody>\r\n</table>\r\n<p>&nbsp;</p>\r\n</div>', '', '', '', '<p>&nbsp;Energy</p>\r\n<table id=&#34;market_hkex_table&#34; width=&#34;100%&#34; cellspacing=&#34;0&#34; cellpadding=&#34;0&#34; border=&#34;0&#34; style=&#34;width: 815px;&#34;>\r\n    <tbody>\r\n        <tr>\r\n            <th width=&#34;90&#34;>&nbsp;</th>\r\n            <th width=&#34;90&#34;><span class=&#34;text_bottom_line&#34;>Crude Oil</span></th>\r\n            <th width=&#34;90&#34;><span class=&#34;text_bottom_line&#34;>E-Mini Crude Oil</span></th>\r\n            <th width=&#34;90&#34;><span class=&#34;text_bottom_line&#34;>Brent Last Day Financial Futures</span></th>\r\n            <th width=&#34;90&#34;><span class=&#34;text_bottom_line&#34;>Henry Hub Natural Gas</span></th>\r\n            <th width=&#34;90&#34;><span class=&#34;text_bottom_line&#34;>E- Mini Natural Gas</span></th>\r\n        </tr>\r\n        <tr>\r\n            <td>Code</td>\r\n            <td>CL</td>\r\n            <td>QM</td>\r\n            <td>BZ</td>\r\n            <td>NG</td>\r\n            <td>QG</td>\r\n        </tr>\r\n        <tr>\r\n            <td>Contract Unit</td>\r\n            <td>1000 Barrels</td>\r\n            <td>500 Barrels</td>\r\n            <td>1000 Barrels</td>\r\n            <td>10,000mmBtu</td>\r\n            <td>2,500mmBtu</td>\r\n        </tr>\r\n        <tr>\r\n            <td>Minimum Tick Size</td>\r\n            <td>0.01</td>\r\n            <td>0.025</td>\r\n            <td>0.01</td>\r\n            <td>0.001</td>\r\n            <td>0.005</td>\r\n        </tr>\r\n        <tr>\r\n            <td>Minimum Price Fluctuation</td>\r\n            <td>10USD</td>\r\n            <td>12.5USD</td>\r\n            <td>10USD</td>\r\n            <td>10USD</td>\r\n            <td>12.5USD</td>\r\n        </tr>\r\n        <tr>\r\n            <td>Currency</td>\r\n            <td colspan=&#34;5&#34;>USD</td>\r\n        </tr>\r\n        <tr>\r\n            <td>Trading Hours</td>\r\n            <td colspan=&#34;5&#34;>06:00-05:00*</td>\r\n        </tr>\r\n        <tr>\r\n            <td>Listed Contracts</td>\r\n            <td>The Recent 72 Months</td>\r\n            <td>The Recent 61 Months</td>\r\n            <td>The Remaining Months of the Year and the Upcoming 7 Years</td>\r\n            <td>The Recent 144 Months</td>\r\n            <td>The Remaining Months of the Year and the Upcoming 3 Years</td>\r\n        </tr>\r\n        <tr>\r\n            <td>Settlement Methods</td>\r\n            <td>Deliveralbe</td>\r\n            <td>Financially Settled</td>\r\n            <td>Financially Settled</td>\r\n            <td>Deliveralbe</td>\r\n            <td>Financially Settled</td>\r\n        </tr>\r\n    </tbody>\r\n</table>\r\n<p>Advantages of participating in crude oil futures trading:</p>\r\n<ul>\r\n    <li>Low bid-ask spread: After years of development, the crude oil futures market has gathered various investors and has obtained great liquidity, and the bid-ask spread of crude oil futures is relatively low. Take the US crude oil CL2020 June contract as an example. At the close of the market on April 15th, the open position of that day had reached 498,152 lots, which shows the remarkable liquidity.</li>\r\n    <li>High-leverage trading: Compared with other types of crude oil products, the margin of crude oil futures product only accounts for a small part of the contract value. The relatively lower-margin and higher-leverage makes trading and hedging activities more capital efficient.</li>\r\n    <li>Flexible trading hours: Taking the US crude oil CL contract as an example, the trading hours start at 6 a.m. and goes to 5 a.m. the next day, shows a trading period that close to 24 hours. It&rsquo;s a supplement to crude oil futures products in domestic market for investors to trade.</li>\r\n    <li>High efficiency and transparency: A robust electronic transaction and settlement system allows investors to grasp the real-time changes in the market.</li>\r\n</ul>\r\n<p>Advantages of participating in natural gas and e-mini natural gas futures trading:</p>\r\n<ul>\r\n    <li>Henry Hub natural gas is a global pricing benchmark: Henry Hub is a major natural gas storage and delivery venus in the United States, and its price is regarded as the benchmark for all US natural gas pricing. The export of U.S. natural gas continues to expand to Europe and Asia, indicating it is becoming a global benchmark of natural gas.</li>\r\n    <li>Large trading volume and high liquidity: The CME Henry Hub natural gas futures is the third largest commodity futures in terms of trading volume in the world.<span class=&#34;Apple-converted-space&#34;>&nbsp;</span></li>\r\n    <li>Large output and high demand of the underlying commodity. As the price of natural gas continues to hover at a low level in the past 10 years, superimposed on the demands of the world&#39;s major economies for clean energy, natural gas energy has advantages in replacing coal consumption. Including technological advances such as the supply of shale gas, the prospects for natural gas supply are better, thus providing an additional option of clean energy for the environmental governance of the economy represented by China as it completes the transition from industrialization to a service-oriented and technological economy.<span class=&#34;Apple-converted-space&#34;>&nbsp;</span></li>\r\n</ul>\r\n<p>&nbsp;</p>\r\n<p>Metals</p>\r\n<table id=&#34;market_hkex_table&#34; width=&#34;100%&#34; cellspacing=&#34;0&#34; cellpadding=&#34;0&#34; border=&#34;0&#34; style=&#34;width: 815px;&#34;>\r\n    <tbody>\r\n        <tr>\r\n            <th width=&#34;90&#34;>&nbsp;</th>\r\n            <th width=&#34;90&#34;><span class=&#34;text_bottom_line&#34;>Gold</span></th>\r\n            <th width=&#34;90&#34;><span class=&#34;text_bottom_line&#34;>Silver</span></th>\r\n            <th width=&#34;90&#34;><span class=&#34;text_bottom_line&#34;>Copper</span></th>\r\n            <th width=&#34;90&#34;><span class=&#34;text_bottom_line&#34;>E-Mini Gold</span></th>\r\n            <th width=&#34;90&#34;><span class=&#34;text_bottom_line&#34;>E- Mini Silver</span></th>\r\n        </tr>\r\n        <tr>\r\n            <td>Code</td>\r\n            <td>GC</td>\r\n            <td>SI</td>\r\n            <td>HG</td>\r\n            <td>QO</td>\r\n            <td>QI</td>\r\n        </tr>\r\n        <tr>\r\n            <td>Contract Unit</td>\r\n            <td>100 Troy Ounces</td>\r\n            <td>5,000 Troy Ounces</td>\r\n            <td>25,000 Pounds</td>\r\n            <td>50 Troy Ounces</td>\r\n            <td>2,500 Troy Ounces</td>\r\n        </tr>\r\n        <tr>\r\n            <td>Minimum Tick Size</td>\r\n            <td>0.01</td>\r\n            <td>0.005</td>\r\n            <td>0.0005</td>\r\n            <td>0.25</td>\r\n            <td>0.0125</td>\r\n        </tr>\r\n        <tr>\r\n            <td>Minimum Price Fluctuation</td>\r\n            <td>10USD</td>\r\n            <td>25USD</td>\r\n            <td>12.5USD</td>\r\n            <td>12.5USD</td>\r\n            <td>31.25USD</td>\r\n        </tr>\r\n        <tr>\r\n            <td>Currency</td>\r\n            <td colspan=&#34;5&#34;>USD</td>\r\n        </tr>\r\n        <tr>\r\n            <td>Trading Hours</td>\r\n            <td colspan=&#34;5&#34;>06:00-05:00*</td>\r\n        </tr>\r\n        <tr>\r\n            <td>Listed Contracts</td>\r\n            <td>Monthly Contracts Listed for 3 Consecutive Months, any Feb, Apr, Aug, Oct in the Nearest 23 Months and any Jun and Dec in the Nearest 72 Months</td>\r\n            <td>Monthly Contracts Listed for 3 Consecutive Months and any Jan, Mar, May, and Sep in the Nearest 23 Months and any Jul and Dec in the nearest 60 months</td>\r\n            <td>Current Month and Any Month of the Following 23 Months</td>\r\n            <td>2,4,6,8,10,12</td>\r\n            <td>1,3,5,7,9,12</td>\r\n        </tr>\r\n        <tr>\r\n            <td>Settlement Methods</td>\r\n            <td>Deliveralbe</td>\r\n            <td>Deliveralbe</td>\r\n            <td>Deliveralbe</td>\r\n            <td>Financially Settled</td>\r\n            <td>Financially Settled</td>\r\n        </tr>\r\n    </tbody>\r\n</table>', '', '', '', '', '', '', '', '', '', '', '', '', '', '', '', '', '', '', '', '', '', '', '', '', '', '', ''),
(3, 5, '伦敦金属交易所及欧洲交易所产品', '<p>伦敦金属交易所产品</p>\r\n<p>&nbsp;</p>\r\n<table id=&#34;market_hkex_table&#34; width=&#34;100%&#34; cellspacing=&#34;0&#34; cellpadding=&#34;0&#34; border=&#34;0&#34;>\r\n    <tbody>\r\n        <tr>\r\n            <th width=&#34;90&#34;>&nbsp;</th>\r\n            <th width=&#34;90&#34;><span class=&#34;text_bottom_line&#34;>铝</span></th>\r\n            <th width=&#34;90&#34;><span class=&#34;text_bottom_line&#34;>铜</span></th>\r\n            <th width=&#34;90&#34;><span class=&#34;text_bottom_line&#34;>镍</span></th>\r\n            <th width=&#34;90&#34;><span class=&#34;text_bottom_line&#34;>铅</span></th>\r\n            <th width=&#34;90&#34;><span class=&#34;text_bottom_line&#34;>锡</span></th>\r\n            <th width=&#34;90&#34;><span class=&#34;text_bottom_line&#34;>锌</span></th>\r\n        </tr>\r\n        <tr>\r\n            <td>编号</td>\r\n            <td>AH<span style=&#34;white-space:pre&#34;>	</span></td>\r\n            <td>CA<span style=&#34;white-space:pre&#34;>	</span></td>\r\n            <td>NI</td>\r\n            <td>PB</td>\r\n            <td>SN</td>\r\n            <td>ZS</td>\r\n        </tr>\r\n        <tr>\r\n            <td>合约乘数</td>\r\n            <td>25吨</td>\r\n            <td>25吨</td>\r\n            <td>6吨</td>\r\n            <td>25吨</td>\r\n            <td>25吨</td>\r\n            <td>25吨</td>\r\n        </tr>\r\n        <tr>\r\n            <td>最⼩变动价位</td>\r\n            <td>0.5</td>\r\n            <td>0.5</td>\r\n            <td>5<span style=&#34;white-space:pre&#34;>	</span></td>\r\n            <td>0.5</td>\r\n            <td>5</td>\r\n            <td>0.5</td>\r\n        </tr>\r\n        <tr>\r\n            <td>最⼩变动价位值</td>\r\n            <td>12.5USD</td>\r\n            <td>12.5USD</td>\r\n            <td>30USD</td>\r\n            <td>&nbsp;12.5USD</td>\r\n            <td>25USD</td>\r\n            <td>12.5USD</td>\r\n        </tr>\r\n        <tr>\r\n            <td>结算币种</td>\r\n            <td colspan=&#34;6&#34;>USD</td>\r\n        </tr>\r\n        <tr>\r\n            <td>交易时间</td>\r\n            <td colspan=&#34;6&#34;>08:00-02:00*</td>\r\n        </tr>\r\n        <tr>\r\n            <td>交易⽉份</td>\r\n            <td colspan=&#34;6&#34;>3个月到期</td>\r\n        </tr>\r\n        <tr>\r\n            <td>结算⽅式</td>\r\n            <td colspan=&#34;6&#34;>实物</td>\r\n        </tr>\r\n    </tbody>\r\n</table>\r\n<p>&nbsp;</p>\r\n<p>特点：</p>\r\n<p>杠杆买卖</p>\r\n<p>有色金属合约以按金形式交易，而按金金额通常只占合约总值的一小部份，这种具有低按金高杠杆的特性，令买卖及对冲活动更具资本效益。</p>\r\n<p>高透明度</p>\r\n<p>伦敦金属交易所是一个高透明的市场，交易所会公布不同产品每天的价格，世界各地亦以此来厘定基础价格，以作出售或购买。</p>\r\n<p>交投活跃</p>\r\n<p>伦敦金属交易所是一个全球性及高度流动性的市场，由于交投活跃，买卖差价会相对较低，亦可避免因临近到期或差价太阔而未能平仓。</p>\r\n<p>&nbsp;</p>\r\n<p>移仓/调期 (Carry Trades)：</p>\r\n<p>移仓/调期是为了缩短或延迟交收日期，以自行平仓，当中亦会牵涉到盈亏计算。客户必须致电盘户以进行移仓/调期。</p>\r\n<p>例子:</p>\r\n<p>客户A于2017年9月3日买入1手(25吨)3个月的铜，价格为USD5890，该合约到期日为2017年12月3日。</p>\r\n<p>客户A于2017年10月5日沽出了1手(25吨)3个月的铜，价格为USD5960，该合约到期日为2018年1月5日。</p>\r\n<p>由于客户A买入和沽出的合约到期日不同(分别为2017年12月3日及2018年1月5日)，所以未能够自行平仓。</p>\r\n<p>客户A须要移仓/调期，即沽出1手(25吨)铜到期日为2017年12月3日，并买入1手(25吨)铜到期日为2018年1月5日。假设沽出的1手铜价格为USD5940，而买入的1手铜价格为USD5965，移仓/调期当中便有USD25铜价的亏损。</p>\r\n<p>移仓/调期后，才能自行平仓。</p>\r\n<p>&nbsp;</p>\r\n<p>*以上盈亏计算并未包括佣金收费</p>\r\n<p>&nbsp;</p>\r\n<p>欧洲交易所产品</p>\r\n<p>\r\n<table id=&#34;market_hkex_table&#34; width=&#34;100%&#34; cellspacing=&#34;0&#34; cellpadding=&#34;0&#34; border=&#34;0&#34;>\r\n    <tbody>\r\n        <tr>\r\n            <th width=&#34;90&#34;>&nbsp;</th>\r\n            <th width=&#34;90&#34;><span class=&#34;text_bottom_line&#34;>德国DAX</span></th>\r\n            <th width=&#34;90&#34;><span class=&#34;text_bottom_line&#34;>欧盟50指数</span></th>\r\n            <th width=&#34;90&#34;><span class=&#34;text_bottom_line&#34;>欧洲恐慌指数</span></th>\r\n            <th width=&#34;90&#34;><span class=&#34;text_bottom_line&#34;>欧元德国10年国债</span></th>\r\n        </tr>\r\n        <tr>\r\n            <td>编号</td>\r\n            <td>DAX</td>\r\n            <td>ESX</td>\r\n            <td>VS</td>\r\n            <td>GBL</td>\r\n        </tr>\r\n        <tr>\r\n            <td>合约乘数</td>\r\n            <td>25欧元*指数</td>\r\n            <td>10欧元*指数</td>\r\n            <td>100欧元*指数</td>\r\n            <td>100,000欧元</td>\r\n        </tr>\r\n        <tr>\r\n            <td>最⼩变动价位</td>\r\n            <td>1</td>\r\n            <td>1</td>\r\n            <td>0.05</td>\r\n            <td>0.0001</td>\r\n        </tr>\r\n        <tr>\r\n            <td>最⼩变动价位值</td>\r\n            <td>25EUR</td>\r\n            <td>10EUR</td>\r\n            <td>5EUR</td>\r\n            <td>10EUR</td>\r\n        </tr>\r\n        <tr>\r\n            <td>结算币种</td>\r\n            <td colspan=&#34;4&#34;>EUR</td>\r\n        </tr>\r\n        <tr>\r\n            <td>交易时间</td>\r\n            <td colspan=&#34;2&#34;>08:00-04:00*</td>\r\n            <td>13:50-04:00*</td>\r\n            <td>08:00-04:00*</td>\r\n        </tr>\r\n        <tr>\r\n            <td>交易⽉份</td>\r\n            <td colspan=&#34;2&#34;>3,6,9,12</td>\r\n            <td>九个连续月</td>\r\n            <td>3,6,9,12</td>\r\n        </tr>\r\n        <tr>\r\n            <td>结算⽅式</td>\r\n            <td colspan=&#34;3&#34;>现⾦</td>\r\n            <td>实物</td>\r\n        </tr>\r\n    </tbody>\r\n</table>\r\n</p>', '', '', '', '', '', '', '', '', '', '', '', '', '', '', '', '', '', '', '', '', '', '', '', '', '', '', '', '', '', '', ''),
(1, 5, 'LME and Eurex', '<p>LME Products</p>\r\n<p>&nbsp;</p>\r\n<table id=&#34;market_hkex_table&#34; width=&#34;100%&#34; cellspacing=&#34;0&#34; cellpadding=&#34;0&#34; border=&#34;0&#34;>\r\n    <tbody>\r\n        <tr>\r\n            <th width=&#34;90&#34;>&nbsp;</th>\r\n            <th width=&#34;90&#34;><span class=&#34;text_bottom_line&#34;>Aluminium</span></th>\r\n            <th width=&#34;90&#34;><span class=&#34;text_bottom_line&#34;>Copper</span></th>\r\n            <th width=&#34;90&#34;><span class=&#34;text_bottom_line&#34;>Nickel</span></th>\r\n            <th width=&#34;90&#34;><span class=&#34;text_bottom_line&#34;>Lead</span></th>\r\n            <th width=&#34;90&#34;><span class=&#34;text_bottom_line&#34;>Tin</span></th>\r\n            <th width=&#34;90&#34;><span class=&#34;text_bottom_line&#34;>Zinc</span></th>\r\n        </tr>\r\n        <tr>\r\n            <td>Code</td>\r\n            <td>AH</td>\r\n            <td>CA</td>\r\n            <td>NI</td>\r\n            <td>PB</td>\r\n            <td>SN</td>\r\n            <td>ZS</td>\r\n        </tr>\r\n        <tr>\r\n            <td>Contract Size</td>\r\n            <td>25&nbsp;Tonnes</td>\r\n            <td>25&nbsp;Tonnes</td>\r\n            <td>6&nbsp;Tonnes</td>\r\n            <td>25&nbsp;Tonnes</td>\r\n            <td>25&nbsp;Tonnes</td>\r\n            <td>25&nbsp;Tonnes</td>\r\n        </tr>\r\n        <tr>\r\n            <td>Minimum Tick Size</td>\r\n            <td>0.5</td>\r\n            <td>0.5</td>\r\n            <td>5</td>\r\n            <td>0.5</td>\r\n            <td>5</td>\r\n            <td>0.5</td>\r\n        </tr>\r\n        <tr>\r\n            <td>Minimum Price Fluctuation</td>\r\n            <td>12.5USD</td>\r\n            <td>12.5USD</td>\r\n            <td>30USD</td>\r\n            <td>&nbsp;12.5USD</td>\r\n            <td>25USD</td>\r\n            <td>12.5USD</td>\r\n        </tr>\r\n        <tr>\r\n            <td>Currency</td>\r\n            <td colspan=&#34;6&#34;>USD</td>\r\n        </tr>\r\n        <tr>\r\n            <td>Trading Hours</td>\r\n            <td colspan=&#34;6&#34;>08:00-02:00*</td>\r\n        </tr>\r\n        <tr>\r\n            <td>Prompt Dates</td>\r\n            <td colspan=&#34;6&#34;>Out to 3 Months</td>\r\n        </tr>\r\n        <tr>\r\n            <td>Settlement Methods</td>\r\n            <td colspan=&#34;6&#34;>Deliverable</td>\r\n        </tr>\r\n    </tbody>\r\n</table>\r\n<p>Features:</p>\r\n<p>&bull;&nbsp; Leveraged trading</p>\r\n<p>The margin amount usually only accounts for a small part of the total contract value. Lower margin and higher leverage makes trading and hedging activities more capital efficient.</p>\r\n<p>&bull;&nbsp; High transparency</p>\r\n<p>LME is a highly transparent market. The exchange will release the daily prices of different products, which is a widely- recognized price benchmark to determine the basic price for sale or purchase.</p>\r\n<p>&bull;&nbsp; High liquidity</p>\r\n<p>LME provides great trading liquidity. Due to the active trading, the bid-ask spread will be relatively low, and it may also avoid the failure to close out due to the approaching expiration or the wide bid- ask spread.</p>\r\n<p>Client A bought 1 lot (25 tons) of copper with the prompt day out to 3 months on September 3, 2017 at a price of USD 5890. The contract expires on December 3, 2017.</p>\r\n<p>In addition, client A sold 1 lot (25 tons) of copper with the prompt day out to 3 months on October 5, 2017 at a price of USD 5960. The contract expires on January 5, 2018.</p>\r\n<p>Due to the different expiry dates of the contracts bought and sold by client A (respectively December 3, 2017 and January 5, 2018), the long and short position cannot close out automatically.</p>\r\n<p>Client A needs to conduct carry trade, which means selling 1 lot (25 tons) of copper with the expiry day at December 3, 2017, and buying 1 lot (25 tons) of copper with the expiry day at January 5, 2018. Suppose that the price of 1 lot of copper sold is USD5940, and the price of 1 lot of copper bought is USD5965, there will be a loss of USD25 copper price caused by the carry trade.</p>\r\n<p>*The above profit and loss calculation does not include commission fees</p>\r\n<p>&nbsp;</p>\r\n<p>EUREX Products</p>\r\n<table id=&#34;market_hkex_table&#34; width=&#34;100%&#34; cellspacing=&#34;0&#34; cellpadding=&#34;0&#34; border=&#34;0&#34;>\r\n    <tbody>\r\n        <tr>\r\n            <th width=&#34;90&#34;>&nbsp;</th>\r\n            <th width=&#34;90&#34;><span class=&#34;text_bottom_line&#34;>Dax</span></th>\r\n            <th width=&#34;90&#34;><span class=&#34;text_bottom_line&#34;>Euro STOXX 50 Index</span></th>\r\n            <th width=&#34;90&#34;><span class=&#34;text_bottom_line&#34;>VSTOXX</span></th>\r\n            <th width=&#34;90&#34;><span class=&#34;text_bottom_line&#34;>EURO- Bund</span></th>\r\n        </tr>\r\n        <tr>\r\n            <td>Code</td>\r\n            <td>DAX</td>\r\n            <td>ESX</td>\r\n            <td>VS</td>\r\n            <td>GBL</td>\r\n        </tr>\r\n        <tr>\r\n            <td>Contract Size</td>\r\n            <td>25Euro* Index</td>\r\n            <td>10Euro* Index</td>\r\n            <td>100Euro* Index</td>\r\n            <td>100,000Euro</td>\r\n        </tr>\r\n        <tr>\r\n            <td>Minimum Tick Size</td>\r\n            <td>1</td>\r\n            <td>1</td>\r\n            <td>0.05</td>\r\n            <td>0.0001</td>\r\n        </tr>\r\n        <tr>\r\n            <td>Minimum Price Fluctuation</td>\r\n            <td>25EUR</td>\r\n            <td>10EUR</td>\r\n            <td>5EUR</td>\r\n            <td>10EUR</td>\r\n        </tr>\r\n        <tr>\r\n            <td>Currency</td>\r\n            <td colspan=&#34;4&#34;>EUR</td>\r\n        </tr>\r\n        <tr>\r\n            <td>Trading Hours</td>\r\n            <td colspan=&#34;2&#34;>08:00-04:00*</td>\r\n            <td>13:50-04:00*</td>\r\n            <td>08:00-04:00*</td>\r\n        </tr>\r\n        <tr>\r\n            <td>Listed Contracts</td>\r\n            <td colspan=&#34;2&#34;>3,6,9,12</td>\r\n            <td>9 Consecutive Months</td>\r\n            <td>3,6,9,12</td>\r\n        </tr>\r\n        <tr>\r\n            <td>Settlement Method</td>\r\n            <td colspan=&#34;3&#34;>Finacially Settled</td>\r\n            <td>Deliverable</td>\r\n        </tr>\r\n    </tbody>\r\n</table>', '', '', '', '', '', '', '', '', '', '', '', '', '', '', '', '', '', '', '', '', '', '', '', '', '', '', '', '', '', '', ''),
(3, 7, '新加坡交易所产品', '<p>&nbsp;</p>\r\n<table id=&#34;market_hkex_table&#34; width=&#34;100%&#34; cellspacing=&#34;0&#34; cellpadding=&#34;0&#34; border=&#34;0&#34;>\r\n    <tbody>\r\n        <tr>\r\n            <th width=&#34;90&#34;>&nbsp;</th>\r\n            <th width=&#34;90&#34;><span class=&#34;text_bottom_line&#34;>富时中国指数A50</span></th>\r\n            <th width=&#34;90&#34;><span class=&#34;text_bottom_line&#34;>日经225指数</span></th>\r\n            <th width=&#34;90&#34;><span class=&#34;text_bottom_line&#34;>美元兑人民币</span></th>\r\n            <th width=&#34;90&#34;><span class=&#34;text_bottom_line&#34;>铁矿石</span></th>\r\n        </tr>\r\n        <tr>\r\n            <td>编号</td>\r\n            <td>CN</td>\r\n            <td>NK</td>\r\n            <td>UC</td>\r\n            <td>FE</td>\r\n        </tr>\r\n        <tr>\r\n            <td>合约乘数</td>\r\n            <td>1美元*指数</td>\r\n            <td>&nbsp;500日元*指数</td>\r\n            <td>100,000美元</td>\r\n            <td>100吨</td>\r\n        </tr>\r\n        <tr>\r\n            <td>最小变动价位</td>\r\n            <td>1</td>\r\n            <td>5</td>\r\n            <td>0.0001</td>\r\n            <td>0.01</td>\r\n        </tr>\r\n        <tr>\r\n            <td>最小变动价位值</td>\r\n            <td>1USD</td>\r\n            <td>2500JPY</td>\r\n            <td>10CNH</td>\r\n            <td>1USD</td>\r\n        </tr>\r\n        <tr>\r\n            <td>结算币种</td>\r\n            <td>USD</td>\r\n            <td>JPY</td>\r\n            <td>CNH</td>\r\n            <td>USD</td>\r\n        </tr>\r\n        <tr>\r\n            <td>交易时间</td>\r\n            <td>09:00-16:35,17:00-05:15*</td>\r\n            <td>07:30-14:30,14:55-05:15*</td>\r\n            <td>07:25-18:00,18:15-05:15*</td>\r\n            <td>08:00-20:00,20:15-05:15*</td>\r\n        </tr>\r\n        <tr>\r\n            <td>交易月份</td>\r\n            <td>最近2个月及4个季月</td>\r\n            <td>3,6,9,12</td>\r\n            <td>13个连续月及之后8个季月</td>\r\n            <td>最近48个月</td>\r\n        </tr>\r\n        <tr>\r\n            <td>结算方式</td>\r\n            <td colspan=&#34;4&#34;>现金</td>\r\n        </tr>\r\n    </tbody>\r\n</table>\r\n<p>&nbsp;</p>', '', '', '', '', '', '', '', '', '', '', '', '', '', '', '', '', '', '', '', '', '', '', '', '', '', '', '', '', '', '', ''),
(3, 8, '日本交易所集团产品', '<p>&nbsp;&nbsp;</p>\r\n<table id=&#34;market_hkex_table&#34; width=&#34;750&#34; cellspacing=&#34;0&#34; cellpadding=&#34;0&#34; border=&#34;0&#34; style=&#34;width: 830px;&#34;>\r\n    <tbody>\r\n        <tr>\r\n            <th width=&#34;90&#34;>&nbsp;</th>\r\n            <th width=&#34;90&#34;><span class=&#34;text_bottom_line&#34;>日橡胶</span></th>\r\n            <th width=&#34;90&#34;><span class=&#34;text_bottom_line&#34;>大板日经指数</span></th>\r\n            <th width=&#34;90&#34;><span class=&#34;text_bottom_line&#34;>大阪小型日经指数</span></th>\r\n        </tr>\r\n        <tr>\r\n            <td>编号</td>\r\n            <td>JRU</td>\r\n            <td>NK225</td>\r\n            <td>NK225M</td>\r\n        </tr>\r\n        <tr>\r\n            <td>合约乘数</td>\r\n            <td>5,000kg</td>\r\n            <td>1000日元*指数</td>\r\n            <td>100日元*指数</td>\r\n        </tr>\r\n        <tr>\r\n            <td>最小变动价位</td>\r\n            <td>0.1</td>\r\n            <td>10<span style=&#34;white-space: pre;&#34;>	</span></td>\r\n            <td>5</td>\r\n        </tr>\r\n        <tr>\r\n            <td>最小变动价位值</td>\r\n            <td>500JPY</td>\r\n            <td>10000JPY</td>\r\n            <td>500JPY</td>\r\n        </tr>\r\n        <tr>\r\n            <td>结算币种</td>\r\n            <td>JPY</td>\r\n            <td>JPY</td>\r\n            <td>JPY</td>\r\n        </tr>\r\n        <tr>\r\n            <td>交易时间</td>\r\n            <td>07:45-14:15,15:30-18:00</td>\r\n            <td>07:45-14:15,15:30-04:30*</td>\r\n            <td>07:45-14:15,15:30-04:30*</td>\r\n        </tr>\r\n        <tr>\r\n            <td>交易月份</td>\r\n            <td>最近6个月</td>\r\n            <td>3,6,9,12</td>\r\n            <td>最近4个月和3个季月</td>\r\n        </tr>\r\n        <tr>\r\n            <td>结算方式</td>\r\n            <td>实物</td>\r\n            <td>现金</td>\r\n            <td>现金</td>\r\n        </tr>\r\n    </tbody>\r\n</table>', '', '', '', '', '', '', '', '', '', '', '', '', '', '', '', '', '', '', '', '', '', '', '', '', '', '', '', '', '', '', ''),
(1, 8, 'OSE & TOCOM', '<p>&nbsp;</p>\r\n<table id=&#34;market_hkex_table&#34; width=&#34;750&#34; cellspacing=&#34;0&#34; cellpadding=&#34;0&#34; border=&#34;0&#34;>\r\n    <tbody>\r\n        <tr>\r\n            <th width=&#34;90&#34;>&nbsp;</th>\r\n            <th width=&#34;90&#34;><span class=&#34;text_bottom_line&#34;>RSS3 Rubber</span></th>\r\n            <th width=&#34;90&#34;><span class=&#34;text_bottom_line&#34;>Nikkei 225</span></th>\r\n            <th width=&#34;90&#34;><span class=&#34;text_bottom_line&#34;>Nikkei 225 Mini</span></th>\r\n        </tr>\r\n        <tr>\r\n            <td>Code</td>\r\n            <td>JRU</td>\r\n            <td>NK225</td>\r\n            <td>NK225M</td>\r\n        </tr>\r\n        <tr>\r\n            <td>Contract Size</td>\r\n            <td>5,000kg</td>\r\n            <td>1000JPY*Index</td>\r\n            <td>100JPY*Index</td>\r\n        </tr>\r\n        <tr>\r\n            <td>Minimum Tick Size</td>\r\n            <td>0.1</td>\r\n            <td>10<span style=&#34;white-space: pre;&#34;>	</span></td>\r\n            <td>5</td>\r\n        </tr>\r\n        <tr>\r\n            <td>Minimum Price Fluctuation</td>\r\n            <td>500JPY</td>\r\n            <td>10000JPY</td>\r\n            <td>500JPY</td>\r\n        </tr>\r\n        <tr>\r\n            <td>Currency</td>\r\n            <td>JPY</td>\r\n            <td>JPY</td>\r\n            <td>JPY</td>\r\n        </tr>\r\n        <tr>\r\n            <td>Trading Hours</td>\r\n            <td>07:45-14:15,15:30-18:00</td>\r\n            <td>07:45-14:15,15:30-04:30*</td>\r\n            <td>07:45-14:15,15:30-04:30*</td>\r\n        </tr>\r\n        <tr>\r\n            <td>Listed Contracts</td>\r\n            <td>The Upcoming 6 Months</td>\r\n            <td>3,6,9,12</td>\r\n            <td>The Upcoming 4 Months and 3 Calendar Quarter Months</td>\r\n        </tr>\r\n        <tr>\r\n            <td>Settlement Methods</td>\r\n            <td>Deliverable</td>\r\n            <td>Financially Settled</td>\r\n            <td>Financially Settled</td>\r\n        </tr>\r\n    </tbody>\r\n</table>\r\n<p>&nbsp;</p>', '', '', '', '', '', '', '', '', '', '', '', '', '', '', '', '', '', '', '', '', '', '', '', '', '', '', '', '', '', '', ''),
(3, 9, '洲际交易所产品', '<p>原油类产品</p>\r\n<table id=&#34;market_hkex_table&#34; width=&#34;100%&#34; cellspacing=&#34;0&#34; cellpadding=&#34;0&#34; border=&#34;0&#34;>\r\n    <tbody>\r\n        <tr>\r\n            <th width=&#34;90&#34;>&nbsp;</th>\r\n            <th width=&#34;90&#34;><span class=&#34;text_bottom_line&#34;>布伦特原油</span></th>\r\n            <th width=&#34;90&#34;><span class=&#34;text_bottom_line&#34;>迷你布伦特原油</span></th>\r\n            <th width=&#34;90&#34;><span class=&#34;text_bottom_line&#34;>WTI原油</span></th>\r\n            <th width=&#34;90&#34;><span class=&#34;text_bottom_line&#34;>汽油</span></th>\r\n        </tr>\r\n        <tr>\r\n            <td>编号</td>\r\n            <td>B</td>\r\n            <td>BM</td>\r\n            <td>T</td>\r\n            <td>G</td>\r\n        </tr>\r\n        <tr>\r\n            <td>合约乘数</td>\r\n            <td>1,000桶</td>\r\n            <td>100桶</td>\r\n            <td>1,000桶</td>\r\n            <td>100桶</td>\r\n        </tr>\r\n        <tr>\r\n            <td>最⼩变动价位</td>\r\n            <td>0.01</td>\r\n            <td>0.01</td>\r\n            <td>0.01</td>\r\n            <td>0.25</td>\r\n        </tr>\r\n        <tr>\r\n            <td>最⼩变动价位值</td>\r\n            <td>10USD</td>\r\n            <td>1USD</td>\r\n            <td>10USD</td>\r\n            <td>25USD</td>\r\n        </tr>\r\n        <tr>\r\n            <td>结算币种</td>\r\n            <td colspan=&#34;4&#34;>USD</td>\r\n        </tr>\r\n        <tr>\r\n            <td>交易时间</td>\r\n            <td>08:00-06:00*，周一6：00开盘</td>\r\n            <td>08:00-06:00*</td>\r\n            <td>08:00-06:00*</td>\r\n            <td>08:00-06:00*，周一6：00开盘</td>\r\n        </tr>\r\n        <tr>\r\n            <td>交易⽉份</td>\r\n            <td colspan=&#34;2&#34;>最近96个月</td>\r\n            <td colspan=&#34;2&#34;>最近9个月</td>\r\n        </tr>\r\n        <tr>\r\n            <td>结算⽅式</td>\r\n            <td colspan=&#34;3&#34;>现⾦</td>\r\n            <td colspan=&#34;1&#34;>实物</td>\r\n        </tr>\r\n    </tbody>\r\n</table>\r\n<p>指数类产品</p>\r\n<table id=&#34;market_hkex_table&#34; width=&#34;100%&#34; cellspacing=&#34;0&#34; cellpadding=&#34;0&#34; border=&#34;0&#34;>\r\n    <tbody>\r\n        <tr>\r\n            <th width=&#34;90&#34;>&nbsp;</th>\r\n            <th width=&#34;90&#34;><span class=&#34;text_bottom_line&#34;>美元指数</span></th>\r\n            <th width=&#34;90&#34;><span class=&#34;text_bottom_line&#34;>迷你美元指数</span></th>\r\n            <th width=&#34;90&#34;><span class=&#34;text_bottom_line&#34;>富时100指数</span></th>\r\n        </tr>\r\n        <tr>\r\n            <td>编号</td>\r\n            <td>DX</td>\r\n            <td>SDX</td>\r\n            <td>Z</td>\r\n        </tr>\r\n        <tr>\r\n            <td>合约乘数</td>\r\n            <td>1,000美元*指数</td>\r\n            <td>200美元*指数</td>\r\n            <td>10英镑*指数</td>\r\n        </tr>\r\n        <tr>\r\n            <td>最⼩变动价位</td>\r\n            <td>0.005</td>\r\n            <td>0.005</td>\r\n            <td>0.5</td>\r\n        </tr>\r\n        <tr>\r\n            <td>最⼩变动价位值</td>\r\n            <td>5USD</td>\r\n            <td>1USD</td>\r\n            <td>5GBP</td>\r\n        </tr>\r\n        <tr>\r\n            <td>结算币种</td>\r\n            <td colspan=&#34;2&#34;>USD</td>\r\n            <td>GBP</td>\r\n        </tr>\r\n        <tr>\r\n            <td>交易时间</td>\r\n            <td>周一06：00-05：00*周二至周五08:00-05:00*</td>\r\n            <td>08:00-06:00*</td>\r\n            <td>08:00-04:00*</td>\r\n        </tr>\r\n        <tr>\r\n            <td>交易⽉份</td>\r\n            <td colspan=&#34;2&#34;>3,6,9,12</td>\r\n            <td colspan=&#34;2&#34;>四个季度月份</td>\r\n        </tr>\r\n        <tr>\r\n            <td>结算⽅式</td>\r\n            <td colspan=&#34;2&#34;>实物</td>\r\n            <td colspan=&#34;1&#34;>现金</td>\r\n        </tr>\r\n    </tbody>\r\n</table>\r\n<p>&nbsp;</p>\r\n<p>大宗商品类产品</p>\r\n<table id=&#34;market_hkex_table&#34; width=&#34;100%&#34; cellspacing=&#34;0&#34; cellpadding=&#34;0&#34; border=&#34;0&#34;>\r\n    <tbody>\r\n        <tr>\r\n            <th width=&#34;90&#34;>&nbsp;</th>\r\n            <th width=&#34;90&#34;><span class=&#34;text_bottom_line&#34;>原糖11号</span></th>\r\n            <th width=&#34;90&#34;><span class=&#34;text_bottom_line&#34;>伦敦白糖</span></th>\r\n            <th width=&#34;90&#34;><span class=&#34;text_bottom_line&#34;>咖啡</span></th>\r\n            <th width=&#34;90&#34;><span class=&#34;text_bottom_line&#34;>罗博士特咖啡</span></th>\r\n            <th width=&#34;90&#34;><span class=&#34;text_bottom_line&#34;>美可可</span></th>\r\n            <th width=&#34;90&#34;><span class=&#34;text_bottom_line&#34;>伦敦可可</span></th>\r\n        </tr>\r\n        <tr>\r\n            <td>编号</td>\r\n            <td>SB</td>\r\n            <td>W</td>\r\n            <td>KC</td>\r\n            <td>RC/</td>\r\n            <td>CC</td>\r\n            <td>C</td>\r\n        </tr>\r\n        <tr>\r\n            <td>合约乘数</td>\r\n            <td>112,000磅</td>\r\n            <td>50吨</td>\r\n            <td>37,500磅</td>\r\n            <td>10吨</td>\r\n            <td>10吨</td>\r\n            <td>10吨</td>\r\n        </tr>\r\n        <tr>\r\n            <td>最⼩变动价位</td>\r\n            <td>0.01</td>\r\n            <td>0.01</td>\r\n            <td>0.05</td>\r\n            <td>1</td>\r\n            <td>1</td>\r\n            <td>1</td>\r\n        </tr>\r\n        <tr>\r\n            <td>最⼩变动价位值</td>\r\n            <td>11.20USD</td>\r\n            <td>5USD</td>\r\n            <td>18.75USD</td>\r\n            <td>10USD</td>\r\n            <td>10USD</td>\r\n            <td>10GBP</td>\r\n        </tr>\r\n        <tr>\r\n            <td>结算币种</td>\r\n            <td colspan=&#34;5&#34;>USD</td>\r\n            <td>GBP</td>\r\n        </tr>\r\n        <tr>\r\n            <td>交易时间</td>\r\n            <td>15:30-01:00*</td>\r\n            <td>15:45-01:00*</td>\r\n            <td>16:15-01:30*</td>\r\n            <td>16:00-00:30*</td>\r\n            <td>16:45-01:30*</td>\r\n            <td>16:30-23:55</td>\r\n        </tr>\r\n        <tr>\r\n            <td>交易⽉份</td>\r\n            <td>3,5,7,10</td>\r\n            <td>3,5,8,10,12</td>\r\n            <td>3,5,7,9,12</td>\r\n            <td>1,3,5,7,9,11</td>\r\n            <td>3,5,7,9,12</td>\r\n            <td>3,5,7,9,12</td>\r\n        </tr>\r\n        <tr>\r\n            <td>结算⽅式</td>\r\n            <td colspan=&#34;6&#34;>实物</td>\r\n        </tr>\r\n    </tbody>\r\n</table>\r\n<p>&nbsp;</p>', '', '', '', '', '', '', '', '', '', '', '', '', '', '', '', '', '', '', '', '', '', '', '', '', '', '', '', '', '', '', ''),
(1, 9, 'ICE', '<p>&nbsp;Crude Oil</p>\r\n<table id=&#34;market_hkex_table&#34; width=&#34;100%&#34; cellspacing=&#34;0&#34; cellpadding=&#34;0&#34; border=&#34;0&#34;>\r\n    <tbody>\r\n        <tr>\r\n            <th width=&#34;90&#34;>&nbsp;</th>\r\n            <th width=&#34;90&#34;><span class=&#34;text_bottom_line&#34;>Brent Crude</span></th>\r\n            <th width=&#34;90&#34;><span class=&#34;text_bottom_line&#34;>Mini Brent Crude</span></th>\r\n            <th width=&#34;90&#34;><span class=&#34;text_bottom_line&#34;>WTI Crude Oil</span></th>\r\n            <th width=&#34;90&#34;><span class=&#34;text_bottom_line&#34;>Low Sulphur Gasoil</span></th>\r\n        </tr>\r\n        <tr>\r\n            <td>Code</td>\r\n            <td>B</td>\r\n            <td>BM</td>\r\n            <td>T</td>\r\n            <td>G</td>\r\n        </tr>\r\n        <tr>\r\n            <td>Contract Size</td>\r\n            <td>1,000barrels</td>\r\n            <td>100barrels</td>\r\n            <td>1,000barrels</td>\r\n            <td>100barrels</td>\r\n        </tr>\r\n        <tr>\r\n            <td>Minimum Tick Size</td>\r\n            <td>0.01</td>\r\n            <td>0.01</td>\r\n            <td>0.01</td>\r\n            <td>0.25</td>\r\n        </tr>\r\n        <tr>\r\n            <td>Minimum Price Fluctuation</td>\r\n            <td>10USD</td>\r\n            <td>1USD</td>\r\n            <td>10USD</td>\r\n            <td>25USD</td>\r\n        </tr>\r\n        <tr>\r\n            <td>Currency</td>\r\n            <td colspan=&#34;4&#34;>USD</td>\r\n        </tr>\r\n        <tr>\r\n            <td>Trading Hours</td>\r\n            <td>08:00-06:00*，Starts at&nbsp;6：00&nbsp;on Monday</td>\r\n            <td>08:00-06:00*</td>\r\n            <td>08:00-06:00*</td>\r\n            <td>08:00-06:00*，Starts at&nbsp;6：00&nbsp;on Monday</td>\r\n        </tr>\r\n        <tr>\r\n            <td>Listed Contracts</td>\r\n            <td colspan=&#34;2&#34;>\r\n            <p>The Upcoming 96 Months</p>\r\n            </td>\r\n            <td colspan=&#34;2&#34;>The Upcoming 9 Months</td>\r\n        </tr>\r\n        <tr>\r\n            <td>Settlement Method</td>\r\n            <td colspan=&#34;3&#34;>Financially Settled</td>\r\n            <td colspan=&#34;1&#34;>Deliverable</td>\r\n        </tr>\r\n    </tbody>\r\n</table>\r\n<p>&nbsp;</p>\r\n<p>Index</p>\r\n<table id=&#34;market_hkex_table&#34; width=&#34;100%&#34; cellspacing=&#34;0&#34; cellpadding=&#34;0&#34; border=&#34;0&#34;>\r\n    <tbody>\r\n        <tr>\r\n            <th width=&#34;90&#34;>&nbsp;</th>\r\n            <th width=&#34;90&#34;><span class=&#34;text_bottom_line&#34;>US Dollar Index</span></th>\r\n            <th width=&#34;90&#34;><span class=&#34;text_bottom_line&#34;>Mini US Dollar Index</span></th>\r\n            <th width=&#34;90&#34;><span class=&#34;text_bottom_line&#34;>FTSE 100 Index</span></th>\r\n        </tr>\r\n        <tr>\r\n            <td>Code</td>\r\n            <td>DX</td>\r\n            <td>SDX</td>\r\n            <td>Z</td>\r\n        </tr>\r\n        <tr>\r\n            <td>Contract Size</td>\r\n            <td>1,000USD*Index</td>\r\n            <td>200USD*Index</td>\r\n            <td>10Pounds*Index</td>\r\n        </tr>\r\n        <tr>\r\n            <td>Minimum Tick Size</td>\r\n            <td>0.005</td>\r\n            <td>0.005</td>\r\n            <td>0.5</td>\r\n        </tr>\r\n        <tr>\r\n            <td>Minimum Price Fluctuation</td>\r\n            <td>5USD</td>\r\n            <td>1USD</td>\r\n            <td>5GBP</td>\r\n        </tr>\r\n        <tr>\r\n            <td>Currency</td>\r\n            <td colspan=&#34;2&#34;>USD</td>\r\n            <td>GBP</td>\r\n        </tr>\r\n        <tr>\r\n            <td>Trading Hours</td>\r\n            <td>Mon 06：00-05：00*, Tue- Fri 08:00-05:00*</td>\r\n            <td>08:00-06:00*</td>\r\n            <td>08:00-04:00*</td>\r\n        </tr>\r\n        <tr>\r\n            <td>Listed Contracts</td>\r\n            <td colspan=&#34;2&#34;>3,6,9,12</td>\r\n            <td colspan=&#34;2&#34;>\r\n            <p>4 Calendar Quarter Months</p>\r\n            </td>\r\n        </tr>\r\n        <tr>\r\n            <td>Settlement Method</td>\r\n            <td colspan=&#34;2&#34;>Deliverable</td>\r\n            <td colspan=&#34;1&#34;>Financially Settled</td>\r\n        </tr>\r\n    </tbody>\r\n</table>\r\n<p>&nbsp;</p>\r\n<p>Commodity</p>\r\n<table id=&#34;market_hkex_table&#34; width=&#34;100%&#34; cellspacing=&#34;0&#34; cellpadding=&#34;0&#34; border=&#34;0&#34;>\r\n    <tbody>\r\n        <tr>\r\n            <th width=&#34;90&#34;>&nbsp;</th>\r\n            <th width=&#34;90&#34;><span class=&#34;text_bottom_line&#34;>Sugar No. 11</span></th>\r\n            <th width=&#34;90&#34;><span class=&#34;text_bottom_line&#34;>White Sugar</span></th>\r\n            <th width=&#34;90&#34;><span class=&#34;text_bottom_line&#34;>Coffee C</span></th>\r\n            <th width=&#34;90&#34;><span class=&#34;text_bottom_line&#34;>Robusta Coffee</span></th>\r\n            <th width=&#34;90&#34;><span class=&#34;text_bottom_line&#34;>Cocoa</span></th>\r\n            <th width=&#34;90&#34;><span class=&#34;text_bottom_line&#34;>London Coca</span></th>\r\n        </tr>\r\n        <tr>\r\n            <td>Code</td>\r\n            <td>SB</td>\r\n            <td>W</td>\r\n            <td>KC</td>\r\n            <td>RC</td>\r\n            <td>CC</td>\r\n            <td>C</td>\r\n        </tr>\r\n        <tr>\r\n            <td>Contract Size</td>\r\n            <td>112,000Pounds</td>\r\n            <td>50tons</td>\r\n            <td>37,500Pounds</td>\r\n            <td>10tons</td>\r\n            <td>10tons</td>\r\n            <td>10tons</td>\r\n        </tr>\r\n        <tr>\r\n            <td>Minimum Tick Size</td>\r\n            <td>0.01</td>\r\n            <td>0.01</td>\r\n            <td>0.05</td>\r\n            <td>1</td>\r\n            <td>1</td>\r\n            <td>1</td>\r\n        </tr>\r\n        <tr>\r\n            <td>Minimum Price Fluctuation</td>\r\n            <td>11.20USD</td>\r\n            <td>5USD</td>\r\n            <td>18.75USD</td>\r\n            <td>10USD</td>\r\n            <td>10USD</td>\r\n            <td>10GBP</td>\r\n        </tr>\r\n        <tr>\r\n            <td>Currency</td>\r\n            <td colspan=&#34;5&#34;>USD</td>\r\n            <td>GBP</td>\r\n        </tr>\r\n        <tr>\r\n            <td>Trading Hours</td>\r\n            <td>15:30-01:00*</td>\r\n            <td>15:45-01:00*</td>\r\n            <td>16:15-01:30*</td>\r\n            <td>16:00-00:30*</td>\r\n            <td>16:45-01:30*</td>\r\n            <td>16:30-23:55</td>\r\n        </tr>\r\n        <tr>\r\n            <td>Listed Contracts</td>\r\n            <td>3,5,7,10</td>\r\n            <td>3,5,8,10,12</td>\r\n            <td>3,5,7,9,12</td>\r\n            <td>1,3,5,7,9,11</td>\r\n            <td>3,5,7,9,12</td>\r\n            <td>3,5,7,9,12</td>\r\n        </tr>\r\n        <tr>\r\n            <td>Settlement Method</td>\r\n            <td colspan=&#34;6&#34;>Deliverable</td>\r\n        </tr>\r\n    </tbody>\r\n</table>\r\n<p>&nbsp;</p>', '', '', '', '', '', '', '', '', '', '', '', '', '', '', '', '', '', '', '', '', '', '', '', '', '', '', '', '', '', '', '');
INSERT INTO `tb_huatai_trading_market_desc` (`language_id`, `trading_market_id`, `name`, `detail`, `url`, `seo_desc`, `seo_title`, `detail2`, `seo_h1`, `other_name1`, `other_name2`, `other_name3`, `other_name4`, `other_name5`, `other_name6`, `other_detail1`, `other_detail2`, `other_detail3`, `other_detail4`, `other_detail5`, `other_detail6`, `name2`, `other2_name`, `other2_name2`, `other2_detail`, `other3_name`, `other3_name2`, `other3_name3`, `other3_name4`, `other3_name5`, `other3_name6`, `other3_name7`, `other3_name8`, `other3_detail`, `name3`) VALUES
(3, 2, '郑州商品交易所', '<p>郑州商品交易所（以下简称郑商所）成立于1990年10月12日，是我国第一家期货市场试点单位，由远期现货交易起步，于1993年5月28日推出标准化期货合约交易，1998年8月被国务院确定为全国三家期货交易所之一，归中国证券监督管理委员会垂直领导。郑商所目前上市交易普通小麦、优质强筋小麦、早籼稻、晚籼稻、粳稻、棉花、棉纱、油菜籽、菜籽油、菜籽粕、白糖、苹果、红枣、动力煤、甲醇、精对苯二甲酸（PTA）、玻璃、硅铁、锰硅、尿素、纯碱、短纤22个期货品种和白糖、棉花、PTA、甲醇、菜粕5个期权，范围覆盖粮、棉、油、糖、果和能源、化工、纺织、冶金、建材等多个国民经济重要领域。截至2020年底，郑商所累计成交量为17.01亿手，成交金额为60万亿元。</p>\r\n<p>郑商所以PTA作为国际化试点品种。2018年PTA期货作为第一个引入境外交易者的化工品种，正式开启国际化进程。据郑商所数据，目前PTA期货境外客户日均交易量占比约7.6%，境外客户参与度不断提升，PTA期货价格已成为全球聚酯产业贸易定价的重要参考。2019年PTA保税交割正式在张家港保税港区港务有限公司启动。</p>\r\n<p>华泰（香港）期货有限公司是郑州商品交易所认可的境外经纪机构（编号为00032），亦作为中国领先的金融衍生品综合服务平台&mdash;&mdash;华泰期货的子公司，可作为其业务代理，代理境外客户交易大商所产品的开户申请；亦可依托华泰期货丰富的行业资源及交割经验，帮助客户保税交割。</p>\r\n<div>&nbsp;</div>\r\n<div>合约细则</div>\r\n<div>\r\n<table id=&#34;normal_table&#34; width=&#34;100%&#34; cellspacing=&#34;0&#34; cellpadding=&#34;0&#34; border=&#34;0&#34;>\r\n    <tbody>\r\n        <tr>\r\n            <td width=&#34;120&#34;>交易品种</td>\r\n            <td>精对苯二甲酸（PTA）</td>\r\n        </tr>\r\n        <tr>\r\n            <td>交易单位</td>\r\n            <td>5吨/手</td>\r\n        </tr>\r\n        <tr>\r\n            <td>报价单位</td>\r\n            <td>元（人民币）/吨</td>\r\n        </tr>\r\n        <tr>\r\n            <td>最小变动单位</td>\r\n            <td>2元/吨</td>\r\n        </tr>\r\n        <tr>\r\n            <td>涨跌停板幅度</td>\r\n            <td>上一交易日结算价&plusmn;4%及《郑州商品交易所期货交易风险控制管理办法》相关规定</td>\r\n        </tr>\r\n        <tr>\r\n            <td>合约月份</td>\r\n            <td>1、2、3、4、5、6、7、8、9、10、11、12月</td>\r\n        </tr>\r\n        <tr>\r\n            <td>交易时间</td>\r\n            <td>\r\n            <p>每周一至周五（北京时间 法定节假日除外）</p>\r\n            <p>上午9：00-11：30，下午1：30-3：30及交易所规定的其他交易时间</p>\r\n            </td>\r\n        </tr>\r\n        <tr>\r\n            <td>最后交易日</td>\r\n            <td>合约交割月份的第10个交易日</td>\r\n        </tr>\r\n        <tr>\r\n            <td>最后交割日</td>\r\n            <td>合约交割月份的第13个交易日</td>\r\n        </tr>\r\n        <tr>\r\n            <td>交割等级</td>\r\n            <td>见《郑州商品交易所期货交割细则》</td>\r\n        </tr>\r\n        <tr>\r\n            <td>交割地点</td>\r\n            <td>交易所指定交割仓库</td>\r\n        </tr>\r\n        <tr>\r\n            <td>最低交易保证金</td>\r\n            <td>合约价值的5％</td>\r\n        </tr>\r\n        <tr>\r\n            <td>交割方式</td>\r\n            <td>实物交割</td>\r\n        </tr>\r\n    </tbody>\r\n</table>\r\n<p>&nbsp;</p>\r\n<p>资料详情：<a href=&#34;http://m.xinhuanet.com/2018-09/08/c_1123400044.htm&#34; target=&#34;_blank&#34;>http://m.xinhuanet.com/2018-09/08/c_1123400044.htm</a></p>\r\n<p><a href=&#34;http://www.xinhuanet.com/fortune/2020-02/15/c_1125578185.htm&#34; target=&#34;_blank&#34;>http://www.xinhuanet.com/fortune/2020-02/15/c_1125578185.htm</a></p>\r\n<p><a href=&#34;http://www.czce.com.cn/cn/uploadfile/2018/11/09/20181109195619108.pdf&#34; target=&#34;_blank&#34;>http://www.czce.com.cn/cn/uploadfile/2018/11/09/20181109195619108.pdf</a></p>\r\n</div>\r\n<p>&nbsp;</p>', '', '', '', '', '', '', '', '', '', '', '', '', '', '', '', '', '', '', '账户开户指引', '', '<p>&nbsp; &nbsp;<span style=&#34;font-size: 12px;&#34;>开户所需文件</span></p>\r\n<table cellspacing=&#34;0&#34; cellpadding=&#34;0&#34; class=&#34;t1&#34; style=&#34;border-collapse: collapse;&#34;>\r\n    <tbody>\r\n        <tr>\r\n            <td colspan=&#34;4&#34; valign=&#34;middle&#34; class=&#34;td1&#34; style=&#34;border-style: solid; border-color: rgb(203, 203, 203); padding: 0px 5px;&#34;>\r\n            <p class=&#34;p2&#34; style=&#34;margin: 0px; text-align: center; font-variant-numeric: normal; font-variant-east-asian: normal; font-stretch: normal; line-height: normal;&#34;>个人</p>\r\n            </td>\r\n        </tr>\r\n        <tr>\r\n            <td valign=&#34;middle&#34; class=&#34;td1&#34; style=&#34;border-style: solid; border-color: rgb(203, 203, 203); padding: 0px 5px;&#34;>\r\n            <p class=&#34;p3&#34; style=&#34;margin: 0px; font-variant-numeric: normal; font-variant-east-asian: normal; font-stretch: normal; line-height: normal; font-family: Helvetica; min-height: 14px;&#34;>&nbsp;</p>\r\n            </td>\r\n            <td valign=&#34;middle&#34; class=&#34;td1&#34; style=&#34;border-style: solid; border-color: rgb(203, 203, 203); padding: 0px 5px;&#34;>\r\n            <p class=&#34;p4&#34; style=&#34;margin: 0px; text-align: justify; font-variant-numeric: normal; font-variant-east-asian: normal; font-stretch: normal; line-height: normal;&#34;>境外个人客户</p>\r\n            </td>\r\n            <td valign=&#34;middle&#34; class=&#34;td1&#34; style=&#34;border-style: solid; border-color: rgb(203, 203, 203); padding: 0px 5px;&#34;>\r\n            <p class=&#34;p4&#34; style=&#34;margin: 0px; text-align: justify; font-variant-numeric: normal; font-variant-east-asian: normal; font-stretch: normal; line-height: normal;&#34;>港澳个人客户</p>\r\n            </td>\r\n            <td valign=&#34;middle&#34; class=&#34;td1&#34; style=&#34;border-style: solid; border-color: rgb(203, 203, 203); padding: 0px 5px;&#34;>\r\n            <p class=&#34;p4&#34; style=&#34;margin: 0px; text-align: justify; font-variant-numeric: normal; font-variant-east-asian: normal; font-stretch: normal; line-height: normal;&#34;>台湾个人客户</p>\r\n            </td>\r\n        </tr>\r\n        <tr>\r\n            <td valign=&#34;middle&#34; class=&#34;td1&#34; style=&#34;border-style: solid; border-color: rgb(203, 203, 203); padding: 0px 5px;&#34;>\r\n            <p class=&#34;p4&#34; style=&#34;margin: 0px; text-align: justify; font-variant-numeric: normal; font-variant-east-asian: normal; font-stretch: normal; line-height: normal;&#34;>参考身份证明文件</p>\r\n            </td>\r\n            <td valign=&#34;middle&#34; class=&#34;td1&#34; style=&#34;border-style: solid; border-color: rgb(203, 203, 203); padding: 0px 5px;&#34;>\r\n            <p class=&#34;p4&#34; style=&#34;margin: 0px; text-align: justify; font-variant-numeric: normal; font-variant-east-asian: normal; font-stretch: normal; line-height: normal;&#34;>驾照、社保证件、纳税证件、当地身份证或其他参考证件</p>\r\n            </td>\r\n            <td colspan=&#34;2&#34; valign=&#34;middle&#34; class=&#34;td1&#34; style=&#34;border-style: solid; border-color: rgb(203, 203, 203); padding: 0px 5px;&#34;>\r\n            <p class=&#34;p4&#34; style=&#34;margin: 0px; text-align: justify; font-variant-numeric: normal; font-variant-east-asian: normal; font-stretch: normal; line-height: normal;&#34;>驾照、社保证件、纳税证件、港澳居民来往内地通行证、港澳台居民居住证、台湾身份证或其他参考证件</p>\r\n            </td>\r\n        </tr>\r\n        <tr>\r\n            <td colspan=&#34;4&#34; valign=&#34;middle&#34; class=&#34;td1&#34; style=&#34;border-style: solid; border-color: rgb(203, 203, 203); padding: 0px 5px;&#34;>\r\n            <p class=&#34;p2&#34; style=&#34;margin: 0px; text-align: center; font-variant-numeric: normal; font-variant-east-asian: normal; font-stretch: normal; line-height: normal;&#34;>机构客户</p>\r\n            </td>\r\n        </tr>\r\n        <tr>\r\n            <td valign=&#34;middle&#34; class=&#34;td1&#34; style=&#34;border-style: solid; border-color: rgb(203, 203, 203); padding: 0px 5px;&#34;>\r\n            <p class=&#34;p4&#34; style=&#34;margin: 0px; text-align: justify; font-variant-numeric: normal; font-variant-east-asian: normal; font-stretch: normal; line-height: normal;&#34;>有效身份证明文件</p>\r\n            </td>\r\n            <td colspan=&#34;3&#34; valign=&#34;middle&#34; class=&#34;td1&#34; style=&#34;border-style: solid; border-color: rgb(203, 203, 203); padding: 0px 5px;&#34;>\r\n            <p class=&#34;p4&#34; style=&#34;margin: 0px; text-align: justify; font-variant-numeric: normal; font-variant-east-asian: normal; font-stretch: normal; line-height: normal;&#34;>机构成立证明文件</p>\r\n            </td>\r\n        </tr>\r\n        <tr>\r\n            <td valign=&#34;middle&#34; class=&#34;td1&#34; style=&#34;border-style: solid; border-color: rgb(203, 203, 203); padding: 0px 5px;&#34;>\r\n            <p class=&#34;p4&#34; style=&#34;margin: 0px; text-align: justify; font-variant-numeric: normal; font-variant-east-asian: normal; font-stretch: normal; line-height: normal;&#34;>参考身份证明文件</p>\r\n            </td>\r\n            <td colspan=&#34;3&#34; valign=&#34;middle&#34; class=&#34;td1&#34; style=&#34;border-style: solid; border-color: rgb(203, 203, 203); padding: 0px 5px;&#34;>\r\n            <p class=&#34;p4&#34; style=&#34;margin: 0px; text-align: justify; font-variant-numeric: normal; font-variant-east-asian: normal; font-stretch: normal; line-height: normal;&#34;>注册国、地区的纳税证件<span class=&#34;s1&#34; style=&#34;font-variant-numeric: normal; font-variant-east-asian: normal; font-stretch: normal; line-height: normal; font-family: Helvetica;&#34;>(</span>无纳税证件需提交相关证明文件或说明，并提供相关证明文件或说明的中文牌翻译，主要是针对免税国家、地区<span class=&#34;s1&#34; style=&#34;font-variant-numeric: normal; font-variant-east-asian: normal; font-stretch: normal; line-height: normal; font-family: Helvetica;&#34;>)</span></p>\r\n            </td>\r\n        </tr>\r\n        <tr>\r\n            <td valign=&#34;middle&#34; class=&#34;td1&#34; style=&#34;border-style: solid; border-color: rgb(203, 203, 203); padding: 0px 5px;&#34;>\r\n            <p class=&#34;p4&#34; style=&#34;margin: 0px; text-align: justify; font-variant-numeric: normal; font-variant-east-asian: normal; font-stretch: normal; line-height: normal;&#34;>其他文件</p>\r\n            </td>\r\n            <td colspan=&#34;3&#34; valign=&#34;middle&#34; class=&#34;td1&#34; style=&#34;border-style: solid; border-color: rgb(203, 203, 203); padding: 0px 5px;&#34;>\r\n            <p class=&#34;p4&#34; style=&#34;margin: 0px; text-align: justify; font-variant-numeric: normal; font-variant-east-asian: normal; font-stretch: normal; line-height: normal;&#34;>单位的授权委托书等授权档，常务董事<span class=&#34;s1&#34; style=&#34;font-variant-numeric: normal; font-variant-east-asian: normal; font-stretch: normal; line-height: normal; font-family: Helvetica;&#34;>(</span>或者根据章程，法律规定可为经董事会指定代表单位交易者的董事会主席，首席执行官或者其他授权代表<span class=&#34;s1&#34; style=&#34;font-variant-numeric: normal; font-variant-east-asian: normal; font-stretch: normal; line-height: normal; font-family: Helvetica;&#34;>)</span>或者法定代表人的在效身份证明文件和开户代理人的身份证明档等开户资料。做市商需提供与期货交易所兑换的做市商协议。</p>\r\n            </td>\r\n        </tr>\r\n        <tr>\r\n            <td colspan=&#34;4&#34; valign=&#34;middle&#34; class=&#34;td1&#34; style=&#34;border-style: solid; border-color: rgb(203, 203, 203); padding: 0px 5px;&#34;>\r\n            <p class=&#34;p2&#34; style=&#34;margin: 0px; text-align: center; font-variant-numeric: normal; font-variant-east-asian: normal; font-stretch: normal; line-height: normal;&#34;>产品客户</p>\r\n            </td>\r\n        </tr>\r\n        <tr>\r\n            <td valign=&#34;middle&#34; class=&#34;td1&#34; style=&#34;border-style: solid; border-color: rgb(203, 203, 203); padding: 0px 5px;&#34;>\r\n            <p class=&#34;p4&#34; style=&#34;margin: 0px; text-align: justify; font-variant-numeric: normal; font-variant-east-asian: normal; font-stretch: normal; line-height: normal;&#34;><span class=&#34;s2&#34; style=&#34;font-kerning: none;&#34;>有效身份证明文件</span></p>\r\n            </td>\r\n            <td colspan=&#34;3&#34; valign=&#34;middle&#34; class=&#34;td1&#34; style=&#34;border-style: solid; border-color: rgb(203, 203, 203); padding: 0px 5px;&#34;>\r\n            <p class=&#34;p4&#34; style=&#34;margin: 0px; text-align: justify; font-variant-numeric: normal; font-variant-east-asian: normal; font-stretch: normal; line-height: normal;&#34;><span class=&#34;s2&#34; style=&#34;font-kerning: none;&#34;>产品合同</span></p>\r\n            </td>\r\n        </tr>\r\n        <tr>\r\n            <td valign=&#34;middle&#34; class=&#34;td1&#34; style=&#34;border-style: solid; border-color: rgb(203, 203, 203); padding: 0px 5px;&#34;>\r\n            <p class=&#34;p4&#34; style=&#34;margin: 0px; text-align: justify; font-variant-numeric: normal; font-variant-east-asian: normal; font-stretch: normal; line-height: normal;&#34;><span class=&#34;s2&#34; style=&#34;font-kerning: none;&#34;>参考身份证明文件</span></p>\r\n            </td>\r\n            <td colspan=&#34;3&#34; valign=&#34;middle&#34; class=&#34;td1&#34; style=&#34;border-style: solid; border-color: rgb(203, 203, 203); padding: 0px 5px;&#34;>\r\n            <p class=&#34;p4&#34; style=&#34;margin: 0px; text-align: justify; font-variant-numeric: normal; font-variant-east-asian: normal; font-stretch: normal; line-height: normal;&#34;>产品税证件<span class=&#34;s1&#34; style=&#34;font-variant-numeric: normal; font-variant-east-asian: normal; font-stretch: normal; line-height: normal; font-family: Helvetica;&#34;>(</span>无税证件的提交相关证明文件或说明，并提供相关证明文件或说明的中文牌<span class=&#34;s1&#34; style=&#34;font-variant-numeric: normal; font-variant-east-asian: normal; font-stretch: normal; line-height: normal; font-family: Helvetica;&#34;> </span>翻译<span class=&#34;s1&#34; style=&#34;font-variant-numeric: normal; font-variant-east-asian: normal; font-stretch: normal; line-height: normal; font-family: Helvetica;&#34;>)</span>，产品境外监管机构备案证明，产品说明，产品管理人说明等</p>\r\n            </td>\r\n        </tr>\r\n        <tr>\r\n            <td valign=&#34;middle&#34; class=&#34;td1&#34; style=&#34;border-style: solid; border-color: rgb(203, 203, 203); padding: 0px 5px;&#34;>\r\n            <p class=&#34;p4&#34; style=&#34;margin: 0px; text-align: justify; font-variant-numeric: normal; font-variant-east-asian: normal; font-stretch: normal; line-height: normal;&#34;><span class=&#34;s2&#34; style=&#34;font-kerning: none;&#34;>其他文件</span></p>\r\n            </td>\r\n            <td colspan=&#34;3&#34; valign=&#34;middle&#34; class=&#34;td1&#34; style=&#34;border-style: solid; border-color: rgb(203, 203, 203); padding: 0px 5px;&#34;>\r\n            <p class=&#34;p4&#34; style=&#34;margin: 0px; text-align: justify; font-variant-numeric: normal; font-variant-east-asian: normal; font-stretch: normal; line-height: normal;&#34;>单位的授权委托书等授权档，常务董事<span class=&#34;s1&#34; style=&#34;font-variant-numeric: normal; font-variant-east-asian: normal; font-stretch: normal; line-height: normal; font-family: Helvetica;&#34;>(</span>或者根据章程，法律规定可为经董事会指定代表单位交易者的董事会主席，首席执行官或者其他授权代表<span class=&#34;s1&#34; style=&#34;font-variant-numeric: normal; font-variant-east-asian: normal; font-stretch: normal; line-height: normal; font-family: Helvetica;&#34;>)</span>或者法定代表人的在效身份证明文件和开户代理人的身份证明档等开户资料。做市商需提供与期货交易所兑换的做市商协议。产品客户需提供产品管理人的机构成立证明档和税收证件<span class=&#34;s1&#34; style=&#34;font-variant-numeric: normal; font-variant-east-asian: normal; font-stretch: normal; line-height: normal; font-family: Helvetica;&#34;>(</span>要求与境外机构客户相同<span class=&#34;s1&#34; style=&#34;font-variant-numeric: normal; font-variant-east-asian: normal; font-stretch: normal; line-height: normal; font-family: Helvetica;&#34;>)</span></p>\r\n            </td>\r\n        </tr>\r\n    </tbody>\r\n</table>\r\n<p class=&#34;p3&#34; style=&#34;margin: 0px; font-variant-numeric: normal; font-variant-east-asian: normal; font-stretch: normal; font-size: 12px; line-height: normal; font-family: Helvetica; min-height: 14px;&#34;>&nbsp;</p>', '开户流程', '需先在华泰香港期货有限公司开立基本外盘期货户口', '依据交易所要求进行入金', '签署并提交交易所规定的所需文件，具体请查看“开户指南”', '收取内部资金帐户与登入资料', '收取交易权限开通通知确认', '', '', '', ''),
(1, 2, 'Zhengzhou Commodity Exchange', '<p class=&#34;p1&#34; style=&#34;margin: 0px; font-variant-numeric: normal; font-variant-east-asian: normal; font-stretch: normal; font-size: 14px; line-height: normal; font-family: &#34; times=&#34; new=&#34;><span class=&#34;s1&#34; style=&#34;font-kerning: none;&#34;>ZCE was established as China&rsquo;s first pilot futures market. After two years of successful operation of a spot market, ZCE officially launched futures trading on May 28, 1993.</span><span class=&#34;s2&#34; style=&#34;font-variant-numeric: normal; font-variant-east-asian: normal; font-stretch: normal; font-size: 12px; line-height: normal; font-kerning: none;&#34;> </span><span class=&#34;s1&#34; style=&#34;font-kerning: none;&#34;>Up to date, ZCE has listed 22 futures products and 5 options product, including common wheat, strong gluten wheat, early rice, late indica rice, japonica rice, cotton, cotton yarn, rapeseed, rapeseed oil, rapeseed meal, white sugar, apple, red dates, thermal coal, methanol, pure terephthalic acid (PTA), flat glass, manganese silicon, ferrosilicon, urea, soda ash, staple futures and white sugar, cotton, pure terephthalic acid (PTA), methanol, rapeseed meal options, covering crucial fields of national economy including agricultural, cotton, energy, chemical, sugar, fruit, construction materials and metallurgical industries.</span></p>\r\n<p class=&#34;p1&#34; style=&#34;margin: 0px; font-variant-numeric: normal; font-variant-east-asian: normal; font-stretch: normal; font-size: 14px; line-height: normal; font-family: &#34; times=&#34; new=&#34;>&nbsp;</p>\r\n<p class=&#34;p2&#34; style=&#34;margin: 0px; font-variant-numeric: normal; font-variant-east-asian: normal; font-stretch: normal; font-size: 12px; line-height: normal; font-family: &#34; times=&#34; new=&#34; min-height:=&#34;&gt;&nbsp;&lt;/p&gt;&#10;&lt;p class=&#34;><span style=&#34;font-size: 14px;&#34;>PTA serves as an internationalized pilot product of ZCE. As the first chemical product introduced to overseas traders in 2018, the internationalization of PTA futures has officially started since then. Shown by ZCE&rsquo;s data, the current average daily trading volume of overseas clients of PTA futures accounts for about 7.6%, and the participation of overseas customers is increasing. The price of PTA futures has become an important benchmark for global polyester industry trade pricing. In 2019, PTA bonded delivery was officially launched in Zhangjiagang Free Trade Port Zone Port Co., Ltd.</span></p>\r\n<p class=&#34;p2&#34; style=&#34;margin: 0px; font-variant-numeric: normal; font-variant-east-asian: normal; font-stretch: normal; font-size: 12px; line-height: normal; font-family: &#34; times=&#34; new=&#34; min-height:=&#34;&gt;&nbsp;&lt;/p&gt;&#10;&lt;p class=&#34;>&nbsp;</p>\r\n<p class=&#34;p4&#34; style=&#34;margin: 0px; text-align: justify; font-variant-numeric: normal; font-variant-east-asian: normal; font-stretch: normal; font-size: 14px; line-height: normal; font-family: &#34; times=&#34; new=&#34; min-height:=&#34;&gt;&nbsp;&lt;/p&gt;&#10;&lt;p class=&#34;>Huatai (Hong Kong) Futures Co., Ltd. is an Overseas Intermediary approved by ZCE with the code of 00032. Huatai (Hong Kong) Futures Co., Ltd also serves as a subsidiary of Huatai Futures, China&#39;s leading comprehensive service platform for financial derivatives. Therefore, Huatai (Hong Kong) Futures Co. can act as an agent of Huatai Futures, processing overseas clients&rsquo; account opening applications to trade ZCE products and can rely on Huatai Futures&#39; abundant industry resources and delivery experience to entrust Huatai Futures for settlement and bonded delivery.</p>\r\n<p class=&#34;p3&#34; style=&#34;margin: 0px; text-align: justify; font-variant-numeric: normal; font-variant-east-asian: normal; font-stretch: normal; font-size: 14px; line-height: normal; font-family: &#34; times=&#34; new=&#34;>&nbsp;</p>\r\n<p class=&#34;p3&#34; style=&#34;margin: 0px; text-align: justify; font-variant-numeric: normal; font-variant-east-asian: normal; font-stretch: normal; font-size: 14px; line-height: normal; font-family: &#34; times=&#34; new=&#34;>Contract Spec<br />\r\n&nbsp;</p>\r\n<div>\r\n<div>\r\n<table id=&#34;normal_table&#34; width=&#34;100%&#34; cellspacing=&#34;0&#34; cellpadding=&#34;0&#34; border=&#34;0&#34; style=&#34;border-collapse: collapse; margin-bottom: 20px; color: rgb(121, 121, 121); font-family: &#34; microsoft=&#34; font-size:=&#34; background-color:=&#34;&gt;&#10;    &lt;tbody style=&#34; box-sizing:=&#34;&#34;>\r\n    <tbody>\r\n        <tr style=&#34;box-sizing: border-box;&#34;>\r\n        </tr>\r\n        <tr style=&#34;box-sizing: border-box;&#34;>\r\n        </tr>\r\n        <tr style=&#34;box-sizing: border-box;&#34;>\r\n            <td style=&#34;box-sizing: border-box;&#34;><span style=&#34;font-size: 14px;&#34;>Product</span></td>\r\n            <td style=&#34;box-sizing: border-box;&#34;><span style=&#34;font-size: 14px;&#34;>Purified Terephthalic Acid (PTA)</span></td>\r\n        </tr>\r\n        <tr style=&#34;box-sizing: border-box;&#34;>\r\n            <td style=&#34;box-sizing: border-box;&#34;>\r\n            <p class=&#34;p1&#34; times=&#34; new=&#34; style=&#34;box-sizing: border-box; margin: 5px 0px; font-size: 14px; font-variant-numeric: normal; font-variant-east-asian: normal; font-stretch: normal; line-height: normal;&#34;><span class=&#34;s1&#34; style=&#34;box-sizing: border-box; font-kerning: none;&#34;>Trading Unit</span></p>\r\n            </td>\r\n            <td style=&#34;box-sizing: border-box;&#34;>\r\n            <p class=&#34;p1&#34; times=&#34; new=&#34; style=&#34;box-sizing: border-box; margin: 5px 0px; font-size: 14px; font-variant-numeric: normal; font-variant-east-asian: normal; font-stretch: normal; line-height: normal;&#34;><span class=&#34;s1&#34; style=&#34;box-sizing: border-box; font-kerning: none;&#34;>5 metric tons/lot</span></p>\r\n            </td>\r\n        </tr>\r\n        <tr style=&#34;box-sizing: border-box;&#34;>\r\n            <td style=&#34;box-sizing: border-box;&#34;>\r\n            <p class=&#34;p1&#34; times=&#34; new=&#34; style=&#34;box-sizing: border-box; margin: 5px 0px; font-size: 14px; font-variant-numeric: normal; font-variant-east-asian: normal; font-stretch: normal; line-height: normal;&#34;><span class=&#34;s1&#34; style=&#34;box-sizing: border-box; font-kerning: none;&#34;>Price Quotation</span></p>\r\n            </td>\r\n            <td style=&#34;box-sizing: border-box;&#34;>\r\n            <p class=&#34;p1&#34; times=&#34; new=&#34; style=&#34;box-sizing: border-box; margin: 5px 0px; font-size: 14px; font-variant-numeric: normal; font-variant-east-asian: normal; font-stretch: normal; line-height: normal;&#34;><span class=&#34;s1&#34; style=&#34;box-sizing: border-box; font-kerning: none;&#34;>Chinese yuan (CNY)/ metric ton</span></p>\r\n            </td>\r\n        </tr>\r\n        <tr style=&#34;box-sizing: border-box;&#34;>\r\n            <td style=&#34;box-sizing: border-box;&#34;>\r\n            <p class=&#34;p1&#34; times=&#34; new=&#34; style=&#34;box-sizing: border-box; margin: 5px 0px; font-size: 14px; font-variant-numeric: normal; font-variant-east-asian: normal; font-stretch: normal; line-height: normal;&#34;><span class=&#34;s1&#34; style=&#34;box-sizing: border-box; font-kerning: none;&#34;>Minimum Price Fluctuation</span></p>\r\n            </td>\r\n            <td style=&#34;box-sizing: border-box;&#34;>\r\n            <p class=&#34;p1&#34; times=&#34; new=&#34; style=&#34;box-sizing: border-box; margin: 5px 0px; font-size: 14px; font-variant-numeric: normal; font-variant-east-asian: normal; font-stretch: normal; line-height: normal;&#34;><span class=&#34;s1&#34; style=&#34;box-sizing: border-box; font-kerning: none;&#34;>CNY2/metric ton</span></p>\r\n            </td>\r\n        </tr>\r\n        <tr style=&#34;box-sizing: border-box;&#34;>\r\n            <td style=&#34;box-sizing: border-box;&#34;>\r\n            <p class=&#34;p1&#34; times=&#34; new=&#34; style=&#34;box-sizing: border-box; margin: 5px 0px; font-size: 14px; font-variant-numeric: normal; font-variant-east-asian: normal; font-stretch: normal; line-height: normal;&#34;><span class=&#34;s1&#34; style=&#34;box-sizing: border-box; font-kerning: none;&#34;>Daily Price Limit</span></p>\r\n            </td>\r\n            <td style=&#34;box-sizing: border-box;&#34;>\r\n            <p class=&#34;p1&#34; times=&#34; new=&#34; style=&#34;box-sizing: border-box; margin: 5px 0px; font-size: 14px; font-variant-numeric: normal; font-variant-east-asian: normal; font-stretch: normal; line-height: normal;&#34;><span class=&#34;s1&#34; style=&#34;box-sizing: border-box; font-kerning: none;&#34;>&plusmn;4% of the settlement price of the previous trading day;</span></p>\r\n            <p class=&#34;p1&#34; times=&#34; new=&#34; style=&#34;box-sizing: border-box; margin: 5px 0px; font-size: 14px; font-variant-numeric: normal; font-variant-east-asian: normal; font-stretch: normal; line-height: normal;&#34;><span class=&#34;s1&#34; style=&#34;box-sizing: border-box; font-kerning: none;&#34;>Refer to relevant provisions on daily price limit under the Measures for the Administration of Risk Control of Zhengzhou Commodity Exchange</span></p>\r\n            </td>\r\n        </tr>\r\n        <tr style=&#34;box-sizing: border-box;&#34;>\r\n            <td style=&#34;box-sizing: border-box;&#34;>\r\n            <p class=&#34;p1&#34; times=&#34; new=&#34; style=&#34;box-sizing: border-box; margin: 5px 0px; font-size: 14px; font-variant-numeric: normal; font-variant-east-asian: normal; font-stretch: normal; line-height: normal;&#34;><span class=&#34;s1&#34; style=&#34;box-sizing: border-box; font-kerning: none;&#34;>Contract Months</span></p>\r\n            </td>\r\n            <td style=&#34;box-sizing: border-box;&#34;>\r\n            <p class=&#34;p1&#34; times=&#34; new=&#34; style=&#34;box-sizing: border-box; margin: 5px 0px; font-size: 14px; font-variant-numeric: normal; font-variant-east-asian: normal; font-stretch: normal; line-height: normal;&#34;><span class=&#34;s1&#34; style=&#34;box-sizing: border-box; font-kerning: none;&#34;>January, February, March, April, May, June, July, August, September, October, November, December</span></p>\r\n            </td>\r\n        </tr>\r\n        <tr style=&#34;box-sizing: border-box;&#34;>\r\n            <td style=&#34;box-sizing: border-box;&#34;>\r\n            <p class=&#34;p1&#34; times=&#34; new=&#34; style=&#34;box-sizing: border-box; margin: 5px 0px; font-size: 14px; font-variant-numeric: normal; font-variant-east-asian: normal; font-stretch: normal; line-height: normal;&#34;><span class=&#34;s1&#34; style=&#34;box-sizing: border-box; font-kerning: none;&#34;>Trading Hours</span></p>\r\n            </td>\r\n            <td style=&#34;box-sizing: border-box;&#34;>\r\n            <p class=&#34;p1&#34; times=&#34; new=&#34; style=&#34;box-sizing: border-box; margin: 5px 0px; font-size: 14px; font-variant-numeric: normal; font-variant-east-asian: normal; font-stretch: normal; line-height: normal;&#34;><span class=&#34;s1&#34; style=&#34;box-sizing: border-box; font-kerning: none;&#34;>Monday to Friday (except public holidays)</span></p>\r\n            <p class=&#34;p1&#34; times=&#34; new=&#34; style=&#34;box-sizing: border-box; margin: 5px 0px; font-size: 14px; font-variant-numeric: normal; font-variant-east-asian: normal; font-stretch: normal; line-height: normal;&#34;><span class=&#34;s1&#34; style=&#34;box-sizing: border-box; font-kerning: none;&#34;>9:00 a.m.-11:30 a.m.&nbsp; 1:30 p.m.-3:00 p.m. (Beijing time)</span></p>\r\n            <p class=&#34;p1&#34; times=&#34; new=&#34; style=&#34;box-sizing: border-box; margin: 5px 0px; font-size: 14px; font-variant-numeric: normal; font-variant-east-asian: normal; font-stretch: normal; line-height: normal;&#34;>&nbsp;</p>\r\n            <p class=&#34;p1&#34; times=&#34; new=&#34; style=&#34;box-sizing: border-box; margin: 5px 0px; font-size: 14px; font-variant-numeric: normal; font-variant-east-asian: normal; font-stretch: normal; line-height: normal;&#34;><span class=&#34;s1&#34; style=&#34;box-sizing: border-box; font-kerning: none;&#34;>Other trading hours stipulated by Zhengzhou Commodity Exchange</span></p>\r\n            </td>\r\n        </tr>\r\n        <tr style=&#34;box-sizing: border-box;&#34;>\r\n            <td style=&#34;box-sizing: border-box;&#34;>\r\n            <p class=&#34;p1&#34; times=&#34; new=&#34; style=&#34;box-sizing: border-box; margin: 5px 0px; font-size: 14px; font-variant-numeric: normal; font-variant-east-asian: normal; font-stretch: normal; line-height: normal;&#34;><span class=&#34;s1&#34; style=&#34;box-sizing: border-box; font-kerning: none;&#34;>Last Trading Day</span></p>\r\n            </td>\r\n            <td style=&#34;box-sizing: border-box;&#34;>\r\n            <p class=&#34;p1&#34; times=&#34; new=&#34; style=&#34;box-sizing: border-box; margin: 5px 0px; font-size: 14px; font-variant-numeric: normal; font-variant-east-asian: normal; font-stretch: normal; line-height: normal;&#34;><span class=&#34;s1&#34; style=&#34;box-sizing: border-box; font-kerning: none;&#34;>The 10th trading day of the delivery month</span></p>\r\n            </td>\r\n        </tr>\r\n        <tr style=&#34;box-sizing: border-box;&#34;>\r\n            <td style=&#34;box-sizing: border-box;&#34;>\r\n            <p class=&#34;p1&#34; times=&#34; new=&#34; style=&#34;box-sizing: border-box; margin: 5px 0px; font-size: 14px; font-variant-numeric: normal; font-variant-east-asian: normal; font-stretch: normal; line-height: normal;&#34;><span class=&#34;s1&#34; style=&#34;box-sizing: border-box; font-kerning: none;&#34;>Last Delivery Day</span></p>\r\n            </td>\r\n            <td style=&#34;box-sizing: border-box;&#34;>\r\n            <p class=&#34;p1&#34; times=&#34; new=&#34; style=&#34;box-sizing: border-box; margin: 5px 0px; font-size: 14px; font-variant-numeric: normal; font-variant-east-asian: normal; font-stretch: normal; line-height: normal;&#34;><span class=&#34;s1&#34; style=&#34;box-sizing: border-box; font-kerning: none;&#34;>The 13th trading day of the delivery month</span></p>\r\n            </td>\r\n        </tr>\r\n        <tr style=&#34;box-sizing: border-box;&#34;>\r\n            <td style=&#34;box-sizing: border-box;&#34;>\r\n            <p class=&#34;p1&#34; times=&#34; new=&#34; style=&#34;box-sizing: border-box; margin: 5px 0px; font-size: 14px; font-variant-numeric: normal; font-variant-east-asian: normal; font-stretch: normal; line-height: normal;&#34;><span class=&#34;s1&#34; style=&#34;box-sizing: border-box; font-kerning: none;&#34;>Grade and Quality</span></p>\r\n            </td>\r\n            <td style=&#34;box-sizing: border-box;&#34;>\r\n            <p class=&#34;p1&#34; times=&#34; new=&#34; style=&#34;box-sizing: border-box; margin: 5px 0px; font-size: 14px; font-variant-numeric: normal; font-variant-east-asian: normal; font-stretch: normal; line-height: normal;&#34;><span class=&#34;s1&#34; style=&#34;box-sizing: border-box; font-kerning: none;&#34;>See the Detailed Rules for Futures Delivery of Zhengzhou Commodity Exchange for details</span></p>\r\n            </td>\r\n        </tr>\r\n        <tr style=&#34;box-sizing: border-box;&#34;>\r\n            <td style=&#34;box-sizing: border-box;&#34;>\r\n            <p class=&#34;p1&#34; times=&#34; new=&#34; style=&#34;box-sizing: border-box; margin: 5px 0px; font-size: 14px; font-variant-numeric: normal; font-variant-east-asian: normal; font-stretch: normal; line-height: normal;&#34;><span class=&#34;s1&#34; style=&#34;box-sizing: border-box; font-kerning: none;&#34;>Delivery Point</span></p>\r\n            </td>\r\n            <td style=&#34;box-sizing: border-box;&#34;>\r\n            <p class=&#34;p1&#34; times=&#34; new=&#34; style=&#34;box-sizing: border-box; margin: 5px 0px; font-size: 14px; font-variant-numeric: normal; font-variant-east-asian: normal; font-stretch: normal; line-height: normal;&#34;><span class=&#34;s1&#34; style=&#34;box-sizing: border-box; font-kerning: none;&#34;>Designated delivery warehouses of Zhengzhou Commodity Exchange</span></p>\r\n            </td>\r\n        </tr>\r\n        <tr style=&#34;box-sizing: border-box;&#34;>\r\n            <td style=&#34;box-sizing: border-box;&#34;>\r\n            <p class=&#34;p1&#34; times=&#34; new=&#34; style=&#34;box-sizing: border-box; margin: 5px 0px; font-size: 14px; font-variant-numeric: normal; font-variant-east-asian: normal; font-stretch: normal; line-height: normal;&#34;><span class=&#34;s1&#34; style=&#34;box-sizing: border-box; font-kerning: none;&#34;>Minimum Trading Margin</span></p>\r\n            </td>\r\n            <td style=&#34;box-sizing: border-box;&#34;>\r\n            <p class=&#34;p1&#34; times=&#34; new=&#34; style=&#34;box-sizing: border-box; margin: 5px 0px; font-size: 14px; font-variant-numeric: normal; font-variant-east-asian: normal; font-stretch: normal; line-height: normal;&#34;><span class=&#34;s1&#34; style=&#34;box-sizing: border-box; font-kerning: none;&#34;>5% of contract value</span></p>\r\n            </td>\r\n        </tr>\r\n        <tr style=&#34;box-sizing: border-box;&#34;>\r\n            <td style=&#34;box-sizing: border-box;&#34;>\r\n            <p class=&#34;p1&#34; times=&#34; new=&#34; style=&#34;box-sizing: border-box; margin: 5px 0px; font-size: 14px; font-variant-numeric: normal; font-variant-east-asian: normal; font-stretch: normal; line-height: normal;&#34;><span class=&#34;s1&#34; style=&#34;box-sizing: border-box; font-kerning: none;&#34;>Delivery Method</span></p>\r\n            </td>\r\n            <td style=&#34;box-sizing: border-box;&#34;>\r\n            <p class=&#34;p1&#34; times=&#34; new=&#34; style=&#34;box-sizing: border-box; margin: 5px 0px; font-size: 14px; font-variant-numeric: normal; font-variant-east-asian: normal; font-stretch: normal; line-height: normal;&#34;><span class=&#34;s1&#34; style=&#34;box-sizing: border-box; font-kerning: none;&#34;>Physical Delivery</span></p>\r\n            <div><span class=&#34;s1&#34; style=&#34;box-sizing: border-box; font-kerning: none;&#34;><br />\r\n            </span></div>\r\n            </td>\r\n        </tr>\r\n    </tbody>\r\n</table>\r\n<p>&nbsp;</p>\r\n<p>References：<a href=&#34;http://m.xinhuanet.com/2018-09/08/c_1123400044.htm&#34; target=&#34;_blank&#34;>http://m.xinhuanet.com/2018-09/08/c_1123400044.htm</a></p>\r\n<p><a href=&#34;http://www.xinhuanet.com/fortune/2020-02/15/c_1125578185.htm&#34; target=&#34;_blank&#34;>http://www.xinhuanet.com/fortune/2020-02/15/c_1125578185.htm</a></p>\r\n<p><a href=&#34;http://www.czce.com.cn/cn/uploadfile/2018/11/09/20181109195619108.pdf&#34; target=&#34;_blank&#34;>http://www.czce.com.cn/cn/uploadfile/2018/11/09/20181109195619108.pdf</a></p>\r\n</div>\r\n<p>&nbsp;</p>\r\n</div>\r\n<p>&nbsp;</p>', '', '', '', '', '', '', '', '', '', '', '', '', '', '', '', '', '', '', 'Account Opening Instruction', '', '<p class=&#34;p1&#34; style=&#34;font-variant-numeric: normal; font-variant-east-asian: normal; font-stretch: normal; font-size: 12px; line-height: normal; margin: 0px;&#34;>Documents Needed for Account Opening</p>\r\n<table cellspacing=&#34;0&#34; cellpadding=&#34;0&#34; class=&#34;t1&#34; style=&#34;width: 830px; border-collapse: collapse;&#34;>\r\n    <tbody>\r\n        <tr>\r\n            <td colspan=&#34;4&#34; valign=&#34;middle&#34; class=&#34;td1&#34; style=&#34;padding: 0px 5px; border-style: solid; border-color: rgb(203, 203, 203);&#34;>\r\n            <p class=&#34;p2&#34; style=&#34;margin: 0px; text-align: center; font-variant-numeric: normal; font-variant-east-asian: normal; font-stretch: normal; line-height: normal;&#34;>Individual Clients</p>\r\n            </td>\r\n        </tr>\r\n        <tr>\r\n            <td valign=&#34;middle&#34; class=&#34;td1&#34; style=&#34;padding: 0px 5px; border-style: solid; border-color: rgb(203, 203, 203);&#34;>\r\n            <p class=&#34;p3&#34; style=&#34;margin: 0px; font-variant-numeric: normal; font-variant-east-asian: normal; font-stretch: normal; line-height: normal; font-family: Helvetica; min-height: 14px;&#34;>&nbsp;</p>\r\n            </td>\r\n            <td valign=&#34;middle&#34; class=&#34;td1&#34; style=&#34;padding: 0px 5px; border-style: solid; border-color: rgb(203, 203, 203);&#34;>\r\n            <p class=&#34;p4&#34; style=&#34;margin: 0px; text-align: justify; font-variant-numeric: normal; font-variant-east-asian: normal; font-stretch: normal; line-height: normal;&#34;>Foreign Individual Clients</p>\r\n            </td>\r\n            <td valign=&#34;middle&#34; class=&#34;td1&#34; style=&#34;padding: 0px 5px; border-style: solid; border-color: rgb(203, 203, 203);&#34;>\r\n            <p class=&#34;p4&#34; style=&#34;margin: 0px; text-align: justify; font-variant-numeric: normal; font-variant-east-asian: normal; font-stretch: normal; line-height: normal;&#34;>Hong Kong&amp; Macau Individual Clients</p>\r\n            </td>\r\n            <td valign=&#34;middle&#34; class=&#34;td1&#34; style=&#34;padding: 0px 5px; border-style: solid; border-color: rgb(203, 203, 203);&#34;>\r\n            <p class=&#34;p4&#34; style=&#34;margin: 0px; text-align: justify; font-variant-numeric: normal; font-variant-east-asian: normal; font-stretch: normal; line-height: normal;&#34;>Taiwan Individual Clients</p>\r\n            </td>\r\n        </tr>\r\n        <tr>\r\n            <td valign=&#34;middle&#34; class=&#34;td1&#34; style=&#34;padding: 0px 5px; border-style: solid; border-color: rgb(203, 203, 203);&#34;>\r\n            <p class=&#34;p4&#34; style=&#34;margin: 0px; text-align: justify; font-variant-numeric: normal; font-variant-east-asian: normal; font-stretch: normal; line-height: normal;&#34;>Identification Documents for Reference</p>\r\n            </td>\r\n            <td valign=&#34;middle&#34; class=&#34;td1&#34; style=&#34;padding: 0px 5px; border-style: solid; border-color: rgb(203, 203, 203);&#34;>\r\n            <p class=&#34;p4&#34; style=&#34;margin: 0px; text-align: justify; font-variant-numeric: normal; font-variant-east-asian: normal; font-stretch: normal; line-height: normal;&#34;>Driving License, Social Insurance Certificates,&nbsp; Tax Payment Certificates, Original IDs, or Other Certificates to Refer</p>\r\n            </td>\r\n            <td colspan=&#34;2&#34; valign=&#34;middle&#34; class=&#34;td1&#34; style=&#34;padding: 0px 5px; border-style: solid; border-color: rgb(203, 203, 203);&#34;>\r\n            <p class=&#34;p4&#34; style=&#34;margin: 0px; text-align: justify; font-variant-numeric: normal; font-variant-east-asian: normal; font-stretch: normal; line-height: normal;&#34;>Driving License, Social Insurance Certificates,&nbsp; Mainland Travel Permit for Hong Kong and Macau Residents, Resident Permit of Hong Kong, Macau and Taiwan Residents, Taiwan ID Cards, or Other Certificates to Refer</p>\r\n            </td>\r\n        </tr>\r\n        <tr>\r\n            <td colspan=&#34;4&#34; valign=&#34;middle&#34; class=&#34;td1&#34; style=&#34;padding: 0px 5px; border-style: solid; border-color: rgb(203, 203, 203);&#34;>\r\n            <p class=&#34;p2&#34; style=&#34;margin: 0px; text-align: center; font-variant-numeric: normal; font-variant-east-asian: normal; font-stretch: normal; line-height: normal;&#34;>Corporate Clients</p>\r\n            </td>\r\n        </tr>\r\n        <tr>\r\n            <td valign=&#34;middle&#34; class=&#34;td1&#34; style=&#34;padding: 0px 5px; border-style: solid; border-color: rgb(203, 203, 203);&#34;>\r\n            <p class=&#34;p4&#34; style=&#34;margin: 0px; text-align: justify; font-variant-numeric: normal; font-variant-east-asian: normal; font-stretch: normal; line-height: normal;&#34;>Valid&nbsp;<span style=&#34;text-align: left;&#34;>Identification Documents</span></p>\r\n            </td>\r\n            <td colspan=&#34;3&#34; valign=&#34;middle&#34; class=&#34;td1&#34; style=&#34;padding: 0px 5px; border-style: solid; border-color: rgb(203, 203, 203);&#34;>\r\n            <p class=&#34;p4&#34; style=&#34;margin: 0px; text-align: justify; font-variant-numeric: normal; font-variant-east-asian: normal; font-stretch: normal; line-height: normal;&#34;>Certificates of Incorporation</p>\r\n            </td>\r\n        </tr>\r\n        <tr>\r\n            <td valign=&#34;middle&#34; class=&#34;td1&#34; style=&#34;padding: 0px 5px; border-style: solid; border-color: rgb(203, 203, 203);&#34;>\r\n            <p class=&#34;p4&#34; style=&#34;margin: 0px; text-align: justify; font-variant-numeric: normal; font-variant-east-asian: normal; font-stretch: normal; line-height: normal;&#34;>Identification Documents for Reference</p>\r\n            </td>\r\n            <td colspan=&#34;3&#34; valign=&#34;middle&#34; class=&#34;td1&#34; style=&#34;padding: 0px 5px; border-style: solid; border-color: rgb(203, 203, 203);&#34;>\r\n            <p class=&#34;p4&#34; style=&#34;margin: 0px; text-align: justify; font-variant-numeric: normal; font-variant-east-asian: normal; font-stretch: normal; line-height: normal;&#34;>Tax Payment Certificates issued by the Authority of the Country/ Region of Registration.&nbsp;</p>\r\n            <p class=&#34;p4&#34; style=&#34;margin: 0px; text-align: justify; font-variant-numeric: normal; font-variant-east-asian: normal; font-stretch: normal; line-height: normal;&#34;>(If the client cannot provide Tax Payment Certificates, the client should provide relevant documentary proof or the Chinese translation of the documentary proof, applicable to companies incorporated in tax- exempted countries/ regions.)</p>\r\n            </td>\r\n        </tr>\r\n        <tr>\r\n            <td valign=&#34;middle&#34; class=&#34;td1&#34; style=&#34;padding: 0px 5px; border-style: solid; border-color: rgb(203, 203, 203);&#34;>\r\n            <p class=&#34;p4&#34; style=&#34;margin: 0px; text-align: justify; font-variant-numeric: normal; font-variant-east-asian: normal; font-stretch: normal; line-height: normal;&#34;>Other documents</p>\r\n            </td>\r\n            <td colspan=&#34;3&#34; valign=&#34;middle&#34; class=&#34;td1&#34; style=&#34;padding: 0px 5px; border-style: solid; border-color: rgb(203, 203, 203);&#34;>\r\n            <p class=&#34;p4&#34; style=&#34;margin: 0px; text-align: justify; font-variant-numeric: normal; font-variant-east-asian: normal; font-stretch: normal; line-height: normal;&#34;>Authorization Letter of the Insititutional Clients, IDs of the Executive Directors (or chairman of the BOD, CEO or other authorized representatives who has the capacity to represent the corporate client according to law and the Articles) or Legal Representatives and IDs of the Contact Person Authorized for Account Opening. For the market maker, the Market Making Agreement between the market maker and the Exchanges are to be provided.&nbsp;</p>\r\n            </td>\r\n        </tr>\r\n        <tr>\r\n            <td colspan=&#34;4&#34; valign=&#34;middle&#34; class=&#34;td1&#34; style=&#34;padding: 0px 5px; border-style: solid; border-color: rgb(203, 203, 203);&#34;>\r\n            <p class=&#34;p2&#34; style=&#34;margin: 0px; text-align: center; font-variant-numeric: normal; font-variant-east-asian: normal; font-stretch: normal; line-height: normal;&#34;>Clients with the Status of Financial Product</p>\r\n            </td>\r\n        </tr>\r\n        <tr>\r\n            <td valign=&#34;middle&#34; class=&#34;td1&#34; style=&#34;padding: 0px 5px; border-style: solid; border-color: rgb(203, 203, 203);&#34;>\r\n            <p class=&#34;p4&#34; style=&#34;margin: 0px; text-align: justify; font-variant-numeric: normal; font-variant-east-asian: normal; font-stretch: normal; line-height: normal;&#34;>Valid&nbsp;<span style=&#34;text-align: left;&#34;>Identification Documents</span></p>\r\n            </td>\r\n            <td colspan=&#34;3&#34; valign=&#34;middle&#34; class=&#34;td1&#34; style=&#34;padding: 0px 5px; border-style: solid; border-color: rgb(203, 203, 203);&#34;>\r\n            <p class=&#34;p4&#34; style=&#34;margin: 0px; text-align: justify; font-variant-numeric: normal; font-variant-east-asian: normal; font-stretch: normal; line-height: normal;&#34;>Contract of the Financial Product</p>\r\n            </td>\r\n        </tr>\r\n        <tr>\r\n            <td valign=&#34;middle&#34; class=&#34;td1&#34; style=&#34;padding: 0px 5px; border-style: solid; border-color: rgb(203, 203, 203);&#34;>\r\n            <p class=&#34;p4&#34; style=&#34;margin: 0px; text-align: justify; font-variant-numeric: normal; font-variant-east-asian: normal; font-stretch: normal; line-height: normal;&#34;>Identification Documents for Reference</p>\r\n            </td>\r\n            <td colspan=&#34;3&#34; valign=&#34;middle&#34; class=&#34;td1&#34; style=&#34;padding: 0px 5px; border-style: solid; border-color: rgb(203, 203, 203);&#34;>\r\n            <p class=&#34;p4&#34; style=&#34;margin: 0px; text-align: justify; font-variant-numeric: normal; font-variant-east-asian: normal; font-stretch: normal; line-height: normal;&#34;>Tax Payment Certificates&nbsp;<span style=&#34;text-align: left;&#34;>(if the client cannot provide Tax Payment Certificates, the client should provide relevant documentary proof or the Chinese translation of the documentary proof, applicable to companies incorporated in tax- exempted countries/ regions.)</span>, Certificate of Recording of the Regulatory Authorities Abroad, Instruction of the Financial Product, Specification of the Custodian, etc.</p>\r\n            </td>\r\n        </tr>\r\n        <tr>\r\n            <td valign=&#34;middle&#34; class=&#34;td1&#34; style=&#34;padding: 0px 5px; border-style: solid; border-color: rgb(203, 203, 203);&#34;>\r\n            <p class=&#34;p4&#34; style=&#34;margin: 0px; text-align: justify; font-variant-numeric: normal; font-variant-east-asian: normal; font-stretch: normal; line-height: normal;&#34;>Other documents</p>\r\n            </td>\r\n            <td colspan=&#34;3&#34; valign=&#34;middle&#34; class=&#34;td1&#34; style=&#34;padding: 0px 5px; border-style: solid; border-color: rgb(203, 203, 203);&#34;>\r\n            <p class=&#34;p4&#34; style=&#34;margin: 0px; text-align: justify; font-variant-numeric: normal; font-variant-east-asian: normal; font-stretch: normal; line-height: normal;&#34;>Authorization Letter of the Insititutional Clients, IDs of the Executive Directors (or chairman of the BOD, CEO or other authorized representatives who has the capacity to represent the corporate client according to law and the Articles) or Legal Representatives and IDs of the Contact Person Authorized for Account Opening. For the market maker, the Market Making Agreement between the market maker and the Exchanges are to be provided.&nbsp;</p>\r\n            <p class=&#34;p4&#34; style=&#34;margin: 0px; text-align: justify; font-variant-numeric: normal; font-variant-east-asian: normal; font-stretch: normal; line-height: normal;&#34;>Custodian&#39;s Certificate of Incorporation and Tax Payment Certificates. Please refer to the required documents to be provided by corporate clients.&nbsp;</p>\r\n            </td>\r\n        </tr>\r\n    </tbody>\r\n</table>\r\n<p class=&#34;p3&#34; style=&#34;font-variant-numeric: normal; font-variant-east-asian: normal; font-stretch: normal; font-size: 12px; line-height: normal; font-family: Helvetica; margin: 0px; min-height: 14px;&#34;>&nbsp;</p>', 'Account Opening Procedure', 'Client Opens a Global Futures Account First', 'Client Deposits Funds According to the Exchange Requirement\r\n\r\n', 'Client Signs and Submits Relevant Documents According to the Exchange Requirement, Please Refer to Account Opening Guidelines', 'Client Receives Account No., Account Information, and Log- in Details by Email\r\n', 'Account Opening Completed', '', '', '', '');
INSERT INTO `tb_huatai_trading_market_desc` (`language_id`, `trading_market_id`, `name`, `detail`, `url`, `seo_desc`, `seo_title`, `detail2`, `seo_h1`, `other_name1`, `other_name2`, `other_name3`, `other_name4`, `other_name5`, `other_name6`, `other_detail1`, `other_detail2`, `other_detail3`, `other_detail4`, `other_detail5`, `other_detail6`, `name2`, `other2_name`, `other2_name2`, `other2_detail`, `other3_name`, `other3_name2`, `other3_name3`, `other3_name4`, `other3_name5`, `other3_name6`, `other3_name7`, `other3_name8`, `other3_detail`, `name3`) VALUES
(3, 3, '上海期货交易所及能源中心', '<p>上海国际能源交易中心股份有限公司（以下简称上期能源）是经中国证监会批准，由上海期货交易所发起设立的、面向期货市场参与者的国际交易场所，根据《公司法》、《期货交易管理条例》和中国证监会等有关法律法规履行期货市场自律管理职能。2013年11月6日，上期能源注册于中国（上海）自由贸易试验区，经营范围包括组织安排期货、期权等衍生品上市交易、结算、交割及其相关活动，制定业务管理规则，实施自律管理，发布市场信息，提供技术、场所和设施服务。</p>\r\n<p>华泰（香港）期货有限公司是上海能源交易中心批复的境外特殊经纪参与者（公示于2020年8月4日），可直接入场交易；亦作为中国领先的金融衍生品综合服务平台&mdash;&mdash;华泰期货的子公司，可依托华泰期货丰富的行业资源及交割经验，委托华泰期货进行结算、交割。</p>', '', '', '', '', '', '原油产品合约细则', '原油产品介绍', '产品特点', '能源中心原油产品开户流程', '其它产品', '', '<p>&nbsp;</p>\r\n<table id=&#34;normal_table&#34; width=&#34;100%&#34; cellspacing=&#34;0&#34; cellpadding=&#34;0&#34; border=&#34;0&#34;>\r\n    <tbody>\r\n        <tr>\r\n            <td width=&#34;120&#34;>交易品种</td>\r\n            <td>中质含硫原油</td>\r\n        </tr>\r\n        <tr>\r\n            <td>交易单位</td>\r\n            <td>1000桶/手</td>\r\n        </tr>\r\n        <tr>\r\n            <td>报价单位</td>\r\n            <td>元（人民币）/桶（交易报价为不含税价格）</td>\r\n        </tr>\r\n        <tr>\r\n            <td>最小变动单位</td>\r\n            <td>0.1元（人民币）/桶</td>\r\n        </tr>\r\n        <tr>\r\n            <td>涨跌停板幅度</td>\r\n            <td>不超过上一交易日结算价&plusmn;4%</td>\r\n        </tr>\r\n        <tr>\r\n            <td>合约月份</td>\r\n            <td>最近1-12个月为连续月份以及随后八个季月</td>\r\n        </tr>\r\n        <tr>\r\n            <td>交易时间</td>\r\n            <td>上午9:00 - 11:30，下午1:30 - 3:00以及上海国际能源交易中心规定 的其他交易时间</td>\r\n        </tr>\r\n        <tr>\r\n            <td>最后交易日</td>\r\n            <td>交割月份前第一月的最后一个交易日；上海国际能源交易中心有权根据国家法定节假日调整最后交易日</td>\r\n        </tr>\r\n        <tr>\r\n            <td>最后交割日</td>\r\n            <td>最后交易日后连续五个交易日</td>\r\n        </tr>\r\n        <tr>\r\n            <td>交割等级</td>\r\n            <td>中质含硫原油，基准品质为API度32.0，硫含量1.5%，具体可交割油种及升贴水由上海国际 能源交易中心另行规定</td>\r\n        </tr>\r\n        <tr>\r\n            <td>交割地点</td>\r\n            <td>上海国际能源交易中心指定交割仓库</td>\r\n        </tr>\r\n        <tr>\r\n            <td>最低交易保证金</td>\r\n            <td>合约价值的5%</td>\r\n        </tr>\r\n        <tr>\r\n            <td>交割方式</td>\r\n            <td>实物交割</td>\r\n        </tr>\r\n    </tbody>\r\n</table>', '<p>世界原油消费主要集中在亚太、北美和欧洲及欧亚地区，而世界原油生产区域主要集中在中东、北美和欧洲及欧亚地区。根据《BP世界能源统计年鉴2019》，2018年全球石油的国际贸易量为7134.4万桶/天，总消费量为9984.3万桶/天，全球国际贸易占石油消费的71%左右。其中，超过一半的石油贸易量增长源自中国和印度。</p>\r\n<p>根据《BP世界能源统计年鉴2019》，截至2018年底，中国生产石油379.8万桶/天2，占世界石油产量的4%，是世界第八大石油生产国；中国石油消费量为1352.5万桶/天3，占世界消费量的13.5%，是世界第二大石油消费国。但随着亚太地区消费份额超过北美和欧洲，在全球原油价格体系中的影响力却较弱，亚太地区缺乏权威的原油贸易定价基准，此与消费的比例不相匹配；因此原油期货将有助于形成反映中国以及亚太地区石油市场供求关系的基准价格体系，提供有效价格风险管理工具。</p>\r\n<p>此外尽管欧美已有成熟的原油期货市场，WTI及布兰特原油分别代表北美和欧洲，地位已相当稳固，而亚太地区的价格普遍以迪拜阿曼原油作为原油贸易价格基准；2019年度中东地区原油进口占总进口量百分比为46%，是我国原油进口的最主要来源，因此上海能源交易中心（能源中心）在原油期货标的物的选取上，也是选择了我国从中东进口量最大的中质含硫原油。中国原油期货目的其实即着眼于形成一更直接反映中国乃至亚太地区原油市场供求关系基准价格。</p>', '<div>人民币计价美金可作保证金</div>\r\n<div>原油期货交易以人民币计价、结算，符合跨境贸易人民币结算市场需求；境外交易者和境外经纪机构可以直接使用美元作为保证金使用。</div>\r\n<div>&nbsp;</div>\r\n<div>净价交易</div>\r\n<div>计价不含关税、增值税的净价，区别于中国目前期货交易价格均为含税价格的现状，方便与国际市场不含税价格直接对比，同时避免税收政策变化对交易价格的影响。</div>\r\n<div>&nbsp;</div>\r\n<div>保税交割</div>\r\n<div>依托保税油库，进行实物交割，主要是考虑保税现货贸易的计价为不含税的净价，保税贸易对参与主体的限制少，保税油库又可以作为联系国内外原油市场的纽带，有利于国际原油现货、期货交易者参与交易和交割。</div>\r\n<div>&nbsp;</div>\r\n<div>交易目标中质含硫原油</div>\r\n<div>中质含硫原油资源丰富，产量份额约占全球产量44%。此外，中质含硫原油的供需关系与轻质低硫原油并不完全相同，而目前国际市场还缺乏一个权威的中质含硫原油的价格基准。并且，是中质含硫原油是我国及周边国家进口原油的主要品种，形成中质含硫原油的基准价格有利于促进亚太地区国际原油贸易的展。</div>\r\n<div>\r\n<p class=&#34;p1&#34; style=&#34;margin: 0px; font-variant-numeric: normal; font-variant-east-asian: normal; font-stretch: normal; font-size: 14px; line-height: normal; font-family: &#34; times=&#34; new=&#34;>&nbsp;</p>\r\n<div>国际平台</div>\r\n<div>国际平台即交易国际化、交割国际化和结算环节国际化，以方便境内外交易者自由、高效、便捷地参与，并依托国际原油现货市场，引入境内外交易者参与，包括跨国石油公司、原油贸易商、投资银行等，推动形成反映中国和亚太时区原油市场供求关系的基准价格。</div>\r\n</div>\r\n<div>&nbsp;</div>\r\n<div>\r\n<table id=&#34;market_hkex_table&#34; width=&#34;100%&#34; cellspacing=&#34;0&#34; cellpadding=&#34;0&#34; border=&#34;0&#34;>\r\n    <tbody>\r\n        <tr>\r\n            <th width=&#34;90&#34;>&nbsp;</th>\r\n            <th width=&#34;90&#34;><span class=&#34;text_bottom_line&#34;>   上期能源<br />\r\n            中质含硫原油 </span></th>\r\n            <th width=&#34;90&#34;><span class=&#34;text_bottom_line&#34;>  洲际交易所<br />\r\n            布伦特原油 </span></th>\r\n            <th width=&#34;90&#34;><span class=&#34;text_bottom_line&#34;>  芝加哥商品交易所WTI  </span></th>\r\n            <th width=&#34;90&#34;><span class=&#34;text_bottom_line&#34;>   迪拜商品交易所<br />\r\n            阿曼原油 </span></th>\r\n        </tr>\r\n        <tr>\r\n            <td>交易品种</td>\r\n            <td>中质含硫原油，基准品质为&nbsp; API度  32，含硫量 1.5%，具体可交割油种及升贴水由能源中心另行规定</td>\r\n            <td>北海一揽子原油BFOET（布伦特、Forties、Oseberg、Ekofisk、Troll）</td>\r\n            <td>西德克业斯中业基原油 6</td>\r\n            <td>阿曼原油</td>\r\n        </tr>\r\n        <tr>\r\n            <td>交易单位</td>\r\n            <td>1000桶/手</td>\r\n            <td>1000桶/手</td>\r\n            <td>1000桶/手</td>\r\n            <td>1000桶/手</td>\r\n        </tr>\r\n        <tr>\r\n            <td>报价单位</td>\r\n            <td>人民币/桶</td>\r\n            <td>美元/桶</td>\r\n            <td>美元/桶及美分/桶</td>\r\n            <td>美元/桶</td>\r\n        </tr>\r\n        <tr>\r\n            <td>最小变动价位</td>\r\n            <td>0.1元/桶</td>\r\n            <td>0.01美元/桶</td>\r\n            <td>0.01美元/桶</td>\r\n            <td>0.01美元/桶</td>\r\n        </tr>\r\n        <tr>\r\n            <td>交割方式</td>\r\n            <td>实物交割</td>\r\n            <td>现金结算</td>\r\n            <td>现货交割</td>\r\n            <td>现货交割</td>\r\n        </tr>\r\n        <tr>\r\n            <td>交割方法/类型</td>\r\n            <td>能源中心指定交割地点保税交割</td>\r\n            <td>期货转现货</td>\r\n            <td>FOB 管道交割</td>\r\n            <td>FOB 装船港交割</td>\r\n        </tr>\r\n        <tr>\r\n            <td>每日结算价</td>\r\n            <td>日成交加权平均价</td>\r\n            <td>伦敦时间 19:28:00 起 2分钟的成交加权平均价格。</td>\r\n            <td>纽约时间14:28:00 至14:30:00 的成交量的加权平均价格</td>\r\n            <td>在新加坡时间16:25 至16:30 内，成交量的加权平均价格</td>\r\n        </tr>\r\n        <tr>\r\n            <td>最后交易日</td>\r\n            <td>合约交割月份前一月份的最后一个交易日</td>\r\n            <td>合约月份前第二个月的最后一个工作日（例：3 月合约将在 1月的最后一个工作日到期）</td>\r\n            <td>当前交割月交易应在交割月前一个月的第二十五个日历日前的第三个交易日停止。若第二十五个日历日不是交易日，交易应在第二十五个日历日前最后一个交易日之前的第三个交易日停止</td>\r\n            <td>交易应在交割月前两个月的最后一个交易日停止</td>\r\n        </tr>\r\n        <tr>\r\n            <td>交割日期</td>\r\n            <td>最后交易日后连续五个工作日</td>\r\n            <td>一般以 EFP 形式在到期前现金交割</td>\r\n            <td>交割月第一个日历日至交割月最后一个日历日</td>\r\n            <td>交割月前一个月配对、找油轮，交割月交割</td>\r\n        </tr>\r\n        <tr>\r\n            <td>每日价格最大波动限制</td>\r\n            <td>不超过上一交易日结算价&plusmn;4%</td>\r\n            <td>区间限价功能 (IPL)，功能在电子平台上充当临时熔断机制，以减少短期价格飙升或市场异常波动的可能性和程度。虽然保护措施的设计是在每个交易日都有效，但预计只有在非常短的时间内出现极端价格波动的情况下，才会积极触发保护措施。</td>\r\n            <td>采用熔断机制，当触及特殊价格区间时会熔断 2 分钟，并在恢复交易后进行扩板，熔断四次后，则会放开涨跌停限制。</td>\r\n            <td>无</td>\r\n        </tr>\r\n        <tr>\r\n            <td>最低交易保证金&nbsp;</td>\r\n            <td>&nbsp;合约价值的5%</td>\r\n            <td>$2250-4940/手&nbsp;</td>\r\n            <td>&nbsp;$4,650-2325/手，远月合约保证金逐额递减</td>\r\n            <td>&nbsp;$5000/手，最低保证金：$3,600/手</td>\r\n        </tr>\r\n        <tr>\r\n            <td>合约月份</td>\r\n            <td>&nbsp;最近 1-12 个月为连续月份以及随后八个季月</td>\r\n            <td>&nbsp;96 个连续月份</td>\r\n            <td>&nbsp;本年和未来 8 年的月度合约，以及 2 个额外的连续月份合约。在本年 12 月合约交易终止后，上市新一年的月度合约和 2 个额外的连续月度合约</td>\r\n            <td>&nbsp;交易当年及其后5年月份挂牌。当年十二月合约交易终止后，将新增一个日历年</td>\r\n        </tr>\r\n    </tbody>\r\n</table>\r\n<p>&nbsp;</p>\r\n<p>&nbsp;</p>\r\n</div>\r\n<p>&nbsp;</p>', '<p>&nbsp;</p>\r\n<table id=&#34;market_hkex_table&#34; width=&#34;100%&#34; cellspacing=&#34;0&#34; cellpadding=&#34;0&#34; border=&#34;0&#34;>\r\n    <tbody>\r\n        <tr>\r\n            <th width=&#34;90&#34;>&nbsp;</th>\r\n            <th width=&#34;180&#34;>个人客户</th>\r\n            <th width=&#34;180&#34;>机构客户</th>\r\n        </tr>\r\n        <tr>\r\n            <td>交易经历及相关证明文件</td>\r\n            <td colspan=&#34;2&#34;>\r\n            <ul>\r\n                <li>具有累计不少于10个交易日且20笔及以上的境内交易场所的期货合约或者期权合约仿真交易成交记录</li>\r\n                <li>或者近三年内具有10笔及以上的境内交易场所的期货合约、期权合约或者集中清算的其他衍生品交易成交记录</li>\r\n                <li>或者近三年内具有10笔及以上的在与中国证券监督管理委员会签署监管合作谅解备忘录的国家（地区）期货监管机构监管的境外交易场所的期货合约、期权合约或者集中清算的其他衍生品交易成交记录</li>\r\n            </ul>\r\n            </td>\r\n        </tr>\r\n        <tr>\r\n            <td>保证金余额</td>\r\n            <td>申请开立交易编码或者开通交易权限前连续5个交易日保证金账户可用资金余额均不低于人民币50万元或者等值外币<br />\r\n            申请交易编码前5个工作日保证金账户可用资金余额均不低于人民币50万元或者等值外币</td>\r\n            <td>申请开立交易编码或者开通交易权限前连续5个交易日保证金账户可用资金余额均不低于人民币100万元或者等值外币<br />\r\n            申请交易编码前5个工作日保证金账户可用资金余额均不低于人民币100万元或者等值外币</td>\r\n        </tr>\r\n        <tr>\r\n            <td>其它</td>\r\n            <td colspan=&#34;2&#34;>不存在严重不良诚信记录或者被有权监管机关宣布为期货市场禁止进入者的情形，不存在法律、法规、规章和能源中心业务规则禁止或者限制从事期货交易的情形等             具有健全的内部控制、风险管理等期货交易管理相关制度</td>\r\n        </tr>\r\n        <tr>\r\n            <td>测试</td>\r\n            <td colspan=&#34;2&#34;>通过相关测试，有历史交易经验</td>\r\n        </tr>\r\n    </tbody>\r\n</table>\r\n<p>&nbsp;</p>', '<p>&nbsp;</p>\r\n<table id=&#34;market_hkex_table&#34; width=&#34;100%&#34; cellspacing=&#34;0&#34; cellpadding=&#34;0&#34; border=&#34;0&#34;>\r\n    <tbody>\r\n        <tr>\r\n            <th>交易品种</th>\r\n            <th>低硫燃料油</th>\r\n            <th>20号胶</th>\r\n        </tr>\r\n        <tr>\r\n            <td>交易单位</td>\r\n            <td>10吨/手</td>\r\n            <td>10吨/手</td>\r\n        </tr>\r\n        <tr>\r\n            <td>报价单位</td>\r\n            <td>元（人民币）/吨（交易报价为不含税价格）</td>\r\n            <td>元（人民币）/吨（交易报价为不含税价格）</td>\r\n        </tr>\r\n        <tr>\r\n            <td>最小变动单位</td>\r\n            <td>1元（人民币）/吨</td>\r\n            <td>5元（人民币）/吨</td>\r\n        </tr>\r\n        <tr>\r\n            <td>涨跌停板幅度</td>\r\n            <td>不超过上一交易日结算价&plusmn;5%</td>\r\n            <td>不超过上一交易日结算价&plusmn;5%</td>\r\n        </tr>\r\n        <tr>\r\n            <td>合约月份</td>\r\n            <td>1月、2月、3月、4月、5月、6月、7月、8月、9月、10月、11月、12月</td>\r\n            <td>1月、2月、3月、4月、5月、6月、7月、8月、9月、10月、11月、12月</td>\r\n        </tr>\r\n        <tr>\r\n            <td>交易时间</td>\r\n            <td>上午9:00 - 11:30，下午1:30 - 3:00以及上海国际能源交易中心规定 的其他交易时间</td>\r\n            <td>上午9:00-11:30，下午1:30-3:00以及上海国际能源交易中心规定的其他交易时间</td>\r\n        </tr>\r\n        <tr>\r\n            <td>最后交易日</td>\r\n            <td>交割月份前第一月的最后一个交易日（遇国家法定节假日、休息日顺延；上海国际能源交易中心可以根据国家法定节假日、休息日调整最后交易日）</td>\r\n            <td>交割月份的15日（遇国家法定节假日、休息日顺延；上海国际能源交易中心可以根据国家法定节假日、休息日调整最后交易日）</td>\r\n        </tr>\r\n        <tr>\r\n            <td>最后交割日</td>\r\n            <td>最后交易日后连续五个交易日</td>\r\n            <td>最后交易日后连续五个交易日</td>\r\n        </tr>\r\n        <tr>\r\n            <td>交割等级</td>\r\n            <td>低硫船用燃料油（具体质量规定见交易所说明）</td>\r\n            <td>具体质量规定见交易所说明</td>\r\n        </tr>\r\n        <tr>\r\n            <td>交割地点</td>\r\n            <td>上海国际能源交易中心指定交割仓库</td>\r\n            <td>上海国际能源交易中心指定交割仓库</td>\r\n        </tr>\r\n        <tr>\r\n            <td>最低交易保证金</td>\r\n            <td>合约价值的8%</td>\r\n            <td>合约价值的7%</td>\r\n        </tr>\r\n        <tr>\r\n            <td>交割方式</td>\r\n            <td>实物交割</td>\r\n            <td>实物交割</td>\r\n        </tr>\r\n    </tbody>\r\n</table>\r\n<p>&nbsp;</p>', '', '', '个人账户开户指引', '', '<p>&nbsp;</p>\r\n<table id=&#34;op_ac_step&#34; width=&#34;96%&#34; cellspacing=&#34;0&#34; cellpadding=&#34;0&#34; border=&#34;0&#34;>\r\n    <tbody>\r\n        <tr>\r\n            <td colspan=&#34;2&#34;>开户所需文件</td>\r\n        </tr>\r\n        <tr>\r\n            <td rowspan=&#34;3&#34; width=&#34;100&#34; valign=&#34;top&#34; align=&#34;left&#34;>准备文件</td>\r\n            <td valign=&#34;top&#34; align=&#34;left&#34;>身份证明文件</td>\r\n        </tr>\r\n        <tr>\r\n            <td valign=&#34;top&#34; align=&#34;left&#34;>3个月内住址证明文件</td>\r\n        </tr>\r\n        <tr>\r\n            <td valign=&#34;top&#34; align=&#34;left&#34;>银行证明文件</td>\r\n        </tr>\r\n        <tr>\r\n            <td rowspan=&#34;9&#34; valign=&#34;top&#34; align=&#34;left&#34;>填写表格</td>\r\n            <td valign=&#34;top&#34; align=&#34;left&#34;>账户开户表格连同客户协议书-条款及条件</td>\r\n        </tr>\r\n        <tr>\r\n            <td valign=&#34;top&#34; align=&#34;left&#34;>客户款项常设授权</td>\r\n        </tr>\r\n        <tr>\r\n            <td valign=&#34;top&#34; align=&#34;left&#34;>实时市场数据条款</td>\r\n        </tr>\r\n        <tr>\r\n            <td valign=&#34;top&#34; align=&#34;left&#34;>非美国人免扣除美国所得税声明书</td>\r\n        </tr>\r\n        <tr>\r\n            <td valign=&#34;top&#34; align=&#34;left&#34;>手续费申请单</td>\r\n        </tr>\r\n        <tr>\r\n            <td valign=&#34;top&#34; align=&#34;left&#34;>CRS自我证明表格（个人）</td>\r\n        </tr>\r\n        <tr>\r\n            <td valign=&#34;top&#34; align=&#34;left&#34;>*委托授权书（如适用）</td>\r\n        </tr>\r\n        <tr>\r\n            <td valign=&#34;top&#34; align=&#34;left&#34;>*香港证监会持牌人雇主同意信（如适用）</td>\r\n        </tr>\r\n        <tr>\r\n            <td valign=&#34;top&#34; align=&#34;left&#34;>*申请邮寄结单服务（如适用）</td>\r\n        </tr>\r\n        <tr>\r\n            <td colspan=&#34;2&#34; valign=&#34;top&#34; align=&#34;left&#34;>交易&ldquo;上海国际能源交易中心原油期货&rdquo;需填写至之表格及准备材料</td>\r\n        </tr>\r\n        <tr>\r\n            <td rowspan=&#34;3&#34; valign=&#34;top&#34; align=&#34;left&#34;>准备文件</td>\r\n            <td valign=&#34;top&#34; align=&#34;left&#34;>依交易者类型检附影像数据采集要求</td>\r\n        </tr>\r\n        <tr>\r\n            <td valign=&#34;top&#34; align=&#34;left&#34;>原油期货基础知识测试/客户承诺书</td>\r\n        </tr>\r\n        <tr>\r\n            <td valign=&#34;top&#34; align=&#34;left&#34;>关于交易者符合相关期货交易所交易者适当性制度要求的证明</td>\r\n        </tr>\r\n        <tr>\r\n            <td valign=&#34;top&#34; align=&#34;left&#34;>填写表格</td>\r\n            <td valign=&#34;top&#34; align=&#34;left&#34;>境外个人交易者交易编码申请表</td>\r\n        </tr>\r\n    </tbody>\r\n</table>\r\n<p class=&#34;sm-text&#34;>注：如填写语言为英文，除提供原件扫描件之外，开户个人必须提供翻译为中文的版本并加盖公章。</p>', '开户流程', '客户填写开户数据，并通过适当性审查', '华泰（香港）期货进行文件审核、资料留存并处理开户', '华泰（香港）期货协助审核交易编码', '保证金监控中心检查开户数据', '保证金监控中心分配交易编码', '客户获得交易编码', '完成开户', '<p>&nbsp;资料详情：<a href=&#34;http://www.ine.cn/upload/20200415/1586917808092.pdf&#34; target=&#34;_blank&#34;>http://www.ine.cn/upload/20200415/1586917808092.pdf</a></p>', ''),
(1, 3, 'Shanghai Futures Exchange & Shanghai International Energy Exchange', '<p>Approved by the China Securities Regulatory Commission (&ldquo;the CSRC&rdquo;), the Shanghai International Energy Exchange Co., Ltd., or INE, is an international exchange that is jointly initiated and established by relevant entities including the Shanghai Futures Exchange, and open to global futures participants. As a self-regulated entity, INE discharges its duties pursuant to the Company Law, the Regulations on the Administration of Futures Trading and relevant rules and regulations prescribed by the CSRC.</p>\r\n<p>Registered in the China (Shanghai) Pilot Free Trade Zone on November 6th, 2013,&nbsp; INE operates the listing, clearing, settlement and delivery of futures, options and other derivatives, formulates business rules, implements self-regulation, publishes market information, and provides technology, venue and facility services.</p>\r\n<p>Huatai (Hong Kong) Futures Co., Ltd. is an Overseas Special Brokerage Participant approved by the Shanghai Energy Exchange (published on August 4, 2020) with direct market access. Huatai (Hong Kong) Futures Co., Ltd also serves as a subsidiary of Huatai Futures, China&#39;s leading comprehensive service platform for financial derivatives. Therefore, it can rely on Huatai Futures&#39; abundant industry resources and delivery experience to entrust Huatai Futures for settlement and delivery.</p>', '', '', '', '', '', 'Contract Spec for Crude Oil Products', 'Crude Oil Product Introduction', 'Product Features', 'Account Opening Requirements for Crude Oil Futures Product', 'Other Products', '', '<p>&nbsp;&nbsp;</p>\r\n<table id=&#34;normal_table&#34; width=&#34;100%&#34; cellspacing=&#34;0&#34; cellpadding=&#34;0&#34; border=&#34;0&#34;>\r\n    <tbody>\r\n        <tr>\r\n            <td width=&#34;120&#34;>\r\n            <p class=&#34;p1&#34; style=&#34;margin: 0px; font-variant-numeric: normal; font-variant-east-asian: normal; font-stretch: normal; font-size: 14px; line-height: normal; font-family: &#34; times=&#34; new=&#34;><span class=&#34;s1&#34; style=&#34;font-kerning: none;&#34;>Product</span></p>\r\n            </td>\r\n            <td>\r\n            <p class=&#34;p1&#34; style=&#34;margin: 0px; font-variant-numeric: normal; font-variant-east-asian: normal; font-stretch: normal; font-size: 14px; line-height: normal; font-family: &#34; times=&#34; new=&#34;><span class=&#34;s1&#34; style=&#34;font-kerning: none;&#34;>Medium Sour Crude Oil</span></p>\r\n            </td>\r\n        </tr>\r\n        <tr>\r\n            <td>\r\n            <p class=&#34;p1&#34; style=&#34;margin: 0px; font-variant-numeric: normal; font-variant-east-asian: normal; font-stretch: normal; font-size: 14px; line-height: normal; font-family: &#34; times=&#34; new=&#34;><span class=&#34;s1&#34; style=&#34;font-kerning: none;&#34;>Contract Size</span></p>\r\n            </td>\r\n            <td>\r\n            <p class=&#34;p1&#34; style=&#34;margin: 0px; font-variant-numeric: normal; font-variant-east-asian: normal; font-stretch: normal; font-size: 14px; line-height: normal; font-family: &#34; times=&#34; new=&#34;><span class=&#34;s1&#34; style=&#34;font-kerning: none;&#34;>1000 barrels per lot</span></p>\r\n            </td>\r\n        </tr>\r\n        <tr>\r\n            <td>\r\n            <p class=&#34;p1&#34; style=&#34;margin: 0px; font-variant-numeric: normal; font-variant-east-asian: normal; font-stretch: normal; font-size: 14px; line-height: normal; font-family: &#34; times=&#34; new=&#34;><span class=&#34;s1&#34; style=&#34;font-kerning: none;&#34;>Price Quotation</span></p>\r\n            </td>\r\n            <td>\r\n            <p class=&#34;p1&#34; style=&#34;font-variant-numeric: normal; font-variant-east-asian: normal; font-stretch: normal; font-size: 14px; line-height: normal; font-family: &#34; times=&#34; new=&#34; margin:=&#34;&gt;(RMB) Yuan per barrel&lt;/p&gt;&#10;            &lt;p class=&#34;>(no tax or duty included in the quotation)</p>\r\n            </td>\r\n        </tr>\r\n        <tr>\r\n            <td>\r\n            <p class=&#34;p1&#34; style=&#34;margin: 0px; font-variant-numeric: normal; font-variant-east-asian: normal; font-stretch: normal; font-size: 14px; line-height: normal; font-family: &#34; times=&#34; new=&#34;><span class=&#34;s1&#34; style=&#34;font-kerning: none;&#34;>Minimum Price Fluctuation</span></p>\r\n            </td>\r\n            <td>\r\n            <p class=&#34;p1&#34; style=&#34;margin: 0px; font-variant-numeric: normal; font-variant-east-asian: normal; font-stretch: normal; font-size: 14px; line-height: normal; font-family: &#34; times=&#34; new=&#34;><span class=&#34;s1&#34; style=&#34;font-kerning: none;&#34;>0.1 Yuan / barrel</span></p>\r\n            </td>\r\n        </tr>\r\n        <tr>\r\n            <td>\r\n            <p class=&#34;p1&#34; style=&#34;margin: 0px; font-variant-numeric: normal; font-variant-east-asian: normal; font-stretch: normal; font-size: 14px; line-height: normal; font-family: &#34; times=&#34; new=&#34;><span class=&#34;s1&#34; style=&#34;font-kerning: none;&#34;>Daily Price Limits</span></p>\r\n            </td>\r\n            <td>\r\n            <p class=&#34;p1&#34; style=&#34;margin: 0px; font-variant-numeric: normal; font-variant-east-asian: normal; font-stretch: normal; font-size: 14px; line-height: normal; font-family: &#34; times=&#34; new=&#34;><span class=&#34;s1&#34; style=&#34;font-kerning: none;&#34;>&plusmn;4% from the settlement price of the previous trading day</span></p>\r\n            </td>\r\n        </tr>\r\n        <tr>\r\n            <td>\r\n            <p class=&#34;p1&#34; style=&#34;margin: 0px; font-variant-numeric: normal; font-variant-east-asian: normal; font-stretch: normal; font-size: 14px; line-height: normal; font-family: &#34; times=&#34; new=&#34;><span class=&#34;s1&#34; style=&#34;font-kerning: none;&#34;>Listed Contracts</span></p>\r\n            </td>\r\n            <td>\r\n            <p class=&#34;p1&#34; style=&#34;margin: 0px; font-variant-numeric: normal; font-variant-east-asian: normal; font-stretch: normal; font-size: 14px; line-height: normal; font-family: &#34; times=&#34; new=&#34;><span class=&#34;s1&#34; style=&#34;font-kerning: none;&#34;>Monthly contracts of recent twelve (12) consecutive months followed by eight (8) quarterly contracts.</span></p>\r\n            </td>\r\n        </tr>\r\n        <tr>\r\n            <td>\r\n            <p class=&#34;p1&#34; style=&#34;margin: 0px; font-variant-numeric: normal; font-variant-east-asian: normal; font-stretch: normal; font-size: 14px; line-height: normal; font-family: &#34; times=&#34; new=&#34;><span class=&#34;s1&#34; style=&#34;font-kerning: none;&#34;>Trading Hours</span></p>\r\n            </td>\r\n            <td>\r\n            <p class=&#34;p1&#34; style=&#34;margin: 0px; font-variant-numeric: normal; font-variant-east-asian: normal; font-stretch: normal; font-size: 14px; line-height: normal; font-family: &#34; times=&#34; new=&#34;><span class=&#34;s1&#34; style=&#34;font-kerning: none;&#34;>9:00-11:30 a.m., 1:30-3:00 p.m. (the Beijing Time), and other trading hours as prescribed by the Exchange</span></p>\r\n            </td>\r\n        </tr>\r\n        <tr>\r\n            <td>\r\n            <p class=&#34;p1&#34; style=&#34;margin: 0px; font-variant-numeric: normal; font-variant-east-asian: normal; font-stretch: normal; font-size: 14px; line-height: normal; font-family: &#34; times=&#34; new=&#34;><span class=&#34;s1&#34; style=&#34;font-kerning: none;&#34;>Last Trading Day</span></p>\r\n            </td>\r\n            <td>\r\n            <p class=&#34;p1&#34; style=&#34;margin: 0px; font-variant-numeric: normal; font-variant-east-asian: normal; font-stretch: normal; font-size: 14px; line-height: normal; font-family: &#34; times=&#34; new=&#34;><span class=&#34;s1&#34; style=&#34;font-kerning: none;&#34;>The last trading day of the month prior to the delivery month;&nbsp;The Shanghai International Energy Exchange is entitled to adjust the last trading day in accordance with the national holidays.</span></p>\r\n            </td>\r\n        </tr>\r\n        <tr>\r\n            <td>\r\n            <p class=&#34;p1&#34; style=&#34;margin: 0px; font-variant-numeric: normal; font-variant-east-asian: normal; font-stretch: normal; font-size: 14px; line-height: normal; font-family: &#34; times=&#34; new=&#34;><span class=&#34;s1&#34; style=&#34;font-kerning: none;&#34;>Delivery Period</span></p>\r\n            </td>\r\n            <td>\r\n            <p class=&#34;p1&#34; style=&#34;margin: 0px; font-variant-numeric: normal; font-variant-east-asian: normal; font-stretch: normal; font-size: 14px; line-height: normal; font-family: &#34; times=&#34; new=&#34;><span class=&#34;s1&#34; style=&#34;font-kerning: none;&#34;>Five (5) consecutive trading days after the last trading day.</span></p>\r\n            </td>\r\n        </tr>\r\n        <tr>\r\n            <td>\r\n            <p class=&#34;p1&#34; style=&#34;margin: 0px; font-variant-numeric: normal; font-variant-east-asian: normal; font-stretch: normal; font-size: 14px; line-height: normal; font-family: &#34; times=&#34; new=&#34;><span class=&#34;s1&#34; style=&#34;font-kerning: none;&#34;>Grades and Quality Specifications</span></p>\r\n            </td>\r\n            <td>\r\n            <p class=&#34;p1&#34; style=&#34;margin: 0px; font-variant-numeric: normal; font-variant-east-asian: normal; font-stretch: normal; font-size: 14px; line-height: normal; font-family: &#34; times=&#34; new=&#34;><span class=&#34;s1&#34; style=&#34;font-kerning: none;&#34;>Medium sour crude oil with the quality specifications of API 32.0 degrees and sulfur content 1.5% by weight</span></p>\r\n            <p class=&#34;p1&#34; style=&#34;margin: 0px; font-variant-numeric: normal; font-variant-east-asian: normal; font-stretch: normal; font-size: 14px; line-height: normal; font-family: &#34; times=&#34; new=&#34;><span class=&#34;s1&#34; style=&#34;font-kerning: none;&#34;>The deliverable grades and the price differentials willbe stipulated separately by the Shanghai International Energy Exchange.</span></p>\r\n            </td>\r\n        </tr>\r\n        <tr>\r\n            <td>\r\n            <p class=&#34;p1&#34; style=&#34;margin: 0px; font-variant-numeric: normal; font-variant-east-asian: normal; font-stretch: normal; font-size: 14px; line-height: normal; font-family: &#34; times=&#34; new=&#34;><span class=&#34;s1&#34; style=&#34;font-kerning: none;&#34;>Delivery Venues</span></p>\r\n            </td>\r\n            <td>\r\n            <p class=&#34;p1&#34; style=&#34;margin: 0px; font-variant-numeric: normal; font-variant-east-asian: normal; font-stretch: normal; font-size: 14px; line-height: normal; font-family: &#34; times=&#34; new=&#34;><span class=&#34;s1&#34; style=&#34;font-kerning: none;&#34;>Delivery Storage Facilities designated by the Shanghai International Energy Exchange</span></p>\r\n            </td>\r\n        </tr>\r\n        <tr>\r\n            <td>\r\n            <p class=&#34;p1&#34; style=&#34;margin: 0px; font-variant-numeric: normal; font-variant-east-asian: normal; font-stretch: normal; font-size: 14px; line-height: normal; font-family: &#34; times=&#34; new=&#34;><span class=&#34;s1&#34; style=&#34;font-kerning: none;&#34;>Minimum Trading Margin</span></p>\r\n            </td>\r\n            <td>\r\n            <p class=&#34;p1&#34; style=&#34;margin: 0px; font-variant-numeric: normal; font-variant-east-asian: normal; font-stretch: normal; font-size: 14px; line-height: normal; font-family: &#34; times=&#34; new=&#34;><span class=&#34;s1&#34; style=&#34;font-kerning: none;&#34;>5% of contract value</span></p>\r\n            </td>\r\n        </tr>\r\n        <tr>\r\n            <td>\r\n            <p class=&#34;p1&#34; style=&#34;margin: 0px; font-variant-numeric: normal; font-variant-east-asian: normal; font-stretch: normal; font-size: 14px; line-height: normal; font-family: &#34; times=&#34; new=&#34;><span class=&#34;s1&#34; style=&#34;font-kerning: none;&#34;>Settlement Type</span></p>\r\n            </td>\r\n            <td>\r\n            <p class=&#34;p1&#34; style=&#34;margin: 0px; font-variant-numeric: normal; font-variant-east-asian: normal; font-stretch: normal; font-size: 14px; line-height: normal; font-family: &#34; times=&#34; new=&#34;><span class=&#34;s1&#34; style=&#34;font-kerning: none;&#34;>Physical delivery</span></p>\r\n            </td>\r\n        </tr>\r\n    </tbody>\r\n</table>', '<p>Global oil consumption is mainly concentrated in the Asia-Pacific, North America, Europe, and Eurasia. The Middle East, North America, Europe, and Eurasia are the main supplying regions.According to the BP Statistical Review of World Energy 2019, in 2018, the international petroleum trade was 71,344,000 bpd and the total consumption was 99,843,000 bpd, meaning 71% of the oil consumed worldwide was delivered by international trade. More than half of the oil trade growth was from China and India.&nbsp;</p>\r\n<p>According to the BP Statistical Review of World Energy 2019, as of 2018, China produced 3.8 million barrels per day2 , accounting for 4% of the global share and ranked eighth in the world. It consumed 13.53 million barrels per day3 , representing 13.5% of the global oil consumption and is the second biggest oil consumer in the world.</p>\r\n<p>However, as the consumption share of the Asia-Pacific region exceeds that of North America and Europe, its influence in the global crude oil price system is weak. The Asia-Pacific region lacks an authoritative crude oil trade pricing benchmark, which does not match the consumption share. Therefore, crude oil futures will help to form a benchmark price system that reflects the relationship between supply and demand in the oil market in China and the Asia-Pacific region, and to provide effective price risk management tools.In addition, although Europe and the United States have mature crude oil futures markets, WTI and Brent crude oil represent North America and Europe market demand respectively, with remarkable market standing. Crude oil prices in the Asia-Pacific region generally use Dubai Oman crude oil prices as the benchmark for crude oil trading.China is heavily energy dependent on the Middle East, with nearly 50% of its imported crude oil coming from the Middle East in 2019. As such, the Shanghai International Energy Exchange (INE) chose medium sour crude oil, predominant type of oil imported from the Middle East to China, as the underlying for the crude futures contract.</p>', '<p>RMB Denomination&nbsp;</p>\r\n<p>Daily settlement variation and physical delivery settlement of crude futures contract are denominated in Renminbi, while US dollar and other foreign currencies specified by the Exchange are acceptable as margin collateral.</p>\r\n<p>Net Pricing</p>\r\n<p>A clean price prior customs duty and VAT, different from after-tax pricing of other futures contracts listed on other China futures exchanges. This arrangement facilitates direct comparison with other global oil futures prices, and eliminates the impact on the futures price of any tax policy change.&nbsp;</p>\r\n<p>Bonded Delivery</p>\r\n<p>Physical delivery performed using a commodity which is under bonded supervision and within the bonded supervision premises as the underlying product for delivery. The main purpose for this practice is that the spot market of bonded commodity goods is net priced prior to the imposition of tax, and more types of participants are allowed to trade in this market than in the Chinese domestic market. As such, bonded oil terminals act as a link between the domestic and overseas oil markets, making trading and delivery of bonded commodity goods more accessible to global spot market and derivative traders.</p>\r\n<p>Medium Sour Crude Oil as the Underlying</p>\r\n<p>The medium sour crude oil has been chosen for the following reasons: (1) reserves of this type of petroleum is relatively abundant and accounts for about 44% of global oil production; (2) Due to geographical differences in production and consumption of medium sour crude compared with light sweet crude, their respective market supply and demand dynamics also differ. Currently there is still not a global benchmark market price for medium sour crude; and (3) It is the primary crude stream imported by China and its neighboring countries. The creation of a benchmark for medium sour crude oil may benefit and enhance oil trade in Asia Pacific Region.</p>\r\n<p>Internationalized Platform&nbsp;</p>\r\n<p>Trading, clearing &amp; settlement, and delivery at INE adopts global standard so the market is freely, efficiently, and conveniently accessible to onshore as well as offshore investors&ndash; including global oil companies, oil trading houses, and investment banks. The aim is to accelerate the formation of a new oil benchmark that reflects the supply and demand characteristics in China and the Asia-Pacific region via active international participation and acceptance of the new futures contract.</p>\r\n<div>&nbsp;</div>\r\n<div>&nbsp;</div>\r\n<table id=&#34;market_hkex_table&#34; width=&#34;100%&#34; cellspacing=&#34;0&#34; cellpadding=&#34;0&#34; border=&#34;0&#34;>\r\n    <tbody>\r\n        <tr>\r\n            <th width=&#34;90&#34;>&nbsp;</th>\r\n            <th width=&#34;90&#34;>Settlement Method&nbsp;</th>\r\n            <th width=&#34;90&#34;>Physical delivery&nbsp;</th>\r\n            <th width=&#34;90&#34;>Cash settlement</th>\r\n            <th width=&#34;90&#34;>Physical delivery</th>\r\n        </tr>\r\n        <tr>\r\n            <td>Delivery Method / Type</td>\r\n            <td>Delivery at INE designated delivery storage facilities in bonded zones</td>\r\n            <td>Cash Settlement</td>\r\n            <td>FOB at Pipeline</td>\r\n            <td>FOB at the Loading Port</td>\r\n        </tr>\r\n        <tr>\r\n            <td>Settlement Price</td>\r\n            <td>The daily volumeweighted average price (VWAP)&nbsp;</td>\r\n            <td>VWAP from 19:28 to 19:30 London time&nbsp;</td>\r\n            <td>VWAP from 14:28 to 14:30 Eastern time (US)&nbsp;</td>\r\n            <td>VWAP from 16:25 to 16:30 Singapore time</td>\r\n        </tr>\r\n        <tr>\r\n            <td>Last Trading Day</td>\r\n            <td>The last trading day of the month preceding the contract month</td>\r\n            <td>The last business day of the second month preceding the contract month (e.g., March contract expires on the last business day of January)</td>\r\n            <td>Trading in the current contract month ceases on the third business day prior to the twenty-fifth calendar day of the month preceding the delivery month. If the twentyfifth calendar day of the month is a nonbusiness day, trading ceases on the third business day prior to the last business day preceding the twentyfifth calendar day</td>\r\n            <td>Trading ceases on the last trading day of the second month preceding the delivery month</td>\r\n        </tr>\r\n        <tr>\r\n            <td>Delivery Period</td>\r\n            <td>Five consecutive business days after the last trading day</td>\r\n            <td>Generally cash-settled through EFP before expiry</td>\r\n            <td>From the first calendar day to the last calendar day of the delivery month</td>\r\n            <td>Delivery matching and tanker selection in the month preceding the contract month; delivery in contract month</td>\r\n        </tr>\r\n        <tr>\r\n            <td>Price Limits</td>\r\n            <td>Within &plusmn;4% from the settlement price of the previous day</td>\r\n            <td>Interval price limits functionality serving as circuit breaker to reduce short-term price fluctuations. Although effective on every trading day, it can be only triggered in a very short time under extreme price fluctuations.</td>\r\n            <td>Introduce Dynamic Price Limit Functionality: The upper and lower price fluctuation limit will be calculated by utilize the dynamic variant in continuously rolling 60-minute look-back period. When the price exceeds the dynamic price fluctuation limits, then a two minutes trading halt will commence. After the fourth triggering event on a trading day, there shall be no further special price fluctuation limits.</td>\r\n            <td>None</td>\r\n        </tr>\r\n    </tbody>\r\n</table>\r\n<div>&nbsp;</div>\r\n<div>&nbsp;</div>', '<p>&nbsp;</p>\r\n<table id=&#34;market_hkex_table&#34; width=&#34;100%&#34; cellspacing=&#34;0&#34; cellpadding=&#34;0&#34; border=&#34;0&#34;>\r\n    <tbody>\r\n        <tr>\r\n            <th width=&#34;90&#34;>&nbsp;</th>\r\n            <th width=&#34;180&#34;>\r\n            <p class=&#34;p1&#34; style=&#34;margin: 0px; font-variant-numeric: normal; font-variant-east-asian: normal; font-weight: 400; font-stretch: normal; font-size: 14px; line-height: normal; font-family: &#34; times=&#34;&#34; new=&#34;&#34; color:=&#34;&#34;>Individual Clients</p>\r\n            </th>\r\n            <th width=&#34;180&#34;>\r\n            <p class=&#34;p1&#34; style=&#34;margin: 0px; font-variant-numeric: normal; font-variant-east-asian: normal; font-weight: 400; font-stretch: normal; font-size: 14px; line-height: normal; font-family: &#34; times=&#34;&#34; new=&#34;&#34; color:=&#34;&#34;>Corporate Clients</p>\r\n            </th>\r\n        </tr>\r\n        <tr>\r\n            <td>\r\n            <p class=&#34;p1&#34; style=&#34;margin: 0px; font-variant-numeric: normal; font-variant-east-asian: normal; font-stretch: normal; font-size: 14px; line-height: normal; font-family: &#34; times=&#34;&#34; new=&#34;&#34; color:=&#34;&#34;>Documentary Proof of Trading History</p>\r\n            </td>\r\n            <td colspan=&#34;2&#34;>\r\n            <ul>\r\n                <li>Having trading records for no less than 10 trading days and 20 or more simulated trading order record of futures, options or centralized cleared derivatives&nbsp; of domestic trading venues in the past 3 years, or</li>\r\n                <li>Having 10 or more trading order records of futures, options or centralized cleared derivatives of domestic trading venues in the past 3 years, or</li>\r\n                <li>Having 10 or more trading order records of futures, options or exchange-listed derivative contracts of overseas trading venues regulated by futures regulatory authorities in countries (regions) that have signed a memorandum of understanding on regulatory cooperation with the China Securities Regulatory Commission in the past 3 years.</li>\r\n            </ul>\r\n            </td>\r\n        </tr>\r\n        <tr>\r\n            <td>Available Balance of the Margin Account</td>\r\n            <td>\r\n            <p class=&#34;p1&#34; style=&#34;margin: 0px; font-variant-numeric: normal; font-variant-east-asian: normal; font-stretch: normal; font-size: 14px; line-height: normal; font-family: &#34; times=&#34;&#34; new=&#34;&#34; color:=&#34;&#34;>Having a cash balance of no less than RMB 500,000 or its foreign currency equivalent in his/her margin account last for more than five business days before applying for a trading code</p>\r\n            </td>\r\n            <td>\r\n            <p class=&#34;p1&#34; style=&#34;margin: 0px; font-variant-numeric: normal; font-variant-east-asian: normal; font-stretch: normal; font-size: 14px; line-height: normal; font-family: &#34; times=&#34;&#34; new=&#34;&#34; color:=&#34;&#34;>Having a cash balance of no less than RMB 1 million or its foreign currency equivalent in its margin account last for more than five business days before applying for a trading code</p>\r\n            </td>\r\n        </tr>\r\n        <tr>\r\n            <td>\r\n            <p class=&#34;p1&#34; style=&#34;margin: 0px; font-variant-numeric: normal; font-variant-east-asian: normal; font-stretch: normal; font-size: 14px; line-height: normal; font-family: &#34; times=&#34;&#34; new=&#34;&#34; color:=&#34;&#34;>Others</p>\r\n            </td>\r\n            <td colspan=&#34;2&#34;>\r\n            <p class=&#34;p1&#34; style=&#34;margin: 0px; font-variant-numeric: normal; font-variant-east-asian: normal; font-stretch: normal; font-size: 14px; line-height: normal; font-family: &#34; times=&#34;&#34; new=&#34;&#34; color:=&#34;&#34;>Having no material adverse credit records and not banned from the futures market by competent regulatory authority</p>\r\n            <p class=&#34;p1&#34; style=&#34;margin: 0px; font-variant-numeric: normal; font-variant-east-asian: normal; font-stretch: normal; font-size: 14px; line-height: normal; font-family: &#34; times=&#34;&#34; new=&#34;&#34; color:=&#34;&#34;>Having never been prohibited or banned from engaging in futures trading pursuant to any laws, regulations, and rules of China or any rules of INE.</p>\r\n            <p class=&#34;p1&#34; style=&#34;margin: 0px; font-variant-numeric: normal; font-variant-east-asian: normal; font-stretch: normal; font-size: 14px; line-height: normal; font-family: &#34; times=&#34;&#34; new=&#34;&#34; color:=&#34;&#34;>Have a sound internal control, risk management and other futures trading management related systems</p>\r\n            </td>\r\n        </tr>\r\n        <tr>\r\n            <td>\r\n            <p class=&#34;p1&#34; style=&#34;margin: 0px; font-variant-numeric: normal; font-variant-east-asian: normal; font-stretch: normal; font-size: 14px; line-height: normal; font-family: &#34; times=&#34;&#34; new=&#34;&#34; color:=&#34;&#34;>Tests</p>\r\n            </td>\r\n            <td colspan=&#34;2&#34;>\r\n            <p class=&#34;p1&#34; style=&#34;margin: 0px; font-variant-numeric: normal; font-variant-east-asian: normal; font-stretch: normal; font-size: 14px; line-height: normal; font-family: &#34; times=&#34;&#34; new=&#34;&#34; color:=&#34;&#34;>Have passed relevant tests; having futures trading history and record</p>\r\n            </td>\r\n        </tr>\r\n    </tbody>\r\n</table>\r\n<p><br />\r\n&nbsp;</p>\r\n<p>&nbsp;</p>', '<table id=&#34;market_hkex_table&#34; width=&#34;100%&#34; cellspacing=&#34;0&#34; cellpadding=&#34;0&#34; border=&#34;0&#34;>\r\n    <tbody>\r\n        <tr>\r\n            <th>Product</th>\r\n            <th>Low Sulfur Fuel Oil</th>\r\n            <th>TSR 20</th>\r\n        </tr>\r\n        <tr>\r\n            <td>Contract Size</td>\r\n            <td>10 metric tons/lot</td>\r\n            <td>10 metric tons/lot</td>\r\n        </tr>\r\n        <tr>\r\n            <td>Price Quotation</td>\r\n            <td>(RMB) Yuan/metric ton (no tax or duty included in the quotation)</td>\r\n            <td>(RMB) Yuan/metric ton(no tax or duty included in the quotation)</td>\r\n        </tr>\r\n        <tr>\r\n            <td>Minimum Price Fluctuation</td>\r\n            <td>1 Yuan/metric ton</td>\r\n            <td>5 Yuan/metric ton</td>\r\n        </tr>\r\n        <tr>\r\n            <td>Daily Price Limits</td>\r\n            <td>&plusmn;5% from the settlement price of the previous trading day</td>\r\n            <td>&plusmn;5% from the settlement price of the previous trading day</td>\r\n        </tr>\r\n        <tr>\r\n            <td>Delivery Months</td>\r\n            <td>January, February, March, April, May, June, July, August, September, October, November, and December</td>\r\n            <td>January, February, March, April, May, June, July, August, September, October, November, and December</td>\r\n        </tr>\r\n        <tr>\r\n            <td>Trading Hours</td>\r\n            <td>9:00-11:30 a.m., 1:30-3:00 p.m. (Beijing Time), and other trading hours as prescribed by the Exchange</td>\r\n            <td>9:00-11:30 a.m., 1:30-3:00 p.m. (the Beijing Time), and other trading hours as prescribed by the Exchange</td>\r\n        </tr>\r\n        <tr>\r\n            <td>Last Trading Day</td>\r\n            <td>The last trading day of the month prior to the delivery month (postponed accordingly if it is a national holiday or weekend; the Shanghai International Energy Exchange is entitled to adjust the last trading day in accordance with the national holidays or weekends.)</td>\r\n            <td>The 15th day of the delivery month (postponed accordingly if it is a national holiday or weekend;&nbsp;the Shanghai International Energy Exchange is entitled to adjust the last trading day in accordance with the national holidays or weekends.)</td>\r\n        </tr>\r\n        <tr>\r\n            <td>Delivery Period</td>\r\n            <td>Five (5) consecutive trading days after the last trading day</td>\r\n            <td>Five (5) consecutive trading days after the last trading day</td>\r\n        </tr>\r\n        <tr>\r\n            <td>Grades and Quality Specifications</td>\r\n            <td>Low sulfur marine fuel oil, refer to Appendix for detailed quality standards</td>\r\n            <td>Refer to Appendix for detailed quality standards</td>\r\n        </tr>\r\n        <tr>\r\n            <td>Delivery Venues</td>\r\n            <td>Delivery Storage Facilities designated by the Shanghai International Energy Exchange</td>\r\n            <td>Delivery Storage Facilities designated by the Shanghai International Energy Exchange</td>\r\n        </tr>\r\n        <tr>\r\n            <td>Minimum Trading Margin</td>\r\n            <td>8% of contract value</td>\r\n            <td>7% of contract value</td>\r\n        </tr>\r\n        <tr>\r\n            <td>Settlement Type</td>\r\n            <td>Physical delivery</td>\r\n            <td>Physical delivery</td>\r\n        </tr>\r\n    </tbody>\r\n</table>\r\n<p>&nbsp;</p>', '', '', 'Individual Account Opening Guidance', '', '<p>\r\n<table id=&#34;op_ac_step&#34; width=&#34;100%&#34; cellspacing=&#34;0&#34; cellpadding=&#34;0&#34; border=&#34;0&#34;>\r\n    <tbody>\r\n        <tr>\r\n            <td colspan=&#34;2&#34;>Account Opening Documents</td>\r\n        </tr>\r\n        <tr>\r\n            <td rowspan=&#34;3&#34; width=&#34;100&#34; valign=&#34;top&#34; align=&#34;left&#34;>Documents Provided by Clients</td>\r\n            <td>Identification Documents</td>\r\n        </tr>\r\n        <tr>\r\n            <td>Address Proof Issued Within 3 Months</td>\r\n        </tr>\r\n        <tr>\r\n            <td>Bank Account Proof</td>\r\n        </tr>\r\n        <tr>\r\n            <td rowspan=&#34;9&#34; valign=&#34;top&#34; align=&#34;left&#34;>Forms to be Filled in</td>\r\n            <td valign=&#34;top&#34; align=&#34;left&#34;>A/C Opening Form &amp; Client Agreement- Terms and Conditions</td>\r\n        </tr>\r\n        <tr>\r\n            <td valign=&#34;top&#34; align=&#34;left&#34;>Standing Authority</td>\r\n        </tr>\r\n        <tr>\r\n            <td valign=&#34;top&#34; align=&#34;left&#34;>Market Data Terms and Conditions</td>\r\n        </tr>\r\n        <tr>\r\n            <td valign=&#34;top&#34; align=&#34;left&#34;>W8BEN-E Form</td>\r\n        </tr>\r\n        <tr>\r\n            <td valign=&#34;top&#34; align=&#34;left&#34;>Commission Rate Application Form</td>\r\n        </tr>\r\n        <tr>\r\n            <td valign=&#34;top&#34; align=&#34;left&#34;>Self- Certification Form- Individual</td>\r\n        </tr>\r\n        <tr>\r\n            <td valign=&#34;top&#34; align=&#34;left&#34;>*Authorization Request (if applicable)</td>\r\n        </tr>\r\n        <tr>\r\n            <td valign=&#34;top&#34; align=&#34;left&#34;>*Employer Consent Letter for Licensed Persons of HKSFC (if applicable)</td>\r\n        </tr>\r\n        <tr>\r\n            <td valign=&#34;top&#34; align=&#34;left&#34;>*Request to Receive Statement by Mail (if applicable)</td>\r\n        </tr>\r\n        <tr>\r\n            <td colspan=&#34;2&#34; valign=&#34;top&#34; align=&#34;left&#34;>Forms &amp; Documents to be Prepared to Trade INE Crude Oil Futures Product</td>\r\n        </tr>\r\n        <tr>\r\n            <td rowspan=&#34;3&#34; valign=&#34;top&#34; align=&#34;left&#34;>Documents Provided by Clients</td>\r\n            <td>Content and Format Requirements of Diverse Categories of Foreign Traders</td>\r\n        </tr>\r\n        <tr>\r\n            <td>Test Results of Knowledge of Crude Oil Futures/Client&#39;s Letter of Commitment</td>\r\n        </tr>\r\n        <tr>\r\n            <td>Supporting Documents of Client&#39;s Satisfaction of Trading Suitability Requirement</td>\r\n        </tr>\r\n        <tr>\r\n            <td>Forms to be Filled in</td>\r\n            <td>Trading Code Application Form for Overseas Individual Client</td>\r\n        </tr>\r\n    </tbody>\r\n</table>\r\n</p>\r\n<p>Note: If the filling language is English, in addition to the original scanned copy, the account opening individual must provide the translated version in Chinese and affix the official seal.</p>', 'Account Opening Procedure', 'Client Fills in Account Opening Forms and Passes the Suitability Check. ', 'KYC Check, Account Opening & Record Keeping by Huatai (Hong Kong) Futures Ltd.', 'Trading Code Checked by Huatai (Hong Kong) Futures Ltd.', 'Account Opening Information Checked by China Futures Market Monitoring Center (CFMMC)', 'Trading Code Distributed by China Futures Market Monitoring Center (CFMMC)', 'Client Obtained the Trading Code', 'Account Opening Completed', '<p>Reference：<a href=&#34;http://www.ine.cn/upload/20200415/1586917808092.pdf&#34; target=&#34;_blank&#34;>http://www.ine.cn/upload/20200415/1586917808092.pdf</a></p>', '');
INSERT INTO `tb_huatai_trading_market_desc` (`language_id`, `trading_market_id`, `name`, `detail`, `url`, `seo_desc`, `seo_title`, `detail2`, `seo_h1`, `other_name1`, `other_name2`, `other_name3`, `other_name4`, `other_name5`, `other_name6`, `other_detail1`, `other_detail2`, `other_detail3`, `other_detail4`, `other_detail5`, `other_detail6`, `name2`, `other2_name`, `other2_name2`, `other2_detail`, `other3_name`, `other3_name2`, `other3_name3`, `other3_name4`, `other3_name5`, `other3_name6`, `other3_name7`, `other3_name8`, `other3_detail`, `name3`) VALUES
(3, 1, '大连商品交易所', '<p>大连商品交易所成立于1993年2月28日，并于同年11月18日开始营业，是中国四家期货交易所之一，也是中国东北地区唯一一家期货交易所。目前已上市玉米、玉米淀粉、粳米、黄大豆1号、黄大豆2号、豆粕、豆油、棕榈油、鸡蛋、生猪、纤维板、胶合板、线型低密度聚乙烯、聚氯乙烯、聚丙烯、乙二醇、苯乙烯、焦炭、焦煤、铁矿石、液化石油气共计21个期货品种和豆粕、玉米、铁矿石、液化石油气、聚丙烯、聚氯乙烯、线型低密度聚乙烯共计7个期权品种，并推出了17个期货品种和7个期权品种的夜盘交易。2019年，大商所期货年成交量和成交额分别达到13.31亿手（单边，下同）和68.92万亿元，期权年成交量和成交额分别达到2493.33万手和98.60亿元。根据美国期货业协会（FIA）公布的全球主要衍生品交易所成交量排名，2019年大商所在全球排名第11位。</p>\r\n<p>大连商所产品国际化进程突飞猛进，铁矿石率先成为可供境内外客户同时开户、交易、交割结算的首个产品。华泰（香港）期货有限公司是大连商品交易所认可的境外经纪机构（编号为8049），亦作为中国领先的金融衍生品综合服务平台&mdash;&mdash;华泰期货的子公司，可作为其业务代理，代理境外客户交易大商所产品的开户申请；亦可依托华泰期货丰富的行业资源及交割经验，帮助客户保税交割。</p>\r\n<p>合约细则</p>\r\n<table id=&#34;normal_table&#34; width=&#34;100%&#34; cellspacing=&#34;0&#34; cellpadding=&#34;0&#34; border=&#34;0&#34;>\r\n    <tbody>\r\n        <tr>\r\n            <td>交易品种</td>\r\n            <td>铁矿石</td>\r\n        </tr>\r\n        <tr>\r\n            <td>交易单位</td>\r\n            <td>100吨/手</td>\r\n        </tr>\r\n        <tr>\r\n            <td>报价单位</td>\r\n            <td>元（人民币）/吨</td>\r\n        </tr>\r\n        <tr>\r\n            <td>最小变动单位</td>\r\n            <td>0.5元/吨</td>\r\n        </tr>\r\n        <tr>\r\n            <td>涨跌停板幅度</td>\r\n            <td>上一交易日结算价的4％</td>\r\n        </tr>\r\n        <tr>\r\n            <td>合约月份</td>\r\n            <td>1、2、3、4、5、6、7、8、9、10、11、12月</td>\r\n        </tr>\r\n        <tr>\r\n            <td>交易时间</td>\r\n            <td>每周一至周五上午9:00～11:30，下午13:30～15:00，以及交易所规定的其他时间</td>\r\n        </tr>\r\n        <tr>\r\n            <td>最后交易日</td>\r\n            <td>合约月份第10个交易日</td>\r\n        </tr>\r\n        <tr>\r\n            <td>最后交割日</td>\r\n            <td>最后交易日后第3个交易日</td>\r\n        </tr>\r\n        <tr>\r\n            <td>交割等级</td>\r\n            <td>大连商品交易所铁矿石交割质量标准（F/DCE 			I001-2017）</td>\r\n        </tr>\r\n        <tr>\r\n            <td>交割地点</td>\r\n            <td>大连商品交易所铁矿石指定交割仓库及指定交割地点</td>\r\n        </tr>\r\n        <tr>\r\n            <td>最低交易保证金</td>\r\n            <td>合约价值的5％</td>\r\n        </tr>\r\n        <tr>\r\n            <td>交割方式</td>\r\n            <td>实物交割</td>\r\n        </tr>\r\n    </tbody>\r\n</table>\r\n<p>注1：交易所可以根据市场情况调整各合约涨跌停板幅度和交易保证金标准。当前各合约交易参数详见www.dce.com.cn/dalianshangpin/yw/fw/ywcs/jycs/rjycs/index.html<br />\r\n注2：日盘交易分三个交易小节，分别为第一节9:00-10:15、第二节10:30-11:30和第三节13:30-15:00。<br />\r\n注3：本品种已开展夜盘交易，夜盘交易时间为21:00-23:00。</p>\r\n<p>资料详情：<a href=&#34;http://www.dce.com.cn/dalianshangpin/sspz/487477/487481/1500303/index.html&#34; target=&#34;_blank&#34;>http://www.dce.com.cn/dalianshangpin/sspz/487477/487481/1500303/index.html</a><br />\r\n<a href=&#34;http://www.dce.com.cn/dalianshangpin/resource/cms/2018/04/2018040920195474301.pdf&#34; target=&#34;_blank&#34;> http://www.dce.com.cn/dalianshangpin/resource/cms/2018/04/2018040920195474301.pdf </a></p>', '', '', '', '', '', '', '', '', '', '', '', '', '', '', '', '', '', '', '账户开户指引', '', '<p class=&#34;p1&#34; style=&#34;font-variant-numeric: normal; font-variant-east-asian: normal; font-stretch: normal; font-size: 12px; line-height: normal; margin: 0px;&#34;>开户所需文件</p>\r\n<table cellspacing=&#34;0&#34; cellpadding=&#34;0&#34; class=&#34;t1&#34; style=&#34;width: 815px; border-collapse: collapse;&#34;>\r\n    <tbody>\r\n        <tr>\r\n            <td colspan=&#34;4&#34; valign=&#34;middle&#34; class=&#34;td1&#34; style=&#34;padding: 0px 5px; border-style: solid; border-color: rgb(203, 203, 203);&#34;>\r\n            <p class=&#34;p2&#34; style=&#34;margin: 0px; text-align: center; font-variant-numeric: normal; font-variant-east-asian: normal; font-stretch: normal; line-height: normal;&#34;>个人</p>\r\n            </td>\r\n        </tr>\r\n        <tr>\r\n            <td valign=&#34;middle&#34; class=&#34;td1&#34; style=&#34;padding: 0px 5px; border-style: solid; border-color: rgb(203, 203, 203);&#34;>\r\n            <p class=&#34;p3&#34; style=&#34;margin: 0px; font-variant-numeric: normal; font-variant-east-asian: normal; font-stretch: normal; line-height: normal; font-family: Helvetica; min-height: 14px;&#34;>&nbsp;</p>\r\n            </td>\r\n            <td valign=&#34;middle&#34; class=&#34;td1&#34; style=&#34;padding: 0px 5px; border-style: solid; border-color: rgb(203, 203, 203);&#34;>\r\n            <p class=&#34;p4&#34; style=&#34;margin: 0px; text-align: justify; font-variant-numeric: normal; font-variant-east-asian: normal; font-stretch: normal; line-height: normal;&#34;>境外个人客户</p>\r\n            </td>\r\n            <td valign=&#34;middle&#34; class=&#34;td1&#34; style=&#34;padding: 0px 5px; border-style: solid; border-color: rgb(203, 203, 203);&#34;>\r\n            <p class=&#34;p4&#34; style=&#34;margin: 0px; text-align: justify; font-variant-numeric: normal; font-variant-east-asian: normal; font-stretch: normal; line-height: normal;&#34;>港澳个人客户</p>\r\n            </td>\r\n            <td valign=&#34;middle&#34; class=&#34;td1&#34; style=&#34;padding: 0px 5px; border-style: solid; border-color: rgb(203, 203, 203);&#34;>\r\n            <p class=&#34;p4&#34; style=&#34;margin: 0px; text-align: justify; font-variant-numeric: normal; font-variant-east-asian: normal; font-stretch: normal; line-height: normal;&#34;>台湾个人客户</p>\r\n            </td>\r\n        </tr>\r\n        <tr>\r\n            <td valign=&#34;middle&#34; class=&#34;td1&#34; style=&#34;padding: 0px 5px; border-style: solid; border-color: rgb(203, 203, 203);&#34;>\r\n            <p class=&#34;p4&#34; style=&#34;margin: 0px; text-align: justify; font-variant-numeric: normal; font-variant-east-asian: normal; font-stretch: normal; line-height: normal;&#34;>参考身份证明文件</p>\r\n            </td>\r\n            <td valign=&#34;middle&#34; class=&#34;td1&#34; style=&#34;padding: 0px 5px; border-style: solid; border-color: rgb(203, 203, 203);&#34;>\r\n            <p class=&#34;p4&#34; style=&#34;margin: 0px; text-align: justify; font-variant-numeric: normal; font-variant-east-asian: normal; font-stretch: normal; line-height: normal;&#34;>驾照、社保证件、纳税证件、当地身份证或其他参考证件</p>\r\n            </td>\r\n            <td colspan=&#34;2&#34; valign=&#34;middle&#34; class=&#34;td1&#34; style=&#34;padding: 0px 5px; border-style: solid; border-color: rgb(203, 203, 203);&#34;>\r\n            <p class=&#34;p4&#34; style=&#34;margin: 0px; text-align: justify; font-variant-numeric: normal; font-variant-east-asian: normal; font-stretch: normal; line-height: normal;&#34;>驾照、社保证件、纳税证件、港澳居民来往内地通行证、港澳台居民居住证、台湾身份证或其他参考证件</p>\r\n            </td>\r\n        </tr>\r\n        <tr>\r\n            <td colspan=&#34;4&#34; valign=&#34;middle&#34; class=&#34;td1&#34; style=&#34;padding: 0px 5px; border-style: solid; border-color: rgb(203, 203, 203);&#34;>\r\n            <p class=&#34;p2&#34; style=&#34;margin: 0px; text-align: center; font-variant-numeric: normal; font-variant-east-asian: normal; font-stretch: normal; line-height: normal;&#34;>机构客户</p>\r\n            </td>\r\n        </tr>\r\n        <tr>\r\n            <td valign=&#34;middle&#34; class=&#34;td1&#34; style=&#34;padding: 0px 5px; border-style: solid; border-color: rgb(203, 203, 203);&#34;>\r\n            <p class=&#34;p4&#34; style=&#34;margin: 0px; text-align: justify; font-variant-numeric: normal; font-variant-east-asian: normal; font-stretch: normal; line-height: normal;&#34;>有效身份证明文件</p>\r\n            </td>\r\n            <td colspan=&#34;3&#34; valign=&#34;middle&#34; class=&#34;td1&#34; style=&#34;padding: 0px 5px; border-style: solid; border-color: rgb(203, 203, 203);&#34;>\r\n            <p class=&#34;p4&#34; style=&#34;margin: 0px; text-align: justify; font-variant-numeric: normal; font-variant-east-asian: normal; font-stretch: normal; line-height: normal;&#34;>机构成立证明文件</p>\r\n            </td>\r\n        </tr>\r\n        <tr>\r\n            <td valign=&#34;middle&#34; class=&#34;td1&#34; style=&#34;padding: 0px 5px; border-style: solid; border-color: rgb(203, 203, 203);&#34;>\r\n            <p class=&#34;p4&#34; style=&#34;margin: 0px; text-align: justify; font-variant-numeric: normal; font-variant-east-asian: normal; font-stretch: normal; line-height: normal;&#34;>参考身份证明文件</p>\r\n            </td>\r\n            <td colspan=&#34;3&#34; valign=&#34;middle&#34; class=&#34;td1&#34; style=&#34;padding: 0px 5px; border-style: solid; border-color: rgb(203, 203, 203);&#34;>\r\n            <p class=&#34;p4&#34; style=&#34;margin: 0px; text-align: justify; font-variant-numeric: normal; font-variant-east-asian: normal; font-stretch: normal; line-height: normal;&#34;>注册国、地区的纳税证件<span class=&#34;s1&#34; style=&#34;font-variant-numeric: normal; font-variant-east-asian: normal; font-stretch: normal; line-height: normal; font-family: Helvetica;&#34;>(</span>无纳税证件需提交相关证明文件或说明，并提供相关证明文件或说明的中文牌翻译，主要是针对免税国家、地区<span class=&#34;s1&#34; style=&#34;font-variant-numeric: normal; font-variant-east-asian: normal; font-stretch: normal; line-height: normal; font-family: Helvetica;&#34;>)</span></p>\r\n            </td>\r\n        </tr>\r\n        <tr>\r\n            <td valign=&#34;middle&#34; class=&#34;td1&#34; style=&#34;padding: 0px 5px; border-style: solid; border-color: rgb(203, 203, 203);&#34;>\r\n            <p class=&#34;p4&#34; style=&#34;margin: 0px; text-align: justify; font-variant-numeric: normal; font-variant-east-asian: normal; font-stretch: normal; line-height: normal;&#34;>其他文件</p>\r\n            </td>\r\n            <td colspan=&#34;3&#34; valign=&#34;middle&#34; class=&#34;td1&#34; style=&#34;padding: 0px 5px; border-style: solid; border-color: rgb(203, 203, 203);&#34;>\r\n            <p class=&#34;p4&#34; style=&#34;margin: 0px; text-align: justify; font-variant-numeric: normal; font-variant-east-asian: normal; font-stretch: normal; line-height: normal;&#34;>单位的授权委托书等授权档，常务董事<span class=&#34;s1&#34; style=&#34;font-variant-numeric: normal; font-variant-east-asian: normal; font-stretch: normal; line-height: normal; font-family: Helvetica;&#34;>(</span>或者根据章程，法律规定可为经董事会指定代表单位交易者的董事会主席，首席执行官或者其他授权代表<span class=&#34;s1&#34; style=&#34;font-variant-numeric: normal; font-variant-east-asian: normal; font-stretch: normal; line-height: normal; font-family: Helvetica;&#34;>)</span>或者法定代表人的在效身份证明文件和开户代理人的身份证明档等开户资料。做市商需提供与期货交易所兑换的做市商协议。</p>\r\n            </td>\r\n        </tr>\r\n        <tr>\r\n            <td colspan=&#34;4&#34; valign=&#34;middle&#34; class=&#34;td1&#34; style=&#34;padding: 0px 5px; border-style: solid; border-color: rgb(203, 203, 203);&#34;>\r\n            <p class=&#34;p2&#34; style=&#34;margin: 0px; text-align: center; font-variant-numeric: normal; font-variant-east-asian: normal; font-stretch: normal; line-height: normal;&#34;>产品客户</p>\r\n            </td>\r\n        </tr>\r\n        <tr>\r\n            <td valign=&#34;middle&#34; class=&#34;td1&#34; style=&#34;padding: 0px 5px; border-style: solid; border-color: rgb(203, 203, 203);&#34;>\r\n            <p class=&#34;p4&#34; style=&#34;margin: 0px; text-align: justify; font-variant-numeric: normal; font-variant-east-asian: normal; font-stretch: normal; line-height: normal;&#34;><span class=&#34;s2&#34; style=&#34;font-kerning: none;&#34;>有效身份证明文件</span></p>\r\n            </td>\r\n            <td colspan=&#34;3&#34; valign=&#34;middle&#34; class=&#34;td1&#34; style=&#34;padding: 0px 5px; border-style: solid; border-color: rgb(203, 203, 203);&#34;>\r\n            <p class=&#34;p4&#34; style=&#34;margin: 0px; text-align: justify; font-variant-numeric: normal; font-variant-east-asian: normal; font-stretch: normal; line-height: normal;&#34;><span class=&#34;s2&#34; style=&#34;font-kerning: none;&#34;>产品合同</span></p>\r\n            </td>\r\n        </tr>\r\n        <tr>\r\n            <td valign=&#34;middle&#34; class=&#34;td1&#34; style=&#34;padding: 0px 5px; border-style: solid; border-color: rgb(203, 203, 203);&#34;>\r\n            <p class=&#34;p4&#34; style=&#34;margin: 0px; text-align: justify; font-variant-numeric: normal; font-variant-east-asian: normal; font-stretch: normal; line-height: normal;&#34;><span class=&#34;s2&#34; style=&#34;font-kerning: none;&#34;>参考身份证明文件</span></p>\r\n            </td>\r\n            <td colspan=&#34;3&#34; valign=&#34;middle&#34; class=&#34;td1&#34; style=&#34;padding: 0px 5px; border-style: solid; border-color: rgb(203, 203, 203);&#34;>\r\n            <p class=&#34;p4&#34; style=&#34;margin: 0px; text-align: justify; font-variant-numeric: normal; font-variant-east-asian: normal; font-stretch: normal; line-height: normal;&#34;>产品税证件<span class=&#34;s1&#34; style=&#34;font-variant-numeric: normal; font-variant-east-asian: normal; font-stretch: normal; line-height: normal; font-family: Helvetica;&#34;>(</span>无税证件的提交相关证明文件或说明，并提供相关证明文件或说明的中文牌<span class=&#34;s1&#34; style=&#34;font-variant-numeric: normal; font-variant-east-asian: normal; font-stretch: normal; line-height: normal; font-family: Helvetica;&#34;>&nbsp;</span>翻译<span class=&#34;s1&#34; style=&#34;font-variant-numeric: normal; font-variant-east-asian: normal; font-stretch: normal; line-height: normal; font-family: Helvetica;&#34;>)</span>，产品境外监管机构备案证明，产品说明，产品管理人说明等</p>\r\n            </td>\r\n        </tr>\r\n        <tr>\r\n            <td valign=&#34;middle&#34; class=&#34;td1&#34; style=&#34;padding: 0px 5px; border-style: solid; border-color: rgb(203, 203, 203);&#34;>\r\n            <p class=&#34;p4&#34; style=&#34;margin: 0px; text-align: justify; font-variant-numeric: normal; font-variant-east-asian: normal; font-stretch: normal; line-height: normal;&#34;><span class=&#34;s2&#34; style=&#34;font-kerning: none;&#34;>其他文件</span></p>\r\n            </td>\r\n            <td colspan=&#34;3&#34; valign=&#34;middle&#34; class=&#34;td1&#34; style=&#34;padding: 0px 5px; border-style: solid; border-color: rgb(203, 203, 203);&#34;>\r\n            <p class=&#34;p4&#34; style=&#34;margin: 0px; text-align: justify; font-variant-numeric: normal; font-variant-east-asian: normal; font-stretch: normal; line-height: normal;&#34;>单位的授权委托书等授权档，常务董事<span class=&#34;s1&#34; style=&#34;font-variant-numeric: normal; font-variant-east-asian: normal; font-stretch: normal; line-height: normal; font-family: Helvetica;&#34;>(</span>或者根据章程，法律规定可为经董事会指定代表单位交易者的董事会主席，首席执行官或者其他授权代表<span class=&#34;s1&#34; style=&#34;font-variant-numeric: normal; font-variant-east-asian: normal; font-stretch: normal; line-height: normal; font-family: Helvetica;&#34;>)</span>或者法定代表人的在效身份证明文件和开户代理人的身份证明档等开户资料。做市商需提供与期货交易所兑换的做市商协议。产品客户需提供产品管理人的机构成立证明档和税收证件<span class=&#34;s1&#34; style=&#34;font-variant-numeric: normal; font-variant-east-asian: normal; font-stretch: normal; line-height: normal; font-family: Helvetica;&#34;>(</span>要求与境外机构客户相同<span class=&#34;s1&#34; style=&#34;font-variant-numeric: normal; font-variant-east-asian: normal; font-stretch: normal; line-height: normal; font-family: Helvetica;&#34;>)</span></p>\r\n            </td>\r\n        </tr>\r\n    </tbody>\r\n</table>\r\n<p class=&#34;p3&#34; style=&#34;font-variant-numeric: normal; font-variant-east-asian: normal; font-stretch: normal; font-size: 12px; line-height: normal; font-family: Helvetica; margin: 0px; min-height: 14px;&#34;>&nbsp;</p>', '开户流程', '需先在华泰香港期货有限公司开立基本外盘期货户口', '依据交易所要求进行入金', '签署并提交交易所规定的所需文件，具体请查看“开户指南”', '收取内部资金帐户与登入资料', '收取交易权限开通通知确认', '', '', '', '');

-- --------------------------------------------------------

--
-- 資料表結構 `tb_huatai_trading_market_photo`
--

CREATE TABLE IF NOT EXISTS `tb_huatai_trading_market_photo` (
  `id` bigint(20) unsigned NOT NULL,
  `trading_market_id` bigint(20) NOT NULL DEFAULT '0',
  `sort_order` bigint(11) NOT NULL DEFAULT '0',
  `img` text CHARACTER SET utf8 COLLATE utf8_unicode_ci NOT NULL,
  `caption` text CHARACTER SET utf8 COLLATE utf8_unicode_ci NOT NULL,
  `language_id` int(11) NOT NULL DEFAULT '0',
  `disabled` tinyint(1) NOT NULL DEFAULT '0',
  `create_date` timestamp NOT NULL DEFAULT '0000-00-00 00:00:00',
  `last_update_date` timestamp NOT NULL DEFAULT CURRENT_TIMESTAMP ON UPDATE CURRENT_TIMESTAMP,
  `create_by` bigint(20) NOT NULL DEFAULT '0',
  `last_update_by` bigint(20) NOT NULL DEFAULT '0',
  `img2` text,
  `thumb` text NOT NULL,
  `title_sc` text NOT NULL,
  `title_tc` text NOT NULL,
  `title_en` text NOT NULL,
  `detail_tc` text NOT NULL,
  `detail_sc` text NOT NULL,
  `detail_en` text NOT NULL
) ENGINE=MyISAM DEFAULT CHARSET=utf8;

-- --------------------------------------------------------

--
-- 資料表結構 `tb_huatai_trading_market_photo02`
--

CREATE TABLE IF NOT EXISTS `tb_huatai_trading_market_photo02` (
  `id` bigint(20) unsigned NOT NULL,
  `trading_market_id` bigint(20) NOT NULL DEFAULT '0',
  `sort_order` bigint(11) NOT NULL DEFAULT '0',
  `img` text CHARACTER SET utf8 COLLATE utf8_unicode_ci NOT NULL,
  `caption` text CHARACTER SET utf8 COLLATE utf8_unicode_ci NOT NULL,
  `language_id` int(11) NOT NULL DEFAULT '0',
  `disabled` tinyint(1) NOT NULL DEFAULT '0',
  `create_date` timestamp NOT NULL DEFAULT '0000-00-00 00:00:00',
  `last_update_date` timestamp NOT NULL DEFAULT CURRENT_TIMESTAMP ON UPDATE CURRENT_TIMESTAMP,
  `create_by` bigint(20) NOT NULL DEFAULT '0',
  `last_update_by` bigint(20) NOT NULL DEFAULT '0',
  `img2` text,
  `thumb` text NOT NULL,
  `title_sc` text NOT NULL,
  `title_tc` text NOT NULL,
  `title_en` text NOT NULL,
  `detail_tc` text NOT NULL,
  `detail_sc` text NOT NULL,
  `detail_en` text NOT NULL
) ENGINE=MyISAM AUTO_INCREMENT=268 DEFAULT CHARSET=utf8;

--
-- 資料表的匯出資料 `tb_huatai_trading_market_photo02`
--

INSERT INTO `tb_huatai_trading_market_photo02` (`id`, `trading_market_id`, `sort_order`, `img`, `caption`, `language_id`, `disabled`, `create_date`, `last_update_date`, `create_by`, `last_update_by`, `img2`, `thumb`, `title_sc`, `title_tc`, `title_en`, `detail_tc`, `detail_sc`, `detail_en`) VALUES
(239, 1, 1, 'upload/images/trading_market/20210119153206_97_photo.jpg', '', 3, 0, '2021-04-23 05:51:41', '2021-04-23 05:51:41', 2, 2, '', '', '', '', '', '', '', ''),
(232, 3, 1, 'upload/images/trading_market/20210119153812_99_photo.jpg', '', 3, 0, '2021-04-12 06:00:57', '2021-04-12 06:00:57', 2, 2, '', '', '', '', '', '', '', ''),
(217, 4, 1, 'upload/images/trading_market/20210119154201_100_photo.jpg', '', 3, 0, '2021-04-07 08:32:09', '2021-04-07 08:32:09', 2, 2, '', '', '', '', '', '', '', ''),
(231, 2, 1, 'upload/images/trading_market/20210119153519_98_photo.jpg', '', 3, 0, '2021-04-09 07:19:12', '2021-04-09 07:19:12', 2, 2, '', '', '', '', '', '', '', ''),
(226, 5, 1, 'upload/images/trading_market/20210119154303_101_photo.jpg', '', 3, 0, '2021-04-09 06:44:57', '2021-04-09 06:44:57', 2, 2, '', '', '', '', '', '', '', ''),
(267, 6, 1, 'upload/images/trading_market/20210119154441_102_photo.jpg', '', 3, 0, '2021-10-22 08:45:54', '2021-10-22 08:45:54', 2, 2, '', '', '', '', '', '', '', ''),
(206, 7, 1, 'upload/images/trading_market/20210119154648_103_photo.jpg', '', 3, 0, '2021-03-30 03:44:03', '2021-03-30 03:44:03', 2, 2, '', '', '', '', '', '', '', ''),
(207, 8, 1, 'upload/images/trading_market/20210119154702_104_photo.jpg', '', 3, 0, '2021-03-30 03:44:35', '2021-03-30 03:44:35', 2, 2, '', '', '', '', '', '', '', ''),
(224, 9, 1, 'upload/images/trading_market/20210119154847_105_photo.jpg', '', 3, 0, '2021-04-09 06:41:08', '2021-04-09 06:41:08', 2, 2, '', '', '', '', '', '', '', '');

-- --------------------------------------------------------

--
-- 資料表結構 `tb_huatai_trading_market_photo03`
--

CREATE TABLE IF NOT EXISTS `tb_huatai_trading_market_photo03` (
  `id` bigint(20) unsigned NOT NULL,
  `trading_market_id` bigint(20) NOT NULL DEFAULT '0',
  `sort_order` bigint(11) NOT NULL DEFAULT '0',
  `img` text CHARACTER SET utf8 COLLATE utf8_unicode_ci NOT NULL,
  `caption` text CHARACTER SET utf8 COLLATE utf8_unicode_ci NOT NULL,
  `language_id` int(11) NOT NULL DEFAULT '0',
  `disabled` tinyint(1) NOT NULL DEFAULT '0',
  `create_date` timestamp NOT NULL DEFAULT '0000-00-00 00:00:00',
  `last_update_date` timestamp NOT NULL DEFAULT CURRENT_TIMESTAMP ON UPDATE CURRENT_TIMESTAMP,
  `create_by` bigint(20) NOT NULL DEFAULT '0',
  `last_update_by` bigint(20) NOT NULL DEFAULT '0',
  `img2` text,
  `thumb` text NOT NULL,
  `title_sc` text NOT NULL,
  `title_tc` text NOT NULL,
  `title_en` text NOT NULL,
  `detail_tc` text NOT NULL,
  `detail_sc` text NOT NULL,
  `detail_en` text NOT NULL
) ENGINE=MyISAM AUTO_INCREMENT=25 DEFAULT CHARSET=utf8;

-- --------------------------------------------------------

--
-- 資料表結構 `tb_huatai_trading_market_photo04`
--

CREATE TABLE IF NOT EXISTS `tb_huatai_trading_market_photo04` (
  `id` bigint(20) unsigned NOT NULL,
  `trading_market_id` bigint(20) NOT NULL DEFAULT '0',
  `sort_order` bigint(11) NOT NULL DEFAULT '0',
  `img` text CHARACTER SET utf8 COLLATE utf8_unicode_ci NOT NULL,
  `caption` text CHARACTER SET utf8 COLLATE utf8_unicode_ci NOT NULL,
  `language_id` int(11) NOT NULL DEFAULT '0',
  `disabled` tinyint(1) NOT NULL DEFAULT '0',
  `create_date` timestamp NOT NULL DEFAULT '0000-00-00 00:00:00',
  `last_update_date` timestamp NOT NULL DEFAULT CURRENT_TIMESTAMP ON UPDATE CURRENT_TIMESTAMP,
  `create_by` bigint(20) NOT NULL DEFAULT '0',
  `last_update_by` bigint(20) NOT NULL DEFAULT '0',
  `img2` text,
  `thumb` text NOT NULL,
  `title_sc` text NOT NULL,
  `title_tc` text NOT NULL,
  `title_en` text NOT NULL,
  `detail_tc` text NOT NULL,
  `detail_sc` text NOT NULL,
  `detail_en` text NOT NULL
) ENGINE=MyISAM DEFAULT CHARSET=utf8;

-- --------------------------------------------------------

--
-- 資料表結構 `tb_huatai_trading_support`
--

CREATE TABLE IF NOT EXISTS `tb_huatai_trading_support` (
  `id` bigint(20) unsigned NOT NULL,
  `sort_order` int(11) NOT NULL DEFAULT '0',
  `code` text CHARACTER SET utf8 COLLATE utf8_unicode_ci NOT NULL,
  `remark` text CHARACTER SET utf8 COLLATE utf8_unicode_ci NOT NULL,
  `disabled` tinyint(1) NOT NULL DEFAULT '0',
  `create_date` timestamp NOT NULL DEFAULT '0000-00-00 00:00:00',
  `last_update_date` timestamp NOT NULL DEFAULT CURRENT_TIMESTAMP ON UPDATE CURRENT_TIMESTAMP,
  `create_by` bigint(20) NOT NULL DEFAULT '0',
  `last_update_by` bigint(20) NOT NULL DEFAULT '0',
  `url_target` text NOT NULL,
  `seo_url` text NOT NULL,
  `seo_keyword` text NOT NULL,
  `start_date` date DEFAULT '0000-00-00',
  `end_date` date DEFAULT '0000-00-00',
  `display_date` date DEFAULT '0000-00-00',
  `youtube_id` text NOT NULL,
  `other_link` text NOT NULL,
  `trading_support_category_id` text NOT NULL
) ENGINE=MyISAM AUTO_INCREMENT=3 DEFAULT CHARSET=utf8;

--
-- 資料表的匯出資料 `tb_huatai_trading_support`
--

INSERT INTO `tb_huatai_trading_support` (`id`, `sort_order`, `code`, `remark`, `disabled`, `create_date`, `last_update_date`, `create_by`, `last_update_by`, `url_target`, `seo_url`, `seo_keyword`, `start_date`, `end_date`, `display_date`, `youtube_id`, `other_link`, `trading_support_category_id`) VALUES
(1, 1, '', '', 0, '2020-12-20 09:42:01', '2021-03-21 08:30:48', 1, 2, '', 'api枥入', '', '0000-00-00', '0000-00-00', '2020-12-29', '', '', '1'),
(2, 2, '', '', 0, '2020-12-20 09:42:01', '2021-03-21 08:46:53', 1, 2, '', '历史及实时行情数据接口', '', '0000-00-00', '0000-00-00', '2020-12-29', '', '', '1');

-- --------------------------------------------------------

--
-- 資料表結構 `tb_huatai_trading_support_desc`
--

CREATE TABLE IF NOT EXISTS `tb_huatai_trading_support_desc` (
  `language_id` int(11) NOT NULL DEFAULT '0',
  `trading_support_id` int(11) NOT NULL DEFAULT '0',
  `name` text CHARACTER SET utf8 COLLATE utf8_unicode_ci NOT NULL,
  `detail` text CHARACTER SET utf8 COLLATE utf8_unicode_ci NOT NULL,
  `url` text NOT NULL,
  `seo_desc` text NOT NULL,
  `seo_title` text NOT NULL,
  `detail2` text NOT NULL,
  `seo_h1` text NOT NULL
) ENGINE=MyISAM DEFAULT CHARSET=utf8;

--
-- 資料表的匯出資料 `tb_huatai_trading_support_desc`
--

INSERT INTO `tb_huatai_trading_support_desc` (`language_id`, `trading_support_id`, `name`, `detail`, `url`, `seo_desc`, `seo_title`, `detail2`, `seo_h1`) VALUES
(3, 1, 'API接入', '<p>易盛、ATP、TT交易软件均可为客户提供程序化交易支持。关于API授权及程序化交易查询，请联络您的销售人员或电邮至sales@htfc.com.hk。<br />\r\n关于API申请的表格，请在&ldquo;<a href=&#34;http://dev1.projects-develop.com/madcradle/Huatai/sc/pas_form.php&#34;>表单下载</a>&rdquo;处下载。</p>', '', '', '', '<p>易盛、ATP、TT交易软件均可为客户提供程序化交易支持。关于API授权及程序化交易查询，请联络您的销售人员或电邮至sales@htfc.com.hk。<br />\r\n关于API申请的表格，请在&ldquo;<a href=&#34;http://dev1.projects-develop.com/madcradle/Huatai/sc/pas_form.php&#34;>表单下载</a>&rdquo;处下载。</p>', ''),
(1, 2, 'Historical & Real Market Quotations', '<p class=&#34;p1&#34; style=&#34;margin: 0px; text-align: justify; font-variant-numeric: normal; font-variant-east-asian: normal; font-stretch: normal; font-size: 14px; line-height: normal; font-family: &#34; times=&#34; new=&#34;>Huatai provides historical and real-time market data services on various exchanges. For API trading and market data interface services, please contact your account executive or email to <span class=&#34;s1&#34; style=&#34;text-decoration-line: underline; color: rgb(0, 121, 205);&#34;>sales@htfc.com.hk</span>.</p>\r\n<p class=&#34;p2&#34; style=&#34;margin: 0px; text-align: justify; font-variant-numeric: normal; font-variant-east-asian: normal; font-stretch: normal; font-size: 14px; line-height: normal; font-family: &#34; times=&#34; new=&#34; min-height:=&#34;&gt;&nbsp;&lt;/p&gt;&#10;&lt;p class=&#34;>For the data subscription process of Esunny trading system, please visit the &quot;<span class=&#34;s2&#34; style=&#34;font-variant-numeric: normal; font-variant-east-asian: normal; font-stretch: normal; font-size: 12px; line-height: normal; font-family: Helvetica;&#34;> </span>Trading Software and Market Data Subscription&quot; page under &quot;Notices&quot;.</p>', '', '', '', '<p class=&#34;p1&#34; times=&#34; new=&#34; style=&#34;font-variant-numeric: normal; font-variant-east-asian: normal; font-stretch: normal; font-size: 14px; line-height: normal; margin: 0px; text-align: justify;&#34;>Huatai provides historical and real-time market data services on various exchanges. For API trading and market data interface services, please contact your account executive or email to&nbsp;<span class=&#34;s1&#34; style=&#34;text-decoration-line: underline; color: rgb(0, 121, 205);&#34;>sales@htfc.com.hk</span>.</p>\r\n<p class=&#34;p2&#34; times=&#34; new=&#34; min-height:=&#34; style=&#34; font-variant-numeric:=&#34;&#34; font-variant-east-asian:=&#34;&#34; font-stretch:=&#34;&#34; font-size:=&#34;&#34; line-height:=&#34;&#34; margin:=&#34;&#34; text-align:=&#34;&#34;>&nbsp;</p>\r\n<p class=&#34;p1&#34; times=&#34; new=&#34; style=&#34;font-variant-numeric: normal; font-variant-east-asian: normal; font-stretch: normal; font-size: 14px; line-height: normal; margin: 0px; text-align: justify;&#34;>For the data subscription process of Esunny trading system, please visit the &quot;<span class=&#34;s2&#34; style=&#34;font-variant-numeric: normal; font-variant-east-asian: normal; font-stretch: normal; font-size: 12px; line-height: normal; font-family: Helvetica;&#34;>&nbsp;</span>Trading Software and Market Data Subscription&quot; page under &quot;Notices&quot;.</p>', ''),
(1, 1, 'API Access', '<p>Esunny, ATP, TT can provide customers with programmatic trading support. For API authorization and inquiries on programmatic transaction, please contact your account executive or email to sales@htfc.com.hk.</p>\r\n<p>Regarding the API access application form, please download it at &quot;<a href=&#34;http://dev1.projects-develop.com/madcradle/Huatai/en/pas_form.php&#34;>Forms</a>&quot;.</p>', '', '', '', '<p>Esunny, ATP, TT can provide customers with programmatic trading support. For API authorization and inquiries on programmatic transaction, please contact your account executive or email to sales@htfc.com.hk.</p>\r\n<p>Regarding the API access application form, please download it at &quot;<a href=&#34;http://dev1.projects-develop.com/madcradle/Huatai/en/pas_form.php&#34;>Forms</a>&quot;.</p>', ''),
(3, 2, '历史及实时行情数据接口', '<p class=&#34;p1&#34; style=&#34;margin: 0px; text-align: justify; font-variant-numeric: normal; font-variant-east-asian: normal; font-stretch: normal; font-size: 14px; line-height: normal; font-family: &#34; times=&#34; new=&#34;><span style=&#34;font-size: medium; text-align: start;&#34;>本公司提供各交易所历史行情及实时行情服务。关于API交易及行情数据接口服务，请联络您的销售人员或电邮至sales@htfc.com.hk。</span><br style=&#34;font-size: medium; text-align: start;&#34; />\r\n<span style=&#34;font-size: medium; text-align: start;&#34;>关于易盛交易系统行情订阅流程，请浏览&ldquo;</span><a href=&#34;http://dev1.projects-develop.com/madcradle/Huatai/sc/news_pdf.php&#34; style=&#34;font-size: medium; text-align: start;&#34;>重要通告</a><span style=&#34;font-size: medium; text-align: start;&#34;>&rdquo;处&ldquo;行情通告&rdquo;页面。</span></p>', '', '', '', '<p>本公司提供各交易所历史行情及实时行情服务。关于API交易及行情数据接口服务，请联络您的销售人员或电邮至sales@htfc.com.hk。             <br />\r\n关于易盛交易系统行情订阅流程，请浏览&ldquo;<a href=&#34;http://dev1.projects-develop.com/madcradle/Huatai/sc/news_pdf.php&#34;>重要通告</a>&rdquo;处&ldquo;行情通告&rdquo;页面。</p>', '');

-- --------------------------------------------------------

--
-- 資料表結構 `tb_huatai_trading_support_photo`
--

CREATE TABLE IF NOT EXISTS `tb_huatai_trading_support_photo` (
  `id` bigint(20) unsigned NOT NULL,
  `trading_support_id` bigint(20) NOT NULL DEFAULT '0',
  `sort_order` bigint(11) NOT NULL DEFAULT '0',
  `img` text CHARACTER SET utf8 COLLATE utf8_unicode_ci NOT NULL,
  `caption` text CHARACTER SET utf8 COLLATE utf8_unicode_ci NOT NULL,
  `language_id` int(11) NOT NULL DEFAULT '0',
  `disabled` tinyint(1) NOT NULL DEFAULT '0',
  `create_date` timestamp NOT NULL DEFAULT '0000-00-00 00:00:00',
  `last_update_date` timestamp NOT NULL DEFAULT CURRENT_TIMESTAMP ON UPDATE CURRENT_TIMESTAMP,
  `create_by` bigint(20) NOT NULL DEFAULT '0',
  `last_update_by` bigint(20) NOT NULL DEFAULT '0',
  `img2` text,
  `thumb` text NOT NULL,
  `title_sc` text NOT NULL,
  `title_tc` text NOT NULL,
  `title_en` text NOT NULL,
  `detail_tc` text NOT NULL,
  `detail_sc` text NOT NULL,
  `detail_en` text NOT NULL
) ENGINE=MyISAM DEFAULT CHARSET=utf8;

-- --------------------------------------------------------

--
-- 資料表結構 `tb_huatai_trading_support_photo02`
--

CREATE TABLE IF NOT EXISTS `tb_huatai_trading_support_photo02` (
  `id` bigint(20) unsigned NOT NULL,
  `trading_support_id` bigint(20) NOT NULL DEFAULT '0',
  `sort_order` bigint(11) NOT NULL DEFAULT '0',
  `img` text CHARACTER SET utf8 COLLATE utf8_unicode_ci NOT NULL,
  `caption` text CHARACTER SET utf8 COLLATE utf8_unicode_ci NOT NULL,
  `language_id` int(11) NOT NULL DEFAULT '0',
  `disabled` tinyint(1) NOT NULL DEFAULT '0',
  `create_date` timestamp NOT NULL DEFAULT '0000-00-00 00:00:00',
  `last_update_date` timestamp NOT NULL DEFAULT CURRENT_TIMESTAMP ON UPDATE CURRENT_TIMESTAMP,
  `create_by` bigint(20) NOT NULL DEFAULT '0',
  `last_update_by` bigint(20) NOT NULL DEFAULT '0',
  `img2` text,
  `thumb` text NOT NULL,
  `title_sc` text NOT NULL,
  `title_tc` text NOT NULL,
  `title_en` text NOT NULL,
  `detail_tc` text NOT NULL,
  `detail_sc` text NOT NULL,
  `detail_en` text NOT NULL
) ENGINE=MyISAM DEFAULT CHARSET=utf8;

-- --------------------------------------------------------

--
-- 資料表結構 `tb_huatai_url_target`
--

CREATE TABLE IF NOT EXISTS `tb_huatai_url_target` (
  `id` int(11) unsigned NOT NULL,
  `sort_order` int(11) NOT NULL DEFAULT '0',
  `remark` text CHARACTER SET utf8 COLLATE utf8_unicode_ci NOT NULL,
  `disabled` tinyint(1) NOT NULL DEFAULT '0'
) ENGINE=MyISAM AUTO_INCREMENT=3 DEFAULT CHARSET=utf8 DELAY_KEY_WRITE=1;

--
-- 資料表的匯出資料 `tb_huatai_url_target`
--

INSERT INTO `tb_huatai_url_target` (`id`, `sort_order`, `remark`, `disabled`) VALUES
(1, 1, '_self', 0),
(2, 2, '_blank', 0);

-- --------------------------------------------------------

--
-- 資料表結構 `tb_huatai_url_target_desc`
--

CREATE TABLE IF NOT EXISTS `tb_huatai_url_target_desc` (
  `language_id` int(11) NOT NULL DEFAULT '0',
  `url_target_id` int(11) NOT NULL DEFAULT '0',
  `name` text CHARACTER SET utf8 COLLATE utf8_unicode_ci NOT NULL,
  `detail` text CHARACTER SET utf8 COLLATE utf8_unicode_ci NOT NULL
) ENGINE=MyISAM DEFAULT CHARSET=utf8;

--
-- 資料表的匯出資料 `tb_huatai_url_target_desc`
--

INSERT INTO `tb_huatai_url_target_desc` (`language_id`, `url_target_id`, `name`, `detail`) VALUES
(1, 1, 'Same browser', ''),
(1, 2, 'New browser', ''),
(2, 1, '同一視窗', ''),
(2, 2, '開新視窗', ''),
(3, 1, '同一视窗', ''),
(3, 2, '开新视窗', '');

-- --------------------------------------------------------

--
-- 資料表結構 `tb_huatai_webpage`
--

CREATE TABLE IF NOT EXISTS `tb_huatai_webpage` (
  `id` bigint(20) unsigned NOT NULL,
  `sort_order` int(11) NOT NULL DEFAULT '0',
  `code` text CHARACTER SET utf8 COLLATE utf8_unicode_ci NOT NULL,
  `remark` text CHARACTER SET utf8 COLLATE utf8_unicode_ci NOT NULL,
  `disabled` tinyint(1) NOT NULL DEFAULT '0',
  `create_date` timestamp NOT NULL DEFAULT '0000-00-00 00:00:00',
  `last_update_date` timestamp NOT NULL DEFAULT CURRENT_TIMESTAMP ON UPDATE CURRENT_TIMESTAMP,
  `create_by` bigint(20) NOT NULL DEFAULT '0',
  `last_update_by` bigint(20) NOT NULL DEFAULT '0',
  `seo_url` text NOT NULL,
  `seo_keyword` text NOT NULL,
  `original_url` text NOT NULL,
  `parent_webpage_id` bigint(20) DEFAULT '0',
  `start_date` date DEFAULT '0000-00-00',
  `end_date` date DEFAULT '9999-12-31',
  `display_date` date DEFAULT '0000-00-00',
  `tel` text NOT NULL,
  `fax` text NOT NULL,
  `email` text NOT NULL,
  `mobile_no` text NOT NULL,
  `have_seo` int(11) NOT NULL,
  `tel2` text NOT NULL,
  `email2` text NOT NULL,
  `tel3` text NOT NULL,
  `email3` text NOT NULL,
  `tel4` text NOT NULL,
  `email4` text NOT NULL,
  `url_target` text NOT NULL
) ENGINE=MyISAM AUTO_INCREMENT=53 DEFAULT CHARSET=utf8;

--
-- 資料表的匯出資料 `tb_huatai_webpage`
--

INSERT INTO `tb_huatai_webpage` (`id`, `sort_order`, `code`, `remark`, `disabled`, `create_date`, `last_update_date`, `create_by`, `last_update_by`, `seo_url`, `seo_keyword`, `original_url`, `parent_webpage_id`, `start_date`, `end_date`, `display_date`, `tel`, `fax`, `email`, `mobile_no`, `have_seo`, `tel2`, `email2`, `tel3`, `email3`, `tel4`, `email4`, `url_target`) VALUES
(36, 0, '', '', 0, '0000-00-00 00:00:00', '2021-03-10 02:26:27', 0, 0, '', '', '', 0, '0000-00-00', '9999-12-31', '0000-00-00', '+852 39161688', '+852 39161699', '', '', 0, '+852 39161616', 'dealing@htfc.com.hk', '+852 39161604', 'cs@htfc.com.hk', '', '', ''),
(39, 0, '', '', 0, '0000-00-00 00:00:00', '2020-12-30 01:08:52', 0, 0, '', '', '', 0, '0000-00-00', '0000-00-00', '0000-00-00', '', '', '', '', 0, '', '', '', '', '', '', ''),
(40, 0, '', '', 0, '0000-00-00 00:00:00', '2020-12-30 01:08:52', 0, 0, '', '', '', 0, '0000-00-00', '0000-00-00', '0000-00-00', '', '', '', '', 0, '', '', '', '', '', '', ''),
(8, 0, '', '', 0, '0000-00-00 00:00:00', '2020-12-30 01:08:52', 0, 0, '', '', '', 0, '0000-00-00', '0000-00-00', '0000-00-00', '', '', '', '', 0, '', '', '', '', '', '', ''),
(9, 0, '', '', 0, '0000-00-00 00:00:00', '2020-12-30 01:08:52', 0, 0, '', '', '', 0, '0000-00-00', '0000-00-00', '0000-00-00', '', '', '', '', 0, '', '', '', '', '', '', ''),
(5, 0, '', '', 0, '0000-00-00 00:00:00', '2021-01-27 09:07:14', 0, 0, '', '', '', 0, '0000-00-00', '0000-00-00', '0000-00-00', '', '', '', '', 0, '', '', '', '', '', '', '2'),
(6, 0, '', '', 0, '0000-00-00 00:00:00', '2020-12-30 01:08:52', 0, 0, '', '', '', 0, '0000-00-00', '0000-00-00', '0000-00-00', '', '', '', '', 0, '', '', '', '', '', '', ''),
(22, 0, '', '', 0, '0000-00-00 00:00:00', '2020-12-30 01:08:52', 0, 0, '', '', '', 0, '0000-00-00', '0000-00-00', '0000-00-00', '', '', '', '', 0, '', '', '', '', '', '', ''),
(24, 0, '', '', 0, '0000-00-00 00:00:00', '2020-12-30 01:08:52', 0, 0, '', '', '', 0, '0000-00-00', '0000-00-00', '0000-00-00', '', '', '', '', 0, '', '', '', '', '', '', ''),
(43, 0, '', '', 0, '0000-00-00 00:00:00', '2021-02-02 04:27:49', 0, 0, '点击此处下载合约细则全列表', '', '', 0, '0000-00-00', '0000-00-00', '0000-00-00', '', '', '', '', 0, '', '', '', '', '', '', ''),
(45, 0, '', '', 0, '0000-00-00 00:00:00', '2021-02-02 04:48:12', 0, 0, '点击此处下载保证金資料列表', '', '', 0, '0000-00-00', '0000-00-00', '0000-00-00', '', '', '', '', 0, '', '', '', '', '', '', ''),
(46, 0, '', '', 0, '0000-00-00 00:00:00', '2021-02-04 08:53:02', 0, 0, '', '', '', 0, '0000-00-00', '9999-12-31', '0000-00-00', '', '', '', '', 0, '', '', '', '', '', '', ''),
(47, 0, '', '', 0, '0000-00-00 00:00:00', '2021-02-12 04:45:06', 0, 0, '点击此处下载交易所假期通知列表', '', '', 0, '0000-00-00', '0000-00-00', '0000-00-00', '', '', '', '', 0, '', '', '', '', '', '', ''),
(48, 0, '', '', 0, '0000-00-00 00:00:00', '2021-02-12 04:44:46', 0, 0, '点击此处下载期货和期权产品最后交易日列表', '', '', 0, '0000-00-00', '0000-00-00', '0000-00-00', '', '', '', '', 0, '', '', '', '', '', '', ''),
(51, 0, '', '', 0, '0000-00-00 00:00:00', '2021-02-28 12:32:55', 0, 0, '', '', '', 0, '0000-00-00', '0000-00-00', '0000-00-00', '', '', '', '', 0, '', '', '', '', '', '', ''),
(52, 0, '', '', 0, '0000-00-00 00:00:00', '2021-02-28 12:33:11', 0, 0, '', '', '', 0, '0000-00-00', '0000-00-00', '0000-00-00', '', '', '', '', 0, '', '', '', '', '', '', '');

-- --------------------------------------------------------

--
-- 資料表結構 `tb_huatai_webpage_desc`
--

CREATE TABLE IF NOT EXISTS `tb_huatai_webpage_desc` (
  `language_id` int(11) NOT NULL DEFAULT '0',
  `webpage_id` int(11) NOT NULL DEFAULT '0',
  `name` text CHARACTER SET utf8 COLLATE utf8_unicode_ci NOT NULL,
  `detail` text CHARACTER SET utf8 COLLATE utf8_unicode_ci NOT NULL,
  `detail2` text NOT NULL,
  `seo_desc` text NOT NULL,
  `seo_title` text NOT NULL,
  `map` text,
  `name2` text NOT NULL,
  `office_hr_normal` text NOT NULL,
  `office_hr_sat` text NOT NULL,
  `office_hr_sun` text NOT NULL,
  `remark` text NOT NULL,
  `seo_h1` text NOT NULL,
  `name3` text NOT NULL,
  `address` text NOT NULL,
  `detail3` text NOT NULL,
  `url` text NOT NULL
) ENGINE=MyISAM DEFAULT CHARSET=utf8;

--
-- 資料表的匯出資料 `tb_huatai_webpage_desc`
--

INSERT INTO `tb_huatai_webpage_desc` (`language_id`, `webpage_id`, `name`, `detail`, `detail2`, `seo_desc`, `seo_title`, `map`, `name2`, `office_hr_normal`, `office_hr_sat`, `office_hr_sun`, `remark`, `seo_h1`, `name3`, `address`, `detail3`, `url`) VALUES
(3, 39, '', '<p>本网站之使用条款</p>\r\n<p>在使用本网站或本网站所提供的任何在线服务之前，请阅读及了解(1) 一般条款(2) 风险披露声明及(3) 收集</p>\r\n<p>个人资料及私隐政策(统称&rdquo;条款&rdquo;)。</p>\r\n<p>&nbsp;</p>\r\n<p>阁下如登入或使用本网站，阁下即同意遵守及接受下述条款的约束。华泰（香港）期货有限公司(&ldquo;本公司&rdquo;)</p>\r\n<p>保留没有任何事先通知，而不时作出修改本使用条款的权利。当阁下使用本网站，阁下会受到条款最新版本的</p>\r\n<p>约束。如果阁下不同意这些条款，请立即停止使用本网站。</p>\r\n<p>&nbsp;</p>\r\n<p>(1) 一般条款</p>\r\n<p>&nbsp;</p>\r\n<p>网站使用</p>\r\n<p>&nbsp;</p>\r\n<p>阁下同意不可使用本网站作任何非法用途。本网站的内容仅供参考之用，在香港以外其他国家下载该等资料可</p>\r\n<p>能属违法，如阁下因下载本网站的任何资料而触犯阁下所居住国家的任何法例，本公司概不承担任何责任。</p>\r\n<p>&nbsp;</p>\r\n<p>若阁下通过本网址的连结功能离开本网址，浏览并非由本公司提供的内容，阁下应自行承担有关风险。若因该</p>\r\n<p>等网址所提供的服务、资料或其他内容有任何延误、缺失或遗漏而引致实际、声称、相应性、或受罚的亏损或</p>\r\n<p>损失，本公司概不承担任何责任。本公司对任何第三者传送的电子内容(包括但不限于其电子内容的准确性、</p>\r\n<p>主旨、质量或及时性)，概不作出任何保证或声明，亦不承担任何责任。</p>\r\n<p>&nbsp;</p>\r\n<p>非邀约招揽</p>\r\n<p>&nbsp;</p>\r\n<p>本网站所包含的资料，不应视为邀约、招揽、邀请、意见或建议购买、出售或以其他方式买卖任何投资工具或</p>\r\n<p>产品。这些资料只供一般参考，而不应为作出任何投资或业务决策的基础。本公司建议阁下在适当情况下寻求</p>\r\n<p>独立的专业意见。</p>\r\n<p>&nbsp;</p>\r\n<p>无担保承诺</p>\r\n<p>&nbsp;</p>\r\n<p>本网站的内容并不打算向用户提供买卖任何投资工具或产品之意见，或任何财务、法律、会计或税务建议，因</p>\r\n<p>此不应予以倚赖。任何指示性报价、披露资料或分析乃按本公司秉诚作出之假设及参数而编制，但不构成本公</p>\r\n<p>司建议。尽管所有资料乃本公司秉诚提供，并相信资料之来源可靠，本公司不保证任何报价、披露或分析之准</p>\r\n<p>确性、完整性或合理性。过往表现并非未来回报之保证，本公司不表示或保证任何今后将能达致的表现或回报。</p>\r\n<p>本公司并无核实所有资料，亦不保证有关资料对阁下所需用途而言乃属准确或完整，故不应加以依赖。本公司</p>\r\n<p>并无责任更新资料或改正任何其后显现之错误。本网站所载的意见、估算及其他资料可予更改或撤回，恕不预</p>\r\n<p>早通知。</p>\r\n<p>&nbsp;</p>\r\n<p>知识产权</p>\r\n<p>&nbsp;</p>\r\n<p>本网站显示的商标、商品名称、标志及提供之内容/ 资料全属本公司财产并受版权及知识产权法保护。除非阁</p>\r\n<p>下已得到本公司的事先明确书面批准，否则阁下不应向任何媒介复制、散播或发布本网站所载的资料。如果阁</p>\r\n<p>下从这个网站下载任何资料或软件，阁下同意不会复制、修改、除去、或隐藏此等资料或软件的任何部分。</p>\r\n<p>&nbsp;</p>\r\n<p>责任限制</p>\r\n<p>&nbsp;</p>\r\n<p>若因本网址出现任何失效或中断情况，或任何其他人士的行为或疏忽，导致阁下不能联通或使用网址或此等资</p>\r\n<p>料而蒙受任何直接、特殊、间接、相应或连带的损失(包括由任何第三者的行为或疏忽所导致的损失等)，即使</p>\r\n<p>本公司或任何成员事先获悉有招致此等损失的可能，本公司一概不会承担任何责任。</p>\r\n<p>&nbsp;</p>\r\n<p>违约赔偿</p>\r\n<p>&nbsp;</p>\r\n<p>若由于阁下违反本条款及细则或使用本网站或服务的关系，令本公司招致或蒙受任何损失、费用、索赔、责任、</p>\r\n<p>及支出（包括所有法律费用），阁下将作出赔偿，免令本公司及其附属董事、员工及代理人承担。</p>\r\n<p>&nbsp;</p>\r\n<p>规管法律</p>\r\n<p>&nbsp;</p>\r\n<p>本网站是受香港特别行政区法律的保护。阁下均受香港法律监管而毋须考虑法律冲突的原则，而本公司亦保留</p>\r\n<p>于任何管控阁下或阁下资产的司法管辖区进行民事诉讼或刑事法律诉讼程序的权利。本公司可在其选择的任何</p>\r\n<p>司法管辖区采取行动，阁下亦同意接受香港法院的专属管辖权。</p>\r\n<p>&nbsp;</p>\r\n<p>(2) 风险披露声明</p>\r\n<p>&nbsp;</p>\r\n<p>投资涉及风险。本网站所提及的金融投资产品的价格可升可跌，甚至变得毫无价值；过往表现不应作为将来表</p>\r\n<p>现的指引。</p>\r\n<p>&nbsp;</p>\r\n<p>本条款无意披露或讨论于本网站提及的任何金融投资产品的所有风险及其他重要信息。本网站提及的金融投资</p>\r\n<p>产品未必适合所有浏览本网站之人士，阁下必须独自承担评估风险的责任；作出任何投资决定前，阁下必须阅</p>\r\n<p>读相关之风险披露声明，阁下亦必须咨询阁下的法律、税项、财务或其他专业顾问。</p>\r\n<p>&nbsp;</p>\r\n<p>于本网站上之任何部份可能不时载有风险披露声明。若风险披露声明张贴在本网站之任何部份后或当本网站上</p>\r\n<p>载有风险披声明露时，阁下进入或使用或继续进入或使用本网站之任何部份，即阁下将被视为已阅读、明白及</p>\r\n<p>接受风险披声明露所述之条款及风险。</p>\r\n<p>&nbsp;</p>\r\n<p>基于互联网及其他电子媒介的性质，经互联网或其他电子媒介传送之讯息或进行的交易可能受干扰、传送中断、</p>\r\n<p>延迟传送、传送数据错误、数据的丢失或数据保密性的丧失；互联网及其他电子媒介的性质亦可能影响本网站</p>\r\n<p>提供的任何功能。本公司概不负责因互联网及其他电子媒介的性质或非本公司控制范围内的任何原由（包括但</p>\r\n<p>不限于通讯设施的中断或故障）而直接或间接产生或相关的任何性质的损失、损害、费用、开支、申索或责任，</p>\r\n<p>即使本公司或其任何成员事先获悉有招致此等损失的可能。</p>\r\n<p>&nbsp;</p>\r\n<p>(3) 收集个人资料及私隐政策</p>\r\n<p>&nbsp;</p>\r\n<p>基于互联网的性质，阁下透过互联网提供资料给本公司并非绝对安全。若阁下透过互联网将资料传送给本公</p>\r\n<p>司，或我们根据阁下要求而透过互联网将资料传送给阁下时出现任何错漏而令阁下蒙受损失，本公司概不负责。</p>\r\n<p>有关个人资料私隐之相关事宜，阁下请参阅客户协议书内所载之「个人资料私隐」条款。</p>\r\n<div>&nbsp;</div>', '', '', '', '', '', '', '', '', '', '', '', '', '', ''),
(3, 36, '', '', '', '', '', NULL, '', '', '', '', '', '', '', '香港中环皇后大道中99号中环中心2102室', '', ''),
(1, 36, '', '', '', '', '', NULL, '', '', '', '', '', '', '', 'Room 2102, The Center, 99 Queen&#39;s Road Central, Hong Kong\r\n', '', ''),
(1, 6, '', '<p>Provide the Latest Information Supporting You to Take the Lead</p>', '', '', '', '', '', '', '', '', '', '', '', '', '', ''),
(3, 40, '', '<p>客户咨询服务热线：+852 39161688<br />\r\n（服务时间：工作日9:00-18:00，开户等咨询服务）<br />\r\n邮箱：cs@htfc.com.hk</p>\r\n<p>&nbsp;</p>\r\n<p>24小时交易服务热线<br />\r\n香港专线：+852 39161616<br />\r\n内地专线：+86 400-628-0888（接通后按9再按8再按1）<br />\r\n应急使用：+852 6554 0668或+86 131 7200 8082<br />\r\n邮箱：<a href=&#34;mailto:dealing@htfc.com.hk&#34; class=&#34;mailto&#34;>dealing@htfc.com.hk</a></p>', '<p style=&#34;text-align: center;&#34;>Copyright （c）2016-2021 版权所有：华泰（香港）期货有限公司<br />\r\n<a href=&#34;disclaimer.php&#34;>免責聲明</a><br />\r\nAll Rights Reserved</p>', '', '', '', '华泰香港期货', '', '', '', '', '', '微信扫描二维码, 关注我的公众号', '', '<ul>\r\n    <li><span class=&#34;fft&#34;><a href=&#34;https://www.htsc.com.cn/htzq/index/index.jsp&#34; target=&#34;_blank&#34;>华泰证券</a></span></li>\r\n    <li><span class=&#34;fft&#34;><a href=&#34;https://www.htfc.com/&#34; target=&#34;_blank&#34;>华泰期货</a></span></li>\r\n    <li><span class=&#34;fft&#34;><a href=&#34;https://www.htsc.com.hk/en/index.html&#34; target=&#34;_blank&#34;>华泰国际</a></span></li>\r\n    <li><span class=&#34;fft&#34;><a href=&#34;https://www.huataiusa.com/&#34; target=&#34;_blank&#34;>华泰美国</a></span></li>\r\n</ul>', ''),
(1, 51, '', '<p>* the Next Day</p>\r\n<p>^ Interest Rate Futures</p>\r\n<p class=&#34;p1&#34; style=&#34;margin: 0px; text-align: justify; font-variant-numeric: normal; font-variant-east-asian: normal; font-stretch: normal; font-size: 14px; line-height: normal; font-family: &quot;Times New Roman&quot;;&#34;>The above information is for reference only. Huatai (Hong Kong) Futures<span class=&#34;Apple-converted-space&#34;>&nbsp; </span>Ltd. will update from time to time. Please check with us for the latest information.</p>\r\n<p>ETH : Extended Trading Hours (延长交易时间) RHT : Regular Trading Hours (常规交易时间)</p>', '', '', '', '', '', '', '', '', '', '', '', '', '', ''),
(2, 51, '', '<p>* (意思是翌日） ^（欧洲美元是利率期货）</p>\r\n<p>CBOT /CME /COMEX /NYMEX /LME /EUREX /ICUS 冬令交易时间廷后一小时</p>\r\n<p>以上资料仅供参考,华泰(香港)期货会不定期更新,最新资料请向我司查询</p>\r\n<p>ETH : Extended Trading Hours (延长交易时间) RHT : Regular Trading Hours (常规交易时间)</p>', '', '', '', '', '', '', '', '', '', '', '', '', '', ''),
(3, 51, '', '<p>* (意思是翌日） ^（欧洲美元是利率期货）</p>\r\n<p>CBOT /CME /COMEX /NYMEX /LME /EUREX /ICUS 冬令交易时间廷后一小时</p>\r\n<p>以上资料仅供参考,华泰(香港)期货会不定期更新,最新资料请向我司查询</p>\r\n<p>ETH : Extended Trading Hours (延长交易时间) RHT : Regular Trading Hours (常规交易时间)</p>', '', '', '', '', '', '', '', '', '', '', '', '', '', ''),
(1, 5, '', '', '', '', '', '', '', '', '', '', '', '', '', '', '', 'pas_software.php'),
(2, 5, '', '', '', '', '', '', '', '', '', '', '', '', '', '', '', 'pas_software.php'),
(3, 5, '', '', '', '', '', '', '', '', '', '', '', '', '', '', '', 'pas_software.php'),
(2, 6, '', '<p>提供最新资讯，助您快人一步夺取先机</p>', '', '', '', '', '', '', '', '', '', '', '', '', '', ''),
(3, 6, '', '<p>提供最新资讯，助您快人一步夺取先机</p>', '', '', '', '', '', '', '', '', '', '', '', '', '', ''),
(1, 22, '', '<p class=&#34;p1&#34; style=&#34;margin: 0px; text-align: justify; font-variant-numeric: normal; font-variant-east-asian: normal; font-stretch: normal; font-size: 14px; line-height: normal; font-family: &quot;Times New Roman&quot;;&#34;>Note: The above futures trading hours are for reference only, and trading hours may be changed from time to time.</p>\r\n<p class=&#34;p1&#34; style=&#34;margin: 0px; text-align: justify; font-variant-numeric: normal; font-variant-east-asian: normal; font-stretch: normal; font-size: 14px; line-height: normal; font-family: &quot;Times New Roman&quot;;&#34;>Clients can refer to the websites of exchanges to check the latest trading schedule.<span class=&#34;Apple-converted-space&#34;>&nbsp;</span></p>', '', '', '', '', '', '', '', '', '', '', '', '', '', ''),
(2, 22, '', '<p>备注:以上的期货交易时间仅供客户参考, 且交易所有可能随时更改交易时间,<br />\r\n客户可自行登陆各交易所网站 查询最新之交易时间安排。具体时间以交易所为准。</p>', '', '', '', '', '', '', '', '', '', '', '', '', '', ''),
(3, 22, '', '<p>备注:以上的期货交易时间仅供客户参考, 且交易所有可能随时更改交易时间,<br />\r\n客户可自行登陆各交易所网站 查询最新之交易时间安排。具体时间以交易所为准。</p>', '', '', '', '', '', '', '', '', '', '', '', '', '', ''),
(1, 24, '', '<p class=&#34;p1&#34; style=&#34;margin: 0px; text-align: justify; font-variant-numeric: normal; font-variant-east-asian: normal; font-stretch: normal; font-size: 14px; line-height: normal; font-family: &quot;Times New Roman&quot;;&#34;>Note: The above futures trading hours are for reference only, and trading hours may be changed from time to time.</p>\r\n<p class=&#34;p1&#34; style=&#34;margin: 0px; text-align: justify; font-variant-numeric: normal; font-variant-east-asian: normal; font-stretch: normal; font-size: 14px; line-height: normal; font-family: &quot;Times New Roman&quot;;&#34;>Clients can refer to the websites of exchanges to check the latest trading schedule.<span class=&#34;Apple-converted-space&#34;>&nbsp;</span></p>', '', '', '', '', '', '', '', '', '', '', '', '', '', ''),
(2, 24, '', '<p>备注:以上的期货交易时间仅供客户参考, 且交易所有可能随时更改交易时间,<br />\r\n客户可自行登陆各交易所网站 查询最新之交易时间安排。具体时间以交易所为准。</p>', '', '', '', '', '', '', '', '', '', '', '', '', '', ''),
(3, 24, '', '<p>备注:以上的期货交易时间仅供客户参考, 且交易所有可能随时更改交易时间,<br />\r\n客户可自行登陆各交易所网站 查询最新之交易时间安排。具体时间以交易所为准。</p>', '', '', '', '', '', '', '', '', '', '', '', '', '', ''),
(2, 39, '', '<p>本网站之使用条款</p>\r\n<p>在使用本网站或本网站所提供的任何在线服务之前，请阅读及了解(1) 一般条款(2) 风险披露声明及(3) 收集</p>\r\n<p>个人资料及私隐政策(统称&rdquo;条款&rdquo;)。</p>\r\n<p>&nbsp;</p>\r\n<p>阁下如登入或使用本网站，阁下即同意遵守及接受下述条款的约束。华泰（香港）期货有限公司(&ldquo;本公司&rdquo;)</p>\r\n<p>保留没有任何事先通知，而不时作出修改本使用条款的权利。当阁下使用本网站，阁下会受到条款最新版本的</p>\r\n<p>约束。如果阁下不同意这些条款，请立即停止使用本网站。</p>\r\n<p>&nbsp;</p>\r\n<p>(1) 一般条款</p>\r\n<p>&nbsp;</p>\r\n<p>网站使用</p>\r\n<p>&nbsp;</p>\r\n<p>阁下同意不可使用本网站作任何非法用途。本网站的内容仅供参考之用，在香港以外其他国家下载该等资料可</p>\r\n<p>能属违法，如阁下因下载本网站的任何资料而触犯阁下所居住国家的任何法例，本公司概不承担任何责任。</p>\r\n<p>&nbsp;</p>\r\n<p>若阁下通过本网址的连结功能离开本网址，浏览并非由本公司提供的内容，阁下应自行承担有关风险。若因该</p>\r\n<p>等网址所提供的服务、资料或其他内容有任何延误、缺失或遗漏而引致实际、声称、相应性、或受罚的亏损或</p>\r\n<p>损失，本公司概不承担任何责任。本公司对任何第三者传送的电子内容(包括但不限于其电子内容的准确性、</p>\r\n<p>主旨、质量或及时性)，概不作出任何保证或声明，亦不承担任何责任。</p>\r\n<p>&nbsp;</p>\r\n<p>非邀约招揽</p>\r\n<p>&nbsp;</p>\r\n<p>本网站所包含的资料，不应视为邀约、招揽、邀请、意见或建议购买、出售或以其他方式买卖任何投资工具或</p>\r\n<p>产品。这些资料只供一般参考，而不应为作出任何投资或业务决策的基础。本公司建议阁下在适当情况下寻求</p>\r\n<p>独立的专业意见。</p>\r\n<p>&nbsp;</p>\r\n<p>无担保承诺</p>\r\n<p>&nbsp;</p>\r\n<p>本网站的内容并不打算向用户提供买卖任何投资工具或产品之意见，或任何财务、法律、会计或税务建议，因</p>\r\n<p>此不应予以倚赖。任何指示性报价、披露资料或分析乃按本公司秉诚作出之假设及参数而编制，但不构成本公</p>\r\n<p>司建议。尽管所有资料乃本公司秉诚提供，并相信资料之来源可靠，本公司不保证任何报价、披露或分析之准</p>\r\n<p>确性、完整性或合理性。过往表现并非未来回报之保证，本公司不表示或保证任何今后将能达致的表现或回报。</p>\r\n<p>本公司并无核实所有资料，亦不保证有关资料对阁下所需用途而言乃属准确或完整，故不应加以依赖。本公司</p>\r\n<p>并无责任更新资料或改正任何其后显现之错误。本网站所载的意见、估算及其他资料可予更改或撤回，恕不预</p>\r\n<p>早通知。</p>\r\n<p>&nbsp;</p>\r\n<p>知识产权</p>\r\n<p>&nbsp;</p>\r\n<p>本网站显示的商标、商品名称、标志及提供之内容/ 资料全属本公司财产并受版权及知识产权法保护。除非阁</p>\r\n<p>下已得到本公司的事先明确书面批准，否则阁下不应向任何媒介复制、散播或发布本网站所载的资料。如果阁</p>\r\n<p>下从这个网站下载任何资料或软件，阁下同意不会复制、修改、除去、或隐藏此等资料或软件的任何部分。</p>\r\n<p>&nbsp;</p>\r\n<p>责任限制</p>\r\n<p>&nbsp;</p>\r\n<p>若因本网址出现任何失效或中断情况，或任何其他人士的行为或疏忽，导致阁下不能联通或使用网址或此等资</p>\r\n<p>料而蒙受任何直接、特殊、间接、相应或连带的损失(包括由任何第三者的行为或疏忽所导致的损失等)，即使</p>\r\n<p>本公司或任何成员事先获悉有招致此等损失的可能，本公司一概不会承担任何责任。</p>\r\n<p>&nbsp;</p>\r\n<p>违约赔偿</p>\r\n<p>&nbsp;</p>\r\n<p>若由于阁下违反本条款及细则或使用本网站或服务的关系，令本公司招致或蒙受任何损失、费用、索赔、责任、</p>\r\n<p>及支出（包括所有法律费用），阁下将作出赔偿，免令本公司及其附属董事、员工及代理人承担。</p>\r\n<p>&nbsp;</p>\r\n<p>规管法律</p>\r\n<p>&nbsp;</p>\r\n<p>本网站是受香港特别行政区法律的保护。阁下均受香港法律监管而毋须考虑法律冲突的原则，而本公司亦保留</p>\r\n<p>于任何管控阁下或阁下资产的司法管辖区进行民事诉讼或刑事法律诉讼程序的权利。本公司可在其选择的任何</p>\r\n<p>司法管辖区采取行动，阁下亦同意接受香港法院的专属管辖权。</p>\r\n<p>&nbsp;</p>\r\n<p>(2) 风险披露声明</p>\r\n<p>&nbsp;</p>\r\n<p>投资涉及风险。本网站所提及的金融投资产品的价格可升可跌，甚至变得毫无价值；过往表现不应作为将来表</p>\r\n<p>现的指引。</p>\r\n<p>&nbsp;</p>\r\n<p>本条款无意披露或讨论于本网站提及的任何金融投资产品的所有风险及其他重要信息。本网站提及的金融投资</p>\r\n<p>产品未必适合所有浏览本网站之人士，阁下必须独自承担评估风险的责任；作出任何投资决定前，阁下必须阅</p>\r\n<p>读相关之风险披露声明，阁下亦必须咨询阁下的法律、税项、财务或其他专业顾问。</p>\r\n<p>&nbsp;</p>\r\n<p>于本网站上之任何部份可能不时载有风险披露声明。若风险披露声明张贴在本网站之任何部份后或当本网站上</p>\r\n<p>载有风险披声明露时，阁下进入或使用或继续进入或使用本网站之任何部份，即阁下将被视为已阅读、明白及</p>\r\n<p>接受风险披声明露所述之条款及风险。</p>\r\n<p>&nbsp;</p>\r\n<p>基于互联网及其他电子媒介的性质，经互联网或其他电子媒介传送之讯息或进行的交易可能受干扰、传送中断、</p>\r\n<p>延迟传送、传送数据错误、数据的丢失或数据保密性的丧失；互联网及其他电子媒介的性质亦可能影响本网站</p>\r\n<p>提供的任何功能。本公司概不负责因互联网及其他电子媒介的性质或非本公司控制范围内的任何原由（包括但</p>\r\n<p>不限于通讯设施的中断或故障）而直接或间接产生或相关的任何性质的损失、损害、费用、开支、申索或责任，</p>\r\n<p>即使本公司或其任何成员事先获悉有招致此等损失的可能。</p>\r\n<p>&nbsp;</p>\r\n<p>(3) 收集个人资料及私隐政策</p>\r\n<p>&nbsp;</p>\r\n<p>基于互联网的性质，阁下透过互联网提供资料给本公司并非绝对安全。若阁下透过互联网将资料传送给本公</p>\r\n<p>司，或我们根据阁下要求而透过互联网将资料传送给阁下时出现任何错漏而令阁下蒙受损失，本公司概不负责。</p>\r\n<p>有关个人资料私隐之相关事宜，阁下请参阅客户协议书内所载之「个人资料私隐」条款。</p>\r\n<div>&nbsp;</div>', '', '', '', '', '', '', '', '', '', '', '', '', '', ''),
(1, 39, '', '<p>本网站之使用条款</p>\r\n<p>在使用本网站或本网站所提供的任何在线服务之前，请阅读及了解(1) 一般条款(2) 风险披露声明及(3) 收集</p>\r\n<p>个人资料及私隐政策(统称&rdquo;条款&rdquo;)。</p>\r\n<p>&nbsp;</p>\r\n<p>阁下如登入或使用本网站，阁下即同意遵守及接受下述条款的约束。华泰（香港）期货有限公司(&ldquo;本公司&rdquo;)</p>\r\n<p>保留没有任何事先通知，而不时作出修改本使用条款的权利。当阁下使用本网站，阁下会受到条款最新版本的</p>\r\n<p>约束。如果阁下不同意这些条款，请立即停止使用本网站。</p>\r\n<p>&nbsp;</p>\r\n<p>(1) 一般条款</p>\r\n<p>&nbsp;</p>\r\n<p>网站使用</p>\r\n<p>&nbsp;</p>\r\n<p>阁下同意不可使用本网站作任何非法用途。本网站的内容仅供参考之用，在香港以外其他国家下载该等资料可</p>\r\n<p>能属违法，如阁下因下载本网站的任何资料而触犯阁下所居住国家的任何法例，本公司概不承担任何责任。</p>\r\n<p>&nbsp;</p>\r\n<p>若阁下通过本网址的连结功能离开本网址，浏览并非由本公司提供的内容，阁下应自行承担有关风险。若因该</p>\r\n<p>等网址所提供的服务、资料或其他内容有任何延误、缺失或遗漏而引致实际、声称、相应性、或受罚的亏损或</p>\r\n<p>损失，本公司概不承担任何责任。本公司对任何第三者传送的电子内容(包括但不限于其电子内容的准确性、</p>\r\n<p>主旨、质量或及时性)，概不作出任何保证或声明，亦不承担任何责任。</p>\r\n<p>&nbsp;</p>\r\n<p>非邀约招揽</p>\r\n<p>&nbsp;</p>\r\n<p>本网站所包含的资料，不应视为邀约、招揽、邀请、意见或建议购买、出售或以其他方式买卖任何投资工具或</p>\r\n<p>产品。这些资料只供一般参考，而不应为作出任何投资或业务决策的基础。本公司建议阁下在适当情况下寻求</p>\r\n<p>独立的专业意见。</p>\r\n<p>&nbsp;</p>\r\n<p>无担保承诺</p>\r\n<p>&nbsp;</p>\r\n<p>本网站的内容并不打算向用户提供买卖任何投资工具或产品之意见，或任何财务、法律、会计或税务建议，因</p>\r\n<p>此不应予以倚赖。任何指示性报价、披露资料或分析乃按本公司秉诚作出之假设及参数而编制，但不构成本公</p>\r\n<p>司建议。尽管所有资料乃本公司秉诚提供，并相信资料之来源可靠，本公司不保证任何报价、披露或分析之准</p>\r\n<p>确性、完整性或合理性。过往表现并非未来回报之保证，本公司不表示或保证任何今后将能达致的表现或回报。</p>\r\n<p>本公司并无核实所有资料，亦不保证有关资料对阁下所需用途而言乃属准确或完整，故不应加以依赖。本公司</p>\r\n<p>并无责任更新资料或改正任何其后显现之错误。本网站所载的意见、估算及其他资料可予更改或撤回，恕不预</p>\r\n<p>早通知。</p>\r\n<p>&nbsp;</p>\r\n<p>知识产权</p>\r\n<p>&nbsp;</p>\r\n<p>本网站显示的商标、商品名称、标志及提供之内容/ 资料全属本公司财产并受版权及知识产权法保护。除非阁</p>\r\n<p>下已得到本公司的事先明确书面批准，否则阁下不应向任何媒介复制、散播或发布本网站所载的资料。如果阁</p>\r\n<p>下从这个网站下载任何资料或软件，阁下同意不会复制、修改、除去、或隐藏此等资料或软件的任何部分。</p>\r\n<p>&nbsp;</p>\r\n<p>责任限制</p>\r\n<p>&nbsp;</p>\r\n<p>若因本网址出现任何失效或中断情况，或任何其他人士的行为或疏忽，导致阁下不能联通或使用网址或此等资</p>\r\n<p>料而蒙受任何直接、特殊、间接、相应或连带的损失(包括由任何第三者的行为或疏忽所导致的损失等)，即使</p>\r\n<p>本公司或任何成员事先获悉有招致此等损失的可能，本公司一概不会承担任何责任。</p>\r\n<p>&nbsp;</p>\r\n<p>违约赔偿</p>\r\n<p>&nbsp;</p>\r\n<p>若由于阁下违反本条款及细则或使用本网站或服务的关系，令本公司招致或蒙受任何损失、费用、索赔、责任、</p>\r\n<p>及支出（包括所有法律费用），阁下将作出赔偿，免令本公司及其附属董事、员工及代理人承担。</p>\r\n<p>&nbsp;</p>\r\n<p>规管法律</p>\r\n<p>&nbsp;</p>\r\n<p>本网站是受香港特别行政区法律的保护。阁下均受香港法律监管而毋须考虑法律冲突的原则，而本公司亦保留</p>\r\n<p>于任何管控阁下或阁下资产的司法管辖区进行民事诉讼或刑事法律诉讼程序的权利。本公司可在其选择的任何</p>\r\n<p>司法管辖区采取行动，阁下亦同意接受香港法院的专属管辖权。</p>\r\n<p>&nbsp;</p>\r\n<p>(2) 风险披露声明</p>\r\n<p>&nbsp;</p>\r\n<p>投资涉及风险。本网站所提及的金融投资产品的价格可升可跌，甚至变得毫无价值；过往表现不应作为将来表</p>\r\n<p>现的指引。</p>\r\n<p>&nbsp;</p>\r\n<p>本条款无意披露或讨论于本网站提及的任何金融投资产品的所有风险及其他重要信息。本网站提及的金融投资</p>\r\n<p>产品未必适合所有浏览本网站之人士，阁下必须独自承担评估风险的责任；作出任何投资决定前，阁下必须阅</p>\r\n<p>读相关之风险披露声明，阁下亦必须咨询阁下的法律、税项、财务或其他专业顾问。</p>\r\n<p>&nbsp;</p>\r\n<p>于本网站上之任何部份可能不时载有风险披露声明。若风险披露声明张贴在本网站之任何部份后或当本网站上</p>\r\n<p>载有风险披声明露时，阁下进入或使用或继续进入或使用本网站之任何部份，即阁下将被视为已阅读、明白及</p>\r\n<p>接受风险披声明露所述之条款及风险。</p>\r\n<p>&nbsp;</p>\r\n<p>基于互联网及其他电子媒介的性质，经互联网或其他电子媒介传送之讯息或进行的交易可能受干扰、传送中断、</p>\r\n<p>延迟传送、传送数据错误、数据的丢失或数据保密性的丧失；互联网及其他电子媒介的性质亦可能影响本网站</p>\r\n<p>提供的任何功能。本公司概不负责因互联网及其他电子媒介的性质或非本公司控制范围内的任何原由（包括但</p>\r\n<p>不限于通讯设施的中断或故障）而直接或间接产生或相关的任何性质的损失、损害、费用、开支、申索或责任，</p>\r\n<p>即使本公司或其任何成员事先获悉有招致此等损失的可能。</p>\r\n<p>&nbsp;</p>\r\n<p>(3) 收集个人资料及私隐政策</p>\r\n<p>&nbsp;</p>\r\n<p>基于互联网的性质，阁下透过互联网提供资料给本公司并非绝对安全。若阁下透过互联网将资料传送给本公</p>\r\n<p>司，或我们根据阁下要求而透过互联网将资料传送给阁下时出现任何错漏而令阁下蒙受损失，本公司概不负责。</p>\r\n<p>有关个人资料私隐之相关事宜，阁下请参阅客户协议书内所载之「个人资料私隐」条款。</p>\r\n<div>&nbsp;</div>', '', '', '', '', '', '', '', '', '', '', '', '', '', ''),
(3, 8, '', '<h5 class=&#34;au-title&#34;>华泰（香港）期货有限公司</h5>\r\n<p>华泰（香港）期货有限公司是华泰期货根据中国证监会批复，于2015年在香港特别行政区注册成立。于2016年9月14日，华泰（香港）期货获得香港证监会正式批核（中央编号为 BHE003），获准展开规管第2类（期货合约交易）及第5类（就期货合约提供意见）业务。华泰（香港）期货有限公司现已获得香港期货交易所交易权限，及成为香港期货交易所交易会员。华泰（香港）期货有限公司已完成大连商品交易所及郑州商品交易所境外经纪机构委托业务备案，可接受相关业务申请；同时，华泰（香港）期货有限公司为上海国际能源交易中心正式批准的首家境外特殊经纪参与者。</p>\r\n<p>华泰（香港）期货为个人、机构客户提供24小时不间断的全球市场交易服务，以专业人才团队为依托，为客户创造优质的服务，致力于境内外业务互联互通模式探索，打造中资在港期货服务机构核心竞争优势。</p>\r\n<h5 class=&#34;au-title-02&#34;>华泰期货有限公司</h5>\r\n<p>华泰期货有限公司成立于1994年3月28日，是华泰证券（股票代码：601688.SH，6886.HK）控股子公司，目前注册资本29.39亿元，主营业务为商品期货经纪、金融期货经纪、期货投资咨询、资产管理、基金销售。华泰期货是中国首批成立的期货公司之一及全国首批获得投资咨询、资产管理、风险管理子公司业务创新试点的期货公司之一，是中国期货业协会理事会会员、中国金融期货交易所全面结算会员、国内三大商品交易所会员以及上海国际能源交易中心的会员。</p>\r\n<p>华泰期货在全国设立了北京、上海、深圳、广州、成都、大连、郑州、杭州、南京9家分公司，41家营业部，同时依托华泰证券遍布全国各地的270家营业网点，形成了覆盖全国的服务网络。旗下设立风险管理子公司华泰长城资本管理有限公司、华泰长城投资管理有限公司，以及华泰长城国际贸易有限公司，华泰（香港）期货有限公司，华泰金融美国公司。</p>', '', '', '', '', '', '', '', '', '', '', '', '', '', ''),
(1, 8, '', '<h5 class=&#34;au-title&#34;>\r\n<p class=&#34;p1&#34; style=&#34;margin: 0px; text-align: justify; font-variant-numeric: normal; font-variant-east-asian: normal; font-weight: 400; font-stretch: normal; font-size: 10px; line-height: normal; font-family: &#34; times=&#34; new=&#34;><span style=&#34;font-size: 18px;&#34;><span times=&#34; new=&#34;>Huatai (Hong Kong) Futures Ltd.&nbsp;</span></span></p>\r\n<p class=&#34;p1&#34; style=&#34;margin: 0px; text-align: justify; font-variant-numeric: normal; font-variant-east-asian: normal; font-weight: 400; font-stretch: normal; font-size: 10px; line-height: normal; font-family: &#34; times=&#34; new=&#34;><span style=&#34;font-size: 14px;&#34;><span times=&#34; new=&#34;>Huatai (Hong Kong) Futures Ltd. (&ldquo;the Company&rdquo;) was established by Huatai Futures Co., Ltd in Hong Kong SAR in 2015, according to the approval of China Securities and Regulatory Committee (&ldquo;CSRC&rdquo;). The Company obtained the license by the Securities and Futures Commission (&ldquo;SFC&rdquo;) in Sep 14, 2016, for conducting regulated activities, namely type 2 dealing in futures contracts and type 5 advising on futures contracts. The CE Number is BHE003.&nbsp;</span></span><span style=&#34;font-size: 14px;&#34;><span times=&#34; new=&#34;>The Company has now obtained the trading right of the Hong Kong Futures Exchange and has become a trading participant of the Hong Kong Futures Exchange. The Company has completed the registration of the entrusted business of the Dalian Commodity Exchange and Zhengzhou Commodity Exchange&rsquo;s as an Overseas Intermediary, and is entitled to conduct relevant business. At the same time, the Company is the first Overseas Special Brokerage Participant that formally approved by the Shanghai International Energy Exchange.</span></span></p>\r\n<p class=&#34;p1&#34; style=&#34;margin: 0px; text-align: justify; font-variant-numeric: normal; font-variant-east-asian: normal; font-weight: 400; font-stretch: normal; font-size: 10px; line-height: normal; font-family: &#34; times=&#34; new=&#34;><span style=&#34;font-size: 14px;&#34;><br />\r\n</span></p>\r\n<p class=&#34;p1&#34; style=&#34;margin: 0px; text-align: justify; font-variant-numeric: normal; font-variant-east-asian: normal; font-weight: 400; font-stretch: normal; font-size: 10px; line-height: normal; font-family: &#34; times=&#34; new=&#34;><span style=&#34;font-size: 14px;&#34;><span times=&#34; new=&#34;>The Company provides 24h services in dealing in futures contracts covering global markets for both individual and institutional clients. The Company aims to build its competitive advantages in futures dealing services and explores to establish a linkage mechanism between domestic and oversea market. High quality service is provided by our professional team.</span></span><span style=&#34;font-size: 16px;&#34;><br type=&#34;_moz&#34; />\r\n</span></p>\r\n<p class=&#34;p1&#34; style=&#34;margin: 0px; text-align: justify; font-variant-numeric: normal; font-variant-east-asian: normal; font-weight: 400; font-stretch: normal; font-size: 10px; line-height: normal; font-family: &#34; times=&#34; new=&#34;>&nbsp;</p>\r\n<p class=&#34;p1&#34; style=&#34;margin: 0px; text-align: justify; font-variant-numeric: normal; font-variant-east-asian: normal; font-weight: 400; font-stretch: normal; font-size: 10px; line-height: normal; font-family: &#34; times=&#34; new=&#34;>&nbsp;</p>\r\n<p class=&#34;p1&#34; style=&#34;margin: 0px; text-align: justify; font-variant-numeric: normal; font-variant-east-asian: normal; font-weight: 400; font-stretch: normal; font-size: 10px; line-height: normal; font-family: &#34; times=&#34; new=&#34;>&nbsp;</p>\r\n<span style=&#34;font-size: 16px;&#34;>\r\n<p class=&#34;p1&#34; style=&#34;margin: 0px; text-align: justify; font-variant-numeric: normal; font-variant-east-asian: normal; font-weight: 400; font-stretch: normal; font-size: 10px; line-height: normal; font-family: &#34; times=&#34; new=&#34;><span style=&#34;font-size: 18px;&#34;><span times=&#34; new=&#34;><span lang=&#34;EN-US&#34;>Huatai Futures Co., Ltd.</span></span></span></p>\r\n</span>\r\n<p class=&#34;p1&#34; style=&#34;margin: 0px; text-align: justify; font-variant-numeric: normal; font-variant-east-asian: normal; font-weight: 400; font-stretch: normal; font-size: 10px; line-height: normal; font-family: &#34; times=&#34; new=&#34;><span style=&#34;font-size: 14px;&#34;>Huatai Futures Co., Ltd. (&ldquo;Huatai Futures&rdquo;) was established on March 28<sup>th</sup>, 1994. As a subsidiary of Huatai Securities (stock code: 601688.SH, 6886.HK), Huatai Futures has registered capital of 2.939 billion RMB with major business scoped in commodity and financial futures brokerage, futures investment consultancy, asset management and fund selling.<span class=&#34;s1&#34; style=&#34;font-variant-numeric: normal; font-variant-east-asian: normal; font-stretch: normal; line-height: normal; font-family: Helvetica;&#34;> </span>Huatai futures is one of the first batch of futures commission merchants (&ldquo;FCM&rdquo;) in China and one of pilot FCMs approved for innovative business operations in futures investment consultancy, asset management and risk management.<span class=&#34;s1&#34; style=&#34;font-variant-numeric: normal; font-variant-east-asian: normal; font-stretch: normal; line-height: normal; font-family: Helvetica;&#34;> </span>Huatai Futures is the member of the China Futures Association (&ldquo;CFA&rdquo;) council, the comprehensive clearing member of China Financial Futures Exchange (&ldquo;CFFEX&rdquo;), the member of Shanghai International Energy Exchange and the member of three commodity futures exchanges in China: Shanghai Futures Exchange (&ldquo;SHFE&rdquo;), Dalian Commodity Exchange (&ldquo;DCE&rdquo;) and Zhengzhou Commodity Exchange (&ldquo;ZCE&rdquo;).<span class=&#34;Apple-converted-space&#34;>&nbsp;</span></span></p>\r\n<p class=&#34;p2&#34; style=&#34;margin: 0px; text-align: justify; font-variant-numeric: normal; font-variant-east-asian: normal; font-weight: 400; font-stretch: normal; font-size: 10px; line-height: normal; font-family: &#34; times=&#34; new=&#34; min-height:=&#34;&gt;&lt;span style=&#34; font-size:=&#34;&gt;&nbsp;&lt;/p&gt;&#10;&lt;p class=&#34;><span style=&#34;font-size: 14px;&#34;>Huatai Futures has set up 9 branches in Beijing, Shanghai, Shenzhen, Guangzhou, Chengdu, Dalian, Zhengzhou, Hangzhou and Nanjing and has set 41 business divisions nationwide. Huatai Futures has established its nationwide IB network, supported by Huatai Securities&rsquo; more than 270 business divisions throughout the country.<span class=&#34;s1&#34; style=&#34;font-variant-numeric: normal; font-variant-east-asian: normal; font-stretch: normal; line-height: normal; font-family: Helvetica;&#34;> </span>Huatai Futures affiliates Huatai Great Wall Capital Management Co. Ltd., Huatai Great Wall Investment Management Co. Ltd., Huatai Great Wall International Trade Co., Ltd., Huatai (Hong Kong) Futures Ltd., and Huatai Financial USA. Inc..</span></p>\r\n</h5>', '', '', '', '', '', '', '', '', '', '', '', '', '', ''),
(1, 43, 'Click Here to Download Contract Spec', '', '', '', '点击此处下载合约细则全列表', '', '', '', '', '', '', '', '', '', '', ''),
(3, 43, '点击此处下载合约细则全列表', '', '', '', '点击此处下载合约细则全列表', '', '', '', '', '', '', '', '', '', '', ''),
(1, 45, 'Click Here to Download Margin Rate Lists', '', '', '', '点击此处下载保证金資料列表', '', '', '', '', '', '', '', '', '', '', ''),
(3, 45, '点击此处下载保证金資料列表', '', '', '', '点击此处下载保证金資料列表', '', '', '', '', '', '', '', '', '', '', ''),
(1, 48, 'Click Here to Download Last Trading Day Lists', '', '', '', '点击此处下载期货和期权产品最后交易日列表', '', '', '', '', '', '', '', '', '', '', ''),
(3, 48, '点击此处下载期货和期权产品最后交易日列表', '', '', '', '点击此处下载期货和期权产品最后交易日列表', '', '', '', '', '', '', '', '', '', '', ''),
(1, 47, 'Click Here to Download Exchange Holiday Lists', '', '', '', '点击此处下载交易所假期通知列表', '', '', '', '', '', '', '', '', '', '', ''),
(3, 47, '点击此处下载交易所假期通知列表', '', '', '', '点击此处下载交易所假期通知列表', '', '', '', '', '', '', '', '', '', '', ''),
(1, 52, '', '<p class=&#34;p1&#34; style=&#34;margin: 0px; text-align: justify; font-variant-numeric: normal; font-variant-east-asian: normal; font-stretch: normal; font-size: 14px; line-height: normal; font-family: &quot;Times New Roman&quot;;&#34;>The following margin standards will be adjusted according to the requirements of the exchange or company, and are for reference only. Please refer to the latest daily statement for actual margin values.</p>', '', '', '', '', '', '', '', '', '', '', '', '', '', ''),
(2, 52, '', '<p>以下保證金標準將根據交易所或公司需要調整, 只供参考, 實際數值請参閱最新之結算單</p>', '', '', '', '', '', '', '', '', '', '', '', '', '', ''),
(3, 52, '', '<p>以下保證金標準將根據交易所或公司需要調整, 只供参考, 實際數值請参閱最新之結算單</p>', '', '', '', '', '', '', '', '', '', '', '', '', '', ''),
(1, 9, '', '<p class=&#34;p1&#34; style=&#34;margin: 0px; text-align: justify; font-variant-numeric: normal; font-variant-east-asian: normal; font-stretch: normal; font-size: 14px; line-height: normal; font-family: &quot;Times New Roman&quot;;&#34;><span style=&#34;font-size: 14px;&#34;>Huatai Securities Co., Ltd. (&quot;Huatai Securities&quot; or &quot;Company&quot;) is a leading technology-driven comprehensive securities group. Since its establishment in 1991, Huatai Securities has actively seized the historical opportunity of China&#39;s capital market reform and opening up, and has taken the lead in the industry to facilitate the transformation through financial technology, developing a full business chain service system to provide professional and diversified securities financial services to individual and institutional clients. With comprehensive strength and strong brand influence, Huatai Securities ranks top in the domestic securities industry, and is entering a new stage of international development.</span></p>\r\n<p class=&#34;p1&#34; style=&#34;margin: 0px; text-align: justify; font-variant-numeric: normal; font-variant-east-asian: normal; font-stretch: normal; font-size: 14px; line-height: normal; font-family: &quot;Times New Roman&quot;;&#34;><span style=&#34;font-size: 14px;&#34;><br type=&#34;_moz&#34; />\r\n</span></p>\r\n<p class=&#34;p1&#34; style=&#34;margin: 0px; text-align: justify; font-variant-numeric: normal; font-variant-east-asian: normal; font-stretch: normal; font-size: 14px; line-height: normal; font-family: &quot;Times New Roman&quot;;&#34;><span style=&#34;font-size: 14px;&#34;>On February 26, 2010, the company&#39;s A shares (601688: CH) were listed and traded on the Shanghai Stock Exchange. On June 1, 2015, the company&#39;s H shares (6886: HK) were listed and traded on the Hong Kong Stock Exchange. On June 17, 2019, the company&#39;s Global Depository Receipts (HTSC:LI) was successfully listed and traded on the London Stock Exchange, becoming the first Chinese company to land on the London Stock Exchange under the Shanghai-London Stock Connect business mechanism. Since then, the company has also become a Chinese financial institution listed in Shanghai, Hong Kong and London.</span></p>\r\n<p class=&#34;p1&#34; style=&#34;margin: 0px; text-align: justify; font-variant-numeric: normal; font-variant-east-asian: normal; font-stretch: normal; font-size: 14px; line-height: normal; font-family: &quot;Times New Roman&quot;;&#34;><span style=&#34;font-size: 14px;&#34;><br type=&#34;_moz&#34; />\r\n</span></p>\r\n<p class=&#34;p1&#34; style=&#34;margin: 0px; text-align: justify; font-variant-numeric: normal; font-variant-east-asian: normal; font-stretch: normal; font-size: 14px; line-height: normal; font-family: &quot;Times New Roman&quot;;&#34;><span style=&#34;font-size: 14px;&#34;>Relying on a highly coordinated business model, advanced digital platform, and extensive and close client relationship, the company&#39;s wealth management business, institutional service business, investment management business and international business has developed in an all- round way, ranked among the top in the industry, and strive to create a differentiated core advantage and competitive strength for the future. Since 2014, the Company&#39;s stock and fund trading volume has ranked top the industry (according to Shanghai and Shenzhen Stock Exchange data); the mobile wealth management app &quot;Zhangle Fortune Link&quot; developed by the Company has also ranked top in the industry for a long time in terms of monthly active users, as of July 2020 More than 10 million per month (according to Analysys data). As of June 30, 2020, the cumulative number of downloads exceeded 50 million. In 2019, the amount of mergers and acquisitions in which the Company has participated approved by the China Securities Regulatory Commission ranked top in the industry (according to the statistics published by the China Securities Regulatory Commission).</span></p>\r\n<p class=&#34;p1&#34; style=&#34;margin: 0px; text-align: justify; font-variant-numeric: normal; font-variant-east-asian: normal; font-stretch: normal; font-size: 14px; line-height: normal; font-family: &quot;Times New Roman&quot;;&#34;>&nbsp;</p>\r\n<p class=&#34;p1&#34; style=&#34;margin: 0px; text-align: justify; font-variant-numeric: normal; font-variant-east-asian: normal; font-stretch: normal; font-size: 14px; line-height: normal; font-family: &quot;Times New Roman&quot;;&#34;>Currently, the Company have 4 wholly owned subsidiaries including Huatai Financial Holdings(Hong Kong) Limited, Huatai Zijin Investment Co., Ltd., Huatai Innovation Investment Co., Ltd., and Huatai Securities (Shanghai) Asset Management Co., Ltd.<span class=&#34;s1&#34; style=&#34;font-variant-numeric: normal; font-variant-east-asian: normal; font-stretch: normal; line-height: normal; font-family: Helvetica;&#34;> </span>The Company has controlling interests in 3 subsidiaries including Huatai United Securities Co., Ltd., Huatai Futures Co.,Ltd., and Jiangsu Equity Exchange Co., Ltd. The Company also have interests in China Southern Asset Management Co., Ltd., Huatai-Pine Bridge Fund Management Co., Ltd., Bank of Jiangsu Co., Ltd., etc. In 2016, the company acquired AssetMark, the third largest company in the US TAMP (turnkey asset management platform) industry, and completed its first overseas strategic acquisition. In July 2019, AssetMark was listed and traded on the New York Stock Exchange.</p>\r\n<p class=&#34;p1&#34; style=&#34;margin: 0px; text-align: justify; font-variant-numeric: normal; font-variant-east-asian: normal; font-stretch: normal; font-size: 14px; line-height: normal; font-family: &quot;Times New Roman&quot;;&#34;>&nbsp;</p>\r\n<p class=&#34;p1&#34; style=&#34;margin: 0px; text-align: justify; font-variant-numeric: normal; font-variant-east-asian: normal; font-stretch: normal; font-size: 12px; line-height: normal; font-family: &quot;Times New Roman&quot;;&#34;><span style=&#34;font-size: 14px;&#34;>Adhering to the core values ​​of &quot;Efficiency, Integrity, Stability, and Innovation&quot;, the Company will fully implement the &quot;two-wheel drive&quot; development strategy of wealth management and institutional services empowered by digitalization, and strive to become a first-class integrated financial group with both local advantages and global influence.</span></p>\r\n<p>&nbsp;</p>', '', '', '', '', '', '', '', '', '', '', '', '', '', ''),
(2, 9, '', '<p>华泰证券股份有限公司（&ldquo;华泰证券&rdquo;或&ldquo;公司&rdquo;）是一家领先的科技驱动型综合证券集团。自1991年成立以来，华泰证券积极把握中国资本市场改革开放的历史机遇，在业内率先以金融科技助力转型，用全业务链服务体系为个人和机构客户提供专业、多元的证券金融服务，综合实力和品牌影响力位居国内证券业第一方阵，步入国际化发展的全新阶段。</p>\r\n<p>2010年2月26日，公司A股（601688:CH）在上海证券交易所挂牌上市交易。2015年6月1日，公司H股（6886:HK）在香港联合交易所挂牌上市交易。2019年6月17日，公司全球存托凭证（HTSC:LI）在伦敦证券交易所成功上市交易，成为首家按沪伦通业务机制登陆伦交所的中国公司。自此，公司也成为一家在上海、香港和伦敦三地上市的中国金融机构。</p>\r\n<p>依托高度协同的业务模式、先进的数字化平台、广泛且紧密的客户资源，公司财富管理业务、机构服务业务、投资管理业务和国际业务全方位发展，全力打造面向未来的差异化核心优势，竞争实力位居行业前列。2014年以来，公司股票基金交易量保持行业第一（据沪深交易所数据）；公司移动财富管理APP&ldquo;涨乐财富通&rdquo;月度活跃用户数也长期名列行业APP第一，截至2020年7月超过1000万（据易观数据），截至2020年6月30日累计下载量超过5,000万；2019年，经证监会核准的并购重组交易金额居行业首位（据证监会公开信息统计）。</p>\r\n<p>公司拥有全资子公司华泰证券（上海）资产管理有限公司、华泰国际金融控股有限公司、华泰紫金投资有限责任公司、华泰创新投资有限公司；控股子公司华泰联合证券有限责任公司、华泰期货有限公司、江苏股权交易中心有限责任公司；参股南方基金管理有限公司、华泰柏瑞基金管理有限公司、江苏银行股份有限公司等。2016年，公司收购美国TAMP（统包资产管理平台）行业的第三大公司AssetMark，完成首次境外战略收购。2019年7月，AssetMark在纽约证券交易所挂牌上市交易。</p>\r\n<p>秉承&ldquo;高效、诚信、稳健、创新&rdquo;的核心价值观，华泰证券将全面实施数字化赋能下的财富管理和机构服务&ldquo;双轮驱动&rdquo;发展战略，致力成为兼具本土优势和全球影响力的一流综合金融集团。</p>\r\n<p>&nbsp;</p>', '', '', '', '', '', '', '', '', '', '', '', '', '', ''),
(3, 9, '', '<p>华泰证券股份有限公司（&ldquo;华泰证券&rdquo;或&ldquo;公司&rdquo;）是一家领先的科技驱动型综合证券集团。自1991年成立以来，华泰证券积极把握中国资本市场改革开放的历史机遇，在业内率先以金融科技助力转型，用全业务链服务体系为个人和机构客户提供专业、多元的证券金融服务，综合实力和品牌影响力位居国内证券业第一方阵，步入国际化发展的全新阶段。</p>\r\n<p>2010年2月26日，公司A股（601688:CH）在上海证券交易所挂牌上市交易。2015年6月1日，公司H股（6886:HK）在香港联合交易所挂牌上市交易。2019年6月17日，公司全球存托凭证（HTSC:LI）在伦敦证券交易所成功上市交易，成为首家按沪伦通业务机制登陆伦交所的中国公司。自此，公司也成为一家在上海、香港和伦敦三地上市的中国金融机构。</p>\r\n<p>依托高度协同的业务模式、先进的数字化平台、广泛且紧密的客户资源，公司财富管理业务、机构服务业务、投资管理业务和国际业务全方位发展，全力打造面向未来的差异化核心优势，竞争实力位居行业前列。2014年以来，公司股票基金交易量保持行业第一（据沪深交易所数据）；公司移动财富管理APP&ldquo;涨乐财富通&rdquo;月度活跃用户数也长期名列行业APP第一，截至2020年7月超过1000万（据易观数据），截至2020年6月30日累计下载量超过5,000万；2019年，经证监会核准的并购重组交易金额居行业首位（据证监会公开信息统计）。</p>\r\n<p>公司拥有全资子公司华泰证券（上海）资产管理有限公司、华泰国际金融控股有限公司、华泰紫金投资有限责任公司、华泰创新投资有限公司；控股子公司华泰联合证券有限责任公司、华泰期货有限公司、江苏股权交易中心有限责任公司；参股南方基金管理有限公司、华泰柏瑞基金管理有限公司、江苏银行股份有限公司等。2016年，公司收购美国TAMP（统包资产管理平台）行业的第三大公司AssetMark，完成首次境外战略收购。2019年7月，AssetMark在纽约证券交易所挂牌上市交易。</p>\r\n<p>秉承&ldquo;高效、诚信、稳健、创新&rdquo;的核心价值观，华泰证券将全面实施数字化赋能下的财富管理和机构服务&ldquo;双轮驱动&rdquo;发展战略，致力成为兼具本土优势和全球影响力的一流综合金融集团。</p>\r\n<p>&nbsp;</p>', '', '', '', '', '', '', '', '', '', '', '', '', '', ''),
(1, 40, '', '<p>Client Consultancy &amp; Services: +852 39161688<br />\r\n(Business Hour: Mon - Fri 9:00-18:00, Account Opening Consuntancy Services and etc.)<br />\r\nEmail：<a href=&#34;mailto:sales@htfc.com.hk&#34; class=&#34;mailto&#34;>cs@htfc.com.hk<br />\r\n</a></p>\r\n<p>&nbsp;</p>\r\n<p><a href=&#34;mailto:sales@htfc.com.hk&#34; class=&#34;mailto&#34;>24h Dealing and Client Services<br />\r\nLine in Hong Kong：+852 39161616</a><a href=&#34;mailto:sales@htfc.com.hk&#34; class=&#34;mailto&#34;><br />\r\nLine in Mainland China：+86 400-628-0888 (Press 9 &amp; 8 &amp; 1)<br />\r\nEmergency Contact: +852 6554 0668/ +86 131 7200 8082<br />\r\n</a><a href=&#34;mailto:sales@htfc.com.hk&#34; class=&#34;mailto&#34;>Email：</a><a href=&#34;mailto:dealing@htfc.com.hk&#34; class=&#34;mailto&#34;>dealing@htfc.com.hk</a></p>\r\n<p>&nbsp;</p>', '<p style=&#34;text-align: center;&#34;>Copyright （c）2016-2021 版权所有：华泰（香港）期货有限公司<br />\r\n<a href=&#34;disclaimer.php&#34;>Terms and Disclaimer</a><br />\r\nAll Rights Reserved</p>', '', '', '', '华泰香港期货', '', '', '', '', '', '微信扫描二维码, 关注我的公众号', '', '<ul>\r\n    <li><span class=&#34;fft&#34;><a href=&#34;https://www.htsc.com.cn/htzq/index/index.jsp&#34; target=&#34;_blank&#34;>Huatai Securities</a></span></li>\r\n    <li><span class=&#34;fft&#34;><a href=&#34;https://www.htfc.com/main/en/index.shtml&#34; target=&#34;_blank&#34;>Huatai Futures</a></span></li>\r\n    <li><span class=&#34;fft&#34;><a href=&#34;https://www.htsc.com.hk/en/index.html&#34; target=&#34;_blank&#34;>Huatai International</a></span></li>\r\n    <li><span class=&#34;fft&#34;><a href=&#34;https://www.huataiusa.com/&#34; target=&#34;_blank&#34;>Huatai Financial USA</a></span></li>\r\n</ul>', '');

-- --------------------------------------------------------

--
-- 資料表結構 `tb_huatai_webpage_photo`
--

CREATE TABLE IF NOT EXISTS `tb_huatai_webpage_photo` (
  `id` bigint(20) unsigned NOT NULL,
  `webpage_id` bigint(20) NOT NULL DEFAULT '0',
  `sort_order` bigint(11) NOT NULL DEFAULT '0',
  `img` text CHARACTER SET utf8 COLLATE utf8_unicode_ci NOT NULL,
  `caption` text CHARACTER SET utf8 COLLATE utf8_unicode_ci NOT NULL,
  `language_id` int(11) NOT NULL DEFAULT '0',
  `disabled` tinyint(1) NOT NULL DEFAULT '0',
  `create_date` timestamp NOT NULL DEFAULT '0000-00-00 00:00:00',
  `last_update_date` timestamp NOT NULL DEFAULT CURRENT_TIMESTAMP ON UPDATE CURRENT_TIMESTAMP,
  `create_by` bigint(20) NOT NULL DEFAULT '0',
  `last_update_by` bigint(20) NOT NULL DEFAULT '0'
) ENGINE=MyISAM AUTO_INCREMENT=190 DEFAULT CHARSET=utf8;

--
-- 資料表的匯出資料 `tb_huatai_webpage_photo`
--

INSERT INTO `tb_huatai_webpage_photo` (`id`, `webpage_id`, `sort_order`, `img`, `caption`, `language_id`, `disabled`, `create_date`, `last_update_date`, `create_by`, `last_update_by`) VALUES
(173, 40, 1, 'upload/images/webpage/20201229122650_1.jpg', '', 3, 0, '2022-08-15 02:43:00', '2022-08-15 02:43:00', 2, 2),
(184, 8, 1, 'upload/images/banner/20210119145327_14.jpg', '', 3, 0, '2022-09-23 02:57:40', '2022-09-23 02:57:40', 2, 2),
(18, 5, 1, 'upload/images/banner/20210119145539_16.jpg', '', 3, 0, '2021-01-27 09:07:15', '2021-01-27 09:07:15', 2, 2),
(53, 9, 1, 'upload/images/banner/20210119145335_15.jpg', '', 3, 0, '2021-03-15 10:00:57', '2021-03-15 10:00:57', 2, 2),
(174, 43, 1, 'upload/files/trading/20220815104541_174.pdf', '', 3, 0, '2022-08-15 02:45:41', '2022-08-15 02:45:41', 2, 2),
(189, 45, 1, 'upload/files/trading/20221028135732_189.pdf', '', 3, 0, '2022-10-28 05:57:32', '2022-10-28 05:57:32', 2, 2),
(187, 48, 1, 'upload/files/trading/20220929164400_187.pdf', '', 3, 0, '2022-09-29 08:44:00', '2022-09-29 08:44:00', 2, 2),
(188, 47, 1, 'upload/files/trading/20221028133307_188.pdf', '', 3, 0, '2022-10-28 05:33:07', '2022-10-28 05:33:07', 2, 2);

-- --------------------------------------------------------

--
-- 資料表結構 `tb_huatai_webpage_photo02`
--

CREATE TABLE IF NOT EXISTS `tb_huatai_webpage_photo02` (
  `id` bigint(20) unsigned NOT NULL,
  `webpage_id` bigint(20) NOT NULL DEFAULT '0',
  `sort_order` bigint(11) NOT NULL DEFAULT '0',
  `img` text CHARACTER SET utf8 COLLATE utf8_unicode_ci NOT NULL,
  `caption` text CHARACTER SET utf8 COLLATE utf8_unicode_ci NOT NULL,
  `language_id` int(11) NOT NULL DEFAULT '0',
  `disabled` tinyint(1) NOT NULL DEFAULT '0',
  `create_date` timestamp NOT NULL DEFAULT '0000-00-00 00:00:00',
  `last_update_date` timestamp NOT NULL DEFAULT CURRENT_TIMESTAMP ON UPDATE CURRENT_TIMESTAMP,
  `create_by` bigint(20) NOT NULL DEFAULT '0',
  `last_update_by` bigint(20) NOT NULL DEFAULT '0',
  `youtube_id` text NOT NULL
) ENGINE=MyISAM AUTO_INCREMENT=18 DEFAULT CHARSET=utf8;

--
-- 已匯出資料表的索引
--

--
-- 資料表索引 `tb_huatai_access_right`
--
ALTER TABLE `tb_huatai_access_right`
  ADD PRIMARY KEY (`section_id`,`role_id`);

--
-- 資料表索引 `tb_huatai_banner`
--
ALTER TABLE `tb_huatai_banner`
  ADD PRIMARY KEY (`id`);

--
-- 資料表索引 `tb_huatai_banner_desc`
--
ALTER TABLE `tb_huatai_banner_desc`
  ADD PRIMARY KEY (`language_id`,`banner_id`);

--
-- 資料表索引 `tb_huatai_banner_photo`
--
ALTER TABLE `tb_huatai_banner_photo`
  ADD PRIMARY KEY (`id`,`language_id`);

--
-- 資料表索引 `tb_huatai_banner_photo02`
--
ALTER TABLE `tb_huatai_banner_photo02`
  ADD PRIMARY KEY (`id`,`language_id`);

--
-- 資料表索引 `tb_huatai_config`
--
ALTER TABLE `tb_huatai_config`
  ADD PRIMARY KEY (`id`);

--
-- 資料表索引 `tb_huatai_deposit`
--
ALTER TABLE `tb_huatai_deposit`
  ADD PRIMARY KEY (`id`);

--
-- 資料表索引 `tb_huatai_deposit_desc`
--
ALTER TABLE `tb_huatai_deposit_desc`
  ADD PRIMARY KEY (`language_id`,`deposit_id`);

--
-- 資料表索引 `tb_huatai_deposit_photo`
--
ALTER TABLE `tb_huatai_deposit_photo`
  ADD PRIMARY KEY (`id`);

--
-- 資料表索引 `tb_huatai_deposit_photo02`
--
ALTER TABLE `tb_huatai_deposit_photo02`
  ADD PRIMARY KEY (`id`);

--
-- 資料表索引 `tb_huatai_download`
--
ALTER TABLE `tb_huatai_download`
  ADD PRIMARY KEY (`id`);

--
-- 資料表索引 `tb_huatai_download_desc`
--
ALTER TABLE `tb_huatai_download_desc`
  ADD PRIMARY KEY (`language_id`,`download_id`);

--
-- 資料表索引 `tb_huatai_download_photo`
--
ALTER TABLE `tb_huatai_download_photo`
  ADD PRIMARY KEY (`id`);

--
-- 資料表索引 `tb_huatai_download_software`
--
ALTER TABLE `tb_huatai_download_software`
  ADD PRIMARY KEY (`id`);

--
-- 資料表索引 `tb_huatai_download_software_desc`
--
ALTER TABLE `tb_huatai_download_software_desc`
  ADD PRIMARY KEY (`language_id`,`download_software_id`);

--
-- 資料表索引 `tb_huatai_download_software_photo`
--
ALTER TABLE `tb_huatai_download_software_photo`
  ADD PRIMARY KEY (`id`);

--
-- 資料表索引 `tb_huatai_download_software_photo02`
--
ALTER TABLE `tb_huatai_download_software_photo02`
  ADD PRIMARY KEY (`id`);

--
-- 資料表索引 `tb_huatai_enquiry_contact`
--
ALTER TABLE `tb_huatai_enquiry_contact`
  ADD PRIMARY KEY (`id`);

--
-- 資料表索引 `tb_huatai_faq`
--
ALTER TABLE `tb_huatai_faq`
  ADD PRIMARY KEY (`id`);

--
-- 資料表索引 `tb_huatai_faq_category`
--
ALTER TABLE `tb_huatai_faq_category`
  ADD PRIMARY KEY (`id`);

--
-- 資料表索引 `tb_huatai_faq_category_desc`
--
ALTER TABLE `tb_huatai_faq_category_desc`
  ADD PRIMARY KEY (`language_id`,`faq_category_id`);

--
-- 資料表索引 `tb_huatai_faq_desc`
--
ALTER TABLE `tb_huatai_faq_desc`
  ADD PRIMARY KEY (`language_id`,`faq_id`);

--
-- 資料表索引 `tb_huatai_gender`
--
ALTER TABLE `tb_huatai_gender`
  ADD PRIMARY KEY (`id`);

--
-- 資料表索引 `tb_huatai_gender_desc`
--
ALTER TABLE `tb_huatai_gender_desc`
  ADD PRIMARY KEY (`language_id`,`gender_id`);

--
-- 資料表索引 `tb_huatai_home_banner`
--
ALTER TABLE `tb_huatai_home_banner`
  ADD PRIMARY KEY (`id`);

--
-- 資料表索引 `tb_huatai_home_banner_desc`
--
ALTER TABLE `tb_huatai_home_banner_desc`
  ADD PRIMARY KEY (`language_id`,`home_banner_id`);

--
-- 資料表索引 `tb_huatai_home_banner_photo`
--
ALTER TABLE `tb_huatai_home_banner_photo`
  ADD PRIMARY KEY (`id`);

--
-- 資料表索引 `tb_huatai_home_banner_photo02`
--
ALTER TABLE `tb_huatai_home_banner_photo02`
  ADD PRIMARY KEY (`id`);

--
-- 資料表索引 `tb_huatai_home_banner_photo03`
--
ALTER TABLE `tb_huatai_home_banner_photo03`
  ADD PRIMARY KEY (`id`);

--
-- 資料表索引 `tb_huatai_home_promotion`
--
ALTER TABLE `tb_huatai_home_promotion`
  ADD PRIMARY KEY (`id`);

--
-- 資料表索引 `tb_huatai_home_promotion2`
--
ALTER TABLE `tb_huatai_home_promotion2`
  ADD PRIMARY KEY (`id`);

--
-- 資料表索引 `tb_huatai_home_promotion2_desc`
--
ALTER TABLE `tb_huatai_home_promotion2_desc`
  ADD PRIMARY KEY (`language_id`,`home_promotion2_id`);

--
-- 資料表索引 `tb_huatai_home_promotion2_photo`
--
ALTER TABLE `tb_huatai_home_promotion2_photo`
  ADD PRIMARY KEY (`id`);

--
-- 資料表索引 `tb_huatai_home_promotion2_photo02`
--
ALTER TABLE `tb_huatai_home_promotion2_photo02`
  ADD PRIMARY KEY (`id`);

--
-- 資料表索引 `tb_huatai_home_promotion_desc`
--
ALTER TABLE `tb_huatai_home_promotion_desc`
  ADD PRIMARY KEY (`language_id`,`home_promotion_id`);

--
-- 資料表索引 `tb_huatai_home_promotion_photo`
--
ALTER TABLE `tb_huatai_home_promotion_photo`
  ADD PRIMARY KEY (`id`);

--
-- 資料表索引 `tb_huatai_home_promotion_photo02`
--
ALTER TABLE `tb_huatai_home_promotion_photo02`
  ADD PRIMARY KEY (`id`);

--
-- 資料表索引 `tb_huatai_important_notice`
--
ALTER TABLE `tb_huatai_important_notice`
  ADD PRIMARY KEY (`id`);

--
-- 資料表索引 `tb_huatai_important_notice_category`
--
ALTER TABLE `tb_huatai_important_notice_category`
  ADD PRIMARY KEY (`id`);

--
-- 資料表索引 `tb_huatai_important_notice_category_desc`
--
ALTER TABLE `tb_huatai_important_notice_category_desc`
  ADD PRIMARY KEY (`language_id`,`important_notice_category_id`);

--
-- 資料表索引 `tb_huatai_important_notice_desc`
--
ALTER TABLE `tb_huatai_important_notice_desc`
  ADD PRIMARY KEY (`language_id`,`important_notice_id`);

--
-- 資料表索引 `tb_huatai_important_notice_pdf`
--
ALTER TABLE `tb_huatai_important_notice_pdf`
  ADD PRIMARY KEY (`id`);

--
-- 資料表索引 `tb_huatai_important_notice_photo`
--
ALTER TABLE `tb_huatai_important_notice_photo`
  ADD PRIMARY KEY (`id`);

--
-- 資料表索引 `tb_huatai_language`
--
ALTER TABLE `tb_huatai_language`
  ADD PRIMARY KEY (`id`);

--
-- 資料表索引 `tb_huatai_member`
--
ALTER TABLE `tb_huatai_member`
  ADD PRIMARY KEY (`id`);

--
-- 資料表索引 `tb_huatai_news`
--
ALTER TABLE `tb_huatai_news`
  ADD PRIMARY KEY (`id`);

--
-- 資料表索引 `tb_huatai_news_category`
--
ALTER TABLE `tb_huatai_news_category`
  ADD PRIMARY KEY (`id`);

--
-- 資料表索引 `tb_huatai_news_category_desc`
--
ALTER TABLE `tb_huatai_news_category_desc`
  ADD PRIMARY KEY (`language_id`,`news_category_id`);

--
-- 資料表索引 `tb_huatai_news_desc`
--
ALTER TABLE `tb_huatai_news_desc`
  ADD PRIMARY KEY (`language_id`,`news_id`);

--
-- 資料表索引 `tb_huatai_news_pdf`
--
ALTER TABLE `tb_huatai_news_pdf`
  ADD PRIMARY KEY (`id`);

--
-- 資料表索引 `tb_huatai_news_photo`
--
ALTER TABLE `tb_huatai_news_photo`
  ADD PRIMARY KEY (`id`);

--
-- 資料表索引 `tb_huatai_news_photo02`
--
ALTER TABLE `tb_huatai_news_photo02`
  ADD PRIMARY KEY (`id`);

--
-- 資料表索引 `tb_huatai_openaccount`
--
ALTER TABLE `tb_huatai_openaccount`
  ADD PRIMARY KEY (`id`);

--
-- 資料表索引 `tb_huatai_openaccount_desc`
--
ALTER TABLE `tb_huatai_openaccount_desc`
  ADD PRIMARY KEY (`language_id`,`openaccount_id`);

--
-- 資料表索引 `tb_huatai_openaccount_photo`
--
ALTER TABLE `tb_huatai_openaccount_photo`
  ADD PRIMARY KEY (`id`);

--
-- 資料表索引 `tb_huatai_openaccount_photo02`
--
ALTER TABLE `tb_huatai_openaccount_photo02`
  ADD PRIMARY KEY (`id`);

--
-- 資料表索引 `tb_huatai_openaccount_photo03`
--
ALTER TABLE `tb_huatai_openaccount_photo03`
  ADD PRIMARY KEY (`id`);

--
-- 資料表索引 `tb_huatai_openaccount_photo04`
--
ALTER TABLE `tb_huatai_openaccount_photo04`
  ADD PRIMARY KEY (`id`);

--
-- 資料表索引 `tb_huatai_openaccount_photo05`
--
ALTER TABLE `tb_huatai_openaccount_photo05`
  ADD PRIMARY KEY (`id`);

--
-- 資料表索引 `tb_huatai_openaccount_photo06`
--
ALTER TABLE `tb_huatai_openaccount_photo06`
  ADD PRIMARY KEY (`id`);

--
-- 資料表索引 `tb_huatai_openaccount_photo07`
--
ALTER TABLE `tb_huatai_openaccount_photo07`
  ADD PRIMARY KEY (`id`);

--
-- 資料表索引 `tb_huatai_paging`
--
ALTER TABLE `tb_huatai_paging`
  ADD PRIMARY KEY (`id`);

--
-- 資料表索引 `tb_huatai_research`
--
ALTER TABLE `tb_huatai_research`
  ADD PRIMARY KEY (`id`);

--
-- 資料表索引 `tb_huatai_research_category`
--
ALTER TABLE `tb_huatai_research_category`
  ADD PRIMARY KEY (`id`);

--
-- 資料表索引 `tb_huatai_research_category_desc`
--
ALTER TABLE `tb_huatai_research_category_desc`
  ADD PRIMARY KEY (`language_id`,`research_category_id`);

--
-- 資料表索引 `tb_huatai_research_desc`
--
ALTER TABLE `tb_huatai_research_desc`
  ADD PRIMARY KEY (`language_id`,`research_id`);

--
-- 資料表索引 `tb_huatai_research_pdf`
--
ALTER TABLE `tb_huatai_research_pdf`
  ADD PRIMARY KEY (`id`);

--
-- 資料表索引 `tb_huatai_research_photo`
--
ALTER TABLE `tb_huatai_research_photo`
  ADD PRIMARY KEY (`id`);

--
-- 資料表索引 `tb_huatai_role`
--
ALTER TABLE `tb_huatai_role`
  ADD PRIMARY KEY (`id`);

--
-- 資料表索引 `tb_huatai_role_desc`
--
ALTER TABLE `tb_huatai_role_desc`
  ADD PRIMARY KEY (`language_id`,`role_id`);

--
-- 資料表索引 `tb_huatai_section`
--
ALTER TABLE `tb_huatai_section`
  ADD PRIMARY KEY (`id`);

--
-- 資料表索引 `tb_huatai_section_desc`
--
ALTER TABLE `tb_huatai_section_desc`
  ADD PRIMARY KEY (`language_id`,`section_id`);

--
-- 資料表索引 `tb_huatai_shop`
--
ALTER TABLE `tb_huatai_shop`
  ADD PRIMARY KEY (`id`);

--
-- 資料表索引 `tb_huatai_shop_desc`
--
ALTER TABLE `tb_huatai_shop_desc`
  ADD PRIMARY KEY (`language_id`,`shop_id`);

--
-- 資料表索引 `tb_huatai_status_allow`
--
ALTER TABLE `tb_huatai_status_allow`
  ADD PRIMARY KEY (`id`);

--
-- 資料表索引 `tb_huatai_status_allow_desc`
--
ALTER TABLE `tb_huatai_status_allow_desc`
  ADD PRIMARY KEY (`language_id`,`status_allow_id`);

--
-- 資料表索引 `tb_huatai_status_disable`
--
ALTER TABLE `tb_huatai_status_disable`
  ADD PRIMARY KEY (`id`);

--
-- 資料表索引 `tb_huatai_status_disable_desc`
--
ALTER TABLE `tb_huatai_status_disable_desc`
  ADD PRIMARY KEY (`language_id`,`status_disable_id`);

--
-- 資料表索引 `tb_huatai_status_yesno`
--
ALTER TABLE `tb_huatai_status_yesno`
  ADD PRIMARY KEY (`id`);

--
-- 資料表索引 `tb_huatai_status_yesno_desc`
--
ALTER TABLE `tb_huatai_status_yesno_desc`
  ADD PRIMARY KEY (`language_id`,`status_yesno_id`);

--
-- 資料表索引 `tb_huatai_title`
--
ALTER TABLE `tb_huatai_title`
  ADD PRIMARY KEY (`id`);

--
-- 資料表索引 `tb_huatai_title_desc`
--
ALTER TABLE `tb_huatai_title_desc`
  ADD PRIMARY KEY (`language_id`,`title_id`);

--
-- 資料表索引 `tb_huatai_trading`
--
ALTER TABLE `tb_huatai_trading`
  ADD PRIMARY KEY (`id`);

--
-- 資料表索引 `tb_huatai_trading2`
--
ALTER TABLE `tb_huatai_trading2`
  ADD PRIMARY KEY (`id`);

--
-- 資料表索引 `tb_huatai_trading2_desc`
--
ALTER TABLE `tb_huatai_trading2_desc`
  ADD PRIMARY KEY (`language_id`,`trading2_id`);

--
-- 資料表索引 `tb_huatai_trading_desc`
--
ALTER TABLE `tb_huatai_trading_desc`
  ADD PRIMARY KEY (`language_id`,`trading_id`);

--
-- 資料表索引 `tb_huatai_trading_future`
--
ALTER TABLE `tb_huatai_trading_future`
  ADD PRIMARY KEY (`id`);

--
-- 資料表索引 `tb_huatai_trading_future_category`
--
ALTER TABLE `tb_huatai_trading_future_category`
  ADD PRIMARY KEY (`id`);

--
-- 資料表索引 `tb_huatai_trading_future_category_desc`
--
ALTER TABLE `tb_huatai_trading_future_category_desc`
  ADD PRIMARY KEY (`language_id`,`trading_future_category_id`);

--
-- 資料表索引 `tb_huatai_trading_future_desc`
--
ALTER TABLE `tb_huatai_trading_future_desc`
  ADD PRIMARY KEY (`language_id`,`trading_future_id`);

--
-- 資料表索引 `tb_huatai_trading_future_photo`
--
ALTER TABLE `tb_huatai_trading_future_photo`
  ADD PRIMARY KEY (`id`);

--
-- 資料表索引 `tb_huatai_trading_future_photo02`
--
ALTER TABLE `tb_huatai_trading_future_photo02`
  ADD PRIMARY KEY (`id`);

--
-- 資料表索引 `tb_huatai_trading_hoilday`
--
ALTER TABLE `tb_huatai_trading_hoilday`
  ADD PRIMARY KEY (`id`);

--
-- 資料表索引 `tb_huatai_trading_hoilday_desc`
--
ALTER TABLE `tb_huatai_trading_hoilday_desc`
  ADD PRIMARY KEY (`language_id`,`trading_hoilday_id`);

--
-- 資料表索引 `tb_huatai_trading_hoilday_photo`
--
ALTER TABLE `tb_huatai_trading_hoilday_photo`
  ADD PRIMARY KEY (`id`);

--
-- 資料表索引 `tb_huatai_trading_hoilday_photo02`
--
ALTER TABLE `tb_huatai_trading_hoilday_photo02`
  ADD PRIMARY KEY (`id`);

--
-- 資料表索引 `tb_huatai_trading_market`
--
ALTER TABLE `tb_huatai_trading_market`
  ADD PRIMARY KEY (`id`);

--
-- 資料表索引 `tb_huatai_trading_market_desc`
--
ALTER TABLE `tb_huatai_trading_market_desc`
  ADD PRIMARY KEY (`language_id`,`trading_market_id`);

--
-- 資料表索引 `tb_huatai_trading_market_photo`
--
ALTER TABLE `tb_huatai_trading_market_photo`
  ADD PRIMARY KEY (`id`);

--
-- 資料表索引 `tb_huatai_trading_market_photo02`
--
ALTER TABLE `tb_huatai_trading_market_photo02`
  ADD PRIMARY KEY (`id`);

--
-- 資料表索引 `tb_huatai_trading_market_photo03`
--
ALTER TABLE `tb_huatai_trading_market_photo03`
  ADD PRIMARY KEY (`id`);

--
-- 資料表索引 `tb_huatai_trading_market_photo04`
--
ALTER TABLE `tb_huatai_trading_market_photo04`
  ADD PRIMARY KEY (`id`);

--
-- 資料表索引 `tb_huatai_trading_support`
--
ALTER TABLE `tb_huatai_trading_support`
  ADD PRIMARY KEY (`id`);

--
-- 資料表索引 `tb_huatai_trading_support_desc`
--
ALTER TABLE `tb_huatai_trading_support_desc`
  ADD PRIMARY KEY (`language_id`,`trading_support_id`);

--
-- 資料表索引 `tb_huatai_trading_support_photo`
--
ALTER TABLE `tb_huatai_trading_support_photo`
  ADD PRIMARY KEY (`id`);

--
-- 資料表索引 `tb_huatai_trading_support_photo02`
--
ALTER TABLE `tb_huatai_trading_support_photo02`
  ADD PRIMARY KEY (`id`);

--
-- 資料表索引 `tb_huatai_url_target`
--
ALTER TABLE `tb_huatai_url_target`
  ADD PRIMARY KEY (`id`);

--
-- 資料表索引 `tb_huatai_url_target_desc`
--
ALTER TABLE `tb_huatai_url_target_desc`
  ADD PRIMARY KEY (`language_id`,`url_target_id`);

--
-- 資料表索引 `tb_huatai_webpage`
--
ALTER TABLE `tb_huatai_webpage`
  ADD PRIMARY KEY (`id`);

--
-- 資料表索引 `tb_huatai_webpage_desc`
--
ALTER TABLE `tb_huatai_webpage_desc`
  ADD PRIMARY KEY (`language_id`,`webpage_id`);

--
-- 資料表索引 `tb_huatai_webpage_photo`
--
ALTER TABLE `tb_huatai_webpage_photo`
  ADD PRIMARY KEY (`id`);

--
-- 資料表索引 `tb_huatai_webpage_photo02`
--
ALTER TABLE `tb_huatai_webpage_photo02`
  ADD PRIMARY KEY (`id`);

--
-- 在匯出的資料表使用 AUTO_INCREMENT
--

--
-- 使用資料表 AUTO_INCREMENT `tb_huatai_banner`
--
ALTER TABLE `tb_huatai_banner`
  MODIFY `id` bigint(20) unsigned NOT NULL AUTO_INCREMENT,AUTO_INCREMENT=16;
--
-- 使用資料表 AUTO_INCREMENT `tb_huatai_banner_photo`
--
ALTER TABLE `tb_huatai_banner_photo`
  MODIFY `id` bigint(20) unsigned NOT NULL AUTO_INCREMENT,AUTO_INCREMENT=34;
--
-- 使用資料表 AUTO_INCREMENT `tb_huatai_banner_photo02`
--
ALTER TABLE `tb_huatai_banner_photo02`
  MODIFY `id` bigint(20) unsigned NOT NULL AUTO_INCREMENT;
--
-- 使用資料表 AUTO_INCREMENT `tb_huatai_config`
--
ALTER TABLE `tb_huatai_config`
  MODIFY `id` bigint(20) unsigned NOT NULL AUTO_INCREMENT,AUTO_INCREMENT=1034;
--
-- 使用資料表 AUTO_INCREMENT `tb_huatai_deposit`
--
ALTER TABLE `tb_huatai_deposit`
  MODIFY `id` bigint(20) unsigned NOT NULL AUTO_INCREMENT,AUTO_INCREMENT=3;
--
-- 使用資料表 AUTO_INCREMENT `tb_huatai_deposit_photo`
--
ALTER TABLE `tb_huatai_deposit_photo`
  MODIFY `id` bigint(20) unsigned NOT NULL AUTO_INCREMENT;
--
-- 使用資料表 AUTO_INCREMENT `tb_huatai_deposit_photo02`
--
ALTER TABLE `tb_huatai_deposit_photo02`
  MODIFY `id` bigint(20) unsigned NOT NULL AUTO_INCREMENT;
--
-- 使用資料表 AUTO_INCREMENT `tb_huatai_download`
--
ALTER TABLE `tb_huatai_download`
  MODIFY `id` bigint(20) unsigned NOT NULL AUTO_INCREMENT,AUTO_INCREMENT=2;
--
-- 使用資料表 AUTO_INCREMENT `tb_huatai_download_photo`
--
ALTER TABLE `tb_huatai_download_photo`
  MODIFY `id` bigint(20) unsigned NOT NULL AUTO_INCREMENT,AUTO_INCREMENT=171;
--
-- 使用資料表 AUTO_INCREMENT `tb_huatai_download_software`
--
ALTER TABLE `tb_huatai_download_software`
  MODIFY `id` bigint(20) unsigned NOT NULL AUTO_INCREMENT,AUTO_INCREMENT=5;
--
-- 使用資料表 AUTO_INCREMENT `tb_huatai_download_software_photo`
--
ALTER TABLE `tb_huatai_download_software_photo`
  MODIFY `id` bigint(20) unsigned NOT NULL AUTO_INCREMENT,AUTO_INCREMENT=253;
--
-- 使用資料表 AUTO_INCREMENT `tb_huatai_download_software_photo02`
--
ALTER TABLE `tb_huatai_download_software_photo02`
  MODIFY `id` bigint(20) unsigned NOT NULL AUTO_INCREMENT,AUTO_INCREMENT=71;
--
-- 使用資料表 AUTO_INCREMENT `tb_huatai_enquiry_contact`
--
ALTER TABLE `tb_huatai_enquiry_contact`
  MODIFY `id` bigint(20) NOT NULL AUTO_INCREMENT,AUTO_INCREMENT=21;
--
-- 使用資料表 AUTO_INCREMENT `tb_huatai_faq`
--
ALTER TABLE `tb_huatai_faq`
  MODIFY `id` bigint(20) unsigned NOT NULL AUTO_INCREMENT,AUTO_INCREMENT=28;
--
-- 使用資料表 AUTO_INCREMENT `tb_huatai_faq_category`
--
ALTER TABLE `tb_huatai_faq_category`
  MODIFY `id` bigint(20) unsigned NOT NULL AUTO_INCREMENT,AUTO_INCREMENT=6;
--
-- 使用資料表 AUTO_INCREMENT `tb_huatai_gender`
--
ALTER TABLE `tb_huatai_gender`
  MODIFY `id` bigint(20) unsigned NOT NULL AUTO_INCREMENT,AUTO_INCREMENT=3;
--
-- 使用資料表 AUTO_INCREMENT `tb_huatai_home_banner`
--
ALTER TABLE `tb_huatai_home_banner`
  MODIFY `id` bigint(20) unsigned NOT NULL AUTO_INCREMENT,AUTO_INCREMENT=5;
--
-- 使用資料表 AUTO_INCREMENT `tb_huatai_home_banner_photo`
--
ALTER TABLE `tb_huatai_home_banner_photo`
  MODIFY `id` bigint(20) unsigned NOT NULL AUTO_INCREMENT,AUTO_INCREMENT=51;
--
-- 使用資料表 AUTO_INCREMENT `tb_huatai_home_banner_photo02`
--
ALTER TABLE `tb_huatai_home_banner_photo02`
  MODIFY `id` bigint(20) unsigned NOT NULL AUTO_INCREMENT,AUTO_INCREMENT=46;
--
-- 使用資料表 AUTO_INCREMENT `tb_huatai_home_banner_photo03`
--
ALTER TABLE `tb_huatai_home_banner_photo03`
  MODIFY `id` bigint(20) unsigned NOT NULL AUTO_INCREMENT,AUTO_INCREMENT=19;
--
-- 使用資料表 AUTO_INCREMENT `tb_huatai_home_promotion`
--
ALTER TABLE `tb_huatai_home_promotion`
  MODIFY `id` bigint(20) unsigned NOT NULL AUTO_INCREMENT,AUTO_INCREMENT=2;
--
-- 使用資料表 AUTO_INCREMENT `tb_huatai_home_promotion2`
--
ALTER TABLE `tb_huatai_home_promotion2`
  MODIFY `id` bigint(20) unsigned NOT NULL AUTO_INCREMENT,AUTO_INCREMENT=5;
--
-- 使用資料表 AUTO_INCREMENT `tb_huatai_home_promotion2_photo`
--
ALTER TABLE `tb_huatai_home_promotion2_photo`
  MODIFY `id` bigint(20) unsigned NOT NULL AUTO_INCREMENT;
--
-- 使用資料表 AUTO_INCREMENT `tb_huatai_home_promotion2_photo02`
--
ALTER TABLE `tb_huatai_home_promotion2_photo02`
  MODIFY `id` bigint(20) unsigned NOT NULL AUTO_INCREMENT;
--
-- 使用資料表 AUTO_INCREMENT `tb_huatai_home_promotion_photo`
--
ALTER TABLE `tb_huatai_home_promotion_photo`
  MODIFY `id` bigint(20) unsigned NOT NULL AUTO_INCREMENT,AUTO_INCREMENT=8;
--
-- 使用資料表 AUTO_INCREMENT `tb_huatai_home_promotion_photo02`
--
ALTER TABLE `tb_huatai_home_promotion_photo02`
  MODIFY `id` bigint(20) unsigned NOT NULL AUTO_INCREMENT,AUTO_INCREMENT=8;
--
-- 使用資料表 AUTO_INCREMENT `tb_huatai_important_notice`
--
ALTER TABLE `tb_huatai_important_notice`
  MODIFY `id` bigint(20) unsigned NOT NULL AUTO_INCREMENT,AUTO_INCREMENT=61;
--
-- 使用資料表 AUTO_INCREMENT `tb_huatai_important_notice_category`
--
ALTER TABLE `tb_huatai_important_notice_category`
  MODIFY `id` bigint(20) unsigned NOT NULL AUTO_INCREMENT,AUTO_INCREMENT=8;
--
-- 使用資料表 AUTO_INCREMENT `tb_huatai_important_notice_pdf`
--
ALTER TABLE `tb_huatai_important_notice_pdf`
  MODIFY `id` bigint(20) unsigned NOT NULL AUTO_INCREMENT,AUTO_INCREMENT=104;
--
-- 使用資料表 AUTO_INCREMENT `tb_huatai_important_notice_photo`
--
ALTER TABLE `tb_huatai_important_notice_photo`
  MODIFY `id` bigint(20) unsigned NOT NULL AUTO_INCREMENT;
--
-- 使用資料表 AUTO_INCREMENT `tb_huatai_language`
--
ALTER TABLE `tb_huatai_language`
  MODIFY `id` bigint(20) unsigned NOT NULL AUTO_INCREMENT,AUTO_INCREMENT=4;
--
-- 使用資料表 AUTO_INCREMENT `tb_huatai_member`
--
ALTER TABLE `tb_huatai_member`
  MODIFY `id` bigint(20) unsigned NOT NULL AUTO_INCREMENT,AUTO_INCREMENT=7215;
--
-- 使用資料表 AUTO_INCREMENT `tb_huatai_news`
--
ALTER TABLE `tb_huatai_news`
  MODIFY `id` bigint(20) unsigned NOT NULL AUTO_INCREMENT,AUTO_INCREMENT=7;
--
-- 使用資料表 AUTO_INCREMENT `tb_huatai_news_category`
--
ALTER TABLE `tb_huatai_news_category`
  MODIFY `id` bigint(20) unsigned NOT NULL AUTO_INCREMENT,AUTO_INCREMENT=4;
--
-- 使用資料表 AUTO_INCREMENT `tb_huatai_news_pdf`
--
ALTER TABLE `tb_huatai_news_pdf`
  MODIFY `id` bigint(20) unsigned NOT NULL AUTO_INCREMENT;
--
-- 使用資料表 AUTO_INCREMENT `tb_huatai_news_photo`
--
ALTER TABLE `tb_huatai_news_photo`
  MODIFY `id` bigint(20) unsigned NOT NULL AUTO_INCREMENT,AUTO_INCREMENT=39;
--
-- 使用資料表 AUTO_INCREMENT `tb_huatai_news_photo02`
--
ALTER TABLE `tb_huatai_news_photo02`
  MODIFY `id` bigint(20) unsigned NOT NULL AUTO_INCREMENT,AUTO_INCREMENT=32;
--
-- 使用資料表 AUTO_INCREMENT `tb_huatai_openaccount`
--
ALTER TABLE `tb_huatai_openaccount`
  MODIFY `id` bigint(20) unsigned NOT NULL AUTO_INCREMENT,AUTO_INCREMENT=6;
--
-- 使用資料表 AUTO_INCREMENT `tb_huatai_openaccount_photo`
--
ALTER TABLE `tb_huatai_openaccount_photo`
  MODIFY `id` bigint(20) unsigned NOT NULL AUTO_INCREMENT,AUTO_INCREMENT=180;
--
-- 使用資料表 AUTO_INCREMENT `tb_huatai_openaccount_photo02`
--
ALTER TABLE `tb_huatai_openaccount_photo02`
  MODIFY `id` bigint(20) unsigned NOT NULL AUTO_INCREMENT,AUTO_INCREMENT=43;
--
-- 使用資料表 AUTO_INCREMENT `tb_huatai_openaccount_photo03`
--
ALTER TABLE `tb_huatai_openaccount_photo03`
  MODIFY `id` bigint(20) unsigned NOT NULL AUTO_INCREMENT,AUTO_INCREMENT=107;
--
-- 使用資料表 AUTO_INCREMENT `tb_huatai_openaccount_photo04`
--
ALTER TABLE `tb_huatai_openaccount_photo04`
  MODIFY `id` bigint(20) unsigned NOT NULL AUTO_INCREMENT,AUTO_INCREMENT=45;
--
-- 使用資料表 AUTO_INCREMENT `tb_huatai_openaccount_photo05`
--
ALTER TABLE `tb_huatai_openaccount_photo05`
  MODIFY `id` bigint(20) unsigned NOT NULL AUTO_INCREMENT,AUTO_INCREMENT=39;
--
-- 使用資料表 AUTO_INCREMENT `tb_huatai_openaccount_photo06`
--
ALTER TABLE `tb_huatai_openaccount_photo06`
  MODIFY `id` bigint(20) unsigned NOT NULL AUTO_INCREMENT,AUTO_INCREMENT=98;
--
-- 使用資料表 AUTO_INCREMENT `tb_huatai_openaccount_photo07`
--
ALTER TABLE `tb_huatai_openaccount_photo07`
  MODIFY `id` bigint(20) unsigned NOT NULL AUTO_INCREMENT,AUTO_INCREMENT=17;
--
-- 使用資料表 AUTO_INCREMENT `tb_huatai_paging`
--
ALTER TABLE `tb_huatai_paging`
  MODIFY `id` int(11) unsigned NOT NULL AUTO_INCREMENT,AUTO_INCREMENT=7;
--
-- 使用資料表 AUTO_INCREMENT `tb_huatai_research`
--
ALTER TABLE `tb_huatai_research`
  MODIFY `id` bigint(20) unsigned NOT NULL AUTO_INCREMENT,AUTO_INCREMENT=3;
--
-- 使用資料表 AUTO_INCREMENT `tb_huatai_research_category`
--
ALTER TABLE `tb_huatai_research_category`
  MODIFY `id` bigint(20) unsigned NOT NULL AUTO_INCREMENT,AUTO_INCREMENT=3;
--
-- 使用資料表 AUTO_INCREMENT `tb_huatai_research_pdf`
--
ALTER TABLE `tb_huatai_research_pdf`
  MODIFY `id` bigint(20) unsigned NOT NULL AUTO_INCREMENT,AUTO_INCREMENT=3;
--
-- 使用資料表 AUTO_INCREMENT `tb_huatai_research_photo`
--
ALTER TABLE `tb_huatai_research_photo`
  MODIFY `id` bigint(20) unsigned NOT NULL AUTO_INCREMENT;
--
-- 使用資料表 AUTO_INCREMENT `tb_huatai_role`
--
ALTER TABLE `tb_huatai_role`
  MODIFY `id` bigint(20) unsigned NOT NULL AUTO_INCREMENT,AUTO_INCREMENT=6;
--
-- 使用資料表 AUTO_INCREMENT `tb_huatai_section`
--
ALTER TABLE `tb_huatai_section`
  MODIFY `id` bigint(20) unsigned NOT NULL AUTO_INCREMENT,AUTO_INCREMENT=101;
--
-- 使用資料表 AUTO_INCREMENT `tb_huatai_shop`
--
ALTER TABLE `tb_huatai_shop`
  MODIFY `id` bigint(20) unsigned NOT NULL AUTO_INCREMENT;
--
-- 使用資料表 AUTO_INCREMENT `tb_huatai_status_allow`
--
ALTER TABLE `tb_huatai_status_allow`
  MODIFY `id` int(11) unsigned NOT NULL AUTO_INCREMENT,AUTO_INCREMENT=2;
--
-- 使用資料表 AUTO_INCREMENT `tb_huatai_status_disable`
--
ALTER TABLE `tb_huatai_status_disable`
  MODIFY `id` int(11) NOT NULL AUTO_INCREMENT,AUTO_INCREMENT=12;
--
-- 使用資料表 AUTO_INCREMENT `tb_huatai_status_yesno`
--
ALTER TABLE `tb_huatai_status_yesno`
  MODIFY `id` int(11) unsigned NOT NULL AUTO_INCREMENT,AUTO_INCREMENT=2;
--
-- 使用資料表 AUTO_INCREMENT `tb_huatai_title`
--
ALTER TABLE `tb_huatai_title`
  MODIFY `id` bigint(20) unsigned NOT NULL AUTO_INCREMENT,AUTO_INCREMENT=5;
--
-- 使用資料表 AUTO_INCREMENT `tb_huatai_trading`
--
ALTER TABLE `tb_huatai_trading`
  MODIFY `id` bigint(20) unsigned NOT NULL AUTO_INCREMENT,AUTO_INCREMENT=219;
--
-- 使用資料表 AUTO_INCREMENT `tb_huatai_trading2`
--
ALTER TABLE `tb_huatai_trading2`
  MODIFY `id` bigint(20) unsigned NOT NULL AUTO_INCREMENT,AUTO_INCREMENT=190;
--
-- 使用資料表 AUTO_INCREMENT `tb_huatai_trading_future`
--
ALTER TABLE `tb_huatai_trading_future`
  MODIFY `id` bigint(20) unsigned NOT NULL AUTO_INCREMENT,AUTO_INCREMENT=2954;
--
-- 使用資料表 AUTO_INCREMENT `tb_huatai_trading_future_category`
--
ALTER TABLE `tb_huatai_trading_future_category`
  MODIFY `id` bigint(20) unsigned NOT NULL AUTO_INCREMENT,AUTO_INCREMENT=4;
--
-- 使用資料表 AUTO_INCREMENT `tb_huatai_trading_future_photo`
--
ALTER TABLE `tb_huatai_trading_future_photo`
  MODIFY `id` bigint(20) unsigned NOT NULL AUTO_INCREMENT;
--
-- 使用資料表 AUTO_INCREMENT `tb_huatai_trading_future_photo02`
--
ALTER TABLE `tb_huatai_trading_future_photo02`
  MODIFY `id` bigint(20) unsigned NOT NULL AUTO_INCREMENT;
--
-- 使用資料表 AUTO_INCREMENT `tb_huatai_trading_hoilday`
--
ALTER TABLE `tb_huatai_trading_hoilday`
  MODIFY `id` bigint(20) unsigned NOT NULL AUTO_INCREMENT,AUTO_INCREMENT=459;
--
-- 使用資料表 AUTO_INCREMENT `tb_huatai_trading_hoilday_photo`
--
ALTER TABLE `tb_huatai_trading_hoilday_photo`
  MODIFY `id` bigint(20) unsigned NOT NULL AUTO_INCREMENT;
--
-- 使用資料表 AUTO_INCREMENT `tb_huatai_trading_hoilday_photo02`
--
ALTER TABLE `tb_huatai_trading_hoilday_photo02`
  MODIFY `id` bigint(20) unsigned NOT NULL AUTO_INCREMENT;
--
-- 使用資料表 AUTO_INCREMENT `tb_huatai_trading_market`
--
ALTER TABLE `tb_huatai_trading_market`
  MODIFY `id` bigint(20) unsigned NOT NULL AUTO_INCREMENT,AUTO_INCREMENT=10;
--
-- 使用資料表 AUTO_INCREMENT `tb_huatai_trading_market_photo`
--
ALTER TABLE `tb_huatai_trading_market_photo`
  MODIFY `id` bigint(20) unsigned NOT NULL AUTO_INCREMENT;
--
-- 使用資料表 AUTO_INCREMENT `tb_huatai_trading_market_photo02`
--
ALTER TABLE `tb_huatai_trading_market_photo02`
  MODIFY `id` bigint(20) unsigned NOT NULL AUTO_INCREMENT,AUTO_INCREMENT=268;
--
-- 使用資料表 AUTO_INCREMENT `tb_huatai_trading_market_photo03`
--
ALTER TABLE `tb_huatai_trading_market_photo03`
  MODIFY `id` bigint(20) unsigned NOT NULL AUTO_INCREMENT,AUTO_INCREMENT=25;
--
-- 使用資料表 AUTO_INCREMENT `tb_huatai_trading_market_photo04`
--
ALTER TABLE `tb_huatai_trading_market_photo04`
  MODIFY `id` bigint(20) unsigned NOT NULL AUTO_INCREMENT;
--
-- 使用資料表 AUTO_INCREMENT `tb_huatai_trading_support`
--
ALTER TABLE `tb_huatai_trading_support`
  MODIFY `id` bigint(20) unsigned NOT NULL AUTO_INCREMENT,AUTO_INCREMENT=3;
--
-- 使用資料表 AUTO_INCREMENT `tb_huatai_trading_support_photo`
--
ALTER TABLE `tb_huatai_trading_support_photo`
  MODIFY `id` bigint(20) unsigned NOT NULL AUTO_INCREMENT;
--
-- 使用資料表 AUTO_INCREMENT `tb_huatai_trading_support_photo02`
--
ALTER TABLE `tb_huatai_trading_support_photo02`
  MODIFY `id` bigint(20) unsigned NOT NULL AUTO_INCREMENT;
--
-- 使用資料表 AUTO_INCREMENT `tb_huatai_url_target`
--
ALTER TABLE `tb_huatai_url_target`
  MODIFY `id` int(11) unsigned NOT NULL AUTO_INCREMENT,AUTO_INCREMENT=3;
--
-- 使用資料表 AUTO_INCREMENT `tb_huatai_webpage`
--
ALTER TABLE `tb_huatai_webpage`
  MODIFY `id` bigint(20) unsigned NOT NULL AUTO_INCREMENT,AUTO_INCREMENT=53;
--
-- 使用資料表 AUTO_INCREMENT `tb_huatai_webpage_photo`
--
ALTER TABLE `tb_huatai_webpage_photo`
  MODIFY `id` bigint(20) unsigned NOT NULL AUTO_INCREMENT,AUTO_INCREMENT=190;
--
-- 使用資料表 AUTO_INCREMENT `tb_huatai_webpage_photo02`
--
ALTER TABLE `tb_huatai_webpage_photo02`
  MODIFY `id` bigint(20) unsigned NOT NULL AUTO_INCREMENT,AUTO_INCREMENT=18;
/*!40101 SET CHARACTER_SET_CLIENT=@OLD_CHARACTER_SET_CLIENT */;
/*!40101 SET CHARACTER_SET_RESULTS=@OLD_CHARACTER_SET_RESULTS */;
/*!40101 SET COLLATION_CONNECTION=@OLD_COLLATION_CONNECTION */;
